annee;mois;jour;jour_semaine;numero_semaine;est_semaine;est_weekend;mission;id_train;heure_depart_prevue;nom_gare_depart;id_gare_depart;nom_gare_arrivee;id_gare_arrivee;statut;nombre_arrets;nombre_arrets_supprimes;retard_max_en_secondes;retard_moyen_en_secondes;retard_median_en_secondes;retard_en_minutes_par_gare;decompte_retards_en_minutes
2020;1;1;3;1;1;0;OPPE;?;05h11;Cergy le Haut;uic_87382655;?;?;normal;9;0;120;73;60;1 - 1 - 0 - 0 - 1 - 2 - 2 - 2 - 2;0: 2 - 1: 3 - 2: 4
2020;1;1;3;1;1;0;QYRO;?;00h05;Cergy le Haut;uic_87382655;?;?;normal;9;0;0;0;0;0 - 0 - 0 - 0 - 0 - 0 - 0 - 0 - 0;0: 9
2020;1;1;3;1;1;0;QYRO;?;06h12;Cergy le Haut;uic_87382655;?;?;normal;9;0;0;0;0;0 - 0 - 0 - 0 - 0 - 0 - 0 - 0 - 0;0: 9
2020;1;1;3;1;1;0;QYRO;?;07h11;Cergy le Haut;uic_87382655;?;?;normal;9;0;120;46;60;1 - 1 - 0 - 0 - 1 - 2 - 1 - 1 - 0;0: 3 - 1: 5 - 2: 1
2020;1;1;3;1;1;0;QYRO;?;08h04;Cergy le Haut;uic_87382655;?;?;normal;9;0;240;113;60;0 - 1 - 0 - 0 - 1 - 4 - 4 - 4 - 3;0: 3 - 1: 2 - 3: 1 - 4: 3
2020;1;1;3;1;1;0;QYRO;?;08h44;Cergy le Haut;uic_87382655;?;?;normal;9;0;120;86;60;1 - 1 - 1 - 1 - 2 - 2 - 2 - 2 - 1;1: 5 - 2: 4
2020;1;1;3;1;1;0;QYRO;?;09h24;Cergy le Haut;uic_87382655;?;?;normal;9;0;120;46;0;0 - 0 - 0 - 0 - 1 - 2 - 2 - 2 - 0;0: 5 - 1: 1 - 2: 3
2020;1;1;3;1;1;0;QYRO;?;10h04;Cergy le Haut;uic_87382655;?;?;normal;9;0;240;173;180;2 - 2 - 2 - 2 - 3 - 4 - 4 - 4 - 3;2: 4 - 3: 2 - 4: 3
2020;1;1;3;1;1;0;QYRO;?;10h44;Cergy le Haut;uic_87382655;?;?;normal;9;0;120;26;0;0 - 0 - 0 - 0 - 0 - 1 - 0 - 2 - 1;0: 6 - 1: 2 - 2: 1
2020;1;1;3;1;1;0;QYRO;?;11h24;Cergy le Haut;uic_87382655;?;?;normal;9;0;120;60;60;2 - 1 - 1 - 0 - 1 - 2 - 1 - 1 - 0;0: 2 - 1: 5 - 2: 2
2020;1;1;3;1;1;0;QYRO;?;11h44;Cergy le Haut;uic_87382655;?;?;normal;9;0;0;0;0;0 - 0 - 0 - 0 - 0 - 0 - 0 - 0 - 0;0: 9
2020;1;1;3;1;1;0;QYRO;?;12h04;Cergy le Haut;uic_87382655;?;?;normal;9;0;60;26;0;0 - 0 - 0 - 0 - 1 - 1 - 1 - 1 - 0;0: 5 - 1: 4
2020;1;1;3;1;1;0;QYRO;?;12h24;Cergy le Haut;uic_87382655;?;?;normal;9;0;0;0;0;0 - 0 - 0 - 0 - 0 - 0 - 0 - 0 - 0;0: 9
2020;1;1;3;1;1;0;QYRO;?;12h44;Cergy le Haut;uic_87382655;?;?;normal;9;0;60;26;0;0 - 0 - 0 - 0 - 1 - 1 - 1 - 1 - 0;0: 5 - 1: 4
2020;1;1;3;1;1;0;QYRO;?;13h04;Cergy le Haut;uic_87382655;?;?;normal;9;0;0;0;0;0 - 0 - 0 - 0 - 0 - 0 - 0 - 0 - 0;0: 9
2020;1;1;3;1;1;0;QYRO;?;13h24;Cergy le Haut;uic_87382655;?;?;normal;9;0;0;0;0;0 - 0 - 0 - 0 - 0 - 0 - 0 - 0 - 0;0: 9
2020;1;1;3;1;1;0;QYRO;?;13h44;Cergy le Haut;uic_87382655;?;?;normal;9;0;60;26;0;0 - 0 - 0 - 0 - 1 - 1 - 1 - 1 - 0;0: 5 - 1: 4
2020;1;1;3;1;1;0;QYRO;?;14h04;Cergy le Haut;uic_87382655;?;?;normal;9;0;0;0;0;0 - 0 - 0 - 0 - 0 - 0 - 0 - 0 - 0;0: 9
2020;1;1;3;1;1;0;QYRO;?;14h24;Cergy le Haut;uic_87382655;?;?;normal;9;0;0;0;0;0 - 0 - 0 - 0 - 0 - 0 - 0 - 0 - 0;0: 9
2020;1;1;3;1;1;0;QYRO;?;14h44;Cergy le Haut;uic_87382655;?;?;normal;9;0;0;0;0;0 - 0 - 0 - 0 - 0 - 0 - 0 - 0 - 0;0: 9
2020;1;1;3;1;1;0;QYRO;?;15h04;Cergy le Haut;uic_87382655;?;?;normal;9;0;120;33;0;0 - 0 - 0 - 0 - 0 - 2 - 1 - 1 - 1;0: 5 - 1: 3 - 2: 1
2020;1;1;3;1;1;0;QYRO;?;15h24;Cergy le Haut;uic_87382655;?;?;normal;9;0;0;0;0;0 - 0 - 0 - 0 - 0 - 0 - 0 - 0 - 0;0: 9
2020;1;1;3;1;1;0;QYRO;?;15h44;Cergy le Haut;uic_87382655;?;?;normal;9;0;60;6;0;0 - 0 - 0 - 0 - 0 - 1 - 0 - 0 - 0;0: 8 - 1: 1
2020;1;1;3;1;1;0;QYRO;?;16h04;Cergy le Haut;uic_87382655;?;?;normal;9;0;60;6;0;0 - 0 - 0 - 0 - 0 - 1 - 0 - 0 - 0;0: 8 - 1: 1
2020;1;1;3;1;1;0;QYRO;?;16h24;Cergy le Haut;uic_87382655;?;?;normal;9;0;0;0;0;0 - 0 - 0 - 0 - 0 - 0 - 0 - 0 - 0;0: 9
2020;1;1;3;1;1;0;QYRO;?;16h44;Cergy le Haut;uic_87382655;?;?;normal;9;0;0;0;0;0 - 0 - 0 - 0 - 0 - 0 - 0 - 0 - 0;0: 9
2020;1;1;3;1;1;0;QYRO;?;17h04;Cergy le Haut;uic_87382655;?;?;normal;9;0;0;0;0;0 - 0 - 0 - 0 - 0 - 0 - 0 - 0 - 0;0: 9
2020;1;1;3;1;1;0;QYRO;?;17h24;Cergy le Haut;uic_87382655;?;?;normal;9;0;60;26;0;0 - 0 - 0 - 0 - 1 - 1 - 1 - 1 - 0;0: 5 - 1: 4
2020;1;1;3;1;1;0;QYRO;?;17h44;Cergy le Haut;uic_87382655;?;?;normal;9;0;0;0;0;0 - 0 - 0 - 0 - 0 - 0 - 0 - 0 - 0;0: 9
2020;1;1;3;1;1;0;QYRO;?;18h04;Cergy le Haut;uic_87382655;?;?;normal;9;0;0;0;0;0 - 0 - 0 - 0 - 0 - 0 - 0 - 0 - 0;0: 9
2020;1;1;3;1;1;0;QYRO;?;18h44;Cergy le Haut;uic_87382655;?;?;normal;9;0;120;53;60;1 - 1 - 1 - 0 - 1 - 2 - 1 - 1 - 0;0: 2 - 1: 6 - 2: 1
2020;1;1;3;1;1;0;QYRO;?;19h24;Cergy le Haut;uic_87382655;?;?;normal;9;0;0;0;0;0 - 0 - 0 - 0 - 0 - 0 - 0 - 0 - 0;0: 9
2020;1;1;3;1;1;0;QYRO;?;20h04;Cergy le Haut;uic_87382655;?;?;normal;9;0;0;0;0;0 - 0 - 0 - 0 - 0 - 0 - 0 - 0 - 0;0: 9
2020;1;1;3;1;1;0;QYRO;?;21h04;Cergy le Haut;uic_87382655;?;?;normal;9;0;0;0;0;0 - 0 - 0 - 0 - 0 - 0 - 0 - 0 - 0;0: 9
2020;1;1;3;1;1;0;QYRO;?;22h04;Cergy le Haut;uic_87382655;?;?;normal;9;0;0;0;0;0 - 0 - 0 - 0 - 0 - 0 - 0 - 0 - 0;0: 9
2020;1;1;3;1;1;0;QYRO;?;23h04;Cergy le Haut;uic_87382655;?;?;normal;9;0;60;13;0;0 - 0 - 0 - 0 - 0 - 0 - 1 - 1 - 0;0: 7 - 1: 2
2020;1;1;3;1;1;0;UBOS;?;00h14;Houilles - Carrières-sur-Seine;uic_87386409;?;?;normal;8;0;60;7;0;0 - 1 - 0 - 0 - 0 - 0 - 0 - 0;0: 7 - 1: 1
2020;1;1;3;1;1;0;UBOS;?;01h13;Houilles - Carrières-sur-Seine;uic_87386409;?;?;normal;8;0;60;15;0;0 - 1 - 0 - 0 - 0 - 0 - 1 - 0;0: 6 - 1: 2
2020;1;1;3;1;1;0;UBOS;?;05h57;Houilles - Carrières-sur-Seine;uic_87386409;?;?;normal;8;0;180;97;2;1 - 1 - 0 - 2 - 2 - 2 - 3 - 2;0: 1 - 1: 2 - 2: 4 - 3: 1
2020;1;1;3;1;1;0;UBOS;?;06h57;Houilles - Carrières-sur-Seine;uic_87386409;?;?;normal;8;0;60;30;30;0 - 1 - 0 - 0 - 1 - 0 - 1 - 1;0: 4 - 1: 4
2020;1;1;3;1;1;0;UBOS;?;07h55;Houilles - Carrières-sur-Seine;uic_87386409;?;?;normal;8;0;180;120;2;1 - 2 - 1 - 2 - 3 - 2 - 3 - 2;1: 2 - 2: 4 - 3: 2
2020;1;1;3;1;1;0;UPUS;?;14h55;Houilles - Carrières-sur-Seine;uic_87386409;?;?;normal;8;0;360;247;5;0 - 1 - 4 - 5 - 6 - 5 - 6 - 6;0: 1 - 1: 1 - 4: 1 - 5: 2 - 6: 3
2020;1;1;3;1;1;0;UZOU;?;08h55;Houilles - Carrières-sur-Seine;uic_87386409;?;?;normal;8;0;360;315;5;5 - 5 - 4 - 5 - 6 - 5 - 6 - 6;4: 1 - 5: 4 - 6: 3
2020;1;1;3;1;1;0;UZOU;?;09h35;Houilles - Carrières-sur-Seine;uic_87386409;?;?;normal;8;0;300;232;4;3 - 4 - 3 - 4 - 4 - 4 - 5 - 4;3: 2 - 4: 5 - 5: 1
2020;1;1;3;1;1;0;UZOU;?;10h15;Houilles - Carrières-sur-Seine;uic_87386409;?;?;normal;8;0;180;165;3;2 - 3 - 2 - 3 - 3 - 3 - 3 - 3;2: 2 - 3: 6
2020;1;1;3;1;1;0;UZOU;?;10h55;Houilles - Carrières-sur-Seine;uic_87386409;?;?;normal;8;0;300;255;4;4 - 5 - 3 - 4 - 5 - 4 - 5 - 4;3: 1 - 4: 4 - 5: 3
2020;1;1;3;1;1;0;UZOU;?;11h35;Houilles - Carrières-sur-Seine;uic_87386409;?;?;normal;8;0;480;382;390;5 - 6 - 5 - 6 - 7 - 7 - 8 - 7;5: 2 - 6: 2 - 7: 3 - 8: 1
2020;1;1;3;1;1;0;UZOU;?;12h15;Houilles - Carrières-sur-Seine;uic_87386409;?;?;normal;8;0;60;30;30;1 - 1 - 0 - 1 - 1 - 0 - 0 - 0;0: 4 - 1: 4
2020;1;1;3;1;1;0;UZOU;?;12h35;Houilles - Carrières-sur-Seine;uic_87386409;?;?;normal;8;0;60;45;1;1 - 1 - 0 - 1 - 1 - 0 - 1 - 1;0: 2 - 1: 6
2020;1;1;3;1;1;0;UZOU;?;12h55;Houilles - Carrières-sur-Seine;uic_87386409;?;?;normal;8;0;180;97;2;1 - 1 - 0 - 2 - 2 - 2 - 2 - 3;0: 1 - 1: 2 - 2: 4 - 3: 1
2020;1;1;3;1;1;0;UZOU;?;13h15;Houilles - Carrières-sur-Seine;uic_87386409;?;?;normal;8;0;60;7;0;0 - 1 - 0 - 0 - 0 - 0 - 0 - 0;0: 7 - 1: 1
2020;1;1;3;1;1;0;UZOU;?;13h35;Houilles - Carrières-sur-Seine;uic_87386409;?;?;normal;8;0;180;75;1;1 - 1 - 0 - 1 - 1 - 1 - 2 - 3;0: 1 - 1: 5 - 2: 1 - 3: 1
2020;1;1;3;1;1;0;UZOU;?;13h55;Houilles - Carrières-sur-Seine;uic_87386409;?;?;normal;8;0;0;0;0;0 - 0 - 0 - 0 - 0 - 0 - 0 - 0;0: 8
2020;1;1;3;1;1;0;UZOU;?;14h15;Houilles - Carrières-sur-Seine;uic_87386409;?;?;normal;8;0;60;37;1;0 - 1 - 0 - 1 - 1 - 0 - 1 - 1;0: 3 - 1: 5
2020;1;1;3;1;1;0;UZOU;?;14h35;Houilles - Carrières-sur-Seine;uic_87386409;?;?;normal;8;0;60;37;1;1 - 1 - 0 - 1 - 1 - 0 - 1 - 0;0: 3 - 1: 5
2020;1;1;3;1;1;0;UZOU;?;15h15;Houilles - Carrières-sur-Seine;uic_87386409;?;?;normal;8;0;0;0;0;0 - 0 - 0 - 0 - 0 - 0 - 0 - 0;0: 8
2020;1;1;3;1;1;0;UZOU;?;15h35;Houilles - Carrières-sur-Seine;uic_87386409;?;?;normal;8;0;0;0;0;0 - 0 - 0 - 0 - 0 - 0 - 0 - 0;0: 8
2020;1;1;3;1;1;0;UZOU;?;15h55;Houilles - Carrières-sur-Seine;uic_87386409;?;?;normal;8;0;0;0;0;0 - 0 - 0 - 0 - 0 - 0 - 0 - 0;0: 8
2020;1;1;3;1;1;0;UZOU;?;16h15;Houilles - Carrières-sur-Seine;uic_87386409;?;?;normal;8;0;0;0;0;0 - 0 - 0 - 0 - 0 - 0 - 0 - 0;0: 8
2020;1;1;3;1;1;0;UZOU;?;16h35;Houilles - Carrières-sur-Seine;uic_87386409;?;?;normal;8;0;360;330;330;5 - 6 - 5 - 6 - 6 - 5 - 6 - 5;5: 4 - 6: 4
2020;1;1;3;1;1;0;UZOU;?;16h55;Houilles - Carrières-sur-Seine;uic_87386409;?;?;normal;8;0;0;0;0;0 - 0 - 0 - 0 - 0 - 0 - 0 - 0;0: 8
2020;1;1;3;1;1;0;UZOU;?;17h15;Houilles - Carrières-sur-Seine;uic_87386409;?;?;normal;8;0;240;172;3;3 - 4 - 2 - 3 - 3 - 3 - 3 - 2;2: 2 - 3: 5 - 4: 1
2020;1;1;3;1;1;0;UZOU;?;17h35;Houilles - Carrières-sur-Seine;uic_87386409;?;?;normal;8;0;360;285;5;4 - 5 - 4 - 5 - 5 - 4 - 6 - 5;4: 3 - 5: 4 - 6: 1
2020;1;1;3;1;1;0;UZOU;?;17h55;Houilles - Carrières-sur-Seine;uic_87386409;?;?;normal;8;0;240;217;4;4 - 4 - 3 - 4 - 4 - 3 - 4 - 3;3: 3 - 4: 5
2020;1;1;3;1;1;0;UZOU;?;18h15;Houilles - Carrières-sur-Seine;uic_87386409;?;?;normal;8;0;0;0;0;0 - 0 - 0 - 0 - 0 - 0 - 0 - 0;0: 8
2020;1;1;3;1;1;0;UZOU;?;18h35;Houilles - Carrières-sur-Seine;uic_87386409;?;?;normal;8;0;0;0;0;0 - 0 - 0 - 0 - 0 - 0 - 0 - 0;0: 8
2020;1;1;3;1;1;0;UZOU;?;18h55;Houilles - Carrières-sur-Seine;uic_87386409;?;?;normal;8;0;60;15;0;0 - 0 - 0 - 0 - 0 - 0 - 1 - 1;0: 6 - 1: 2
2020;1;1;3;1;1;0;UZOU;?;19h35;Houilles - Carrières-sur-Seine;uic_87386409;?;?;normal;8;0;120;97;2;1 - 2 - 1 - 2 - 2 - 1 - 2 - 2;1: 3 - 2: 5
2020;1;1;3;1;1;0;UZOU;?;20h16;Houilles - Carrières-sur-Seine;uic_87386409;?;?;normal;8;0;180;67;1;0 - 1 - 0 - 1 - 1 - 1 - 3 - 2;0: 2 - 1: 4 - 2: 1 - 3: 1
2020;1;1;3;1;1;0;UZOU;?;21h14;Houilles - Carrières-sur-Seine;uic_87386409;?;?;normal;8;0;180;135;2;2 - 3 - 1 - 2 - 3 - 2 - 3 - 2;1: 1 - 2: 4 - 3: 3
2020;1;1;3;1;1;0;UZOU;?;22h14;Houilles - Carrières-sur-Seine;uic_87386409;?;?;normal;8;0;180;150;3;3 - 3 - 1 - 3 - 3 - 2 - 3 - 2;1: 1 - 2: 2 - 3: 5
2020;1;1;3;1;1;0;UZOU;?;23h14;Houilles - Carrières-sur-Seine;uic_87386409;?;?;normal;8;0;120;97;2;2 - 2 - 1 - 2 - 2 - 1 - 2 - 1;1: 3 - 2: 5
2020;1;2;4;1;1;0;NANI;?;14h53;Cergy le Haut;uic_87382655;?;?;normal;9;0;0;0;0;0 - 0 - 0 - 0 - 0 - 0 - 0 - 0 - 0;0: 9
2020;1;2;4;1;1;0;NANI;?;15h33;Cergy le Haut;uic_87382655;?;?;normal;9;0;0;0;0;0 - 0 - 0 - 0 - 0 - 0 - 0 - 0 - 0;0: 9
2020;1;2;4;1;1;0;NANI;?;15h53;Cergy le Haut;uic_87382655;?;?;normal;9;0;0;0;0;0 - 0 - 0 - 0 - 0 - 0 - 0 - 0 - 0;0: 9
2020;1;2;4;1;1;0;NANI;?;16h13;Cergy le Haut;uic_87382655;?;?;normal;9;0;60;26;0;0 - 0 - 1 - 1 - 1 - 1 - 0 - 0 - 0;0: 5 - 1: 4
2020;1;2;4;1;1;0;NANI;?;16h36;Cergy le Haut;uic_87382655;?;?;normal;9;0;240;146;180;0 - 1 - 2 - 2 - 3 - 4 - 4 - 3 - 3;0: 1 - 1: 1 - 2: 2 - 3: 3 - 4: 2
2020;1;2;4;1;1;0;NANI;?;17h01;Cergy le Haut;uic_87382655;?;?;normal;9;0;240;160;180;0 - 3 - 3 - 3 - 4 - 4 - 3 - 2 - 2;0: 1 - 2: 2 - 3: 4 - 4: 2
2020;1;2;4;1;1;0;NANI;?;17h26;Cergy le Haut;uic_87382655;?;?;normal;9;0;60;6;0;0 - 0 - 0 - 0 - 0 - 1 - 0 - 0 - 0;0: 8 - 1: 1
2020;1;2;4;1;1;0;NANI;?;18h04;Cergy le Haut;uic_87382655;?;?;normal;9;0;120;73;60;0 - 0 - 1 - 1 - 1 - 2 - 2 - 2 - 2;0: 2 - 1: 3 - 2: 4
2020;1;2;4;1;1;0;NANI;?;18h41;Cergy le Haut;uic_87382655;?;?;normal;9;0;60;40;60;1 - 1 - 0 - 0 - 1 - 1 - 1 - 1 - 0;0: 3 - 1: 6
2020;1;2;4;1;1;0;NANI;?;19h06;Cergy le Haut;uic_87382655;?;?;normal;9;0;180;80;60;1 - 0 - 0 - 0 - 1 - 3 - 2 - 3 - 2;0: 3 - 1: 2 - 2: 2 - 3: 2
2020;1;2;4;1;1;0;NATO;?;06h12;Cergy le Haut;uic_87382655;?;?;normal;9;0;0;0;0;0 - 0 - 0 - 0 - 0 - 0 - 0 - 0 - 0;0: 9
2020;1;2;4;1;1;0;NATO;?;06h51;Cergy le Haut;uic_87382655;?;?;normal;9;0;0;0;0;0 - 0 - 0 - 0 - 0 - 0 - 0 - 0 - 0;0: 9
2020;1;2;4;1;1;0;NATO;?;07h14;Cergy le Haut;uic_87382655;?;?;normal;9;0;120;60;60;0 - 0 - 1 - 1 - 1 - 2 - 2 - 1 - 1;0: 2 - 1: 5 - 2: 2
2020;1;2;4;1;1;0;NATO;?;07h38;Cergy le Haut;uic_87382655;?;?;normal;9;0;60;6;0;0 - 0 - 0 - 0 - 0 - 0 - 0 - 0 - 1;0: 8 - 1: 1
2020;1;2;4;1;1;0;NATO;?;08h01;Cergy le Haut;uic_87382655;?;?;normal;9;0;0;0;0;0 - 0 - 0 - 0 - 0 - 0 - 0 - 0 - 0;0: 9
2020;1;2;4;1;1;0;NATO;?;08h48;Cergy le Haut;uic_87382655;?;?;normal;9;0;0;0;0;0 - 0 - 0 - 0 - 0 - 0 - 0 - 0 - 0;0: 9
2020;1;2;4;1;1;0;NATO;?;09h23;Cergy le Haut;uic_87382655;?;?;normal;9;0;60;20;0;0 - 0 - 0 - 0 - 0 - 1 - 0 - 1 - 1;0: 6 - 1: 3
2020;1;2;4;1;1;0;NATO;?;09h55;Cergy le Haut;uic_87382655;?;?;normal;9;0;0;0;0;0 - 0 - 0 - 0 - 0 - 0 - 0 - 0 - 0;0: 9
2020;1;2;4;1;1;0;NATO;?;10h53;Cergy le Haut;uic_87382655;?;?;normal;9;0;60;6;0;0 - 0 - 0 - 0 - 0 - 1 - 0 - 0 - 0;0: 8 - 1: 1
2020;1;2;4;1;1;0;NATO;?;11h53;Cergy le Haut;uic_87382655;?;?;normal;9;0;0;0;0;0 - 0 - 0 - 0 - 0 - 0 - 0 - 0 - 0;0: 9
2020;1;2;4;1;1;0;NATO;?;12h53;Cergy le Haut;uic_87382655;?;?;normal;9;0;60;26;0;0 - 0 - 1 - 1 - 0 - 1 - 0 - 1 - 0;0: 5 - 1: 4
2020;1;2;4;1;1;0;NATO;?;13h53;Cergy le Haut;uic_87382655;?;?;normal;9;0;0;0;0;0 - 0 - 0 - 0 - 0 - 0 - 0 - 0 - 0;0: 9
2020;1;2;4;1;1;0;NOCE;?;18h22;Poissy;uic_87386573;?;?;normal;5;0;60;24;0;0 - 1 - 1 - 0 - 0;0: 3 - 1: 2
2020;1;2;4;1;1;0;NOCE;?;18h47;Poissy;uic_87386573;?;?;normal;5;0;0;0;0;0 - 0 - 0 - 0 - 0;0: 5
2020;1;2;4;1;1;0;NOCE;?;19h12;Poissy;uic_87386573;?;?;normal;5;0;120;72;60;1 - 1 - 1 - 1 - 2;1: 4 - 2: 1
2020;1;2;4;1;1;0;NOTE;?;06h00;Poissy;uic_87386573;?;?;normal;5;0;0;0;0;0 - 0 - 0 - 0 - 0;0: 5
2020;1;2;4;1;1;0;NOTE;?;06h30;Poissy;uic_87386573;?;?;annule;5;5;0;0;0;;
2020;1;2;4;1;1;0;NOTE;?;06h45;Poissy;uic_87386573;?;?;normal;5;0;60;12;0;0 - 1 - 0 - 0 - 0;0: 4 - 1: 1
2020;1;2;4;1;1;0;NOTE;?;07h13;Poissy;uic_87386573;?;?;normal;5;0;120;96;120;0 - 2 - 2 - 2 - 2;0: 1 - 2: 4
2020;1;2;4;1;1;0;NOTE;?;07h37;Poissy;uic_87386573;?;?;normal;5;0;0;0;0;0 - 0 - 0 - 0 - 0;0: 5
2020;1;2;4;1;1;0;NOTE;?;07h59;Poissy;uic_87386573;?;?;normal;5;0;60;12;0;0 - 1 - 0 - 0 - 0;0: 4 - 1: 1
2020;1;2;4;1;1;0;NOTE;?;08h22;Poissy;uic_87386573;?;?;normal;5;0;120;48;60;1 - 2 - 1 - 0 - 0;0: 2 - 1: 2 - 2: 1
2020;1;2;4;1;1;0;NOTE;?;08h46;Poissy;uic_87386573;?;?;normal;5;0;0;0;0;0 - 0 - 0 - 0 - 0;0: 5
2020;1;2;4;1;1;0;NOTE;?;09h09;Poissy;uic_87386573;?;?;normal;5;0;240;132;120;0 - 4 - 3 - 2 - 2;0: 1 - 2: 2 - 3: 1 - 4: 1
2020;1;2;4;1;1;0;NOTE;?;16h42;Poissy;uic_87386573;?;?;normal;5;0;0;0;0;0 - 0 - 0 - 0 - 0;0: 5
2020;1;2;4;1;1;0;NOTE;?;17h05;Poissy;uic_87386573;?;?;normal;5;0;300;251;240;5 - 5 - 4 - 3 - 4;3: 1 - 4: 2 - 5: 2
2020;1;2;4;1;1;0;NOTE;?;17h32;Poissy;uic_87386573;?;?;normal;5;0;60;12;0;0 - 1 - 0 - 0 - 0;0: 4 - 1: 1
2020;1;2;4;1;1;0;NOTE;?;17h57;Poissy;uic_87386573;?;?;normal;5;0;0;0;0;0 - 0 - 0 - 0 - 0;0: 5
2020;1;2;4;1;1;0;OKLA;?;10h40;Poissy;uic_87386573;?;?;normal;5;0;0;0;0;0 - 0 - 0 - 0 - 0;0: 5
2020;1;2;4;1;1;0;OKLA;?;11h40;Poissy;uic_87386573;?;?;normal;5;0;60;24;0;1 - 1 - 0 - 0 - 0;0: 3 - 1: 2
2020;1;2;4;1;1;0;OKLA;?;12h40;Poissy;uic_87386573;?;?;normal;5;0;0;0;0;0 - 0 - 0 - 0 - 0;0: 5
2020;1;2;4;1;1;0;OKLA;?;13h40;Poissy;uic_87386573;?;?;normal;5;0;0;0;0;0 - 0 - 0 - 0 - 0;0: 5
2020;1;2;4;1;1;0;OKRE;?;14h40;Poissy;uic_87386573;?;?;normal;5;0;0;0;0;0 - 0 - 0 - 0 - 0;0: 5
2020;1;2;4;1;1;0;OKRE;?;15h40;Poissy;uic_87386573;?;?;normal;5;0;0;0;0;0 - 0 - 0 - 0 - 0;0: 5
2020;1;2;4;1;1;0;OPEN;?;04h42;Cergy le Haut;uic_87382655;?;?;normal;9;0;240;139;120;1 - 1 - 2 - 2 - 2 - 3 - 3 - 3 - 4;1: 2 - 2: 3 - 3: 3 - 4: 1
2020;1;2;4;1;1;0;QURI;?;05h10;Poissy;uic_87386573;?;?;normal;5;0;0;0;0;0 - 0 - 0 - 0 - 0;0: 5
2020;1;2;4;1;1;0;TALU;?;06h11;Houilles - Carrières-sur-Seine;uic_87386409;?;?;normal;4;0;0;0;0;0 - 0 - 0 - 0;0: 4
2020;1;2;4;1;1;0;TALU;?;06h52;Houilles - Carrières-sur-Seine;uic_87386409;?;?;normal;4;0;0;0;0;0 - 0 - 0 - 0;0: 4
2020;1;2;4;1;1;0;TALU;?;07h21;Houilles - Carrières-sur-Seine;uic_87386409;?;?;annule;4;4;0;0;0;;
2020;1;2;4;1;1;0;TALU;?;19h06;Houilles - Carrières-sur-Seine;uic_87386409;?;?;normal;4;0;60;30;30;0 - 1 - 0 - 1;0: 2 - 1: 2
2020;1;2;4;1;1;0;TALU;?;19h31;Houilles - Carrières-sur-Seine;uic_87386409;?;?;normal;4;0;0;0;0;0 - 0 - 0 - 0;0: 4
2020;1;2;4;1;1;0;TALU;?;19h56;Houilles - Carrières-sur-Seine;uic_87386409;?;?;normal;4;0;0;0;0;0 - 0 - 0 - 0;0: 4
2020;1;2;4;1;1;0;TAXE;?;07h37;Houilles - Carrières-sur-Seine;uic_87386409;?;?;normal;4;0;120;75;90;2 - 1 - 2 - 0;0: 1 - 1: 1 - 2: 2
2020;1;2;4;1;1;0;TAXE;?;08h13;Houilles - Carrières-sur-Seine;uic_87386409;?;?;normal;4;0;0;0;0;0 - 0 - 0 - 0;0: 4
2020;1;2;4;1;1;0;TAXE;?;08h36;Houilles - Carrières-sur-Seine;uic_87386409;?;?;normal;4;0;0;0;0;0 - 0 - 0 - 0;0: 4
2020;1;2;4;1;1;0;TAXE;?;09h00;Houilles - Carrières-sur-Seine;uic_87386409;?;?;normal;4;0;180;105;2;2 - 3 - 2 - 0;0: 1 - 2: 2 - 3: 1
2020;1;2;4;1;1;0;TAXE;?;09h23;Houilles - Carrières-sur-Seine;uic_87386409;?;?;normal;4;0;0;0;0;0 - 0 - 0 - 0;0: 4
2020;1;2;4;1;1;0;TAXE;?;09h46;Houilles - Carrières-sur-Seine;uic_87386409;?;?;normal;4;0;0;0;0;0 - 0 - 0 - 0;0: 4
2020;1;2;4;1;1;0;TAXE;?;17h14;Houilles - Carrières-sur-Seine;uic_87386409;?;?;normal;4;0;0;0;0;0 - 0 - 0 - 0;0: 4
2020;1;2;4;1;1;0;TAXE;?;17h39;Houilles - Carrières-sur-Seine;uic_87386409;?;?;normal;4;0;60;15;0;0 - 1 - 0 - 0;0: 3 - 1: 1
2020;1;2;4;1;1;0;TAXE;?;18h04;Houilles - Carrières-sur-Seine;uic_87386409;?;?;normal;4;0;180;120;150;2 - 3 - 3 - 0;0: 1 - 2: 1 - 3: 2
2020;1;2;4;1;1;0;TAXE;?;18h29;Houilles - Carrières-sur-Seine;uic_87386409;?;?;normal;4;0;480;450;450;7 - 8 - 8 - 7;7: 2 - 8: 2
2020;1;2;4;1;1;0;TAXE;?;18h54;Houilles - Carrières-sur-Seine;uic_87386409;?;?;normal;4;0;180;150;150;2 - 3 - 3 - 2;2: 2 - 3: 2
2020;1;2;4;1;1;0;TQZZ;?;10h33;Houilles - Carrières-sur-Seine;uic_87386409;?;?;normal;4;0;240;180;3;2 - 3 - 3 - 4;2: 1 - 3: 2 - 4: 1
2020;1;2;4;1;1;0;TQZZ;?;11h33;Houilles - Carrières-sur-Seine;uic_87386409;?;?;normal;4;0;180;165;3;3 - 3 - 3 - 2;2: 1 - 3: 3
2020;1;2;4;1;1;0;TQZZ;?;12h33;Houilles - Carrières-sur-Seine;uic_87386409;?;?;normal;4;0;0;0;0;0 - 0 - 0 - 0;0: 4
2020;1;2;4;1;1;0;TQZZ;?;13h33;Houilles - Carrières-sur-Seine;uic_87386409;?;?;normal;4;0;0;0;0;0 - 0 - 0 - 0;0: 4
2020;1;2;4;1;1;0;TQZZ;?;14h33;Houilles - Carrières-sur-Seine;uic_87386409;?;?;normal;4;0;120;75;90;1 - 2 - 2 - 0;0: 1 - 1: 1 - 2: 2
2020;1;2;4;1;1;0;TQZZ;?;15h33;Houilles - Carrières-sur-Seine;uic_87386409;?;?;normal;4;0;180;105;2;0 - 1 - 3 - 3;0: 1 - 1: 1 - 3: 2
2020;1;2;4;1;1;0;TRAM;?;16h54;Houilles - Carrières-sur-Seine;uic_87386409;?;?;normal;4;0;60;15;0;0 - 0 - 0 - 1;0: 3 - 1: 1
2020;1;2;4;1;1;0;TROC;?;10h13;Houilles - Carrières-sur-Seine;uic_87386409;?;?;normal;4;0;0;0;0;0 - 0 - 0 - 0;0: 4
2020;1;2;4;1;1;0;UQZZ;?;10h07;Houilles - Carrières-sur-Seine;uic_87386409;?;?;normal;8;0;240;180;3;3 - 3 - 2 - 3 - 3 - 3 - 4 - 3;2: 1 - 3: 6 - 4: 1
2020;1;2;4;1;1;0;UQZZ;?;11h07;Houilles - Carrières-sur-Seine;uic_87386409;?;?;normal;8;0;0;0;0;0 - 0 - 0 - 0 - 0 - 0 - 0 - 0;0: 8
2020;1;2;4;1;1;0;UQZZ;?;12h07;Houilles - Carrières-sur-Seine;uic_87386409;?;?;normal;8;0;180;157;3;3 - 3 - 1 - 3 - 3 - 2 - 3 - 3;1: 1 - 2: 1 - 3: 6
2020;1;2;4;1;1;0;UQZZ;?;13h07;Houilles - Carrières-sur-Seine;uic_87386409;?;?;normal;8;0;0;0;0;0 - 0 - 0 - 0 - 0 - 0 - 0 - 0;0: 8
2020;1;2;4;1;1;0;UQZZ;?;14h07;Houilles - Carrières-sur-Seine;uic_87386409;?;?;normal;8;0;180;142;150;3 - 3 - 1 - 2 - 3 - 2 - 3 - 2;1: 1 - 2: 3 - 3: 4
2020;1;2;4;1;1;0;UQZZ;?;15h07;Houilles - Carrières-sur-Seine;uic_87386409;?;?;normal;8;0;120;105;2;2 - 2 - 1 - 2 - 2 - 1 - 2 - 2;1: 2 - 2: 6
2020;1;2;4;1;1;0;UQZZ;?;16h07;Houilles - Carrières-sur-Seine;uic_87386409;?;?;normal;8;0;60;15;0;0 - 0 - 0 - 0 - 0 - 0 - 1 - 1;0: 6 - 1: 2
2020;1;2;4;1;1;0;UZAR;?;07h57;Houilles - Carrières-sur-Seine;uic_87386409;?;?;normal;8;0;240;202;3;3 - 4 - 3 - 3 - 4 - 3 - 3 - 4;3: 5 - 4: 3
2020;1;2;4;1;1;0;UZAR;?;08h21;Houilles - Carrières-sur-Seine;uic_87386409;?;?;normal;8;0;420;322;330;4 - 5 - 4 - 6 - 5 - 6 - 6 - 7;4: 2 - 5: 2 - 6: 3 - 7: 1
2020;1;2;4;1;1;0;UZAR;?;08h44;Houilles - Carrières-sur-Seine;uic_87386409;?;?;normal;8;0;60;22;0;0 - 0 - 0 - 0 - 1 - 1 - 1 - 0;0: 5 - 1: 3
2020;1;2;4;1;1;0;UZAR;?;09h07;Houilles - Carrières-sur-Seine;uic_87386409;?;?;normal;8;0;120;45;1;0 - 0 - 1 - 1 - 2 - 1 - 0 - 1;0: 3 - 1: 4 - 2: 1
2020;1;2;4;1;1;0;UZAR;?;09h31;Houilles - Carrières-sur-Seine;uic_87386409;?;?;normal;8;0;60;7;0;0 - 0 - 0 - 0 - 0 - 0 - 0 - 1;0: 7 - 1: 1
2020;1;2;4;1;1;0;UZAR;?;09h54;Houilles - Carrières-sur-Seine;uic_87386409;?;?;normal;8;0;180;127;2;1 - 2 - 1 - 2 - 2 - 3 - 3 - 3;1: 2 - 2: 3 - 3: 3
2020;1;2;4;1;1;0;UZAR;?;15h07;Houilles - Carrières-sur-Seine;uic_87386409;?;?;annule;8;8;0;0;0;;
2020;1;2;4;1;1;0;UZEL;?;16h46;Houilles - Carrières-sur-Seine;uic_87386409;?;?;normal;8;0;120;60;1;0 - 1 - 0 - 1 - 1 - 1 - 2 - 2;0: 2 - 1: 4 - 2: 2
2020;1;2;4;1;1;0;UZEL;?;17h05;Houilles - Carrières-sur-Seine;uic_87386409;?;?;normal;8;0;60;7;0;0 - 0 - 0 - 0 - 0 - 0 - 0 - 1;0: 7 - 1: 1
2020;1;2;4;1;1;0;UZEL;?;17h30;Houilles - Carrières-sur-Seine;uic_87386409;?;?;normal;8;0;240;135;2;1 - 2 - 1 - 2 - 2 - 3 - 3 - 4;1: 2 - 2: 3 - 3: 2 - 4: 1
2020;1;2;4;1;1;0;UZEL;?;17h55;Houilles - Carrières-sur-Seine;uic_87386409;?;?;normal;8;0;1200;855;1050;2 - 3 - 16 - 17 - 18 - 19 - 19 - 20;2: 1 - 3: 1 - 16: 1 - 17: 1 - 18: 1 - 19: 2 - 20: 1
2020;1;2;4;1;1;0;UZEL;?;18h20;Houilles - Carrières-sur-Seine;uic_87386409;?;?;normal;8;0;360;225;4;0 - 1 - 4 - 4 - 4 - 5 - 6 - 6;0: 1 - 1: 1 - 4: 3 - 5: 1 - 6: 2
2020;1;2;4;1;1;0;UZEL;?;18h45;Houilles - Carrières-sur-Seine;uic_87386409;?;?;normal;8;0;240;180;3;0 - 3 - 3 - 3 - 3 - 4 - 4 - 4;0: 1 - 3: 4 - 4: 3
2020;1;2;4;1;1;0;UZEL;?;19h10;Houilles - Carrières-sur-Seine;uic_87386409;?;?;normal;8;0;120;60;1;0 - 1 - 0 - 0 - 1 - 2 - 2 - 2;0: 3 - 1: 2 - 2: 3
2020;1;2;4;1;1;0;UZOU;?;05h56;Houilles - Carrières-sur-Seine;uic_87386409;?;?;normal;8;0;60;22;0;0 - 0 - 0 - 0 - 0 - 1 - 1 - 1;0: 5 - 1: 3
2020;1;2;4;1;1;0;UZOU;?;06h56;Houilles - Carrières-sur-Seine;uic_87386409;?;?;normal;8;0;120;37;0;0 - 0 - 0 - 0 - 0 - 2 - 1 - 2;0: 5 - 1: 1 - 2: 2
2020;1;2;4;1;1;0;UZOU;?;19h35;Houilles - Carrières-sur-Seine;uic_87386409;?;?;normal;8;0;240;127;150;0 - 0 - 2 - 2 - 3 - 3 - 3 - 4;0: 2 - 2: 2 - 3: 3 - 4: 1
2020;1;2;4;1;1;0;UZOU;?;20h00;Houilles - Carrières-sur-Seine;uic_87386409;?;?;normal;8;0;300;187;210;1 - 2 - 2 - 3 - 4 - 4 - 4 - 5;1: 1 - 2: 2 - 3: 1 - 4: 3 - 5: 1
2020;1;3;5;1;1;0;NANI;?;14h53;Cergy le Haut;uic_87382655;?;?;normal;9;0;120;46;60;0 - 0 - 1 - 1 - 1 - 2 - 1 - 1 - 0;0: 3 - 1: 5 - 2: 1
2020;1;3;5;1;1;0;NANI;?;15h33;Cergy le Haut;uic_87382655;?;?;normal;9;0;60;40;60;0 - 0 - 1 - 1 - 1 - 1 - 1 - 1 - 0;0: 3 - 1: 6
2020;1;3;5;1;1;0;NANI;?;15h53;Cergy le Haut;uic_87382655;?;?;normal;9;0;0;0;0;0 - 0 - 0 - 0 - 0 - 0 - 0 - 0 - 0;0: 9
2020;1;3;5;1;1;0;NANI;?;16h13;Cergy le Haut;uic_87382655;?;?;normal;9;0;180;53;0;0 - 0 - 1 - 0 - 0 - 3 - 2 - 2 - 0;0: 5 - 1: 1 - 2: 2 - 3: 1
2020;1;3;5;1;1;0;NANI;?;16h36;Cergy le Haut;uic_87382655;?;?;normal;9;0;120;26;0;0 - 0 - 0 - 0 - 1 - 2 - 1 - 0 - 0;0: 6 - 1: 2 - 2: 1
2020;1;3;5;1;1;0;NANI;?;17h26;Cergy le Haut;uic_87382655;?;?;normal;9;0;180;93;120;0 - 1 - 1 - 1 - 2 - 3 - 2 - 2 - 2;0: 1 - 1: 3 - 2: 4 - 3: 1
2020;1;3;5;1;1;0;NANI;?;18h04;Cergy le Haut;uic_87382655;?;?;normal;9;0;60;6;0;0 - 0 - 0 - 0 - 0 - 1 - 0 - 0 - 0;0: 8 - 1: 1
2020;1;3;5;1;1;0;NANI;?;18h41;Cergy le Haut;uic_87382655;?;?;normal;9;0;60;6;0;0 - 0 - 0 - 0 - 0 - 1 - 0 - 0 - 0;0: 8 - 1: 1
2020;1;3;5;1;1;0;NANI;?;19h06;Cergy le Haut;uic_87382655;?;?;normal;9;0;0;0;0;0 - 0 - 0 - 0 - 0 - 0 - 0 - 0 - 0;0: 9
2020;1;3;5;1;1;0;NATO;?;05h42;Cergy le Haut;uic_87382655;?;?;normal;9;0;120;26;0;0 - 0 - 0 - 0 - 0 - 2 - 1 - 1 - 0;0: 6 - 1: 2 - 2: 1
2020;1;3;5;1;1;0;NATO;?;06h12;Cergy le Haut;uic_87382655;?;?;normal;9;0;0;0;0;0 - 0 - 0 - 0 - 0 - 0 - 0 - 0 - 0;0: 9
2020;1;3;5;1;1;0;NATO;?;06h51;Cergy le Haut;uic_87382655;?;?;normal;9;0;240;153;180;0 - 4 - 3 - 3 - 3 - 3 - 2 - 3 - 2;0: 1 - 2: 2 - 3: 5 - 4: 1
2020;1;3;5;1;1;0;NATO;?;07h14;Cergy le Haut;uic_87382655;?;?;normal;9;0;120;66;60;0 - 0 - 1 - 1 - 0 - 2 - 2 - 2 - 2;0: 3 - 1: 2 - 2: 4
2020;1;3;5;1;1;0;NATO;?;07h38;Cergy le Haut;uic_87382655;?;?;normal;9;0;0;0;0;0 - 0 - 0 - 0 - 0 - 0 - 0 - 0 - 0;0: 9
2020;1;3;5;1;1;0;NATO;?;08h01;Cergy le Haut;uic_87382655;?;?;normal;9;0;0;0;0;0 - 0 - 0 - 0 - 0 - 0 - 0 - 0 - 0;0: 9
2020;1;3;5;1;1;0;NATO;?;08h24;Cergy le Haut;uic_87382655;?;?;normal;9;0;60;20;0;0 - 0 - 1 - 0 - 0 - 0 - 1 - 0 - 1;0: 6 - 1: 3
2020;1;3;5;1;1;0;NATO;?;08h48;Cergy le Haut;uic_87382655;?;?;normal;9;0;60;6;0;0 - 0 - 1 - 0 - 0 - 0 - 0 - 0 - 0;0: 8 - 1: 1
2020;1;3;5;1;1;0;NATO;?;09h23;Cergy le Haut;uic_87382655;?;?;normal;9;0;1500;380;60;0 - 0 - 1 - 1 - 1 - 2 - 2 - 25 - 25;0: 2 - 1: 3 - 2: 2 - 25: 2
2020;1;3;5;1;1;0;NATO;?;09h55;Cergy le Haut;uic_87382655;?;?;normal;9;0;0;0;0;0 - 0 - 0 - 0 - 0 - 0 - 0 - 0 - 0;0: 9
2020;1;3;5;1;1;0;NATO;?;10h53;Cergy le Haut;uic_87382655;?;?;normal;9;0;60;33;60;0 - 0 - 1 - 1 - 0 - 1 - 1 - 1 - 0;0: 4 - 1: 5
2020;1;3;5;1;1;0;NATO;?;11h53;Cergy le Haut;uic_87382655;?;?;normal;9;0;60;13;0;0 - 0 - 0 - 0 - 0 - 1 - 0 - 1 - 0;0: 7 - 1: 2
2020;1;3;5;1;1;0;NATO;?;12h53;Cergy le Haut;uic_87382655;?;?;normal;9;0;1020;933;960;15 - 15 - 16 - 16 - 15 - 17 - 16 - 16 - 14;14: 1 - 15: 3 - 16: 4 - 17: 1
2020;1;3;5;1;1;0;NATO;?;13h53;Cergy le Haut;uic_87382655;?;?;normal;9;0;60;33;60;0 - 0 - 1 - 1 - 0 - 1 - 1 - 1 - 0;0: 4 - 1: 5
2020;1;3;5;1;1;0;NOCE;?;18h22;Poissy;uic_87386573;?;?;normal;5;0;60;24;0;0 - 1 - 1 - 0 - 0;0: 3 - 1: 2
2020;1;3;5;1;1;0;NOCE;?;18h47;Poissy;uic_87386573;?;?;normal;5;0;60;24;0;0 - 1 - 1 - 0 - 0;0: 3 - 1: 2
2020;1;3;5;1;1;0;NOCE;?;19h12;Poissy;uic_87386573;?;?;normal;5;0;0;0;0;0 - 0 - 0 - 0 - 0;0: 5
2020;1;3;5;1;1;0;NOTE;?;06h00;Poissy;uic_87386573;?;?;normal;5;0;0;0;0;0 - 0 - 0 - 0 - 0;0: 5
2020;1;3;5;1;1;0;NOTE;?;06h30;Poissy;uic_87386573;?;?;normal;5;0;60;24;0;0 - 1 - 0 - 0 - 1;0: 3 - 1: 2
2020;1;3;5;1;1;0;NOTE;?;06h45;Poissy;uic_87386573;?;?;normal;5;0;60;36;60;0 - 1 - 0 - 1 - 1;0: 2 - 1: 3
2020;1;3;5;1;1;0;NOTE;?;07h13;Poissy;uic_87386573;?;?;normal;5;0;300;192;180;1 - 5 - 4 - 3 - 3;1: 1 - 3: 2 - 4: 1 - 5: 1
2020;1;3;5;1;1;0;NOTE;?;07h37;Poissy;uic_87386573;?;?;normal;5;0;0;0;0;0 - 0 - 0 - 0 - 0;0: 5
2020;1;3;5;1;1;0;NOTE;?;07h59;Poissy;uic_87386573;?;?;normal;5;0;60;12;0;1 - 0 - 0 - 0 - 0;0: 4 - 1: 1
2020;1;3;5;1;1;0;NOTE;?;08h22;Poissy;uic_87386573;?;?;normal;5;0;120;60;60;0 - 2 - 1 - 1 - 1;0: 1 - 1: 3 - 2: 1
2020;1;3;5;1;1;0;NOTE;?;08h46;Poissy;uic_87386573;?;?;normal;5;0;0;0;0;0 - 0 - 0 - 0 - 0;0: 5
2020;1;3;5;1;1;0;NOTE;?;09h09;Poissy;uic_87386573;?;?;normal;5;0;0;0;0;0 - 0 - 0 - 0 - 0;0: 5
2020;1;3;5;1;1;0;NOTE;?;17h05;Poissy;uic_87386573;?;?;normal;5;0;60;12;0;1 - 0 - 0 - 0 - 0;0: 4 - 1: 1
2020;1;3;5;1;1;0;NOTE;?;17h32;Poissy;uic_87386573;?;?;normal;5;0;60;12;0;0 - 1 - 0 - 0 - 0;0: 4 - 1: 1
2020;1;3;5;1;1;0;NOTE;?;17h57;Poissy;uic_87386573;?;?;normal;5;0;120;48;60;0 - 2 - 0 - 1 - 1;0: 2 - 1: 2 - 2: 1
2020;1;3;5;1;1;0;OKLA;?;10h40;Poissy;uic_87386573;?;?;normal;5;0;60;36;60;1 - 1 - 0 - 0 - 1;0: 2 - 1: 3
2020;1;3;5;1;1;0;OKLA;?;11h40;Poissy;uic_87386573;?;?;normal;5;0;120;107;120;1 - 2 - 2 - 2 - 2;1: 1 - 2: 4
2020;1;3;5;1;1;0;OKLA;?;12h40;Poissy;uic_87386573;?;?;normal;5;0;60;12;0;0 - 0 - 0 - 0 - 1;0: 4 - 1: 1
2020;1;3;5;1;1;0;OKLA;?;13h40;Poissy;uic_87386573;?;?;normal;5;0;0;0;0;0 - 0 - 0 - 0 - 0;0: 5
2020;1;3;5;1;1;0;OKRE;?;14h40;Poissy;uic_87386573;?;?;normal;5;0;0;0;0;0 - 0 - 0 - 0 - 0;0: 5
2020;1;3;5;1;1;0;OKRE;?;15h40;Poissy;uic_87386573;?;?;normal;5;0;0;0;0;0 - 0 - 0 - 0 - 0;0: 5
2020;1;3;5;1;1;0;OPEN;?;04h42;Cergy le Haut;uic_87382655;?;?;normal;9;0;180;99;120;1 - 1 - 2 - 1 - 1 - 3 - 2 - 2 - 2;1: 4 - 2: 4 - 3: 1
2020;1;3;5;1;1;0;QURI;?;05h10;Poissy;uic_87386573;?;?;normal;5;0;60;48;60;0 - 1 - 1 - 1 - 1;0: 1 - 1: 4
2020;1;3;5;1;1;0;TALU;?;06h11;Houilles - Carrières-sur-Seine;uic_87386409;?;?;normal;4;0;120;105;2;1 - 2 - 2 - 2;1: 1 - 2: 3
2020;1;3;5;1;1;0;TALU;?;06h52;Houilles - Carrières-sur-Seine;uic_87386409;?;?;normal;4;0;60;15;0;0 - 1 - 0 - 0;0: 3 - 1: 1
2020;1;3;5;1;1;0;TALU;?;07h21;Houilles - Carrières-sur-Seine;uic_87386409;?;?;normal;4;0;0;0;0;0 - 0 - 0 - 0;0: 4
2020;1;3;5;1;1;0;TALU;?;19h06;Houilles - Carrières-sur-Seine;uic_87386409;?;?;normal;4;0;60;15;0;0 - 0 - 0 - 1;0: 3 - 1: 1
2020;1;3;5;1;1;0;TALU;?;19h31;Houilles - Carrières-sur-Seine;uic_87386409;?;?;normal;4;0;60;45;1;1 - 1 - 1 - 0;0: 1 - 1: 3
2020;1;3;5;1;1;0;TALU;?;19h56;Houilles - Carrières-sur-Seine;uic_87386409;?;?;normal;4;0;0;0;0;0 - 0 - 0 - 0;0: 4
2020;1;3;5;1;1;0;TAXE;?;07h37;Houilles - Carrières-sur-Seine;uic_87386409;?;?;normal;4;0;180;105;2;2 - 2 - 3 - 0;0: 1 - 2: 2 - 3: 1
2020;1;3;5;1;1;0;TAXE;?;08h13;Houilles - Carrières-sur-Seine;uic_87386409;?;?;normal;4;0;0;0;0;0 - 0 - 0 - 0;0: 4
2020;1;3;5;1;1;0;TAXE;?;08h36;Houilles - Carrières-sur-Seine;uic_87386409;?;?;normal;4;0;0;0;0;0 - 0 - 0 - 0;0: 4
2020;1;3;5;1;1;0;TAXE;?;09h00;Houilles - Carrières-sur-Seine;uic_87386409;?;?;normal;4;0;180;105;2;2 - 3 - 2 - 0;0: 1 - 2: 2 - 3: 1
2020;1;3;5;1;1;0;TAXE;?;09h23;Houilles - Carrières-sur-Seine;uic_87386409;?;?;normal;4;0;0;0;0;0 - 0 - 0 - 0;0: 4
2020;1;3;5;1;1;0;TAXE;?;09h46;Houilles - Carrières-sur-Seine;uic_87386409;?;?;normal;4;0;0;0;0;0 - 0 - 0 - 0;0: 4
2020;1;3;5;1;1;0;TAXE;?;17h14;Houilles - Carrières-sur-Seine;uic_87386409;?;?;normal;4;0;120;90;90;1 - 2 - 2 - 1;1: 2 - 2: 2
2020;1;3;5;1;1;0;TAXE;?;17h39;Houilles - Carrières-sur-Seine;uic_87386409;?;?;normal;4;0;180;150;3;3 - 3 - 3 - 1;1: 1 - 3: 3
2020;1;3;5;1;1;0;TAXE;?;18h04;Houilles - Carrières-sur-Seine;uic_87386409;?;?;normal;4;0;120;75;90;1 - 2 - 2 - 0;0: 1 - 1: 1 - 2: 2
2020;1;3;5;1;1;0;TAXE;?;18h29;Houilles - Carrières-sur-Seine;uic_87386409;?;?;normal;4;0;120;75;90;1 - 2 - 2 - 0;0: 1 - 1: 1 - 2: 2
2020;1;3;5;1;1;0;TAXE;?;18h54;Houilles - Carrières-sur-Seine;uic_87386409;?;?;normal;4;0;120;75;90;1 - 2 - 2 - 0;0: 1 - 1: 1 - 2: 2
2020;1;3;5;1;1;0;TQZZ;?;10h33;Houilles - Carrières-sur-Seine;uic_87386409;?;?;normal;4;0;300;210;210;2 - 3 - 5 - 4;2: 1 - 3: 1 - 4: 1 - 5: 1
2020;1;3;5;1;1;0;TQZZ;?;11h33;Houilles - Carrières-sur-Seine;uic_87386409;?;?;normal;4;0;120;105;2;1 - 2 - 2 - 2;1: 1 - 2: 3
2020;1;3;5;1;1;0;TQZZ;?;12h33;Houilles - Carrières-sur-Seine;uic_87386409;?;?;normal;4;0;60;15;0;0 - 1 - 0 - 0;0: 3 - 1: 1
2020;1;3;5;1;1;0;TQZZ;?;13h33;Houilles - Carrières-sur-Seine;uic_87386409;?;?;normal;4;0;60;15;0;0 - 1 - 0 - 0;0: 3 - 1: 1
2020;1;3;5;1;1;0;TQZZ;?;14h33;Houilles - Carrières-sur-Seine;uic_87386409;?;?;normal;4;0;0;0;0;0 - 0 - 0 - 0;0: 4
2020;1;3;5;1;1;0;TQZZ;?;15h33;Houilles - Carrières-sur-Seine;uic_87386409;?;?;normal;4;0;120;90;2;2 - 2 - 2 - 0;0: 1 - 2: 3
2020;1;3;5;1;1;0;TRAM;?;16h54;Houilles - Carrières-sur-Seine;uic_87386409;?;?;normal;4;0;0;0;0;0 - 0 - 0 - 0;0: 4
2020;1;3;5;1;1;0;TROC;?;10h13;Houilles - Carrières-sur-Seine;uic_87386409;?;?;normal;4;0;0;0;0;0 - 0 - 0 - 0;0: 4
2020;1;3;5;1;1;0;UQZZ;?;10h07;Houilles - Carrières-sur-Seine;uic_87386409;?;?;normal;8;0;120;37;30;2 - 1 - 0 - 0 - 1 - 0 - 1 - 0;0: 4 - 1: 3 - 2: 1
2020;1;3;5;1;1;0;UQZZ;?;11h07;Houilles - Carrières-sur-Seine;uic_87386409;?;?;normal;8;0;60;30;30;1 - 1 - 0 - 0 - 1 - 0 - 1 - 0;0: 4 - 1: 4
2020;1;3;5;1;1;0;UQZZ;?;12h07;Houilles - Carrières-sur-Seine;uic_87386409;?;?;normal;8;0;1080;1042;1050;18 - 18 - 16 - 17 - 18 - 17 - 18 - 17;16: 1 - 17: 3 - 18: 4
2020;1;3;5;1;1;0;UQZZ;?;13h07;Houilles - Carrières-sur-Seine;uic_87386409;?;?;normal;8;0;180;120;2;2 - 2 - 0 - 2 - 2 - 2 - 3 - 3;0: 1 - 2: 5 - 3: 2
2020;1;3;5;1;1;0;UQZZ;?;14h07;Houilles - Carrières-sur-Seine;uic_87386409;?;?;normal;8;0;180;150;3;3 - 3 - 1 - 3 - 3 - 2 - 3 - 2;1: 1 - 2: 2 - 3: 5
2020;1;3;5;1;1;0;UQZZ;?;15h07;Houilles - Carrières-sur-Seine;uic_87386409;?;?;normal;8;0;240;67;1;1 - 0 - 0 - 1 - 1 - 0 - 2 - 4;0: 3 - 1: 3 - 2: 1 - 4: 1
2020;1;3;5;1;1;0;UQZZ;?;16h07;Houilles - Carrières-sur-Seine;uic_87386409;?;?;normal;8;0;60;22;0;0 - 0 - 0 - 0 - 1 - 0 - 1 - 1;0: 5 - 1: 3
2020;1;3;5;1;1;0;UZAR;?;06h40;Houilles - Carrières-sur-Seine;uic_87386409;?;?;normal;8;0;300;127;2;1 - 1 - 2 - 2 - 2 - 2 - 2 - 5;1: 2 - 2: 5 - 5: 1
2020;1;3;5;1;1;0;UZAR;?;07h57;Houilles - Carrières-sur-Seine;uic_87386409;?;?;normal;8;0;360;217;210;2 - 3 - 3 - 4 - 4 - 3 - 4 - 6;2: 1 - 3: 3 - 4: 3 - 6: 1
2020;1;3;5;1;1;0;UZAR;?;08h21;Houilles - Carrières-sur-Seine;uic_87386409;?;?;normal;8;0;360;307;5;4 - 5 - 4 - 5 - 5 - 6 - 6 - 6;4: 2 - 5: 3 - 6: 3
2020;1;3;5;1;1;0;UZAR;?;08h44;Houilles - Carrières-sur-Seine;uic_87386409;?;?;normal;8;0;120;15;0;0 - 0 - 0 - 0 - 0 - 0 - 0 - 2;0: 7 - 2: 1
2020;1;3;5;1;1;0;UZAR;?;09h07;Houilles - Carrières-sur-Seine;uic_87386409;?;?;normal;8;0;0;0;0;0 - 0 - 0 - 0 - 0 - 0 - 0 - 0;0: 8
2020;1;3;5;1;1;0;UZAR;?;09h31;Houilles - Carrières-sur-Seine;uic_87386409;?;?;normal;8;0;420;360;6;6 - 6 - 5 - 6 - 6 - 6 - 6 - 7;5: 1 - 6: 6 - 7: 1
2020;1;3;5;1;1;0;UZAR;?;09h54;Houilles - Carrières-sur-Seine;uic_87386409;?;?;normal;8;0;180;105;2;0 - 1 - 2 - 2 - 2 - 2 - 2 - 3;0: 1 - 1: 1 - 2: 5 - 3: 1
2020;1;3;5;1;1;0;UZEL;?;16h46;Houilles - Carrières-sur-Seine;uic_87386409;?;?;normal;8;0;240;150;150;1 - 2 - 1 - 2 - 3 - 3 - 4 - 4;1: 2 - 2: 2 - 3: 2 - 4: 2
2020;1;3;5;1;1;0;UZEL;?;17h05;Houilles - Carrières-sur-Seine;uic_87386409;?;?;normal;8;0;180;150;150;2 - 3 - 2 - 2 - 2 - 3 - 3 - 3;2: 4 - 3: 4
2020;1;3;5;1;1;0;UZEL;?;17h30;Houilles - Carrières-sur-Seine;uic_87386409;?;?;normal;8;0;660;532;510;7 - 8 - 8 - 8 - 9 - 10 - 10 - 11;7: 1 - 8: 3 - 9: 1 - 10: 2 - 11: 1
2020;1;3;5;1;1;0;UZEL;?;17h55;Houilles - Carrières-sur-Seine;uic_87386409;?;?;normal;8;0;120;52;30;0 - 0 - 0 - 0 - 1 - 2 - 2 - 2;0: 4 - 1: 1 - 2: 3
2020;1;3;5;1;1;0;UZEL;?;18h20;Houilles - Carrières-sur-Seine;uic_87386409;?;?;normal;8;0;240;150;150;1 - 2 - 2 - 2 - 3 - 3 - 3 - 4;1: 1 - 2: 3 - 3: 3 - 4: 1
2020;1;3;5;1;1;0;UZEL;?;18h45;Houilles - Carrières-sur-Seine;uic_87386409;?;?;normal;8;0;300;180;4;0 - 1 - 2 - 4 - 4 - 4 - 4 - 5;0: 1 - 1: 1 - 2: 1 - 4: 4 - 5: 1
2020;1;3;5;1;1;0;UZEL;?;19h10;Houilles - Carrières-sur-Seine;uic_87386409;?;?;normal;8;0;60;52;1;1 - 1 - 0 - 1 - 1 - 1 - 1 - 1;0: 1 - 1: 7
2020;1;3;5;1;1;0;UZOU;?;05h56;Houilles - Carrières-sur-Seine;uic_87386409;?;?;normal;8;0;240;180;3;2 - 2 - 2 - 3 - 3 - 4 - 4 - 4;2: 3 - 3: 2 - 4: 3
2020;1;3;5;1;1;0;UZOU;?;06h56;Houilles - Carrières-sur-Seine;uic_87386409;?;?;normal;8;0;180;135;2;2 - 3 - 2 - 2 - 2 - 3 - 2 - 2;2: 6 - 3: 2
2020;1;3;5;1;1;0;UZOU;?;19h35;Houilles - Carrières-sur-Seine;uic_87386409;?;?;normal;8;0;180;112;2;1 - 2 - 1 - 2 - 2 - 2 - 2 - 3;1: 2 - 2: 5 - 3: 1
2020;1;3;5;1;1;0;UZOU;?;20h00;Houilles - Carrières-sur-Seine;uic_87386409;?;?;normal;8;0;240;187;3;3 - 3 - 3 - 3 - 3 - 3 - 3 - 4;3: 7 - 4: 1
2020;1;4;6;1;0;1;OPEN;?;05h12;Cergy le Haut;uic_87382655;?;?;normal;9;0;0;0;0;0 - 0 - 0 - 0 - 0 - 0 - 0 - 0 - 0;0: 9
2020;1;4;6;1;0;1;OPUS;?;00h05;Cergy le Haut;uic_87382655;?;?;normal;9;0;0;0;0;0 - 0 - 0 - 0 - 0 - 0 - 0 - 0 - 0;0: 9
2020;1;4;6;1;0;1;OPUS;?;20h04;Cergy le Haut;uic_87382655;?;?;normal;9;0;0;0;0;0 - 0 - 0 - 0 - 0 - 0 - 0 - 0 - 0;0: 9
2020;1;4;6;1;0;1;OPUS;?;21h04;Cergy le Haut;uic_87382655;?;?;normal;9;0;180;93;120;3 - 3 - 2 - 1 - 2 - 2 - 1 - 0 - 0;0: 2 - 1: 2 - 2: 3 - 3: 2
2020;1;4;6;1;0;1;OPUS;?;22h04;Cergy le Haut;uic_87382655;?;?;normal;9;0;0;0;0;0 - 0 - 0 - 0 - 0 - 0 - 0 - 0 - 0;0: 9
2020;1;4;6;1;0;1;OPUS;?;23h04;Cergy le Haut;uic_87382655;?;?;normal;9;0;0;0;0;0 - 0 - 0 - 0 - 0 - 0 - 0 - 0 - 0;0: 9
2020;1;4;6;1;0;1;QYAN;?;12h04;Cergy le Haut;uic_87382655;?;?;normal;9;0;300;286;300;5 - 5 - 5 - 4 - 5 - 5 - 5 - 5 - 4;4: 2 - 5: 7
2020;1;4;6;1;0;1;QYAN;?;12h24;Cergy le Haut;uic_87382655;?;?;normal;9;0;180;73;60;1 - 1 - 0 - 0 - 0 - 3 - 2 - 2 - 2;0: 3 - 1: 2 - 2: 3 - 3: 1
2020;1;4;6;1;0;1;QYAN;?;12h44;Cergy le Haut;uic_87382655;?;?;normal;9;0;0;0;0;0 - 0 - 0 - 0 - 0 - 0 - 0 - 0 - 0;0: 9
2020;1;4;6;1;0;1;QYAN;?;13h04;Cergy le Haut;uic_87382655;?;?;normal;9;0;120;66;60;2 - 1 - 1 - 1 - 1 - 2 - 1 - 1 - 0;0: 1 - 1: 6 - 2: 2
2020;1;4;6;1;0;1;QYAN;?;13h24;Cergy le Haut;uic_87382655;?;?;normal;9;0;60;26;0;0 - 0 - 0 - 0 - 1 - 1 - 1 - 1 - 0;0: 5 - 1: 4
2020;1;4;6;1;0;1;QYAN;?;13h44;Cergy le Haut;uic_87382655;?;?;normal;9;0;120;53;60;0 - 0 - 0 - 0 - 1 - 2 - 2 - 2 - 1;0: 4 - 1: 2 - 2: 3
2020;1;4;6;1;0;1;QYAN;?;14h04;Cergy le Haut;uic_87382655;?;?;normal;9;0;60;6;0;0 - 0 - 0 - 0 - 0 - 1 - 0 - 0 - 0;0: 8 - 1: 1
2020;1;4;6;1;0;1;QYAN;?;14h24;Cergy le Haut;uic_87382655;?;?;normal;9;0;0;0;0;0 - 0 - 0 - 0 - 0 - 0 - 0 - 0 - 0;0: 9
2020;1;4;6;1;0;1;QYAN;?;14h44;Cergy le Haut;uic_87382655;?;?;normal;9;0;0;0;0;0 - 0 - 0 - 0 - 0 - 0 - 0 - 0 - 0;0: 9
2020;1;4;6;1;0;1;QYAN;?;15h04;Cergy le Haut;uic_87382655;?;?;normal;9;0;180;120;120;2 - 1 - 1 - 1 - 2 - 3 - 3 - 3 - 2;1: 3 - 2: 3 - 3: 3
2020;1;4;6;1;0;1;QYAN;?;15h24;Cergy le Haut;uic_87382655;?;?;normal;9;0;180;86;60;0 - 0 - 0 - 0 - 1 - 3 - 3 - 3 - 3;0: 4 - 1: 1 - 3: 4
2020;1;4;6;1;0;1;QYAN;?;15h44;Cergy le Haut;uic_87382655;?;?;normal;9;0;120;46;60;1 - 1 - 0 - 0 - 1 - 2 - 1 - 1 - 0;0: 3 - 1: 5 - 2: 1
2020;1;4;6;1;0;1;QYAN;?;16h04;Cergy le Haut;uic_87382655;?;?;normal;9;0;300;246;240;4 - 5 - 4 - 4 - 4 - 5 - 4 - 4 - 3;3: 1 - 4: 6 - 5: 2
2020;1;4;6;1;0;1;QYAN;?;16h24;Cergy le Haut;uic_87382655;?;?;normal;9;0;60;13;0;1 - 1 - 0 - 0 - 0 - 0 - 0 - 0 - 0;0: 7 - 1: 2
2020;1;4;6;1;0;1;QYAN;?;16h44;Cergy le Haut;uic_87382655;?;?;normal;9;0;180;99;120;0 - 0 - 1 - 1 - 2 - 3 - 3 - 3 - 2;0: 2 - 1: 2 - 2: 2 - 3: 3
2020;1;4;6;1;0;1;QYAN;?;17h04;Cergy le Haut;uic_87382655;?;?;normal;9;0;120;33;0;0 - 0 - 0 - 0 - 1 - 2 - 1 - 1 - 0;0: 5 - 1: 3 - 2: 1
2020;1;4;6;1;0;1;QYAN;?;17h24;Cergy le Haut;uic_87382655;?;?;normal;9;0;120;26;0;0 - 0 - 0 - 0 - 0 - 1 - 0 - 2 - 1;0: 6 - 1: 2 - 2: 1
2020;1;4;6;1;0;1;QYAN;?;17h44;Cergy le Haut;uic_87382655;?;?;normal;9;0;180;126;120;2 - 2 - 2 - 2 - 3 - 3 - 2 - 2 - 1;1: 1 - 2: 6 - 3: 2
2020;1;4;6;1;0;1;QYAN;?;18h04;Cergy le Haut;uic_87382655;?;?;normal;9;0;0;0;0;0 - 0 - 0 - 0 - 0 - 0 - 0 - 0 - 0;0: 9
2020;1;4;6;1;0;1;QYAN;?;18h44;Cergy le Haut;uic_87382655;?;?;normal;9;0;120;53;60;0 - 0 - 0 - 0 - 1 - 2 - 2 - 2 - 1;0: 4 - 1: 2 - 2: 3
2020;1;4;6;1;0;1;QYAN;?;19h24;Cergy le Haut;uic_87382655;?;?;normal;9;0;660;580;600;8 - 9 - 8 - 9 - 10 - 11 - 10 - 11 - 11;8: 2 - 9: 2 - 10: 2 - 11: 3
2020;1;4;6;1;0;1;QYRO;?;06h11;Cergy le Haut;uic_87382655;?;?;normal;9;0;120;53;60;1 - 1 - 0 - 0 - 1 - 2 - 1 - 1 - 1;0: 2 - 1: 6 - 2: 1
2020;1;4;6;1;0;1;QYRO;?;07h11;Cergy le Haut;uic_87382655;?;?;normal;9;0;120;53;60;0 - 1 - 1 - 0 - 1 - 2 - 1 - 1 - 1;0: 2 - 1: 6 - 2: 1
2020;1;4;6;1;0;1;QYRO;?;08h04;Cergy le Haut;uic_87382655;?;?;normal;9;0;60;6;0;0 - 0 - 0 - 0 - 0 - 1 - 0 - 0 - 0;0: 8 - 1: 1
2020;1;4;6;1;0;1;QYRO;?;08h44;Cergy le Haut;uic_87382655;?;?;normal;9;0;0;0;0;0 - 0 - 0 - 0 - 0 - 0 - 0 - 0 - 0;0: 9
2020;1;4;6;1;0;1;QYRO;?;09h24;Cergy le Haut;uic_87382655;?;?;normal;9;0;60;6;0;0 - 0 - 0 - 0 - 0 - 1 - 0 - 0 - 0;0: 8 - 1: 1
2020;1;4;6;1;0;1;QYRO;?;10h04;Cergy le Haut;uic_87382655;?;?;normal;9;0;60;26;0;0 - 0 - 0 - 0 - 1 - 1 - 1 - 1 - 0;0: 5 - 1: 4
2020;1;4;6;1;0;1;QYRO;?;10h44;Cergy le Haut;uic_87382655;?;?;normal;9;0;240;186;180;4 - 4 - 3 - 3 - 3 - 3 - 3 - 3 - 2;2: 1 - 3: 6 - 4: 2
2020;1;4;6;1;0;1;QYRO;?;11h24;Cergy le Haut;uic_87382655;?;?;normal;9;0;0;0;0;0 - 0 - 0 - 0 - 0 - 0 - 0 - 0 - 0;0: 9
2020;1;4;6;1;0;1;QYRO;?;11h44;Cergy le Haut;uic_87382655;?;?;normal;9;0;60;6;0;0 - 0 - 0 - 0 - 0 - 1 - 0 - 0 - 0;0: 8 - 1: 1
2020;1;4;6;1;0;1;UBOS;?;05h57;Houilles - Carrières-sur-Seine;uic_87386409;?;?;normal;8;0;300;285;5;5 - 5 - 4 - 5 - 5 - 5 - 5 - 4;4: 2 - 5: 6
2020;1;4;6;1;0;1;UBOS;?;06h57;Houilles - Carrières-sur-Seine;uic_87386409;?;?;normal;8;0;120;90;90;1 - 2 - 1 - 2 - 2 - 1 - 2 - 1;1: 4 - 2: 4
2020;1;4;6;1;0;1;UBOS;?;07h55;Houilles - Carrières-sur-Seine;uic_87386409;?;?;normal;8;0;120;97;2;2 - 2 - 1 - 2 - 2 - 1 - 2 - 1;1: 3 - 2: 5
2020;1;4;6;1;0;1;UBOS;?;08h55;Houilles - Carrières-sur-Seine;uic_87386409;?;?;normal;8;0;120;82;1;1 - 1 - 1 - 1 - 2 - 2 - 2 - 1;1: 5 - 2: 3
2020;1;4;6;1;0;1;UPAC;?;09h35;Houilles - Carrières-sur-Seine;uic_87386409;?;?;normal;8;0;120;60;1;0 - 2 - 1 - 1 - 1 - 1 - 1 - 1;0: 1 - 1: 6 - 2: 1
2020;1;4;6;1;0;1;UPAC;?;10h15;Houilles - Carrières-sur-Seine;uic_87386409;?;?;normal;8;0;120;97;2;1 - 2 - 1 - 1 - 2 - 2 - 2 - 2;1: 3 - 2: 5
2020;1;4;6;1;0;1;UPAC;?;10h55;Houilles - Carrières-sur-Seine;uic_87386409;?;?;normal;8;0;240;142;2;1 - 2 - 2 - 2 - 2 - 3 - 3 - 4;1: 1 - 2: 4 - 3: 2 - 4: 1
2020;1;4;6;1;0;1;UPAC;?;11h35;Houilles - Carrières-sur-Seine;uic_87386409;?;?;normal;8;0;0;0;0;0 - 0 - 0 - 0 - 0 - 0 - 0 - 0;0: 8
2020;1;4;6;1;0;1;UPAC;?;12h15;Houilles - Carrières-sur-Seine;uic_87386409;?;?;normal;8;0;0;0;0;0 - 0 - 0 - 0 - 0 - 0 - 0 - 0;0: 8
2020;1;4;6;1;0;1;UPAC;?;12h35;Houilles - Carrières-sur-Seine;uic_87386409;?;?;normal;8;0;480;322;390;1 - 1 - 6 - 6 - 7 - 7 - 8 - 7;1: 2 - 6: 2 - 7: 3 - 8: 1
2020;1;4;6;1;0;1;UPIR;?;00h14;Houilles - Carrières-sur-Seine;uic_87386409;?;?;normal;8;0;0;0;0;0 - 0 - 0 - 0 - 0 - 0 - 0 - 0;0: 8
2020;1;4;6;1;0;1;UPIR;?;01h13;Houilles - Carrières-sur-Seine;uic_87386409;?;?;normal;8;0;0;0;0;0 - 0 - 0 - 0 - 0 - 0 - 0 - 0;0: 8
2020;1;4;6;1;0;1;UPIR;?;21h14;Houilles - Carrières-sur-Seine;uic_87386409;?;?;normal;8;0;120;67;1;1 - 1 - 1 - 2 - 2 - 1 - 1 - 0;0: 1 - 1: 5 - 2: 2
2020;1;4;6;1;0;1;UPIR;?;22h14;Houilles - Carrières-sur-Seine;uic_87386409;?;?;normal;8;0;120;45;1;1 - 2 - 0 - 1 - 1 - 0 - 1 - 0;0: 3 - 1: 4 - 2: 1
2020;1;4;6;1;0;1;UPIR;?;23h14;Houilles - Carrières-sur-Seine;uic_87386409;?;?;normal;8;0;60;15;0;0 - 0 - 0 - 0 - 1 - 0 - 1 - 0;0: 6 - 1: 2
2020;1;4;6;1;0;1;UPUS;?;12h55;Houilles - Carrières-sur-Seine;uic_87386409;?;?;normal;8;0;180;67;1;0 - 0 - 0 - 1 - 1 - 2 - 2 - 3;0: 3 - 1: 2 - 2: 2 - 3: 1
2020;1;4;6;1;0;1;UPUS;?;13h15;Houilles - Carrières-sur-Seine;uic_87386409;?;?;normal;8;0;60;7;0;0 - 0 - 0 - 0 - 0 - 1 - 0 - 0;0: 7 - 1: 1
2020;1;4;6;1;0;1;UPUS;?;13h35;Houilles - Carrières-sur-Seine;uic_87386409;?;?;normal;8;0;0;0;0;0 - 0 - 0 - 0 - 0 - 0 - 0 - 0;0: 8
2020;1;4;6;1;0;1;UPUS;?;13h55;Houilles - Carrières-sur-Seine;uic_87386409;?;?;normal;8;0;0;0;0;0 - 0 - 0 - 0 - 0 - 0 - 0 - 0;0: 8
2020;1;4;6;1;0;1;UPUS;?;14h15;Houilles - Carrières-sur-Seine;uic_87386409;?;?;normal;8;0;180;60;30;0 - 0 - 0 - 0 - 1 - 2 - 2 - 3;0: 4 - 1: 1 - 2: 2 - 3: 1
2020;1;4;6;1;0;1;UPUS;?;14h35;Houilles - Carrières-sur-Seine;uic_87386409;?;?;normal;8;0;420;352;6;4 - 5 - 5 - 6 - 6 - 7 - 7 - 7;4: 1 - 5: 2 - 6: 2 - 7: 3
2020;1;4;6;1;0;1;UPUS;?;14h55;Houilles - Carrières-sur-Seine;uic_87386409;?;?;normal;8;0;120;97;2;1 - 2 - 1 - 1 - 2 - 2 - 2 - 2;1: 3 - 2: 5
2020;1;4;6;1;0;1;UPUS;?;15h15;Houilles - Carrières-sur-Seine;uic_87386409;?;?;normal;8;0;60;15;0;0 - 1 - 1 - 0 - 0 - 0 - 0 - 0;0: 6 - 1: 2
2020;1;4;6;1;0;1;UPUS;?;15h35;Houilles - Carrières-sur-Seine;uic_87386409;?;?;normal;8;0;180;135;2;1 - 2 - 2 - 2 - 3 - 3 - 3 - 2;1: 1 - 2: 4 - 3: 3
2020;1;4;6;1;0;1;UPUS;?;15h55;Houilles - Carrières-sur-Seine;uic_87386409;?;?;normal;8;0;120;75;90;0 - 0 - 1 - 2 - 2 - 2 - 2 - 1;0: 2 - 1: 2 - 2: 4
2020;1;4;6;1;0;1;UPUS;?;16h15;Houilles - Carrières-sur-Seine;uic_87386409;?;?;normal;8;0;540;457;8;5 - 6 - 7 - 8 - 8 - 9 - 9 - 9;5: 1 - 6: 1 - 7: 1 - 8: 2 - 9: 3
2020;1;4;6;1;0;1;UPUS;?;16h35;Houilles - Carrières-sur-Seine;uic_87386409;?;?;normal;8;0;300;277;5;4 - 5 - 4 - 4 - 5 - 5 - 5 - 5;4: 3 - 5: 5
2020;1;4;6;1;0;1;UPUS;?;16h55;Houilles - Carrières-sur-Seine;uic_87386409;?;?;normal;8;0;60;52;1;0 - 1 - 1 - 1 - 1 - 1 - 1 - 1;0: 1 - 1: 7
2020;1;4;6;1;0;1;UPUS;?;17h15;Houilles - Carrières-sur-Seine;uic_87386409;?;?;normal;8;0;0;0;0;0 - 0 - 0 - 0 - 0 - 0 - 0 - 0;0: 8
2020;1;4;6;1;0;1;UPUS;?;17h35;Houilles - Carrières-sur-Seine;uic_87386409;?;?;normal;8;0;120;45;30;0 - 0 - 0 - 0 - 1 - 2 - 1 - 2;0: 4 - 1: 2 - 2: 2
2020;1;4;6;1;0;1;UPUS;?;17h55;Houilles - Carrières-sur-Seine;uic_87386409;?;?;normal;8;0;360;247;270;1 - 2 - 4 - 4 - 5 - 5 - 6 - 6;1: 1 - 2: 1 - 4: 2 - 5: 2 - 6: 2
2020;1;4;6;1;0;1;UPUS;?;18h15;Houilles - Carrières-sur-Seine;uic_87386409;?;?;normal;8;0;240;217;4;4 - 4 - 3 - 3 - 4 - 4 - 4 - 3;3: 3 - 4: 5
2020;1;4;6;1;0;1;UPUS;?;18h35;Houilles - Carrières-sur-Seine;uic_87386409;?;?;normal;8;0;900;840;14;13 - 14 - 13 - 14 - 14 - 15 - 15 - 14;13: 2 - 14: 4 - 15: 2
2020;1;4;6;1;0;1;UPUS;?;18h55;Houilles - Carrières-sur-Seine;uic_87386409;?;?;normal;8;0;0;0;0;0 - 0 - 0 - 0 - 0 - 0 - 0 - 0;0: 8
2020;1;4;6;1;0;1;UPUS;?;19h35;Houilles - Carrières-sur-Seine;uic_87386409;?;?;normal;8;0;720;667;11;10 - 11 - 11 - 11 - 11 - 12 - 12 - 11;10: 1 - 11: 5 - 12: 2
2020;1;4;6;1;0;1;UPUS;?;20h16;Houilles - Carrières-sur-Seine;uic_87386409;?;?;normal;8;0;840;787;13;12 - 13 - 12 - 13 - 14 - 14 - 14 - 13;12: 2 - 13: 3 - 14: 3
2020;1;5;7;1;0;1;OPEN;?;05h12;Cergy le Haut;uic_87382655;?;?;normal;9;0;120;60;60;0 - 0 - 1 - 0 - 0 - 2 - 2 - 2 - 2;0: 4 - 1: 1 - 2: 4
2020;1;5;7;1;0;1;OPUS;?;00h05;Cergy le Haut;uic_87382655;?;?;normal;9;0;60;20;0;1 - 1 - 0 - 0 - 0 - 1 - 0 - 0 - 0;0: 6 - 1: 3
2020;1;5;7;1;0;1;OPUS;?;20h04;Cergy le Haut;uic_87382655;?;?;normal;9;0;0;0;0;0 - 0 - 0 - 0 - 0 - 0 - 0 - 0 - 0;0: 9
2020;1;5;7;1;0;1;OPUS;?;21h04;Cergy le Haut;uic_87382655;?;?;normal;9;0;0;0;0;0 - 0 - 0 - 0 - 0 - 0 - 0 - 0 - 0;0: 9
2020;1;5;7;1;0;1;OPUS;?;22h04;Cergy le Haut;uic_87382655;?;?;normal;9;0;0;0;0;0 - 0 - 0 - 0 - 0 - 0 - 0 - 0 - 0;0: 9
2020;1;5;7;1;0;1;OPUS;?;23h04;Cergy le Haut;uic_87382655;?;?;normal;9;0;120;66;60;0 - 2 - 2 - 1 - 2 - 2 - 1 - 0 - 0;0: 3 - 1: 2 - 2: 4
2020;1;5;7;1;0;1;QYAN;?;12h04;Cergy le Haut;uic_87382655;?;?;normal;9;0;120;60;60;2 - 2 - 1 - 1 - 1 - 1 - 1 - 0 - 0;0: 2 - 1: 5 - 2: 2
2020;1;5;7;1;0;1;QYAN;?;12h24;Cergy le Haut;uic_87382655;?;?;normal;9;0;0;0;0;0 - 0 - 0 - 0 - 0 - 0 - 0 - 0 - 0;0: 9
2020;1;5;7;1;0;1;QYAN;?;12h44;Cergy le Haut;uic_87382655;?;?;normal;9;0;120;60;60;0 - 0 - 0 - 0 - 2 - 2 - 2 - 2 - 1;0: 4 - 1: 1 - 2: 4
2020;1;5;7;1;0;1;QYAN;?;13h04;Cergy le Haut;uic_87382655;?;?;normal;9;0;0;0;0;0 - 0 - 0 - 0 - 0 - 0 - 0 - 0 - 0;0: 9
2020;1;5;7;1;0;1;QYAN;?;13h24;Cergy le Haut;uic_87382655;?;?;normal;9;0;60;6;0;0 - 0 - 0 - 0 - 0 - 1 - 0 - 0 - 0;0: 8 - 1: 1
2020;1;5;7;1;0;1;QYAN;?;13h44;Cergy le Haut;uic_87382655;?;?;normal;9;0;120;53;60;0 - 0 - 0 - 2 - 2 - 2 - 1 - 1 - 0;0: 4 - 1: 2 - 2: 3
2020;1;5;7;1;0;1;QYAN;?;14h04;Cergy le Haut;uic_87382655;?;?;normal;9;0;0;0;0;0 - 0 - 0 - 0 - 0 - 0 - 0 - 0 - 0;0: 9
2020;1;5;7;1;0;1;QYAN;?;14h24;Cergy le Haut;uic_87382655;?;?;normal;9;0;0;0;0;0 - 0 - 0 - 0 - 0 - 0 - 0 - 0 - 0;0: 9
2020;1;5;7;1;0;1;QYAN;?;14h44;Cergy le Haut;uic_87382655;?;?;normal;9;0;60;6;0;0 - 0 - 0 - 0 - 0 - 1 - 0 - 0 - 0;0: 8 - 1: 1
2020;1;5;7;1;0;1;QYAN;?;15h04;Cergy le Haut;uic_87382655;?;?;normal;9;0;0;0;0;0 - 0 - 0 - 0 - 0 - 0 - 0 - 0 - 0;0: 9
2020;1;5;7;1;0;1;QYAN;?;15h24;Cergy le Haut;uic_87382655;?;?;normal;9;0;60;6;0;0 - 0 - 0 - 0 - 0 - 1 - 0 - 0 - 0;0: 8 - 1: 1
2020;1;5;7;1;0;1;QYAN;?;15h44;Cergy le Haut;uic_87382655;?;?;normal;9;0;120;93;120;1 - 1 - 1 - 1 - 2 - 2 - 2 - 2 - 2;1: 4 - 2: 5
2020;1;5;7;1;0;1;QYAN;?;16h04;Cergy le Haut;uic_87382655;?;?;normal;9;0;0;0;0;0 - 0 - 0 - 0 - 0 - 0 - 0 - 0 - 0;0: 9
2020;1;5;7;1;0;1;QYAN;?;16h24;Cergy le Haut;uic_87382655;?;?;normal;9;0;0;0;0;0 - 0 - 0 - 0 - 0 - 0 - 0 - 0 - 0;0: 9
2020;1;5;7;1;0;1;QYAN;?;16h44;Cergy le Haut;uic_87382655;?;?;normal;9;0;120;40;60;0 - 0 - 0 - 0 - 1 - 2 - 1 - 1 - 1;0: 4 - 1: 4 - 2: 1
2020;1;5;7;1;0;1;QYAN;?;17h04;Cergy le Haut;uic_87382655;?;?;normal;9;0;60;6;0;0 - 0 - 0 - 0 - 0 - 1 - 0 - 0 - 0;0: 8 - 1: 1
2020;1;5;7;1;0;1;QYAN;?;17h24;Cergy le Haut;uic_87382655;?;?;normal;9;0;240;80;60;0 - 0 - 0 - 0 - 1 - 2 - 2 - 4 - 3;0: 4 - 1: 1 - 2: 2 - 3: 1 - 4: 1
2020;1;5;7;1;0;1;QYAN;?;17h44;Cergy le Haut;uic_87382655;?;?;normal;9;0;0;0;0;0 - 0 - 0 - 0 - 0 - 0 - 0 - 0 - 0;0: 9
2020;1;5;7;1;0;1;QYAN;?;18h04;Cergy le Haut;uic_87382655;?;?;normal;9;0;0;0;0;0 - 0 - 0 - 0 - 0 - 0 - 0 - 0 - 0;0: 9
2020;1;5;7;1;0;1;QYAN;?;18h44;Cergy le Haut;uic_87382655;?;?;normal;9;0;120;53;60;0 - 0 - 0 - 0 - 1 - 2 - 2 - 2 - 1;0: 4 - 1: 2 - 2: 3
2020;1;5;7;1;0;1;QYAN;?;19h24;Cergy le Haut;uic_87382655;?;?;normal;9;0;0;0;0;0 - 0 - 0 - 0 - 0 - 0 - 0 - 0 - 0;0: 9
2020;1;5;7;1;0;1;QYRO;?;06h11;Cergy le Haut;uic_87382655;?;?;normal;9;0;0;0;0;0 - 0 - 0 - 0 - 0 - 0 - 0 - 0 - 0;0: 9
2020;1;5;7;1;0;1;QYRO;?;07h11;Cergy le Haut;uic_87382655;?;?;normal;9;0;0;0;0;0 - 0 - 0 - 0 - 0 - 0 - 0 - 0 - 0;0: 9
2020;1;5;7;1;0;1;QYRO;?;08h04;Cergy le Haut;uic_87382655;?;?;normal;9;0;0;0;0;0 - 0 - 0 - 0 - 0 - 0 - 0 - 0 - 0;0: 9
2020;1;5;7;1;0;1;QYRO;?;08h44;Cergy le Haut;uic_87382655;?;?;normal;9;0;60;20;0;0 - 0 - 0 - 0 - 1 - 1 - 0 - 1 - 0;0: 6 - 1: 3
2020;1;5;7;1;0;1;QYRO;?;09h24;Cergy le Haut;uic_87382655;?;?;normal;9;0;120;40;0;0 - 0 - 0 - 0 - 0 - 2 - 1 - 2 - 1;0: 5 - 1: 2 - 2: 2
2020;1;5;7;1;0;1;QYRO;?;10h04;Cergy le Haut;uic_87382655;?;?;normal;9;0;120;73;60;2 - 2 - 1 - 1 - 1 - 2 - 1 - 1 - 0;0: 1 - 1: 5 - 2: 3
2020;1;5;7;1;0;1;QYRO;?;10h44;Cergy le Haut;uic_87382655;?;?;normal;9;0;180;86;60;0 - 1 - 1 - 1 - 2 - 3 - 2 - 2 - 1;0: 1 - 1: 4 - 2: 3 - 3: 1
2020;1;5;7;1;0;1;QYRO;?;11h24;Cergy le Haut;uic_87382655;?;?;normal;9;0;0;0;0;0 - 0 - 0 - 0 - 0 - 0 - 0 - 0 - 0;0: 9
2020;1;5;7;1;0;1;QYRO;?;11h44;Cergy le Haut;uic_87382655;?;?;normal;9;0;0;0;0;0 - 0 - 0 - 0 - 0 - 0 - 0 - 0 - 0;0: 9
2020;1;5;7;1;0;1;UBOS;?;05h57;Houilles - Carrières-sur-Seine;uic_87386409;?;?;normal;8;0;120;82;90;1 - 2 - 0 - 2 - 2 - 1 - 2 - 1;0: 1 - 1: 3 - 2: 4
2020;1;5;7;1;0;1;UBOS;?;06h57;Houilles - Carrières-sur-Seine;uic_87386409;?;?;normal;8;0;60;37;1;1 - 1 - 0 - 1 - 1 - 0 - 1 - 0;0: 3 - 1: 5
2020;1;5;7;1;0;1;UBOS;?;07h55;Houilles - Carrières-sur-Seine;uic_87386409;?;?;normal;8;0;180;135;2;2 - 2 - 1 - 2 - 3 - 2 - 3 - 3;1: 1 - 2: 4 - 3: 3
2020;1;5;7;1;0;1;UBOS;?;08h55;Houilles - Carrières-sur-Seine;uic_87386409;?;?;normal;8;0;180;105;2;0 - 1 - 2 - 2 - 2 - 3 - 2 - 2;0: 1 - 1: 1 - 2: 5 - 3: 1
2020;1;5;7;1;0;1;UPAC;?;09h35;Houilles - Carrières-sur-Seine;uic_87386409;?;?;normal;8;0;180;135;2;1 - 2 - 2 - 2 - 3 - 3 - 3 - 2;1: 1 - 2: 4 - 3: 3
2020;1;5;7;1;0;1;UPAC;?;10h15;Houilles - Carrières-sur-Seine;uic_87386409;?;?;normal;8;0;120;67;1;0 - 1 - 0 - 1 - 1 - 2 - 2 - 2;0: 2 - 1: 3 - 2: 3
2020;1;5;7;1;0;1;UPAC;?;10h55;Houilles - Carrières-sur-Seine;uic_87386409;?;?;normal;8;0;60;7;0;0 - 0 - 0 - 0 - 0 - 1 - 0 - 0;0: 7 - 1: 1
2020;1;5;7;1;0;1;UPAC;?;11h35;Houilles - Carrières-sur-Seine;uic_87386409;?;?;normal;8;0;240;180;3;1 - 3 - 2 - 3 - 3 - 4 - 4 - 4;1: 1 - 2: 1 - 3: 3 - 4: 3
2020;1;5;7;1;0;1;UPAC;?;12h15;Houilles - Carrières-sur-Seine;uic_87386409;?;?;normal;8;0;60;15;0;0 - 0 - 0 - 0 - 0 - 1 - 0 - 1;0: 6 - 1: 2
2020;1;5;7;1;0;1;UPAC;?;12h35;Houilles - Carrières-sur-Seine;uic_87386409;?;?;normal;8;0;60;15;0;0 - 1 - 0 - 0 - 0 - 1 - 0 - 0;0: 6 - 1: 2
2020;1;5;7;1;0;1;UPIR;?;00h14;Houilles - Carrières-sur-Seine;uic_87386409;?;?;normal;8;0;0;0;0;0 - 0 - 0 - 0 - 0 - 0 - 0 - 0;0: 8
2020;1;5;7;1;0;1;UPIR;?;01h13;Houilles - Carrières-sur-Seine;uic_87386409;?;?;normal;8;0;60;7;0;0 - 0 - 0 - 0 - 0 - 0 - 0 - 1;0: 7 - 1: 1
2020;1;5;7;1;0;1;UPIR;?;21h14;Houilles - Carrières-sur-Seine;uic_87386409;?;?;normal;8;0;120;52;1;0 - 1 - 0 - 1 - 1 - 1 - 2 - 1;0: 2 - 1: 5 - 2: 1
2020;1;5;7;1;0;1;UPIR;?;22h14;Houilles - Carrières-sur-Seine;uic_87386409;?;?;normal;8;0;360;307;5;6 - 6 - 5 - 5 - 5 - 5 - 5 - 4;4: 1 - 5: 5 - 6: 2
2020;1;5;7;1;0;1;UPIR;?;23h14;Houilles - Carrières-sur-Seine;uic_87386409;?;?;normal;8;0;300;187;4;0 - 1 - 2 - 4 - 5 - 4 - 5 - 4;0: 1 - 1: 1 - 2: 1 - 4: 3 - 5: 2
2020;1;5;7;1;0;1;UPUS;?;12h55;Houilles - Carrières-sur-Seine;uic_87386409;?;?;normal;8;0;0;0;0;0 - 0 - 0 - 0 - 0 - 0 - 0 - 0;0: 8
2020;1;5;7;1;0;1;UPUS;?;13h15;Houilles - Carrières-sur-Seine;uic_87386409;?;?;normal;8;0;120;90;90;1 - 2 - 1 - 1 - 2 - 2 - 2 - 1;1: 4 - 2: 4
2020;1;5;7;1;0;1;UPUS;?;13h35;Houilles - Carrières-sur-Seine;uic_87386409;?;?;normal;8;0;120;30;0;0 - 0 - 0 - 0 - 0 - 1 - 1 - 2;0: 5 - 1: 2 - 2: 1
2020;1;5;7;1;0;1;UPUS;?;13h55;Houilles - Carrières-sur-Seine;uic_87386409;?;?;normal;8;0;60;30;30;0 - 0 - 0 - 0 - 1 - 1 - 1 - 1;0: 4 - 1: 4
2020;1;5;7;1;0;1;UPUS;?;14h15;Houilles - Carrières-sur-Seine;uic_87386409;?;?;normal;8;0;120;67;1;1 - 2 - 1 - 1 - 1 - 1 - 1 - 1;1: 7 - 2: 1
2020;1;5;7;1;0;1;UPUS;?;14h35;Houilles - Carrières-sur-Seine;uic_87386409;?;?;normal;8;0;0;0;0;0 - 0 - 0 - 0 - 0 - 0 - 0 - 0;0: 8
2020;1;5;7;1;0;1;UPUS;?;14h55;Houilles - Carrières-sur-Seine;uic_87386409;?;?;normal;8;0;60;7;0;0 - 1 - 0 - 0 - 0 - 0 - 0 - 0;0: 7 - 1: 1
2020;1;5;7;1;0;1;UPUS;?;15h15;Houilles - Carrières-sur-Seine;uic_87386409;?;?;normal;8;0;0;0;0;0 - 0 - 0 - 0 - 0 - 0 - 0 - 0;0: 8
2020;1;5;7;1;0;1;UPUS;?;15h35;Houilles - Carrières-sur-Seine;uic_87386409;?;?;normal;8;0;60;37;1;0 - 0 - 0 - 1 - 1 - 1 - 1 - 1;0: 3 - 1: 5
2020;1;5;7;1;0;1;UPUS;?;15h55;Houilles - Carrières-sur-Seine;uic_87386409;?;?;normal;8;0;60;22;0;0 - 1 - 0 - 0 - 0 - 1 - 1 - 0;0: 5 - 1: 3
2020;1;5;7;1;0;1;UPUS;?;16h15;Houilles - Carrières-sur-Seine;uic_87386409;?;?;normal;8;0;120;75;90;0 - 0 - 1 - 1 - 2 - 2 - 2 - 2;0: 2 - 1: 2 - 2: 4
2020;1;5;7;1;0;1;UPUS;?;16h35;Houilles - Carrières-sur-Seine;uic_87386409;?;?;normal;8;0;60;22;0;0 - 0 - 0 - 0 - 1 - 1 - 1 - 0;0: 5 - 1: 3
2020;1;5;7;1;0;1;UPUS;?;16h55;Houilles - Carrières-sur-Seine;uic_87386409;?;?;normal;8;0;60;37;1;0 - 1 - 0 - 0 - 1 - 1 - 1 - 1;0: 3 - 1: 5
2020;1;5;7;1;0;1;UPUS;?;17h15;Houilles - Carrières-sur-Seine;uic_87386409;?;?;normal;8;0;0;0;0;0 - 0 - 0 - 0 - 0 - 0 - 0 - 0;0: 8
2020;1;5;7;1;0;1;UPUS;?;17h35;Houilles - Carrières-sur-Seine;uic_87386409;?;?;normal;8;0;300;180;3;1 - 2 - 2 - 3 - 3 - 4 - 4 - 5;1: 1 - 2: 2 - 3: 2 - 4: 2 - 5: 1
2020;1;5;7;1;0;1;UPUS;?;17h55;Houilles - Carrières-sur-Seine;uic_87386409;?;?;normal;8;0;420;112;90;0 - 0 - 1 - 1 - 2 - 2 - 2 - 7;0: 2 - 1: 2 - 2: 3 - 7: 1
2020;1;5;7;1;0;1;UPUS;?;18h15;Houilles - Carrières-sur-Seine;uic_87386409;?;?;normal;8;0;120;60;1;0 - 0 - 0 - 1 - 1 - 2 - 2 - 2;0: 3 - 1: 2 - 2: 3
2020;1;5;7;1;0;1;UPUS;?;18h35;Houilles - Carrières-sur-Seine;uic_87386409;?;?;normal;8;0;0;0;0;0 - 0 - 0 - 0 - 0 - 0 - 0 - 0;0: 8
2020;1;5;7;1;0;1;UPUS;?;18h55;Houilles - Carrières-sur-Seine;uic_87386409;?;?;normal;8;0;0;0;0;0 - 0 - 0 - 0 - 0 - 0 - 0 - 0;0: 8
2020;1;5;7;1;0;1;UPUS;?;19h35;Houilles - Carrières-sur-Seine;uic_87386409;?;?;normal;8;0;720;652;11;10 - 10 - 10 - 11 - 11 - 12 - 12 - 11;10: 3 - 11: 3 - 12: 2
2020;1;5;7;1;0;1;UPUS;?;20h16;Houilles - Carrières-sur-Seine;uic_87386409;?;?;normal;8;0;0;0;0;0 - 0 - 0 - 0 - 0 - 0 - 0 - 0;0: 8
2020;1;6;1;2;1;0;NANI;?;14h53;Cergy le Haut;uic_87382655;?;?;normal;9;0;780;713;720;12 - 12 - 13 - 12 - 12 - 12 - 12 - 12 - 10;10: 1 - 12: 7 - 13: 1
2020;1;6;1;2;1;0;NANI;?;15h33;Cergy le Haut;uic_87382655;?;?;normal;9;0;0;0;0;0 - 0 - 0 - 0 - 0 - 0 - 0 - 0 - 0;0: 9
2020;1;6;1;2;1;0;NANI;?;15h53;Cergy le Haut;uic_87382655;?;?;normal;9;0;60;6;0;0 - 0 - 0 - 0 - 0 - 1 - 0 - 0 - 0;0: 8 - 1: 1
2020;1;6;1;2;1;0;NANI;?;16h13;Cergy le Haut;uic_87382655;?;?;normal;9;0;60;40;60;1 - 0 - 1 - 1 - 0 - 1 - 1 - 1 - 0;0: 3 - 1: 6
2020;1;6;1;2;1;0;NANI;?;16h36;Cergy le Haut;uic_87382655;?;?;normal;9;0;60;6;0;0 - 0 - 0 - 0 - 0 - 1 - 0 - 0 - 0;0: 8 - 1: 1
2020;1;6;1;2;1;0;NANI;?;17h01;Cergy le Haut;uic_87382655;?;?;normal;9;0;0;0;0;0 - 0 - 0 - 0 - 0 - 0 - 0 - 0 - 0;0: 9
2020;1;6;1;2;1;0;NANI;?;17h26;Cergy le Haut;uic_87382655;?;?;normal;9;0;120;46;60;0 - 1 - 0 - 0 - 1 - 2 - 1 - 1 - 1;0: 3 - 1: 5 - 2: 1
2020;1;6;1;2;1;0;NANI;?;18h04;Cergy le Haut;uic_87382655;?;?;normal;9;0;60;13;0;0 - 0 - 1 - 0 - 0 - 1 - 0 - 0 - 0;0: 7 - 1: 2
2020;1;6;1;2;1;0;NATO;?;05h42;Cergy le Haut;uic_87382655;?;?;normal;9;0;180;120;120;0 - 3 - 3 - 3 - 2 - 2 - 2 - 2 - 1;0: 1 - 1: 1 - 2: 4 - 3: 3
2020;1;6;1;2;1;0;NATO;?;06h12;Cergy le Haut;uic_87382655;?;?;normal;9;0;0;0;0;0 - 0 - 0 - 0 - 0 - 0 - 0 - 0 - 0;0: 9
2020;1;6;1;2;1;0;NATO;?;06h51;Cergy le Haut;uic_87382655;?;?;normal;9;0;120;66;60;0 - 1 - 1 - 1 - 1 - 1 - 1 - 2 - 2;0: 1 - 1: 6 - 2: 2
2020;1;6;1;2;1;0;NATO;?;07h14;Cergy le Haut;uic_87382655;?;?;normal;9;0;120;60;60;0 - 0 - 2 - 2 - 0 - 1 - 1 - 1 - 2;0: 3 - 1: 3 - 2: 3
2020;1;6;1;2;1;0;NATO;?;07h38;Cergy le Haut;uic_87382655;?;?;normal;9;0;60;6;0;0 - 0 - 0 - 0 - 0 - 0 - 0 - 0 - 1;0: 8 - 1: 1
2020;1;6;1;2;1;0;NATO;?;08h01;Cergy le Haut;uic_87382655;?;?;normal;9;0;60;13;0;0 - 0 - 0 - 0 - 0 - 0 - 0 - 1 - 1;0: 7 - 1: 2
2020;1;6;1;2;1;0;NATO;?;08h24;Cergy le Haut;uic_87382655;?;?;normal;9;0;180;53;60;0 - 0 - 1 - 1 - 0 - 1 - 1 - 1 - 3;0: 3 - 1: 5 - 3: 1
2020;1;6;1;2;1;0;NATO;?;08h48;Cergy le Haut;uic_87382655;?;?;normal;9;0;120;33;0;1 - 1 - 2 - 1 - 0 - 0 - 0 - 0 - 0;0: 5 - 1: 3 - 2: 1
2020;1;6;1;2;1;0;NATO;?;09h23;Cergy le Haut;uic_87382655;?;?;normal;9;0;60;26;0;0 - 0 - 0 - 0 - 0 - 1 - 1 - 1 - 1;0: 5 - 1: 4
2020;1;6;1;2;1;0;NATO;?;09h55;Cergy le Haut;uic_87382655;?;?;normal;9;0;60;26;0;0 - 0 - 0 - 0 - 0 - 1 - 1 - 1 - 1;0: 5 - 1: 4
2020;1;6;1;2;1;0;NATO;?;10h53;Cergy le Haut;uic_87382655;?;?;normal;9;0;660;573;600;9 - 9 - 10 - 10 - 9 - 11 - 10 - 10 - 8;8: 1 - 9: 3 - 10: 4 - 11: 1
2020;1;6;1;2;1;0;NATO;?;11h53;Cergy le Haut;uic_87382655;?;?;normal;9;0;0;0;0;0 - 0 - 0 - 0 - 0 - 0 - 0 - 0 - 0;0: 9
2020;1;6;1;2;1;0;NATO;?;12h53;Cergy le Haut;uic_87382655;?;?;normal;9;0;0;0;0;0 - 0 - 0 - 0 - 0 - 0 - 0 - 0 - 0;0: 9
2020;1;6;1;2;1;0;NATO;?;13h53;Cergy le Haut;uic_87382655;?;?;normal;9;0;360;279;300;5 - 5 - 6 - 5 - 5 - 5 - 4 - 5 - 2;2: 1 - 4: 1 - 5: 6 - 6: 1
2020;1;6;1;2;1;0;NOTE;?;06h00;Poissy;uic_87386573;?;?;normal;5;0;60;24;0;0 - 1 - 0 - 0 - 1;0: 3 - 1: 2
2020;1;6;1;2;1;0;NOTE;?;06h30;Poissy;uic_87386573;?;?;normal;5;0;60;12;0;0 - 0 - 0 - 0 - 1;0: 4 - 1: 1
2020;1;6;1;2;1;0;NOTE;?;06h45;Poissy;uic_87386573;?;?;normal;5;0;0;0;0;0 - 0 - 0 - 0 - 0;0: 5
2020;1;6;1;2;1;0;NOTE;?;07h13;Poissy;uic_87386573;?;?;normal;5;0;540;348;360;1 - 5 - 6 - 8 - 9;1: 1 - 5: 1 - 6: 1 - 8: 1 - 9: 1
2020;1;6;1;2;1;0;NOTE;?;07h37;Poissy;uic_87386573;?;?;annule;5;5;0;0;0;;
2020;1;6;1;2;1;0;NOTE;?;07h59;Poissy;uic_87386573;?;?;normal;5;0;180;132;120;1 - 2 - 2 - 3 - 3;1: 1 - 2: 2 - 3: 2
2020;1;6;1;2;1;0;NOTE;?;08h22;Poissy;uic_87386573;?;?;normal;5;0;120;60;60;0 - 2 - 1 - 1 - 1;0: 1 - 1: 3 - 2: 1
2020;1;6;1;2;1;0;NOTE;?;08h46;Poissy;uic_87386573;?;?;normal;5;0;180;60;0;0 - 0 - 0 - 2 - 3;0: 3 - 2: 1 - 3: 1
2020;1;6;1;2;1;0;NOTE;?;09h09;Poissy;uic_87386573;?;?;normal;5;0;360;300;300;6 - 6 - 5 - 4 - 4;4: 2 - 5: 1 - 6: 2
2020;1;6;1;2;1;0;NOTE;?;16h42;Poissy;uic_87386573;?;?;normal;5;0;0;0;0;0 - 0 - 0 - 0 - 0;0: 5
2020;1;6;1;2;1;0;NOTE;?;17h05;Poissy;uic_87386573;?;?;normal;5;0;1020;936;900;17 - 16 - 15 - 15 - 15;15: 3 - 16: 1 - 17: 1
2020;1;6;1;2;1;0;NOTE;?;17h32;Poissy;uic_87386573;?;?;normal;5;0;120;36;0;1 - 2 - 0 - 0 - 0;0: 3 - 1: 1 - 2: 1
2020;1;6;1;2;1;0;NOTE;?;17h57;Poissy;uic_87386573;?;?;normal;5;0;60;12;0;0 - 1 - 0 - 0 - 0;0: 4 - 1: 1
2020;1;6;1;2;1;0;NOTE;?;18h34;Poissy;uic_87386573;?;?;normal;5;0;60;60;60;1 - 1 - 1 - 1 - 1;1: 5
2020;1;6;1;2;1;0;NOTE;?;19h12;Poissy;uic_87386573;?;?;normal;5;0;0;0;0;0 - 0 - 0 - 0 - 0;0: 5
2020;1;6;1;2;1;0;NOTE;?;20h04;Poissy;uic_87386573;?;?;normal;5;0;300;240;240;4 - 5 - 4 - 4 - 3;3: 1 - 4: 3 - 5: 1
2020;1;6;1;2;1;0;NOTE;?;21h03;Poissy;uic_87386573;?;?;normal;5;0;0;0;0;0 - 0 - 0 - 0 - 0;0: 5
2020;1;6;1;2;1;0;NOTE;?;22h03;Poissy;uic_87386573;?;?;normal;5;0;900;551;900;0 - 1 - 15 - 15 - 15;0: 1 - 1: 1 - 15: 3
2020;1;6;1;2;1;0;NOTE;?;23h03;Poissy;uic_87386573;?;?;normal;5;0;0;0;0;0 - 0 - 0 - 0 - 0;0: 5
2020;1;6;1;2;1;0;OKLA;?;10h40;Poissy;uic_87386573;?;?;normal;5;0;240;192;180;3 - 3 - 4 - 3 - 3;3: 4 - 4: 1
2020;1;6;1;2;1;0;OKLA;?;11h40;Poissy;uic_87386573;?;?;normal;5;0;120;120;120;2 - 2 - 2 - 2 - 2;2: 5
2020;1;6;1;2;1;0;OKLA;?;12h40;Poissy;uic_87386573;?;?;normal;5;0;0;0;0;0 - 0 - 0 - 0 - 0;0: 5
2020;1;6;1;2;1;0;OKLA;?;13h40;Poissy;uic_87386573;?;?;normal;5;0;0;0;0;0 - 0 - 0 - 0 - 0;0: 5
2020;1;6;1;2;1;0;OKRE;?;14h40;Poissy;uic_87386573;?;?;normal;5;0;0;0;0;0 - 0 - 0 - 0 - 0;0: 5
2020;1;6;1;2;1;0;OKRE;?;15h40;Poissy;uic_87386573;?;?;normal;5;0;0;0;0;0 - 0 - 0 - 0 - 0;0: 5
2020;1;6;1;2;1;0;OKRE;?;16h00;Poissy;uic_87386573;?;?;normal;5;0;0;0;0;0 - 0 - 0 - 0 - 0;0: 5
2020;1;6;1;2;1;0;OKRE;?;16h20;Poissy;uic_87386573;?;?;normal;5;0;60;36;60;1 - 1 - 0 - 0 - 1;0: 2 - 1: 3
2020;1;6;1;2;1;0;OPEN;?;04h42;Cergy le Haut;uic_87382655;?;?;normal;9;0;120;66;60;1 - 1 - 1 - 1 - 1 - 2 - 1 - 1 - 1;1: 8 - 2: 1
2020;1;6;1;2;1;0;QURI;?;00h05;Poissy;uic_87386573;?;?;normal;5;0;0;0;0;0 - 0 - 0 - 0 - 0;0: 5
2020;1;6;1;2;1;0;QURI;?;05h10;Poissy;uic_87386573;?;?;normal;5;0;0;0;0;0 - 0 - 0 - 0 - 0;0: 5
2020;1;6;1;2;1;0;TAXE;?;00h03;Houilles - Carrières-sur-Seine;uic_87386409;?;?;normal;4;0;120;105;2;2 - 2 - 2 - 1;1: 1 - 2: 3
2020;1;6;1;2;1;0;TAXE;?;07h21;Houilles - Carrières-sur-Seine;uic_87386409;?;?;normal;4;0;0;0;0;0 - 0 - 0 - 0;0: 4
2020;1;6;1;2;1;0;TAXE;?;07h37;Houilles - Carrières-sur-Seine;uic_87386409;?;?;normal;4;0;660;195;1;1 - 0 - 1 - 11;0: 1 - 1: 2 - 11: 1
2020;1;6;1;2;1;0;TAXE;?;08h13;Houilles - Carrières-sur-Seine;uic_87386409;?;?;normal;4;0;780;735;750;12 - 13 - 13 - 11;11: 1 - 12: 1 - 13: 2
2020;1;6;1;2;1;0;TAXE;?;08h36;Houilles - Carrières-sur-Seine;uic_87386409;?;?;normal;4;0;480;390;7;7 - 8 - 7 - 4;4: 1 - 7: 2 - 8: 1
2020;1;6;1;2;1;0;TAXE;?;09h00;Houilles - Carrières-sur-Seine;uic_87386409;?;?;annule;4;4;0;0;0;;
2020;1;6;1;2;1;0;TAXE;?;09h23;Houilles - Carrières-sur-Seine;uic_87386409;?;?;normal;4;0;660;630;11;11 - 11 - 11 - 9;9: 1 - 11: 3
2020;1;6;1;2;1;0;TAXE;?;09h46;Houilles - Carrières-sur-Seine;uic_87386409;?;?;normal;4;0;1080;765;750;8 - 9 - 18 - 16;8: 1 - 9: 1 - 16: 1 - 18: 1
2020;1;6;1;2;1;0;TAXE;?;17h14;Houilles - Carrières-sur-Seine;uic_87386409;?;?;normal;4;0;240;180;3;3 - 4 - 3 - 2;2: 1 - 3: 2 - 4: 1
2020;1;6;1;2;1;0;TAXE;?;17h39;Houilles - Carrières-sur-Seine;uic_87386409;?;?;normal;4;0;840;795;810;13 - 14 - 14 - 12;12: 1 - 13: 1 - 14: 2
2020;1;6;1;2;1;0;TAXE;?;18h04;Houilles - Carrières-sur-Seine;uic_87386409;?;?;normal;4;0;1140;990;990;14 - 16 - 17 - 19;14: 1 - 16: 1 - 17: 1 - 19: 1
2020;1;6;1;2;1;0;TAXE;?;18h29;Houilles - Carrières-sur-Seine;uic_87386409;?;?;normal;4;0;540;480;510;8 - 9 - 9 - 6;6: 1 - 8: 1 - 9: 2
2020;1;6;1;2;1;0;TAXE;?;18h54;Houilles - Carrières-sur-Seine;uic_87386409;?;?;normal;4;0;480;450;450;7 - 8 - 8 - 7;7: 2 - 8: 2
2020;1;6;1;2;1;0;TAXE;?;19h19;Houilles - Carrières-sur-Seine;uic_87386409;?;?;normal;4;0;1080;1050;18;18 - 18 - 18 - 16;16: 1 - 18: 3
2020;1;6;1;2;1;0;TAXE;?;19h56;Houilles - Carrières-sur-Seine;uic_87386409;?;?;normal;4;0;120;30;0;0 - 0 - 0 - 2;0: 3 - 2: 1
2020;1;6;1;2;1;0;TAXE;?;20h58;Houilles - Carrières-sur-Seine;uic_87386409;?;?;normal;4;0;0;0;0;0 - 0 - 0 - 0;0: 4
2020;1;6;1;2;1;0;TAXE;?;22h03;Houilles - Carrières-sur-Seine;uic_87386409;?;?;normal;4;0;720;705;12;11 - 12 - 12 - 12;11: 1 - 12: 3
2020;1;6;1;2;1;0;TAXE;?;23h03;Houilles - Carrières-sur-Seine;uic_87386409;?;?;normal;4;0;240;210;210;3 - 4 - 4 - 3;3: 2 - 4: 2
2020;1;6;1;2;1;0;TEDI;?;00h58;Houilles - Carrières-sur-Seine;uic_87386409;?;?;normal;4;0;0;0;0;0 - 0 - 0 - 0;0: 4
2020;1;6;1;2;1;0;TEDI;?;06h11;Houilles - Carrières-sur-Seine;uic_87386409;?;?;normal;4;0;0;0;0;0 - 0 - 0 - 0;0: 4
2020;1;6;1;2;1;0;TRAM;?;16h54;Houilles - Carrières-sur-Seine;uic_87386409;?;?;normal;4;0;60;15;0;0 - 1 - 0 - 0;0: 3 - 1: 1
2020;1;6;1;2;1;0;TROC;?;06h52;Houilles - Carrières-sur-Seine;uic_87386409;?;?;normal;4;0;180;105;2;0 - 3 - 3 - 1;0: 1 - 1: 1 - 3: 2
2020;1;6;1;2;1;0;TROC;?;10h13;Houilles - Carrières-sur-Seine;uic_87386409;?;?;normal;4;0;720;660;11;10 - 12 - 12 - 10;10: 2 - 12: 2
2020;1;6;1;2;1;0;TROC;?;10h33;Houilles - Carrières-sur-Seine;uic_87386409;?;?;normal;4;0;480;435;7;7 - 7 - 7 - 8;7: 3 - 8: 1
2020;1;6;1;2;1;0;TROC;?;11h33;Houilles - Carrières-sur-Seine;uic_87386409;?;?;normal;4;0;180;150;150;2 - 3 - 3 - 2;2: 2 - 3: 2
2020;1;6;1;2;1;0;TROC;?;12h33;Houilles - Carrières-sur-Seine;uic_87386409;?;?;normal;4;0;300;255;270;4 - 5 - 5 - 3;3: 1 - 4: 1 - 5: 2
2020;1;6;1;2;1;0;TROC;?;13h33;Houilles - Carrières-sur-Seine;uic_87386409;?;?;normal;4;0;180;135;150;3 - 3 - 2 - 1;1: 1 - 2: 1 - 3: 2
2020;1;6;1;2;1;0;TROC;?;14h33;Houilles - Carrières-sur-Seine;uic_87386409;?;?;normal;4;0;180;120;2;2 - 3 - 2 - 1;1: 1 - 2: 2 - 3: 1
2020;1;6;1;2;1;0;TROC;?;15h33;Houilles - Carrières-sur-Seine;uic_87386409;?;?;normal;4;0;120;75;90;1 - 2 - 2 - 0;0: 1 - 1: 1 - 2: 2
2020;1;6;1;2;1;0;UBAL;?;05h56;Houilles - Carrières-sur-Seine;uic_87386409;?;?;normal;8;0;300;157;150;0 - 1 - 2 - 2 - 3 - 4 - 4 - 5;0: 1 - 1: 1 - 2: 2 - 3: 1 - 4: 2 - 5: 1
2020;1;6;1;2;1;0;UZAR;?;06h40;Houilles - Carrières-sur-Seine;uic_87386409;?;?;normal;8;0;720;495;11;0 - 0 - 11 - 11 - 11 - 11 - 10 - 12;0: 2 - 10: 1 - 11: 4 - 12: 1
2020;1;6;1;2;1;0;UZAR;?;06h56;Houilles - Carrières-sur-Seine;uic_87386409;?;?;normal;8;0;240;157;2;2 - 3 - 2 - 2 - 2 - 2 - 4 - 4;2: 5 - 3: 1 - 4: 2
2020;1;6;1;2;1;0;UZAR;?;07h57;Houilles - Carrières-sur-Seine;uic_87386409;?;?;normal;8;0;1080;1027;17;16 - 17 - 17 - 17 - 18 - 17 - 17 - 18;16: 1 - 17: 5 - 18: 2
2020;1;6;1;2;1;0;UZAR;?;08h21;Houilles - Carrières-sur-Seine;uic_87386409;?;?;normal;8;0;660;600;10;10 - 10 - 9 - 10 - 10 - 10 - 10 - 11;9: 1 - 10: 6 - 11: 1
2020;1;6;1;2;1;0;UZAR;?;08h44;Houilles - Carrières-sur-Seine;uic_87386409;?;?;normal;8;0;660;652;11;11 - 11 - 11 - 11 - 11 - 11 - 11 - 10;10: 1 - 11: 7
2020;1;6;1;2;1;0;UZAR;?;09h07;Houilles - Carrières-sur-Seine;uic_87386409;?;?;normal;8;0;300;225;4;4 - 5 - 4 - 4 - 4 - 3 - 3 - 3;3: 3 - 4: 4 - 5: 1
2020;1;6;1;2;1;0;UZAR;?;09h31;Houilles - Carrières-sur-Seine;uic_87386409;?;?;normal;8;0;2580;2062;2490;12 - 12 - 41 - 42 - 41 - 42 - 42 - 43;12: 2 - 41: 2 - 42: 3 - 43: 1
2020;1;6;1;2;1;0;UZAR;?;09h54;Houilles - Carrières-sur-Seine;uic_87386409;?;?;normal;8;0;1500;1222;23;8 - 14 - 22 - 23 - 23 - 23 - 25 - 25;8: 1 - 14: 1 - 22: 1 - 23: 3 - 25: 2
2020;1;6;1;2;1;0;UZAR;?;10h07;Houilles - Carrières-sur-Seine;uic_87386409;?;?;normal;8;0;1320;1110;21;8 - 11 - 21 - 22 - 22 - 21 - 22 - 21;8: 1 - 11: 1 - 21: 3 - 22: 3
2020;1;6;1;2;1;0;UZAR;?;11h07;Houilles - Carrières-sur-Seine;uic_87386409;?;?;normal;8;0;60;7;0;0 - 0 - 0 - 0 - 0 - 0 - 1 - 0;0: 7 - 1: 1
2020;1;6;1;2;1;0;UZAR;?;12h07;Houilles - Carrières-sur-Seine;uic_87386409;?;?;normal;8;0;60;7;0;0 - 0 - 0 - 0 - 0 - 0 - 1 - 0;0: 7 - 1: 1
2020;1;6;1;2;1;0;UZAR;?;13h07;Houilles - Carrières-sur-Seine;uic_87386409;?;?;normal;8;0;1020;960;16;16 - 16 - 15 - 16 - 16 - 16 - 17 - 16;15: 1 - 16: 6 - 17: 1
2020;1;6;1;2;1;0;UZAR;?;14h07;Houilles - Carrières-sur-Seine;uic_87386409;?;?;normal;8;0;300;292;5;5 - 5 - 4 - 5 - 5 - 5 - 5 - 5;4: 1 - 5: 7
2020;1;6;1;2;1;0;UZAR;?;15h07;Houilles - Carrières-sur-Seine;uic_87386409;?;?;normal;8;0;120;82;90;2 - 1 - 0 - 1 - 2 - 1 - 2 - 2;0: 1 - 1: 3 - 2: 4
2020;1;6;1;2;1;0;UZEL;?;16h07;Houilles - Carrières-sur-Seine;uic_87386409;?;?;normal;8;0;900;697;11;12 - 11 - 10 - 11 - 11 - 11 - 12 - 15;10: 1 - 11: 4 - 12: 2 - 15: 1
2020;1;6;1;2;1;0;UZEL;?;16h46;Houilles - Carrières-sur-Seine;uic_87386409;?;?;normal;8;0;300;172;150;1 - 2 - 1 - 2 - 3 - 4 - 5 - 5;1: 2 - 2: 2 - 3: 1 - 4: 1 - 5: 2
2020;1;6;1;2;1;0;UZEL;?;17h05;Houilles - Carrières-sur-Seine;uic_87386409;?;?;normal;8;0;60;22;0;0 - 0 - 0 - 0 - 0 - 1 - 1 - 1;0: 5 - 1: 3
2020;1;6;1;2;1;0;UZEL;?;17h30;Houilles - Carrières-sur-Seine;uic_87386409;?;?;normal;8;0;360;202;3;2 - 3 - 2 - 3 - 3 - 4 - 4 - 6;2: 2 - 3: 3 - 4: 2 - 6: 1
2020;1;6;1;2;1;0;UZEL;?;17h55;Houilles - Carrières-sur-Seine;uic_87386409;?;?;normal;8;0;1020;952;16;14 - 15 - 15 - 16 - 16 - 17 - 17 - 17;14: 1 - 15: 2 - 16: 2 - 17: 3
2020;1;6;1;2;1;0;UZEL;?;18h20;Houilles - Carrières-sur-Seine;uic_87386409;?;?;normal;8;0;480;345;330;4 - 5 - 5 - 5 - 6 - 6 - 7 - 8;4: 1 - 5: 3 - 6: 2 - 7: 1 - 8: 1
2020;1;6;1;2;1;0;UZEL;?;18h45;Houilles - Carrières-sur-Seine;uic_87386409;?;?;normal;8;0;780;682;690;10 - 11 - 10 - 11 - 12 - 12 - 12 - 13;10: 2 - 11: 2 - 12: 3 - 13: 1
2020;1;6;1;2;1;0;UZEL;?;19h10;Houilles - Carrières-sur-Seine;uic_87386409;?;?;normal;8;0;1140;1050;18;14 - 16 - 17 - 18 - 18 - 19 - 19 - 19;14: 1 - 16: 1 - 17: 1 - 18: 2 - 19: 3
2020;1;7;2;2;1;0;NANI;?;14h53;Cergy le Haut;uic_87382655;?;?;normal;9;0;60;20;0;0 - 0 - 1 - 1 - 0 - 1 - 0 - 0 - 0;0: 6 - 1: 3
2020;1;7;2;2;1;0;NANI;?;15h33;Cergy le Haut;uic_87382655;?;?;normal;9;0;60;13;0;0 - 0 - 0 - 0 - 0 - 0 - 1 - 1 - 0;0: 7 - 1: 2
2020;1;7;2;2;1;0;NANI;?;15h53;Cergy le Haut;uic_87382655;?;?;normal;9;0;180;113;120;1 - 2 - 2 - 2 - 2 - 3 - 2 - 2 - 1;1: 2 - 2: 6 - 3: 1
2020;1;7;2;2;1;0;NANI;?;16h13;Cergy le Haut;uic_87382655;?;?;normal;9;0;0;0;0;0 - 0 - 0 - 0 - 0 - 0 - 0 - 0 - 0;0: 9
2020;1;7;2;2;1;0;NANI;?;16h36;Cergy le Haut;uic_87382655;?;?;normal;9;0;60;6;0;0 - 0 - 0 - 0 - 0 - 1 - 0 - 0 - 0;0: 8 - 1: 1
2020;1;7;2;2;1;0;NANI;?;17h01;Cergy le Haut;uic_87382655;?;?;normal;9;0;120;66;60;0 - 1 - 1 - 1 - 1 - 2 - 2 - 1 - 1;0: 1 - 1: 6 - 2: 2
2020;1;7;2;2;1;0;NANI;?;17h26;Cergy le Haut;uic_87382655;?;?;normal;9;0;420;360;360;6 - 6 - 6 - 6 - 6 - 7 - 6 - 5 - 6;5: 1 - 6: 7 - 7: 1
2020;1;7;2;2;1;0;NANI;?;18h04;Cergy le Haut;uic_87382655;?;?;normal;9;0;180;120;120;0 - 1 - 2 - 2 - 2 - 3 - 2 - 3 - 3;0: 1 - 1: 1 - 2: 4 - 3: 3
2020;1;7;2;2;1;0;NATO;?;05h42;Cergy le Haut;uic_87382655;?;?;normal;9;0;60;6;0;0 - 0 - 1 - 0 - 0 - 0 - 0 - 0 - 0;0: 8 - 1: 1
2020;1;7;2;2;1;0;NATO;?;06h12;Cergy le Haut;uic_87382655;?;?;normal;9;0;0;0;0;0 - 0 - 0 - 0 - 0 - 0 - 0 - 0 - 0;0: 9
2020;1;7;2;2;1;0;NATO;?;06h51;Cergy le Haut;uic_87382655;?;?;normal;9;0;0;0;0;0 - 0 - 0 - 0 - 0 - 0 - 0 - 0 - 0;0: 9
2020;1;7;2;2;1;0;NATO;?;07h14;Cergy le Haut;uic_87382655;?;?;normal;9;0;120;86;60;1 - 1 - 2 - 2 - 1 - 2 - 1 - 1 - 2;1: 5 - 2: 4
2020;1;7;2;2;1;0;NATO;?;07h38;Cergy le Haut;uic_87382655;?;?;normal;9;0;0;0;0;0 - 0 - 0 - 0 - 0 - 0 - 0 - 0 - 0;0: 9
2020;1;7;2;2;1;0;NATO;?;08h01;Cergy le Haut;uic_87382655;?;?;normal;9;0;0;0;0;0 - 0 - 0 - 0 - 0 - 0 - 0 - 0 - 0;0: 9
2020;1;7;2;2;1;0;NATO;?;08h24;Cergy le Haut;uic_87382655;?;?;normal;9;0;0;0;0;0 - 0 - 0 - 0 - 0 - 0 - 0 - 0 - 0;0: 9
2020;1;7;2;2;1;0;NATO;?;08h48;Cergy le Haut;uic_87382655;?;?;normal;9;0;0;0;0;0 - 0 - 0 - 0 - 0 - 0 - 0 - 0 - 0;0: 9
2020;1;7;2;2;1;0;NATO;?;09h23;Cergy le Haut;uic_87382655;?;?;normal;9;0;0;0;0;0 - 0 - 0 - 0 - 0 - 0 - 0 - 0 - 0;0: 9
2020;1;7;2;2;1;0;NATO;?;09h55;Cergy le Haut;uic_87382655;?;?;annule;9;9;0;0;0;;
2020;1;7;2;2;1;0;NATO;?;10h53;Cergy le Haut;uic_87382655;?;?;normal;9;0;0;0;0;0 - 0 - 0 - 0 - 0 - 0 - 0 - 0 - 0;0: 9
2020;1;7;2;2;1;0;NATO;?;11h53;Cergy le Haut;uic_87382655;?;?;normal;9;0;60;6;0;0 - 0 - 0 - 0 - 0 - 1 - 0 - 0 - 0;0: 8 - 1: 1
2020;1;7;2;2;1;0;NATO;?;12h53;Cergy le Haut;uic_87382655;?;?;normal;9;0;360;339;360;6 - 5 - 6 - 6 - 6 - 6 - 6 - 6 - 4;4: 1 - 5: 1 - 6: 7
2020;1;7;2;2;1;0;NATO;?;13h53;Cergy le Haut;uic_87382655;?;?;normal;9;0;60;53;60;1 - 1 - 1 - 1 - 1 - 1 - 1 - 1 - 0;0: 1 - 1: 8
2020;1;7;2;2;1;0;NOTE;?;06h00;Poissy;uic_87386573;?;?;normal;5;0;0;0;0;0 - 0 - 0 - 0 - 0;0: 5
2020;1;7;2;2;1;0;NOTE;?;06h30;Poissy;uic_87386573;?;?;normal;5;0;0;0;0;0 - 0 - 0 - 0 - 0;0: 5
2020;1;7;2;2;1;0;NOTE;?;06h45;Poissy;uic_87386573;?;?;normal;5;0;240;83;0;0 - 0 - 0 - 3 - 4;0: 3 - 3: 1 - 4: 1
2020;1;7;2;2;1;0;NOTE;?;07h13;Poissy;uic_87386573;?;?;normal;5;0;60;24;0;1 - 1 - 0 - 0 - 0;0: 3 - 1: 2
2020;1;7;2;2;1;0;NOTE;?;07h37;Poissy;uic_87386573;?;?;normal;5;0;120;60;60;0 - 1 - 1 - 1 - 2;0: 1 - 1: 3 - 2: 1
2020;1;7;2;2;1;0;NOTE;?;07h59;Poissy;uic_87386573;?;?;normal;5;0;0;0;0;0 - 0 - 0 - 0 - 0;0: 5
2020;1;7;2;2;1;0;NOTE;?;08h22;Poissy;uic_87386573;?;?;normal;5;0;0;0;0;0 - 0 - 0 - 0 - 0;0: 5
2020;1;7;2;2;1;0;NOTE;?;08h46;Poissy;uic_87386573;?;?;normal;5;0;240;155;180;0 - 3 - 3 - 3 - 4;0: 1 - 3: 3 - 4: 1
2020;1;7;2;2;1;0;NOTE;?;09h09;Poissy;uic_87386573;?;?;normal;5;0;180;120;120;0 - 3 - 3 - 2 - 2;0: 1 - 2: 2 - 3: 2
2020;1;7;2;2;1;0;NOTE;?;16h42;Poissy;uic_87386573;?;?;normal;5;0;0;0;0;0 - 0 - 0 - 0 - 0;0: 5
2020;1;7;2;2;1;0;NOTE;?;17h05;Poissy;uic_87386573;?;?;normal;5;0;0;0;0;0 - 0 - 0 - 0 - 0;0: 5
2020;1;7;2;2;1;0;NOTE;?;17h32;Poissy;uic_87386573;?;?;normal;5;0;0;0;0;0 - 0 - 0 - 0 - 0;0: 5
2020;1;7;2;2;1;0;NOTE;?;17h57;Poissy;uic_87386573;?;?;normal;5;0;120;60;60;1 - 2 - 0 - 1 - 1;0: 1 - 1: 3 - 2: 1
2020;1;7;2;2;1;0;NOTE;?;19h12;Poissy;uic_87386573;?;?;normal;5;0;60;12;0;0 - 1 - 0 - 0 - 0;0: 4 - 1: 1
2020;1;7;2;2;1;0;NOTE;?;20h04;Poissy;uic_87386573;?;?;normal;5;0;180;107;120;1 - 3 - 2 - 2 - 1;1: 2 - 2: 2 - 3: 1
2020;1;7;2;2;1;0;NOTE;?;21h03;Poissy;uic_87386573;?;?;normal;5;0;0;0;0;0 - 0 - 0 - 0 - 0;0: 5
2020;1;7;2;2;1;0;NOTE;?;22h03;Poissy;uic_87386573;?;?;normal;5;0;0;0;0;0 - 0 - 0 - 0 - 0;0: 5
2020;1;7;2;2;1;0;NOTE;?;23h03;Poissy;uic_87386573;?;?;normal;5;0;120;120;120;2 - 2 - 2 - 2 - 2;2: 5
2020;1;7;2;2;1;0;OKLA;?;10h40;Poissy;uic_87386573;?;?;normal;5;0;480;444;420;8 - 8 - 7 - 7 - 7;7: 3 - 8: 2
2020;1;7;2;2;1;0;OKLA;?;11h40;Poissy;uic_87386573;?;?;normal;5;0;0;0;0;0 - 0 - 0 - 0 - 0;0: 5
2020;1;7;2;2;1;0;OKLA;?;12h40;Poissy;uic_87386573;?;?;normal;5;0;0;0;0;0 - 0 - 0 - 0 - 0;0: 5
2020;1;7;2;2;1;0;OKLA;?;13h40;Poissy;uic_87386573;?;?;normal;5;0;0;0;0;0 - 0 - 0 - 0 - 0;0: 5
2020;1;7;2;2;1;0;OKRE;?;14h40;Poissy;uic_87386573;?;?;normal;5;0;0;0;0;0 - 0 - 0 - 0 - 0;0: 5
2020;1;7;2;2;1;0;OKRE;?;15h40;Poissy;uic_87386573;?;?;normal;5;0;120;96;120;0 - 2 - 2 - 2 - 2;0: 1 - 2: 4
2020;1;7;2;2;1;0;OKRE;?;16h00;Poissy;uic_87386573;?;?;normal;5;0;0;0;0;0 - 0 - 0 - 0 - 0;0: 5
2020;1;7;2;2;1;0;OKRE;?;16h20;Poissy;uic_87386573;?;?;normal;5;0;60;60;60;1 - 1 - 1 - 1 - 1;1: 5
2020;1;7;2;2;1;0;OPEN;?;04h42;Cergy le Haut;uic_87382655;?;?;normal;9;0;120;40;60;0 - 1 - 2 - 1 - 1 - 1 - 0 - 0 - 0;0: 4 - 1: 4 - 2: 1
2020;1;7;2;2;1;0;QURI;?;00h05;Poissy;uic_87386573;?;?;normal;5;0;0;0;0;0 - 0 - 0 - 0 - 0;0: 5
2020;1;7;2;2;1;0;QURI;?;05h10;Poissy;uic_87386573;?;?;normal;5;0;0;0;0;0 - 0 - 0 - 0 - 0;0: 5
2020;1;7;2;2;1;0;TAXE;?;00h03;Houilles - Carrières-sur-Seine;uic_87386409;?;?;normal;4;0;60;15;0;0 - 1 - 0 - 0;0: 3 - 1: 1
2020;1;7;2;2;1;0;TAXE;?;07h21;Houilles - Carrières-sur-Seine;uic_87386409;?;?;normal;4;0;0;0;0;0 - 0 - 0 - 0;0: 4
2020;1;7;2;2;1;0;TAXE;?;07h37;Houilles - Carrières-sur-Seine;uic_87386409;?;?;normal;4;0;180;105;2;2 - 2 - 3 - 0;0: 1 - 2: 2 - 3: 1
2020;1;7;2;2;1;0;TAXE;?;08h13;Houilles - Carrières-sur-Seine;uic_87386409;?;?;normal;4;0;300;255;270;4 - 5 - 5 - 3;3: 1 - 4: 1 - 5: 2
2020;1;7;2;2;1;0;TAXE;?;08h36;Houilles - Carrières-sur-Seine;uic_87386409;?;?;normal;4;0;60;15;0;0 - 1 - 0 - 0;0: 3 - 1: 1
2020;1;7;2;2;1;0;TAXE;?;09h00;Houilles - Carrières-sur-Seine;uic_87386409;?;?;normal;4;0;420;360;7;7 - 7 - 7 - 3;3: 1 - 7: 3
2020;1;7;2;2;1;0;TAXE;?;09h23;Houilles - Carrières-sur-Seine;uic_87386409;?;?;normal;4;0;480;480;8;8 - 8 - 8 - 8;8: 4
2020;1;7;2;2;1;0;TAXE;?;09h46;Houilles - Carrières-sur-Seine;uic_87386409;?;?;normal;4;0;180;150;150;2 - 3 - 3 - 2;2: 2 - 3: 2
2020;1;7;2;2;1;0;TAXE;?;17h14;Houilles - Carrières-sur-Seine;uic_87386409;?;?;normal;4;0;180;135;150;2 - 3 - 3 - 1;1: 1 - 2: 1 - 3: 2
2020;1;7;2;2;1;0;TAXE;?;17h39;Houilles - Carrières-sur-Seine;uic_87386409;?;?;normal;4;0;1560;1530;1530;25 - 26 - 26 - 25;25: 2 - 26: 2
2020;1;7;2;2;1;0;TAXE;?;18h04;Houilles - Carrières-sur-Seine;uic_87386409;?;?;normal;4;0;1020;960;16;15 - 17 - 17 - 15;15: 2 - 17: 2
2020;1;7;2;2;1;0;TAXE;?;18h29;Houilles - Carrières-sur-Seine;uic_87386409;?;?;normal;4;0;540;495;510;8 - 9 - 9 - 7;7: 1 - 8: 1 - 9: 2
2020;1;7;2;2;1;0;TAXE;?;18h54;Houilles - Carrières-sur-Seine;uic_87386409;?;?;normal;4;0;480;450;450;7 - 8 - 8 - 7;7: 2 - 8: 2
2020;1;7;2;2;1;0;TAXE;?;19h56;Houilles - Carrières-sur-Seine;uic_87386409;?;?;normal;4;0;540;525;9;8 - 9 - 9 - 9;8: 1 - 9: 3
2020;1;7;2;2;1;0;TAXE;?;20h58;Houilles - Carrières-sur-Seine;uic_87386409;?;?;normal;4;0;60;15;0;0 - 0 - 1 - 0;0: 3 - 1: 1
2020;1;7;2;2;1;0;TAXE;?;22h03;Houilles - Carrières-sur-Seine;uic_87386409;?;?;normal;4;0;60;15;0;0 - 0 - 1 - 0;0: 3 - 1: 1
2020;1;7;2;2;1;0;TAXE;?;23h03;Houilles - Carrières-sur-Seine;uic_87386409;?;?;normal;4;0;0;0;0;0 - 0 - 0 - 0;0: 4
2020;1;7;2;2;1;0;TEDI;?;00h58;Houilles - Carrières-sur-Seine;uic_87386409;?;?;normal;4;0;0;0;0;0 - 0 - 0 - 0;0: 4
2020;1;7;2;2;1;0;TEDI;?;06h11;Houilles - Carrières-sur-Seine;uic_87386409;?;?;normal;4;0;120;30;0;0 - 0 - 0 - 2;0: 3 - 2: 1
2020;1;7;2;2;1;0;TRAM;?;16h54;Houilles - Carrières-sur-Seine;uic_87386409;?;?;normal;4;0;300;180;210;4 - 5 - 3 - 0;0: 1 - 3: 1 - 4: 1 - 5: 1
2020;1;7;2;2;1;0;TROC;?;06h52;Houilles - Carrières-sur-Seine;uic_87386409;?;?;normal;4;0;360;270;5;2 - 5 - 6 - 5;2: 1 - 5: 2 - 6: 1
2020;1;7;2;2;1;0;TROC;?;10h13;Houilles - Carrières-sur-Seine;uic_87386409;?;?;normal;4;0;120;75;90;1 - 2 - 2 - 0;0: 1 - 1: 1 - 2: 2
2020;1;7;2;2;1;0;TROC;?;10h33;Houilles - Carrières-sur-Seine;uic_87386409;?;?;normal;4;0;420;390;7;7 - 7 - 7 - 5;5: 1 - 7: 3
2020;1;7;2;2;1;0;TROC;?;11h33;Houilles - Carrières-sur-Seine;uic_87386409;?;?;normal;4;0;720;180;0;0 - 0 - 0 - 12;0: 3 - 12: 1
2020;1;7;2;2;1;0;TROC;?;12h33;Houilles - Carrières-sur-Seine;uic_87386409;?;?;normal;4;0;240;210;210;3 - 4 - 4 - 3;3: 2 - 4: 2
2020;1;7;2;2;1;0;TROC;?;13h33;Houilles - Carrières-sur-Seine;uic_87386409;?;?;normal;4;0;240;195;3;3 - 3 - 3 - 4;3: 3 - 4: 1
2020;1;7;2;2;1;0;TROC;?;14h33;Houilles - Carrières-sur-Seine;uic_87386409;?;?;normal;4;0;60;30;30;0 - 1 - 1 - 0;0: 2 - 1: 2
2020;1;7;2;2;1;0;TROC;?;15h33;Houilles - Carrières-sur-Seine;uic_87386409;?;?;normal;4;0;0;0;0;0 - 0 - 0 - 0;0: 4
2020;1;7;2;2;1;0;UBAL;?;05h56;Houilles - Carrières-sur-Seine;uic_87386409;?;?;normal;8;0;60;7;0;0 - 0 - 0 - 0 - 0 - 0 - 0 - 1;0: 7 - 1: 1
2020;1;7;2;2;1;0;UZAR;?;06h40;Houilles - Carrières-sur-Seine;uic_87386409;?;?;normal;8;0;180;120;2;0 - 1 - 2 - 2 - 2 - 3 - 3 - 3;0: 1 - 1: 1 - 2: 3 - 3: 3
2020;1;7;2;2;1;0;UZAR;?;06h56;Houilles - Carrières-sur-Seine;uic_87386409;?;?;normal;8;0;180;127;2;2 - 3 - 2 - 2 - 2 - 2 - 2 - 2;2: 7 - 3: 1
2020;1;7;2;2;1;0;UZAR;?;07h57;Houilles - Carrières-sur-Seine;uic_87386409;?;?;normal;8;0;420;352;6;5 - 5 - 6 - 6 - 6 - 6 - 6 - 7;5: 2 - 6: 5 - 7: 1
2020;1;7;2;2;1;0;UZAR;?;08h21;Houilles - Carrières-sur-Seine;uic_87386409;?;?;normal;8;0;360;352;6;6 - 6 - 5 - 6 - 6 - 6 - 6 - 6;5: 1 - 6: 7
2020;1;7;2;2;1;0;UZAR;?;08h44;Houilles - Carrières-sur-Seine;uic_87386409;?;?;normal;8;0;300;270;270;4 - 5 - 4 - 4 - 5 - 5 - 5 - 4;4: 4 - 5: 4
2020;1;7;2;2;1;0;UZAR;?;09h07;Houilles - Carrières-sur-Seine;uic_87386409;?;?;normal;8;0;360;292;5;5 - 6 - 5 - 5 - 5 - 4 - 4 - 5;4: 2 - 5: 5 - 6: 1
2020;1;7;2;2;1;0;UZAR;?;09h31;Houilles - Carrières-sur-Seine;uic_87386409;?;?;normal;8;0;540;502;8;8 - 9 - 8 - 9 - 8 - 8 - 8 - 9;8: 5 - 9: 3
2020;1;7;2;2;1;0;UZAR;?;09h54;Houilles - Carrières-sur-Seine;uic_87386409;?;?;normal;8;0;120;82;1;2 - 2 - 1 - 1 - 1 - 2 - 1 - 1;1: 5 - 2: 3
2020;1;7;2;2;1;0;UZAR;?;10h07;Houilles - Carrières-sur-Seine;uic_87386409;?;?;normal;8;0;180;127;2;3 - 2 - 1 - 2 - 2 - 2 - 3 - 2;1: 1 - 2: 5 - 3: 2
2020;1;7;2;2;1;0;UZAR;?;11h07;Houilles - Carrières-sur-Seine;uic_87386409;?;?;normal;8;0;120;60;1;0 - 0 - 0 - 1 - 2 - 1 - 2 - 2;0: 3 - 1: 2 - 2: 3
2020;1;7;2;2;1;0;UZAR;?;12h07;Houilles - Carrières-sur-Seine;uic_87386409;?;?;normal;8;0;180;120;2;2 - 2 - 1 - 2 - 2 - 2 - 3 - 2;1: 1 - 2: 6 - 3: 1
2020;1;7;2;2;1;0;UZAR;?;13h07;Houilles - Carrières-sur-Seine;uic_87386409;?;?;normal;8;0;60;45;1;1 - 1 - 0 - 1 - 1 - 0 - 1 - 1;0: 2 - 1: 6
2020;1;7;2;2;1;0;UZAR;?;14h07;Houilles - Carrières-sur-Seine;uic_87386409;?;?;normal;8;0;60;22;0;0 - 0 - 0 - 0 - 1 - 0 - 1 - 1;0: 5 - 1: 3
2020;1;7;2;2;1;0;UZAR;?;15h07;Houilles - Carrières-sur-Seine;uic_87386409;?;?;normal;8;0;1380;780;19;1 - 1 - 0 - 19 - 20 - 19 - 21 - 23;0: 1 - 1: 2 - 19: 2 - 20: 1 - 21: 1 - 23: 1
2020;1;7;2;2;1;0;UZEL;?;16h07;Houilles - Carrières-sur-Seine;uic_87386409;?;?;normal;8;0;120;75;1;1 - 1 - 0 - 1 - 2 - 1 - 2 - 2;0: 1 - 1: 4 - 2: 3
2020;1;7;2;2;1;0;UZEL;?;16h46;Houilles - Carrières-sur-Seine;uic_87386409;?;?;normal;8;0;600;517;9;7 - 9 - 7 - 9 - 9 - 9 - 10 - 9;7: 2 - 9: 5 - 10: 1
2020;1;7;2;2;1;0;UZEL;?;17h05;Houilles - Carrières-sur-Seine;uic_87386409;?;?;normal;8;0;300;187;3;2 - 3 - 2 - 3 - 3 - 3 - 4 - 5;2: 2 - 3: 4 - 4: 1 - 5: 1
2020;1;7;2;2;1;0;UZEL;?;17h30;Houilles - Carrières-sur-Seine;uic_87386409;?;?;normal;8;0;1680;1605;1590;25 - 26 - 26 - 26 - 27 - 28 - 28 - 28;25: 1 - 26: 3 - 27: 1 - 28: 3
2020;1;7;2;2;1;0;UZEL;?;17h55;Houilles - Carrières-sur-Seine;uic_87386409;?;?;normal;8;0;1200;1072;18;15 - 17 - 17 - 18 - 18 - 19 - 19 - 20;15: 1 - 17: 2 - 18: 2 - 19: 2 - 20: 1
2020;1;7;2;2;1;0;UZEL;?;18h20;Houilles - Carrières-sur-Seine;uic_87386409;?;?;normal;8;0;720;637;630;9 - 10 - 10 - 10 - 11 - 12 - 11 - 12;9: 1 - 10: 3 - 11: 2 - 12: 2
2020;1;7;2;2;1;0;UZEL;?;18h45;Houilles - Carrières-sur-Seine;uic_87386409;?;?;normal;8;0;600;540;9;7 - 9 - 8 - 9 - 9 - 10 - 10 - 10;7: 1 - 8: 1 - 9: 3 - 10: 3
2020;1;7;2;2;1;0;UZEL;?;19h10;Houilles - Carrières-sur-Seine;uic_87386409;?;?;normal;8;0;840;727;750;10 - 11 - 11 - 12 - 13 - 13 - 13 - 14;10: 1 - 11: 2 - 12: 1 - 13: 3 - 14: 1
2020;1;8;3;2;1;0;NANI;?;14h53;Cergy le Haut;uic_87382655;?;?;normal;9;0;0;0;0;0 - 0 - 0 - 0 - 0 - 0 - 0 - 0 - 0;0: 9
2020;1;8;3;2;1;0;NANI;?;15h33;Cergy le Haut;uic_87382655;?;?;normal;9;0;0;0;0;0 - 0 - 0 - 0 - 0 - 0 - 0 - 0 - 0;0: 9
2020;1;8;3;2;1;0;NANI;?;15h53;Cergy le Haut;uic_87382655;?;?;normal;9;0;60;6;0;0 - 0 - 0 - 0 - 0 - 1 - 0 - 0 - 0;0: 8 - 1: 1
2020;1;8;3;2;1;0;NANI;?;16h13;Cergy le Haut;uic_87382655;?;?;normal;9;0;120;86;60;1 - 1 - 1 - 2 - 1 - 2 - 2 - 2 - 1;1: 5 - 2: 4
2020;1;8;3;2;1;0;NANI;?;16h36;Cergy le Haut;uic_87382655;?;?;normal;9;0;60;13;0;0 - 0 - 0 - 0 - 1 - 1 - 0 - 0 - 0;0: 7 - 1: 2
2020;1;8;3;2;1;0;NANI;?;17h01;Cergy le Haut;uic_87382655;?;?;normal;9;0;60;6;0;0 - 0 - 0 - 0 - 0 - 1 - 0 - 0 - 0;0: 8 - 1: 1
2020;1;8;3;2;1;0;NANI;?;17h26;Cergy le Haut;uic_87382655;?;?;normal;9;0;180;66;60;0 - 1 - 0 - 0 - 2 - 3 - 2 - 1 - 1;0: 3 - 1: 3 - 2: 2 - 3: 1
2020;1;8;3;2;1;0;NANI;?;18h04;Cergy le Haut;uic_87382655;?;?;normal;9;0;60;40;60;0 - 0 - 1 - 1 - 0 - 1 - 1 - 1 - 1;0: 3 - 1: 6
2020;1;8;3;2;1;0;NANI;?;18h41;Cergy le Haut;uic_87382655;?;?;normal;9;0;180;106;120;0 - 1 - 1 - 1 - 3 - 3 - 3 - 2 - 2;0: 1 - 1: 3 - 2: 2 - 3: 3
2020;1;8;3;2;1;0;NATO;?;05h42;Cergy le Haut;uic_87382655;?;?;normal;9;0;0;0;0;0 - 0 - 0 - 0 - 0 - 0 - 0 - 0 - 0;0: 9
2020;1;8;3;2;1;0;NATO;?;06h12;Cergy le Haut;uic_87382655;?;?;normal;9;0;0;0;0;0 - 0 - 0 - 0 - 0 - 0 - 0 - 0 - 0;0: 9
2020;1;8;3;2;1;0;NATO;?;06h51;Cergy le Haut;uic_87382655;?;?;normal;9;0;0;0;0;0 - 0 - 0 - 0 - 0 - 0 - 0 - 0 - 0;0: 9
2020;1;8;3;2;1;0;NATO;?;07h14;Cergy le Haut;uic_87382655;?;?;normal;9;0;60;13;0;0 - 0 - 1 - 0 - 0 - 0 - 0 - 0 - 1;0: 7 - 1: 2
2020;1;8;3;2;1;0;NATO;?;07h38;Cergy le Haut;uic_87382655;?;?;normal;9;0;120;46;60;0 - 0 - 1 - 0 - 0 - 2 - 1 - 1 - 2;0: 4 - 1: 3 - 2: 2
2020;1;8;3;2;1;0;NATO;?;08h01;Cergy le Haut;uic_87382655;?;?;normal;9;0;0;0;0;0 - 0 - 0 - 0 - 0 - 0 - 0 - 0 - 0;0: 9
2020;1;8;3;2;1;0;NATO;?;08h24;Cergy le Haut;uic_87382655;?;?;normal;9;0;0;0;0;0 - 0 - 0 - 0 - 0 - 0 - 0 - 0 - 0;0: 9
2020;1;8;3;2;1;0;NATO;?;08h48;Cergy le Haut;uic_87382655;?;?;normal;9;0;60;6;0;0 - 0 - 1 - 0 - 0 - 0 - 0 - 0 - 0;0: 8 - 1: 1
2020;1;8;3;2;1;0;NATO;?;09h23;Cergy le Haut;uic_87382655;?;?;normal;9;0;300;166;120;1 - 1 - 2 - 2 - 2 - 4 - 4 - 4 - 5;1: 2 - 2: 3 - 4: 3 - 5: 1
2020;1;8;3;2;1;0;NATO;?;09h55;Cergy le Haut;uic_87382655;?;?;normal;9;0;120;60;60;0 - 0 - 1 - 1 - 1 - 1 - 1 - 2 - 2;0: 2 - 1: 5 - 2: 2
2020;1;8;3;2;1;0;NATO;?;10h53;Cergy le Haut;uic_87382655;?;?;normal;9;0;0;0;0;0 - 0 - 0 - 0 - 0 - 0 - 0 - 0 - 0;0: 9
2020;1;8;3;2;1;0;NATO;?;11h53;Cergy le Haut;uic_87382655;?;?;normal;9;0;60;26;0;0 - 0 - 1 - 0 - 0 - 1 - 1 - 1 - 0;0: 5 - 1: 4
2020;1;8;3;2;1;0;NATO;?;12h53;Cergy le Haut;uic_87382655;?;?;normal;9;0;60;6;0;0 - 0 - 0 - 0 - 0 - 1 - 0 - 0 - 0;0: 8 - 1: 1
2020;1;8;3;2;1;0;NATO;?;13h53;Cergy le Haut;uic_87382655;?;?;normal;9;0;60;6;0;0 - 0 - 0 - 0 - 0 - 0 - 0 - 1 - 0;0: 8 - 1: 1
2020;1;8;3;2;1;0;NOTE;?;06h00;Poissy;uic_87386573;?;?;normal;5;0;0;0;0;0 - 0 - 0 - 0 - 0;0: 5
2020;1;8;3;2;1;0;NOTE;?;06h30;Poissy;uic_87386573;?;?;normal;5;0;60;12;0;0 - 1 - 0 - 0 - 0;0: 4 - 1: 1
2020;1;8;3;2;1;0;NOTE;?;06h45;Poissy;uic_87386573;?;?;normal;5;0;0;0;0;0 - 0 - 0 - 0 - 0;0: 5
2020;1;8;3;2;1;0;NOTE;?;07h13;Poissy;uic_87386573;?;?;normal;5;0;60;12;0;0 - 1 - 0 - 0 - 0;0: 4 - 1: 1
2020;1;8;3;2;1;0;NOTE;?;07h37;Poissy;uic_87386573;?;?;normal;5;0;240;227;240;4 - 4 - 3 - 4 - 4;3: 1 - 4: 4
2020;1;8;3;2;1;0;NOTE;?;07h59;Poissy;uic_87386573;?;?;normal;5;0;60;48;60;0 - 1 - 1 - 1 - 1;0: 1 - 1: 4
2020;1;8;3;2;1;0;NOTE;?;08h22;Poissy;uic_87386573;?;?;normal;5;0;0;0;0;0 - 0 - 0 - 0 - 0;0: 5
2020;1;8;3;2;1;0;NOTE;?;08h46;Poissy;uic_87386573;?;?;normal;5;0;300;215;180;5 - 4 - 3 - 3 - 3;3: 3 - 4: 1 - 5: 1
2020;1;8;3;2;1;0;NOTE;?;09h09;Poissy;uic_87386573;?;?;normal;5;0;120;36;0;2 - 1 - 0 - 0 - 0;0: 3 - 1: 1 - 2: 1
2020;1;8;3;2;1;0;NOTE;?;16h42;Poissy;uic_87386573;?;?;normal;5;0;60;12;0;0 - 1 - 0 - 0 - 0;0: 4 - 1: 1
2020;1;8;3;2;1;0;NOTE;?;17h05;Poissy;uic_87386573;?;?;normal;5;0;120;36;0;2 - 1 - 0 - 0 - 0;0: 3 - 1: 1 - 2: 1
2020;1;8;3;2;1;0;NOTE;?;17h32;Poissy;uic_87386573;?;?;normal;5;0;60;12;0;0 - 1 - 0 - 0 - 0;0: 4 - 1: 1
2020;1;8;3;2;1;0;NOTE;?;17h57;Poissy;uic_87386573;?;?;normal;5;0;60;24;0;0 - 1 - 0 - 0 - 1;0: 3 - 1: 2
2020;1;8;3;2;1;0;NOTE;?;18h22;Poissy;uic_87386573;?;?;normal;5;0;180;107;120;2 - 3 - 1 - 2 - 1;1: 2 - 2: 2 - 3: 1
2020;1;8;3;2;1;0;NOTE;?;18h34;Poissy;uic_87386573;?;?;normal;5;0;60;24;0;1 - 1 - 0 - 0 - 0;0: 3 - 1: 2
2020;1;8;3;2;1;0;NOTE;?;19h12;Poissy;uic_87386573;?;?;normal;5;0;60;12;0;0 - 1 - 0 - 0 - 0;0: 4 - 1: 1
2020;1;8;3;2;1;0;NOTE;?;20h04;Poissy;uic_87386573;?;?;normal;5;0;60;24;0;1 - 1 - 0 - 0 - 0;0: 3 - 1: 2
2020;1;8;3;2;1;0;NOTE;?;21h03;Poissy;uic_87386573;?;?;normal;5;0;0;0;0;0 - 0 - 0 - 0 - 0;0: 5
2020;1;8;3;2;1;0;NOTE;?;22h03;Poissy;uic_87386573;?;?;normal;5;0;0;0;0;0 - 0 - 0 - 0 - 0;0: 5
2020;1;8;3;2;1;0;NOTE;?;23h03;Poissy;uic_87386573;?;?;normal;5;0;0;0;0;0 - 0 - 0 - 0 - 0;0: 5
2020;1;8;3;2;1;0;OKLA;?;10h40;Poissy;uic_87386573;?;?;normal;5;0;180;144;120;3 - 3 - 2 - 2 - 2;2: 3 - 3: 2
2020;1;8;3;2;1;0;OKLA;?;11h40;Poissy;uic_87386573;?;?;normal;5;0;0;0;0;0 - 0 - 0 - 0 - 0;0: 5
2020;1;8;3;2;1;0;OKLA;?;12h40;Poissy;uic_87386573;?;?;normal;5;0;120;48;60;0 - 0 - 1 - 1 - 2;0: 2 - 1: 2 - 2: 1
2020;1;8;3;2;1;0;OKLA;?;13h40;Poissy;uic_87386573;?;?;normal;5;0;300;264;240;5 - 5 - 4 - 4 - 4;4: 3 - 5: 2
2020;1;8;3;2;1;0;OKRE;?;14h40;Poissy;uic_87386573;?;?;normal;5;0;0;0;0;0 - 0 - 0 - 0 - 0;0: 5
2020;1;8;3;2;1;0;OKRE;?;15h40;Poissy;uic_87386573;?;?;normal;5;0;60;12;0;0 - 0 - 0 - 0 - 1;0: 4 - 1: 1
2020;1;8;3;2;1;0;OKRE;?;16h00;Poissy;uic_87386573;?;?;normal;5;0;0;0;0;0 - 0 - 0 - 0 - 0;0: 5
2020;1;8;3;2;1;0;OKRE;?;16h20;Poissy;uic_87386573;?;?;normal;5;0;0;0;0;0 - 0 - 0 - 0 - 0;0: 5
2020;1;8;3;2;1;0;OPEN;?;04h42;Cergy le Haut;uic_87382655;?;?;normal;9;0;0;0;0;0 - 0 - 0 - 0 - 0 - 0 - 0 - 0 - 0;0: 9
2020;1;8;3;2;1;0;QURI;?;00h05;Poissy;uic_87386573;?;?;normal;5;0;0;0;0;0 - 0 - 0 - 0 - 0;0: 5
2020;1;8;3;2;1;0;QURI;?;05h10;Poissy;uic_87386573;?;?;normal;5;0;0;0;0;0 - 0 - 0 - 0 - 0;0: 5
2020;1;8;3;2;1;0;TAXE;?;00h03;Houilles - Carrières-sur-Seine;uic_87386409;?;?;normal;4;0;300;240;4;4 - 5 - 4 - 3;3: 1 - 4: 2 - 5: 1
2020;1;8;3;2;1;0;TAXE;?;07h21;Houilles - Carrières-sur-Seine;uic_87386409;?;?;normal;4;0;0;0;0;0 - 0 - 0 - 0;0: 4
2020;1;8;3;2;1;0;TAXE;?;07h37;Houilles - Carrières-sur-Seine;uic_87386409;?;?;normal;4;0;540;510;510;9 - 8 - 9 - 8;8: 2 - 9: 2
2020;1;8;3;2;1;0;TAXE;?;08h13;Houilles - Carrières-sur-Seine;uic_87386409;?;?;normal;4;0;1200;1125;1110;18 - 19 - 20 - 18;18: 2 - 19: 1 - 20: 1
2020;1;8;3;2;1;0;TAXE;?;08h36;Houilles - Carrières-sur-Seine;uic_87386409;?;?;normal;4;0;720;675;12;12 - 12 - 12 - 9;9: 1 - 12: 3
2020;1;8;3;2;1;0;TAXE;?;09h00;Houilles - Carrières-sur-Seine;uic_87386409;?;?;normal;4;0;360;285;5;5 - 6 - 5 - 3;3: 1 - 5: 2 - 6: 1
2020;1;8;3;2;1;0;TAXE;?;09h23;Houilles - Carrières-sur-Seine;uic_87386409;?;?;normal;4;0;0;0;0;0 - 0 - 0 - 0;0: 4
2020;1;8;3;2;1;0;TAXE;?;09h46;Houilles - Carrières-sur-Seine;uic_87386409;?;?;normal;4;0;180;105;2;2 - 3 - 2 - 0;0: 1 - 2: 2 - 3: 1
2020;1;8;3;2;1;0;TAXE;?;17h14;Houilles - Carrières-sur-Seine;uic_87386409;?;?;normal;4;0;120;75;90;1 - 2 - 2 - 0;0: 1 - 1: 1 - 2: 2
2020;1;8;3;2;1;0;TAXE;?;17h39;Houilles - Carrières-sur-Seine;uic_87386409;?;?;normal;4;0;60;30;30;0 - 1 - 1 - 0;0: 2 - 1: 2
2020;1;8;3;2;1;0;TAXE;?;18h04;Houilles - Carrières-sur-Seine;uic_87386409;?;?;normal;4;0;360;315;330;5 - 6 - 6 - 4;4: 1 - 5: 1 - 6: 2
2020;1;8;3;2;1;0;TAXE;?;18h29;Houilles - Carrières-sur-Seine;uic_87386409;?;?;normal;4;0;720;675;690;11 - 12 - 12 - 10;10: 1 - 11: 1 - 12: 2
2020;1;8;3;2;1;0;TAXE;?;18h54;Houilles - Carrières-sur-Seine;uic_87386409;?;?;normal;4;0;240;180;210;3 - 4 - 4 - 1;1: 1 - 3: 1 - 4: 2
2020;1;8;3;2;1;0;TAXE;?;19h06;Houilles - Carrières-sur-Seine;uic_87386409;?;?;normal;4;0;780;555;9;6 - 7 - 11 - 13;6: 1 - 7: 1 - 11: 1 - 13: 1
2020;1;8;3;2;1;0;TAXE;?;19h19;Houilles - Carrières-sur-Seine;uic_87386409;?;?;normal;4;0;420;375;390;5 - 7 - 7 - 6;5: 1 - 6: 1 - 7: 2
2020;1;8;3;2;1;0;TAXE;?;19h56;Houilles - Carrières-sur-Seine;uic_87386409;?;?;normal;4;0;540;540;9;9 - 9 - 9 - 9;9: 4
2020;1;8;3;2;1;0;TAXE;?;20h58;Houilles - Carrières-sur-Seine;uic_87386409;?;?;normal;4;0;660;360;6;1 - 2 - 11 - 10;1: 1 - 2: 1 - 10: 1 - 11: 1
2020;1;8;3;2;1;0;TAXE;?;22h03;Houilles - Carrières-sur-Seine;uic_87386409;?;?;normal;4;0;60;30;30;0 - 1 - 1 - 0;0: 2 - 1: 2
2020;1;8;3;2;1;0;TAXE;?;23h03;Houilles - Carrières-sur-Seine;uic_87386409;?;?;normal;4;0;240;225;4;4 - 4 - 4 - 3;3: 1 - 4: 3
2020;1;8;3;2;1;0;TEDI;?;00h58;Houilles - Carrières-sur-Seine;uic_87386409;?;?;normal;4;0;300;300;5;5 - 5 - 5 - 5;5: 4
2020;1;8;3;2;1;0;TEDI;?;06h11;Houilles - Carrières-sur-Seine;uic_87386409;?;?;normal;4;0;0;0;0;0 - 0 - 0 - 0;0: 4
2020;1;8;3;2;1;0;TRAM;?;16h54;Houilles - Carrières-sur-Seine;uic_87386409;?;?;normal;4;0;0;0;0;0 - 0 - 0 - 0;0: 4
2020;1;8;3;2;1;0;TROC;?;06h52;Houilles - Carrières-sur-Seine;uic_87386409;?;?;normal;4;0;0;0;0;0 - 0 - 0 - 0;0: 4
2020;1;8;3;2;1;0;TROC;?;10h13;Houilles - Carrières-sur-Seine;uic_87386409;?;?;normal;4;0;120;90;90;1 - 2 - 2 - 1;1: 2 - 2: 2
2020;1;8;3;2;1;0;TROC;?;10h33;Houilles - Carrières-sur-Seine;uic_87386409;?;?;normal;4;0;300;270;270;4 - 5 - 5 - 4;4: 2 - 5: 2
2020;1;8;3;2;1;0;TROC;?;11h33;Houilles - Carrières-sur-Seine;uic_87386409;?;?;normal;4;0;240;225;4;4 - 4 - 4 - 3;3: 1 - 4: 3
2020;1;8;3;2;1;0;TROC;?;12h33;Houilles - Carrières-sur-Seine;uic_87386409;?;?;normal;4;0;120;90;90;1 - 2 - 2 - 1;1: 2 - 2: 2
2020;1;8;3;2;1;0;TROC;?;13h33;Houilles - Carrières-sur-Seine;uic_87386409;?;?;normal;4;0;60;30;30;0 - 1 - 0 - 1;0: 2 - 1: 2
2020;1;8;3;2;1;0;TROC;?;14h33;Houilles - Carrières-sur-Seine;uic_87386409;?;?;normal;4;0;60;15;0;0 - 1 - 0 - 0;0: 3 - 1: 1
2020;1;8;3;2;1;0;TROC;?;15h33;Houilles - Carrières-sur-Seine;uic_87386409;?;?;normal;4;0;0;0;0;0 - 0 - 0 - 0;0: 4
2020;1;8;3;2;1;0;UBAL;?;05h56;Houilles - Carrières-sur-Seine;uic_87386409;?;?;normal;8;0;0;0;0;0 - 0 - 0 - 0 - 0 - 0 - 0 - 0;0: 8
2020;1;8;3;2;1;0;UZAR;?;06h40;Houilles - Carrières-sur-Seine;uic_87386409;?;?;normal;8;0;0;0;0;0 - 0 - 0 - 0 - 0 - 0 - 0 - 0;0: 8
2020;1;8;3;2;1;0;UZAR;?;06h56;Houilles - Carrières-sur-Seine;uic_87386409;?;?;normal;8;0;240;187;3;3 - 4 - 3 - 3 - 3 - 3 - 3 - 3;3: 7 - 4: 1
2020;1;8;3;2;1;0;UZAR;?;07h57;Houilles - Carrières-sur-Seine;uic_87386409;?;?;normal;8;0;1200;1140;19;19 - 19 - 19 - 19 - 19 - 19 - 18 - 20;18: 1 - 19: 6 - 20: 1
2020;1;8;3;2;1;0;UZAR;?;08h21;Houilles - Carrières-sur-Seine;uic_87386409;?;?;normal;8;0;1680;1477;24;24 - 25 - 23 - 24 - 24 - 24 - 25 - 28;23: 1 - 24: 4 - 25: 2 - 28: 1
2020;1;8;3;2;1;0;UZAR;?;08h44;Houilles - Carrières-sur-Seine;uic_87386409;?;?;normal;8;0;720;682;11;11 - 12 - 11 - 11 - 11 - 12 - 12 - 11;11: 5 - 12: 3
2020;1;8;3;2;1;0;UZAR;?;09h07;Houilles - Carrières-sur-Seine;uic_87386409;?;?;normal;8;0;540;495;8;9 - 9 - 8 - 8 - 9 - 8 - 7 - 8;7: 1 - 8: 4 - 9: 3
2020;1;8;3;2;1;0;UZAR;?;09h31;Houilles - Carrières-sur-Seine;uic_87386409;?;?;normal;8;0;300;232;5;0 - 1 - 5 - 5 - 5 - 5 - 5 - 5;0: 1 - 1: 1 - 5: 6
2020;1;8;3;2;1;0;UZAR;?;09h54;Houilles - Carrières-sur-Seine;uic_87386409;?;?;normal;8;0;300;255;4;4 - 5 - 4 - 4 - 4 - 4 - 4 - 5;4: 6 - 5: 2
2020;1;8;3;2;1;0;UZAR;?;10h07;Houilles - Carrières-sur-Seine;uic_87386409;?;?;normal;8;0;360;300;5;5 - 4 - 4 - 5 - 6 - 5 - 6 - 5;4: 2 - 5: 4 - 6: 2
2020;1;8;3;2;1;0;UZAR;?;11h07;Houilles - Carrières-sur-Seine;uic_87386409;?;?;normal;8;0;240;135;150;2 - 1 - 0 - 2 - 3 - 3 - 4 - 3;0: 1 - 1: 1 - 2: 2 - 3: 3 - 4: 1
2020;1;8;3;2;1;0;UZAR;?;12h07;Houilles - Carrières-sur-Seine;uic_87386409;?;?;normal;8;0;360;165;150;1 - 1 - 1 - 2 - 3 - 3 - 6 - 5;1: 3 - 2: 1 - 3: 2 - 5: 1 - 6: 1
2020;1;8;3;2;1;0;UZAR;?;13h07;Houilles - Carrières-sur-Seine;uic_87386409;?;?;normal;8;0;180;67;1;1 - 1 - 0 - 1 - 1 - 1 - 3 - 1;0: 1 - 1: 6 - 3: 1
2020;1;8;3;2;1;0;UZAR;?;14h07;Houilles - Carrières-sur-Seine;uic_87386409;?;?;normal;8;0;240;142;2;2 - 2 - 0 - 2 - 3 - 2 - 4 - 4;0: 1 - 2: 4 - 3: 1 - 4: 2
2020;1;8;3;2;1;0;UZAR;?;15h07;Houilles - Carrières-sur-Seine;uic_87386409;?;?;normal;8;0;120;45;30;0 - 0 - 0 - 0 - 1 - 1 - 2 - 2;0: 4 - 1: 2 - 2: 2
2020;1;8;3;2;1;0;UZEL;?;16h07;Houilles - Carrières-sur-Seine;uic_87386409;?;?;normal;8;0;60;15;0;0 - 0 - 0 - 0 - 0 - 0 - 1 - 1;0: 6 - 1: 2
2020;1;8;3;2;1;0;UZEL;?;16h46;Houilles - Carrières-sur-Seine;uic_87386409;?;?;normal;8;0;480;375;7;3 - 4 - 6 - 7 - 8 - 7 - 8 - 7;3: 1 - 4: 1 - 6: 1 - 7: 3 - 8: 2
2020;1;8;3;2;1;0;UZEL;?;17h05;Houilles - Carrières-sur-Seine;uic_87386409;?;?;normal;8;0;240;135;2;1 - 2 - 1 - 2 - 2 - 3 - 3 - 4;1: 2 - 2: 3 - 3: 2 - 4: 1
2020;1;8;3;2;1;0;UZEL;?;17h30;Houilles - Carrières-sur-Seine;uic_87386409;?;?;normal;8;0;360;180;150;1 - 2 - 2 - 2 - 3 - 4 - 4 - 6;1: 1 - 2: 3 - 3: 1 - 4: 2 - 6: 1
2020;1;8;3;2;1;0;UZEL;?;17h55;Houilles - Carrières-sur-Seine;uic_87386409;?;?;normal;8;0;600;510;510;7 - 8 - 7 - 8 - 9 - 9 - 10 - 10;7: 2 - 8: 2 - 9: 2 - 10: 2
2020;1;8;3;2;1;0;UZEL;?;18h20;Houilles - Carrières-sur-Seine;uic_87386409;?;?;normal;8;0;600;532;9;8 - 9 - 8 - 9 - 9 - 9 - 9 - 10;8: 2 - 9: 5 - 10: 1
2020;1;8;3;2;1;0;UZEL;?;18h45;Houilles - Carrières-sur-Seine;uic_87386409;?;?;normal;8;0;420;330;330;4 - 5 - 5 - 5 - 6 - 6 - 6 - 7;4: 1 - 5: 3 - 6: 3 - 7: 1
2020;1;8;3;2;1;0;UZEL;?;19h10;Houilles - Carrières-sur-Seine;uic_87386409;?;?;normal;8;0;540;465;450;6 - 7 - 7 - 7 - 8 - 9 - 9 - 9;6: 1 - 7: 3 - 8: 1 - 9: 3
2020;1;8;3;2;1;0;UZEL;?;19h35;Houilles - Carrières-sur-Seine;uic_87386409;?;?;normal;8;0;60;7;0;0 - 0 - 0 - 0 - 0 - 0 - 0 - 1;0: 7 - 1: 1
2020;1;9;4;2;1;0;NANI;?;14h53;Cergy le Haut;uic_87382655;?;?;normal;9;0;60;6;0;0 - 0 - 0 - 0 - 0 - 1 - 0 - 0 - 0;0: 8 - 1: 1
2020;1;9;4;2;1;0;NANI;?;15h33;Cergy le Haut;uic_87382655;?;?;normal;9;0;60;33;60;0 - 0 - 1 - 1 - 0 - 1 - 1 - 1 - 0;0: 4 - 1: 5
2020;1;9;4;2;1;0;NANI;?;15h53;Cergy le Haut;uic_87382655;?;?;normal;9;0;60;26;0;0 - 0 - 0 - 0 - 1 - 1 - 1 - 1 - 0;0: 5 - 1: 4
2020;1;9;4;2;1;0;NANI;?;16h13;Cergy le Haut;uic_87382655;?;?;normal;9;0;300;93;60;0 - 0 - 1 - 1 - 1 - 1 - 1 - 5 - 4;0: 2 - 1: 5 - 4: 1 - 5: 1
2020;1;9;4;2;1;0;NANI;?;16h36;Cergy le Haut;uic_87382655;?;?;normal;9;0;600;540;540;7 - 9 - 9 - 9 - 9 - 10 - 10 - 9 - 9;7: 1 - 9: 6 - 10: 2
2020;1;9;4;2;1;0;NANI;?;17h01;Cergy le Haut;uic_87382655;?;?;normal;9;0;60;20;0;0 - 0 - 0 - 0 - 1 - 1 - 1 - 0 - 0;0: 6 - 1: 3
2020;1;9;4;2;1;0;NANI;?;17h26;Cergy le Haut;uic_87382655;?;?;normal;9;0;180;99;120;1 - 2 - 2 - 1 - 2 - 3 - 2 - 1 - 1;1: 4 - 2: 4 - 3: 1
2020;1;9;4;2;1;0;NANI;?;18h04;Cergy le Haut;uic_87382655;?;?;normal;9;0;120;40;60;0 - 0 - 1 - 0 - 0 - 1 - 1 - 1 - 2;0: 4 - 1: 4 - 2: 1
2020;1;9;4;2;1;0;NANI;?;18h41;Cergy le Haut;uic_87382655;?;?;normal;9;0;60;13;0;0 - 0 - 0 - 0 - 1 - 1 - 0 - 0 - 0;0: 7 - 1: 2
2020;1;9;4;2;1;0;NATO;?;05h42;Cergy le Haut;uic_87382655;?;?;normal;9;0;480;106;0;0 - 0 - 0 - 0 - 0 - 0 - 0 - 8 - 8;0: 7 - 8: 2
2020;1;9;4;2;1;0;NATO;?;06h12;Cergy le Haut;uic_87382655;?;?;normal;9;0;0;0;0;0 - 0 - 0 - 0 - 0 - 0 - 0 - 0 - 0;0: 9
2020;1;9;4;2;1;0;NATO;?;06h51;Cergy le Haut;uic_87382655;?;?;normal;9;0;60;6;0;0 - 0 - 0 - 0 - 1 - 0 - 0 - 0 - 0;0: 8 - 1: 1
2020;1;9;4;2;1;0;NATO;?;07h14;Cergy le Haut;uic_87382655;?;?;normal;9;0;60;6;0;0 - 0 - 1 - 0 - 0 - 0 - 0 - 0 - 0;0: 8 - 1: 1
2020;1;9;4;2;1;0;NATO;?;07h38;Cergy le Haut;uic_87382655;?;?;normal;9;0;0;0;0;0 - 0 - 0 - 0 - 0 - 0 - 0 - 0 - 0;0: 9
2020;1;9;4;2;1;0;NATO;?;08h01;Cergy le Haut;uic_87382655;?;?;normal;9;0;60;6;0;0 - 0 - 0 - 0 - 0 - 0 - 0 - 1 - 0;0: 8 - 1: 1
2020;1;9;4;2;1;0;NATO;?;08h24;Cergy le Haut;uic_87382655;?;?;normal;9;0;180;99;120;0 - 0 - 2 - 2 - 1 - 2 - 2 - 3 - 3;0: 2 - 1: 1 - 2: 4 - 3: 2
2020;1;9;4;2;1;0;NATO;?;08h48;Cergy le Haut;uic_87382655;?;?;normal;9;0;60;6;0;0 - 0 - 1 - 0 - 0 - 0 - 0 - 0 - 0;0: 8 - 1: 1
2020;1;9;4;2;1;0;NATO;?;09h23;Cergy le Haut;uic_87382655;?;?;normal;9;0;0;0;0;0 - 0 - 0 - 0 - 0 - 0 - 0 - 0 - 0;0: 9
2020;1;9;4;2;1;0;NATO;?;09h55;Cergy le Haut;uic_87382655;?;?;normal;9;0;120;73;60;1 - 0 - 2 - 1 - 1 - 2 - 1 - 1 - 2;0: 1 - 1: 5 - 2: 3
2020;1;9;4;2;1;0;NATO;?;10h53;Cergy le Haut;uic_87382655;?;?;normal;9;0;0;0;0;0 - 0 - 0 - 0 - 0 - 0 - 0 - 0 - 0;0: 9
2020;1;9;4;2;1;0;NATO;?;11h53;Cergy le Haut;uic_87382655;?;?;normal;9;0;60;20;0;0 - 0 - 1 - 0 - 0 - 1 - 0 - 1 - 0;0: 6 - 1: 3
2020;1;9;4;2;1;0;NATO;?;12h53;Cergy le Haut;uic_87382655;?;?;normal;9;0;0;0;0;0 - 0 - 0 - 0 - 0 - 0 - 0 - 0 - 0;0: 9
2020;1;9;4;2;1;0;NATO;?;13h53;Cergy le Haut;uic_87382655;?;?;normal;9;0;60;40;60;0 - 0 - 1 - 1 - 1 - 1 - 1 - 1 - 0;0: 3 - 1: 6
2020;1;9;4;2;1;0;NOTE;?;06h00;Poissy;uic_87386573;?;?;normal;5;0;480;300;420;1 - 2 - 7 - 7 - 8;1: 1 - 2: 1 - 7: 2 - 8: 1
2020;1;9;4;2;1;0;NOTE;?;06h30;Poissy;uic_87386573;?;?;normal;5;0;120;24;0;0 - 0 - 0 - 0 - 2;0: 4 - 2: 1
2020;1;9;4;2;1;0;NOTE;?;06h45;Poissy;uic_87386573;?;?;normal;5;0;60;12;0;0 - 0 - 0 - 0 - 1;0: 4 - 1: 1
2020;1;9;4;2;1;0;NOTE;?;07h13;Poissy;uic_87386573;?;?;normal;5;0;360;348;360;6 - 6 - 6 - 5 - 6;5: 1 - 6: 4
2020;1;9;4;2;1;0;NOTE;?;07h37;Poissy;uic_87386573;?;?;normal;5;0;0;0;0;0 - 0 - 0 - 0 - 0;0: 5
2020;1;9;4;2;1;0;NOTE;?;07h59;Poissy;uic_87386573;?;?;normal;5;0;0;0;0;0 - 0 - 0 - 0 - 0;0: 5
2020;1;9;4;2;1;0;NOTE;?;08h22;Poissy;uic_87386573;?;?;normal;5;0;0;0;0;0 - 0 - 0 - 0 - 0;0: 5
2020;1;9;4;2;1;0;NOTE;?;08h46;Poissy;uic_87386573;?;?;normal;5;0;120;36;0;0 - 0 - 0 - 1 - 2;0: 3 - 1: 1 - 2: 1
2020;1;9;4;2;1;0;NOTE;?;09h09;Poissy;uic_87386573;?;?;normal;5;0;0;0;0;0 - 0 - 0 - 0 - 0;0: 5
2020;1;9;4;2;1;0;NOTE;?;16h42;Poissy;uic_87386573;?;?;normal;5;0;0;0;0;0 - 0 - 0 - 0 - 0;0: 5
2020;1;9;4;2;1;0;NOTE;?;17h05;Poissy;uic_87386573;?;?;normal;5;0;60;12;0;0 - 1 - 0 - 0 - 0;0: 4 - 1: 1
2020;1;9;4;2;1;0;NOTE;?;17h32;Poissy;uic_87386573;?;?;normal;5;0;0;0;0;0 - 0 - 0 - 0 - 0;0: 5
2020;1;9;4;2;1;0;NOTE;?;17h57;Poissy;uic_87386573;?;?;normal;5;0;180;120;120;1 - 3 - 1 - 2 - 3;1: 2 - 2: 1 - 3: 2
2020;1;9;4;2;1;0;NOTE;?;18h22;Poissy;uic_87386573;?;?;normal;5;0;180;96;60;2 - 3 - 1 - 1 - 1;1: 3 - 2: 1 - 3: 1
2020;1;9;4;2;1;0;NOTE;?;18h34;Poissy;uic_87386573;?;?;normal;5;0;60;24;0;1 - 1 - 0 - 0 - 0;0: 3 - 1: 2
2020;1;9;4;2;1;0;NOTE;?;19h12;Poissy;uic_87386573;?;?;normal;5;0;240;192;180;3 - 4 - 3 - 3 - 3;3: 4 - 4: 1
2020;1;9;4;2;1;0;NOTE;?;20h04;Poissy;uic_87386573;?;?;normal;5;0;0;0;0;0 - 0 - 0 - 0 - 0;0: 5
2020;1;9;4;2;1;0;NOTE;?;21h03;Poissy;uic_87386573;?;?;normal;5;0;0;0;0;0 - 0 - 0 - 0 - 0;0: 5
2020;1;9;4;2;1;0;NOTE;?;22h03;Poissy;uic_87386573;?;?;normal;5;0;0;0;0;0 - 0 - 0 - 0 - 0;0: 5
2020;1;9;4;2;1;0;NOTE;?;23h03;Poissy;uic_87386573;?;?;normal;5;0;180;144;180;1 - 3 - 2 - 3 - 3;1: 1 - 2: 1 - 3: 3
2020;1;9;4;2;1;0;OKLA;?;10h40;Poissy;uic_87386573;?;?;normal;5;0;0;0;0;0 - 0 - 0 - 0 - 0;0: 5
2020;1;9;4;2;1;0;OKLA;?;11h40;Poissy;uic_87386573;?;?;normal;5;0;120;72;60;0 - 1 - 1 - 2 - 2;0: 1 - 1: 2 - 2: 2
2020;1;9;4;2;1;0;OKLA;?;12h40;Poissy;uic_87386573;?;?;normal;5;0;0;0;0;0 - 0 - 0 - 0 - 0;0: 5
2020;1;9;4;2;1;0;OKLA;?;13h40;Poissy;uic_87386573;?;?;normal;5;0;60;12;0;0 - 0 - 0 - 0 - 1;0: 4 - 1: 1
2020;1;9;4;2;1;0;OKRE;?;14h40;Poissy;uic_87386573;?;?;normal;5;0;0;0;0;0 - 0 - 0 - 0 - 0;0: 5
2020;1;9;4;2;1;0;OKRE;?;15h40;Poissy;uic_87386573;?;?;normal;5;0;0;0;0;0 - 0 - 0 - 0 - 0;0: 5
2020;1;9;4;2;1;0;OKRE;?;16h00;Poissy;uic_87386573;?;?;normal;5;0;0;0;0;0 - 0 - 0 - 0 - 0;0: 5
2020;1;9;4;2;1;0;OKRE;?;16h20;Poissy;uic_87386573;?;?;normal;5;0;420;132;60;1 - 1 - 1 - 1 - 7;1: 4 - 7: 1
2020;1;9;4;2;1;0;OPEN;?;04h42;Cergy le Haut;uic_87382655;?;?;normal;9;0;600;406;300;5 - 5 - 5 - 5 - 4 - 10 - 9 - 9 - 9;4: 1 - 5: 4 - 9: 3 - 10: 1
2020;1;9;4;2;1;0;QURI;?;00h05;Poissy;uic_87386573;?;?;annule_partiellement;5;2;1800;1800;1800;/ - / - 30 - 30 - 30;30: 3
2020;1;9;4;2;1;0;QURI;?;05h10;Poissy;uic_87386573;?;?;normal;5;0;1680;1680;1680;28 - 28 - 28 - 28 - 28;28: 5
2020;1;9;4;2;1;0;TAXE;?;00h03;Houilles - Carrières-sur-Seine;uic_87386409;?;?;normal;4;0;0;0;0;0 - 0 - 0 - 0;0: 4
2020;1;9;4;2;1;0;TAXE;?;07h21;Houilles - Carrières-sur-Seine;uic_87386409;?;?;normal;4;0;60;15;0;0 - 1 - 0 - 0;0: 3 - 1: 1
2020;1;9;4;2;1;0;TAXE;?;07h37;Houilles - Carrières-sur-Seine;uic_87386409;?;?;normal;4;0;0;0;0;0 - 0 - 0 - 0;0: 4
2020;1;9;4;2;1;0;TAXE;?;08h13;Houilles - Carrières-sur-Seine;uic_87386409;?;?;normal;4;0;60;30;30;0 - 1 - 1 - 0;0: 2 - 1: 2
2020;1;9;4;2;1;0;TAXE;?;08h36;Houilles - Carrières-sur-Seine;uic_87386409;?;?;normal;4;0;120;60;1;1 - 2 - 1 - 0;0: 1 - 1: 2 - 2: 1
2020;1;9;4;2;1;0;TAXE;?;09h00;Houilles - Carrières-sur-Seine;uic_87386409;?;?;normal;4;0;300;210;4;4 - 5 - 4 - 1;1: 1 - 4: 2 - 5: 1
2020;1;9;4;2;1;0;TAXE;?;09h23;Houilles - Carrières-sur-Seine;uic_87386409;?;?;normal;4;0;0;0;0;0 - 0 - 0 - 0;0: 4
2020;1;9;4;2;1;0;TAXE;?;09h46;Houilles - Carrières-sur-Seine;uic_87386409;?;?;normal;4;0;0;0;0;0 - 0 - 0 - 0;0: 4
2020;1;9;4;2;1;0;TAXE;?;17h14;Houilles - Carrières-sur-Seine;uic_87386409;?;?;normal;4;0;60;45;1;0 - 1 - 1 - 1;0: 1 - 1: 3
2020;1;9;4;2;1;0;TAXE;?;17h39;Houilles - Carrières-sur-Seine;uic_87386409;?;?;normal;4;0;240;180;210;3 - 4 - 4 - 1;1: 1 - 3: 1 - 4: 2
2020;1;9;4;2;1;0;TAXE;?;18h04;Houilles - Carrières-sur-Seine;uic_87386409;?;?;normal;4;0;300;270;270;4 - 5 - 5 - 4;4: 2 - 5: 2
2020;1;9;4;2;1;0;TAXE;?;18h29;Houilles - Carrières-sur-Seine;uic_87386409;?;?;normal;4;0;660;585;10;10 - 11 - 10 - 8;8: 1 - 10: 2 - 11: 1
2020;1;9;4;2;1;0;TAXE;?;18h54;Houilles - Carrières-sur-Seine;uic_87386409;?;?;normal;4;0;360;330;330;5 - 6 - 6 - 5;5: 2 - 6: 2
2020;1;9;4;2;1;0;TAXE;?;19h06;Houilles - Carrières-sur-Seine;uic_87386409;?;?;normal;4;0;60;15;0;0 - 1 - 0 - 0;0: 3 - 1: 1
2020;1;9;4;2;1;0;TAXE;?;19h19;Houilles - Carrières-sur-Seine;uic_87386409;?;?;normal;4;0;60;30;30;0 - 1 - 1 - 0;0: 2 - 1: 2
2020;1;9;4;2;1;0;TAXE;?;19h56;Houilles - Carrières-sur-Seine;uic_87386409;?;?;normal;4;0;240;210;4;4 - 4 - 4 - 2;2: 1 - 4: 3
2020;1;9;4;2;1;0;TAXE;?;20h58;Houilles - Carrières-sur-Seine;uic_87386409;?;?;normal;4;0;180;135;150;2 - 3 - 3 - 1;1: 1 - 2: 1 - 3: 2
2020;1;9;4;2;1;0;TAXE;?;23h03;Houilles - Carrières-sur-Seine;uic_87386409;?;?;normal;4;0;1200;975;990;12 - 13 - 20 - 20;12: 1 - 13: 1 - 20: 2
2020;1;9;4;2;1;0;TEDI;?;00h58;Houilles - Carrières-sur-Seine;uic_87386409;?;?;normal;4;0;480;465;8;8 - 8 - 8 - 7;7: 1 - 8: 3
2020;1;9;4;2;1;0;TEDI;?;06h11;Houilles - Carrières-sur-Seine;uic_87386409;?;?;normal;4;0;60;15;0;0 - 0 - 0 - 1;0: 3 - 1: 1
2020;1;9;4;2;1;0;TRAM;?;16h54;Houilles - Carrières-sur-Seine;uic_87386409;?;?;normal;4;0;0;0;0;0 - 0 - 0 - 0;0: 4
2020;1;9;4;2;1;0;TROC;?;06h52;Houilles - Carrières-sur-Seine;uic_87386409;?;?;normal;4;0;180;105;2;2 - 3 - 2 - 0;0: 1 - 2: 2 - 3: 1
2020;1;9;4;2;1;0;TROC;?;10h13;Houilles - Carrières-sur-Seine;uic_87386409;?;?;normal;4;0;120;105;2;2 - 2 - 2 - 1;1: 1 - 2: 3
2020;1;9;4;2;1;0;TROC;?;10h33;Houilles - Carrières-sur-Seine;uic_87386409;?;?;normal;4;0;60;45;1;1 - 1 - 1 - 0;0: 1 - 1: 3
2020;1;9;4;2;1;0;TROC;?;11h33;Houilles - Carrières-sur-Seine;uic_87386409;?;?;normal;4;0;60;15;0;0 - 1 - 0 - 0;0: 3 - 1: 1
2020;1;9;4;2;1;0;TROC;?;12h33;Houilles - Carrières-sur-Seine;uic_87386409;?;?;normal;4;0;0;0;0;0 - 0 - 0 - 0;0: 4
2020;1;9;4;2;1;0;TROC;?;13h33;Houilles - Carrières-sur-Seine;uic_87386409;?;?;normal;4;0;120;60;1;1 - 2 - 1 - 0;0: 1 - 1: 2 - 2: 1
2020;1;9;4;2;1;0;TROC;?;14h33;Houilles - Carrières-sur-Seine;uic_87386409;?;?;normal;4;0;60;30;30;0 - 1 - 1 - 0;0: 2 - 1: 2
2020;1;9;4;2;1;0;TROC;?;15h33;Houilles - Carrières-sur-Seine;uic_87386409;?;?;normal;4;0;0;0;0;0 - 0 - 0 - 0;0: 4
2020;1;9;4;2;1;0;UBAL;?;05h56;Houilles - Carrières-sur-Seine;uic_87386409;?;?;normal;8;0;240;150;150;1 - 2 - 2 - 2 - 3 - 3 - 3 - 4;1: 1 - 2: 3 - 3: 3 - 4: 1
2020;1;9;4;2;1;0;UZAR;?;06h40;Houilles - Carrières-sur-Seine;uic_87386409;?;?;normal;8;0;420;367;6;6 - 7 - 6 - 6 - 6 - 6 - 6 - 6;6: 7 - 7: 1
2020;1;9;4;2;1;0;UZAR;?;06h56;Houilles - Carrières-sur-Seine;uic_87386409;?;?;normal;8;0;600;577;10;9 - 10 - 9 - 9 - 10 - 10 - 10 - 10;9: 3 - 10: 5
2020;1;9;4;2;1;0;UZAR;?;07h57;Houilles - Carrières-sur-Seine;uic_87386409;?;?;normal;8;0;420;352;6;4 - 6 - 6 - 6 - 6 - 6 - 6 - 7;4: 1 - 6: 6 - 7: 1
2020;1;9;4;2;1;0;UZAR;?;08h21;Houilles - Carrières-sur-Seine;uic_87386409;?;?;normal;8;0;300;67;30;1 - 2 - 0 - 1 - 0 - 0 - 0 - 5;0: 4 - 1: 2 - 2: 1 - 5: 1
2020;1;9;4;2;1;0;UZAR;?;08h44;Houilles - Carrières-sur-Seine;uic_87386409;?;?;normal;8;0;480;442;7;7 - 8 - 7 - 7 - 7 - 8 - 8 - 7;7: 5 - 8: 3
2020;1;9;4;2;1;0;UZAR;?;09h07;Houilles - Carrières-sur-Seine;uic_87386409;?;?;normal;8;0;120;45;1;1 - 2 - 1 - 1 - 1 - 0 - 0 - 0;0: 3 - 1: 4 - 2: 1
2020;1;9;4;2;1;0;UZAR;?;09h31;Houilles - Carrières-sur-Seine;uic_87386409;?;?;normal;8;0;120;97;2;1 - 2 - 1 - 2 - 1 - 2 - 2 - 2;1: 3 - 2: 5
2020;1;9;4;2;1;0;UZAR;?;09h54;Houilles - Carrières-sur-Seine;uic_87386409;?;?;normal;8;0;180;97;90;1 - 1 - 1 - 1 - 2 - 2 - 2 - 3;1: 4 - 2: 3 - 3: 1
2020;1;9;4;2;1;0;UZAR;?;10h07;Houilles - Carrières-sur-Seine;uic_87386409;?;?;normal;8;0;0;0;0;0 - 0 - 0 - 0 - 0 - 0 - 0 - 0;0: 8
2020;1;9;4;2;1;0;UZAR;?;11h07;Houilles - Carrières-sur-Seine;uic_87386409;?;?;normal;8;0;180;75;1;1 - 1 - 0 - 1 - 1 - 1 - 3 - 2;0: 1 - 1: 5 - 2: 1 - 3: 1
2020;1;9;4;2;1;0;UZAR;?;12h07;Houilles - Carrières-sur-Seine;uic_87386409;?;?;normal;8;0;0;0;0;0 - 0 - 0 - 0 - 0 - 0 - 0 - 0;0: 8
2020;1;9;4;2;1;0;UZAR;?;13h07;Houilles - Carrières-sur-Seine;uic_87386409;?;?;normal;8;0;180;105;2;1 - 1 - 0 - 2 - 2 - 2 - 3 - 3;0: 1 - 1: 2 - 2: 3 - 3: 2
2020;1;9;4;2;1;0;UZAR;?;14h07;Houilles - Carrières-sur-Seine;uic_87386409;?;?;normal;8;0;240;172;3;4 - 4 - 2 - 3 - 3 - 2 - 3 - 2;2: 3 - 3: 3 - 4: 2
2020;1;9;4;2;1;0;UZAR;?;15h07;Houilles - Carrières-sur-Seine;uic_87386409;?;?;normal;8;0;300;255;4;4 - 4 - 3 - 4 - 5 - 4 - 5 - 5;3: 1 - 4: 4 - 5: 3
2020;1;9;4;2;1;0;UZEL;?;16h07;Houilles - Carrières-sur-Seine;uic_87386409;?;?;normal;8;0;420;322;330;4 - 4 - 4 - 5 - 6 - 6 - 7 - 7;4: 3 - 5: 1 - 6: 2 - 7: 2
2020;1;9;4;2;1;0;UZEL;?;16h46;Houilles - Carrières-sur-Seine;uic_87386409;?;?;normal;8;0;300;247;4;3 - 4 - 3 - 4 - 5 - 4 - 5 - 5;3: 2 - 4: 3 - 5: 3
2020;1;9;4;2;1;0;UZEL;?;17h05;Houilles - Carrières-sur-Seine;uic_87386409;?;?;normal;8;0;240;82;1;0 - 1 - 0 - 1 - 1 - 2 - 2 - 4;0: 2 - 1: 3 - 2: 2 - 4: 1
2020;1;9;4;2;1;0;UZEL;?;17h30;Houilles - Carrières-sur-Seine;uic_87386409;?;?;normal;8;0;180;90;90;0 - 1 - 1 - 1 - 2 - 2 - 2 - 3;0: 1 - 1: 3 - 2: 3 - 3: 1
2020;1;9;4;2;1;0;UZEL;?;17h55;Houilles - Carrières-sur-Seine;uic_87386409;?;?;normal;8;0;420;285;270;2 - 4 - 4 - 4 - 5 - 6 - 6 - 7;2: 1 - 4: 3 - 5: 1 - 6: 2 - 7: 1
2020;1;9;4;2;1;0;UZEL;?;18h20;Houilles - Carrières-sur-Seine;uic_87386409;?;?;normal;8;0;960;832;14;11 - 13 - 13 - 14 - 14 - 15 - 15 - 16;11: 1 - 13: 2 - 14: 2 - 15: 2 - 16: 1
2020;1;9;4;2;1;0;UZEL;?;18h45;Houilles - Carrières-sur-Seine;uic_87386409;?;?;normal;8;0;540;472;8;7 - 8 - 7 - 8 - 8 - 8 - 8 - 9;7: 2 - 8: 5 - 9: 1
2020;1;9;4;2;1;0;UZEL;?;19h10;Houilles - Carrières-sur-Seine;uic_87386409;?;?;normal;8;0;120;75;1;0 - 1 - 1 - 1 - 1 - 2 - 2 - 2;0: 1 - 1: 4 - 2: 3
2020;1;9;4;2;1;0;UZEL;?;19h35;Houilles - Carrières-sur-Seine;uic_87386409;?;?;normal;8;0;180;127;2;1 - 2 - 1 - 2 - 2 - 3 - 3 - 3;1: 2 - 2: 3 - 3: 3
2020;1;10;5;2;1;0;NANI;?;14h53;Cergy le Haut;uic_87382655;?;?;normal;9;0;600;540;540;9 - 9 - 10 - 10 - 9 - 9 - 9 - 9 - 7;7: 1 - 9: 6 - 10: 2
2020;1;10;5;2;1;0;NANI;?;15h33;Cergy le Haut;uic_87382655;?;?;normal;9;0;180;139;120;2 - 2 - 3 - 2 - 2 - 3 - 3 - 3 - 1;1: 1 - 2: 4 - 3: 4
2020;1;10;5;2;1;0;NANI;?;15h53;Cergy le Haut;uic_87382655;?;?;normal;9;0;180;106;120;2 - 1 - 2 - 2 - 2 - 3 - 2 - 2 - 0;0: 1 - 1: 1 - 2: 6 - 3: 1
2020;1;10;5;2;1;0;NANI;?;16h13;Cergy le Haut;uic_87382655;?;?;normal;9;0;180;99;60;1 - 1 - 1 - 1 - 1 - 3 - 3 - 3 - 1;1: 6 - 3: 3
2020;1;10;5;2;1;0;NANI;?;16h36;Cergy le Haut;uic_87382655;?;?;normal;9;0;180;93;60;1 - 2 - 1 - 1 - 2 - 3 - 2 - 1 - 1;1: 5 - 2: 3 - 3: 1
2020;1;10;5;2;1;0;NANI;?;17h01;Cergy le Haut;uic_87382655;?;?;normal;9;0;120;26;0;0 - 0 - 0 - 0 - 1 - 2 - 1 - 0 - 0;0: 6 - 1: 2 - 2: 1
2020;1;10;5;2;1;0;NANI;?;17h26;Cergy le Haut;uic_87382655;?;?;normal;9;0;300;266;300;3 - 4 - 4 - 4 - 5 - 5 - 5 - 5 - 5;3: 1 - 4: 3 - 5: 5
2020;1;10;5;2;1;0;NANI;?;18h04;Cergy le Haut;uic_87382655;?;?;normal;9;0;300;273;300;4 - 4 - 5 - 5 - 4 - 5 - 4 - 5 - 5;4: 4 - 5: 5
2020;1;10;5;2;1;0;NANI;?;18h41;Cergy le Haut;uic_87382655;?;?;normal;9;0;360;313;300;5 - 6 - 5 - 5 - 5 - 6 - 5 - 5 - 5;5: 7 - 6: 2
2020;1;10;5;2;1;0;NATO;?;05h42;Cergy le Haut;uic_87382655;?;?;normal;9;0;240;213;240;3 - 3 - 4 - 4 - 4 - 4 - 3 - 3 - 4;3: 4 - 4: 5
2020;1;10;5;2;1;0;NATO;?;06h12;Cergy le Haut;uic_87382655;?;?;normal;9;0;0;0;0;0 - 0 - 0 - 0 - 0 - 0 - 0 - 0 - 0;0: 9
2020;1;10;5;2;1;0;NATO;?;06h51;Cergy le Haut;uic_87382655;?;?;normal;9;0;60;20;0;0 - 0 - 0 - 1 - 0 - 0 - 0 - 1 - 1;0: 6 - 1: 3
2020;1;10;5;2;1;0;NATO;?;07h14;Cergy le Haut;uic_87382655;?;?;normal;9;0;0;0;0;0 - 0 - 0 - 0 - 0 - 0 - 0 - 0 - 0;0: 9
2020;1;10;5;2;1;0;NATO;?;07h38;Cergy le Haut;uic_87382655;?;?;normal;9;0;0;0;0;0 - 0 - 0 - 0 - 0 - 0 - 0 - 0 - 0;0: 9
2020;1;10;5;2;1;0;NATO;?;08h01;Cergy le Haut;uic_87382655;?;?;normal;9;0;0;0;0;0 - 0 - 0 - 0 - 0 - 0 - 0 - 0 - 0;0: 9
2020;1;10;5;2;1;0;NATO;?;08h24;Cergy le Haut;uic_87382655;?;?;normal;9;0;60;6;0;0 - 0 - 1 - 0 - 0 - 0 - 0 - 0 - 0;0: 8 - 1: 1
2020;1;10;5;2;1;0;NATO;?;08h48;Cergy le Haut;uic_87382655;?;?;normal;9;0;60;6;0;0 - 0 - 0 - 0 - 0 - 0 - 0 - 0 - 1;0: 8 - 1: 1
2020;1;10;5;2;1;0;NATO;?;09h23;Cergy le Haut;uic_87382655;?;?;normal;9;0;480;399;360;6 - 6 - 6 - 6 - 6 - 8 - 7 - 7 - 8;6: 5 - 7: 2 - 8: 2
2020;1;10;5;2;1;0;NATO;?;09h55;Cergy le Haut;uic_87382655;?;?;normal;9;0;420;386;360;6 - 6 - 7 - 7 - 6 - 7 - 6 - 6 - 7;6: 5 - 7: 4
2020;1;10;5;2;1;0;NATO;?;10h53;Cergy le Haut;uic_87382655;?;?;normal;9;0;480;420;420;7 - 7 - 8 - 8 - 7 - 7 - 7 - 7 - 5;5: 1 - 7: 6 - 8: 2
2020;1;10;5;2;1;0;NATO;?;11h53;Cergy le Haut;uic_87382655;?;?;normal;9;0;540;473;480;7 - 7 - 8 - 9 - 8 - 9 - 8 - 8 - 7;7: 3 - 8: 4 - 9: 2
2020;1;10;5;2;1;0;NATO;?;12h53;Cergy le Haut;uic_87382655;?;?;normal;9;0;660;506;600;5 - 5 - 6 - 11 - 10 - 11 - 10 - 10 - 8;5: 2 - 6: 1 - 8: 1 - 10: 3 - 11: 2
2020;1;10;5;2;1;0;NATO;?;13h53;Cergy le Haut;uic_87382655;?;?;normal;9;0;480;433;420;7 - 7 - 8 - 8 - 7 - 8 - 7 - 7 - 6;6: 1 - 7: 5 - 8: 3
2020;1;10;5;2;1;0;NOTE;?;06h00;Poissy;uic_87386573;?;?;normal;5;0;120;96;120;0 - 2 - 2 - 2 - 2;0: 1 - 2: 4
2020;1;10;5;2;1;0;NOTE;?;06h30;Poissy;uic_87386573;?;?;normal;5;0;360;348;360;6 - 6 - 5 - 6 - 6;5: 1 - 6: 4
2020;1;10;5;2;1;0;NOTE;?;06h45;Poissy;uic_87386573;?;?;normal;5;0;0;0;0;0 - 0 - 0 - 0 - 0;0: 5
2020;1;10;5;2;1;0;NOTE;?;07h13;Poissy;uic_87386573;?;?;normal;5;0;720;696;720;10 - 12 - 12 - 12 - 12;10: 1 - 12: 4
2020;1;10;5;2;1;0;NOTE;?;07h37;Poissy;uic_87386573;?;?;normal;5;0;60;60;60;1 - 1 - 1 - 1 - 1;1: 5
2020;1;10;5;2;1;0;NOTE;?;07h59;Poissy;uic_87386573;?;?;normal;5;0;420;348;360;7 - 6 - 5 - 6 - 5;5: 2 - 6: 2 - 7: 1
2020;1;10;5;2;1;0;NOTE;?;08h22;Poissy;uic_87386573;?;?;normal;5;0;60;36;60;0 - 1 - 1 - 0 - 1;0: 2 - 1: 3
2020;1;10;5;2;1;0;NOTE;?;08h46;Poissy;uic_87386573;?;?;normal;5;0;0;0;0;0 - 0 - 0 - 0 - 0;0: 5
2020;1;10;5;2;1;0;NOTE;?;09h09;Poissy;uic_87386573;?;?;normal;5;0;60;24;0;0 - 1 - 1 - 0 - 0;0: 3 - 1: 2
2020;1;10;5;2;1;0;NOTE;?;16h42;Poissy;uic_87386573;?;?;normal;5;0;60;24;0;0 - 1 - 0 - 0 - 1;0: 3 - 1: 2
2020;1;10;5;2;1;0;NOTE;?;17h05;Poissy;uic_87386573;?;?;normal;5;0;120;60;60;0 - 2 - 1 - 1 - 1;0: 1 - 1: 3 - 2: 1
2020;1;10;5;2;1;0;NOTE;?;17h32;Poissy;uic_87386573;?;?;normal;5;0;0;0;0;0 - 0 - 0 - 0 - 0;0: 5
2020;1;10;5;2;1;0;NOTE;?;17h57;Poissy;uic_87386573;?;?;normal;5;0;60;12;0;0 - 1 - 0 - 0 - 0;0: 4 - 1: 1
2020;1;10;5;2;1;0;NOTE;?;18h22;Poissy;uic_87386573;?;?;normal;5;0;480;431;420;7 - 8 - 7 - 7 - 7;7: 4 - 8: 1
2020;1;10;5;2;1;0;NOTE;?;18h34;Poissy;uic_87386573;?;?;normal;5;0;360;348;360;6 - 6 - 5 - 6 - 6;5: 1 - 6: 4
2020;1;10;5;2;1;0;NOTE;?;19h12;Poissy;uic_87386573;?;?;normal;5;0;0;0;0;0 - 0 - 0 - 0 - 0;0: 5
2020;1;10;5;2;1;0;NOTE;?;20h04;Poissy;uic_87386573;?;?;normal;5;0;120;107;120;2 - 2 - 2 - 2 - 1;1: 1 - 2: 4
2020;1;10;5;2;1;0;NOTE;?;21h03;Poissy;uic_87386573;?;?;normal;5;0;0;0;0;0 - 0 - 0 - 0 - 0;0: 5
2020;1;10;5;2;1;0;NOTE;?;22h03;Poissy;uic_87386573;?;?;normal;5;0;120;120;120;2 - 2 - 2 - 2 - 2;2: 5
2020;1;10;5;2;1;0;NOTE;?;23h03;Poissy;uic_87386573;?;?;normal;5;0;0;0;0;0 - 0 - 0 - 0 - 0;0: 5
2020;1;10;5;2;1;0;OKLA;?;10h40;Poissy;uic_87386573;?;?;normal;5;0;420;420;420;7 - 7 - 7 - 7 - 7;7: 5
2020;1;10;5;2;1;0;OKLA;?;11h40;Poissy;uic_87386573;?;?;normal;5;0;420;384;360;7 - 7 - 6 - 6 - 6;6: 3 - 7: 2
2020;1;10;5;2;1;0;OKLA;?;12h40;Poissy;uic_87386573;?;?;normal;5;0;540;503;480;9 - 9 - 8 - 8 - 8;8: 3 - 9: 2
2020;1;10;5;2;1;0;OKLA;?;13h40;Poissy;uic_87386573;?;?;normal;5;0;540;540;540;9 - 9 - 9 - 9 - 9;9: 5
2020;1;10;5;2;1;0;OKRE;?;14h40;Poissy;uic_87386573;?;?;normal;5;0;420;408;420;7 - 7 - 6 - 7 - 7;6: 1 - 7: 4
2020;1;10;5;2;1;0;OKRE;?;15h40;Poissy;uic_87386573;?;?;normal;5;0;180;180;180;3 - 3 - 3 - 3 - 3;3: 5
2020;1;10;5;2;1;0;OKRE;?;16h00;Poissy;uic_87386573;?;?;normal;5;0;0;0;0;0 - 0 - 0 - 0 - 0;0: 5
2020;1;10;5;2;1;0;OKRE;?;16h20;Poissy;uic_87386573;?;?;normal;5;0;60;48;60;1 - 1 - 0 - 1 - 1;0: 1 - 1: 4
2020;1;10;5;2;1;0;OPEN;?;04h42;Cergy le Haut;uic_87382655;?;?;normal;9;0;120;80;60;1 - 1 - 2 - 1 - 1 - 2 - 1 - 1 - 2;1: 6 - 2: 3
2020;1;10;5;2;1;0;QURI;?;00h05;Poissy;uic_87386573;?;?;normal;5;0;60;24;0;0 - 0 - 0 - 1 - 1;0: 3 - 1: 2
2020;1;10;5;2;1;0;QURI;?;05h10;Poissy;uic_87386573;?;?;normal;5;0;0;0;0;0 - 0 - 0 - 0 - 0;0: 5
2020;1;10;5;2;1;0;TAXE;?;00h03;Houilles - Carrières-sur-Seine;uic_87386409;?;?;normal;4;0;300;150;150;0 - 1 - 5 - 4;0: 1 - 1: 1 - 4: 1 - 5: 1
2020;1;10;5;2;1;0;TAXE;?;07h21;Houilles - Carrières-sur-Seine;uic_87386409;?;?;normal;4;0;120;90;90;1 - 2 - 2 - 1;1: 2 - 2: 2
2020;1;10;5;2;1;0;TAXE;?;07h37;Houilles - Carrières-sur-Seine;uic_87386409;?;?;normal;4;0;180;105;2;2 - 2 - 3 - 0;0: 1 - 2: 2 - 3: 1
2020;1;10;5;2;1;0;TAXE;?;08h13;Houilles - Carrières-sur-Seine;uic_87386409;?;?;normal;4;0;0;0;0;0 - 0 - 0 - 0;0: 4
2020;1;10;5;2;1;0;TAXE;?;08h36;Houilles - Carrières-sur-Seine;uic_87386409;?;?;normal;4;0;480;390;7;7 - 8 - 7 - 4;4: 1 - 7: 2 - 8: 1
2020;1;10;5;2;1;0;TAXE;?;09h00;Houilles - Carrières-sur-Seine;uic_87386409;?;?;normal;4;0;240;210;4;4 - 4 - 4 - 2;2: 1 - 4: 3
2020;1;10;5;2;1;0;TAXE;?;09h23;Houilles - Carrières-sur-Seine;uic_87386409;?;?;normal;4;0;360;330;330;5 - 6 - 6 - 5;5: 2 - 6: 2
2020;1;10;5;2;1;0;TAXE;?;09h46;Houilles - Carrières-sur-Seine;uic_87386409;?;?;normal;4;0;0;0;0;0 - 0 - 0 - 0;0: 4
2020;1;10;5;2;1;0;TAXE;?;17h14;Houilles - Carrières-sur-Seine;uic_87386409;?;?;normal;4;0;60;30;30;0 - 1 - 1 - 0;0: 2 - 1: 2
2020;1;10;5;2;1;0;TAXE;?;17h39;Houilles - Carrières-sur-Seine;uic_87386409;?;?;normal;4;0;300;210;210;3 - 5 - 4 - 2;2: 1 - 3: 1 - 4: 1 - 5: 1
2020;1;10;5;2;1;0;TAXE;?;18h04;Houilles - Carrières-sur-Seine;uic_87386409;?;?;normal;4;0;480;450;450;7 - 8 - 8 - 7;7: 2 - 8: 2
2020;1;10;5;2;1;0;TAXE;?;18h29;Houilles - Carrières-sur-Seine;uic_87386409;?;?;normal;4;0;60;15;0;0 - 1 - 0 - 0;0: 3 - 1: 1
2020;1;10;5;2;1;0;TAXE;?;18h54;Houilles - Carrières-sur-Seine;uic_87386409;?;?;normal;4;0;180;120;2;2 - 3 - 2 - 1;1: 1 - 2: 2 - 3: 1
2020;1;10;5;2;1;0;TAXE;?;19h06;Houilles - Carrières-sur-Seine;uic_87386409;?;?;normal;4;0;0;0;0;0 - 0 - 0 - 0;0: 4
2020;1;10;5;2;1;0;TAXE;?;19h19;Houilles - Carrières-sur-Seine;uic_87386409;?;?;normal;4;0;780;750;750;12 - 13 - 13 - 12;12: 2 - 13: 2
2020;1;10;5;2;1;0;TAXE;?;19h56;Houilles - Carrières-sur-Seine;uic_87386409;?;?;normal;4;0;120;105;2;2 - 2 - 2 - 1;1: 1 - 2: 3
2020;1;10;5;2;1;0;TAXE;?;20h58;Houilles - Carrières-sur-Seine;uic_87386409;?;?;normal;4;0;240;225;4;3 - 4 - 4 - 4;3: 1 - 4: 3
2020;1;10;5;2;1;0;TAXE;?;22h03;Houilles - Carrières-sur-Seine;uic_87386409;?;?;normal;4;0;180;150;150;2 - 3 - 3 - 2;2: 2 - 3: 2
2020;1;10;5;2;1;0;TAXE;?;23h03;Houilles - Carrières-sur-Seine;uic_87386409;?;?;normal;4;0;300;240;4;3 - 4 - 4 - 5;3: 1 - 4: 2 - 5: 1
2020;1;10;5;2;1;0;TEDI;?;00h58;Houilles - Carrières-sur-Seine;uic_87386409;?;?;normal;4;0;300;225;4;2 - 4 - 4 - 5;2: 1 - 4: 2 - 5: 1
2020;1;10;5;2;1;0;TEDI;?;06h11;Houilles - Carrières-sur-Seine;uic_87386409;?;?;normal;4;0;0;0;0;0 - 0 - 0 - 0;0: 4
2020;1;10;5;2;1;0;TRAM;?;16h54;Houilles - Carrières-sur-Seine;uic_87386409;?;?;normal;4;0;120;30;0;0 - 2 - 0 - 0;0: 3 - 2: 1
2020;1;10;5;2;1;0;TROC;?;06h52;Houilles - Carrières-sur-Seine;uic_87386409;?;?;normal;4;0;60;15;0;0 - 1 - 0 - 0;0: 3 - 1: 1
2020;1;10;5;2;1;0;TROC;?;10h13;Houilles - Carrières-sur-Seine;uic_87386409;?;?;normal;4;0;120;105;2;2 - 2 - 2 - 1;1: 1 - 2: 3
2020;1;10;5;2;1;0;TROC;?;10h33;Houilles - Carrières-sur-Seine;uic_87386409;?;?;normal;4;0;180;180;3;3 - 3 - 3 - 3;3: 4
2020;1;10;5;2;1;0;TROC;?;11h33;Houilles - Carrières-sur-Seine;uic_87386409;?;?;normal;4;0;300;255;4;4 - 5 - 4 - 4;4: 3 - 5: 1
2020;1;10;5;2;1;0;TROC;?;12h33;Houilles - Carrières-sur-Seine;uic_87386409;?;?;normal;4;0;60;45;1;1 - 1 - 1 - 0;0: 1 - 1: 3
2020;1;10;5;2;1;0;TROC;?;13h33;Houilles - Carrières-sur-Seine;uic_87386409;?;?;normal;4;0;240;120;90;1 - 2 - 1 - 4;1: 2 - 2: 1 - 4: 1
2020;1;10;5;2;1;0;TROC;?;14h33;Houilles - Carrières-sur-Seine;uic_87386409;?;?;normal;4;0;360;90;0;0 - 0 - 0 - 6;0: 3 - 6: 1
2020;1;10;5;2;1;0;TROC;?;15h33;Houilles - Carrières-sur-Seine;uic_87386409;?;?;normal;4;0;240;180;3;3 - 4 - 3 - 2;2: 1 - 3: 2 - 4: 1
2020;1;10;5;2;1;0;UBAL;?;05h56;Houilles - Carrières-sur-Seine;uic_87386409;?;?;normal;8;0;300;240;4;3 - 4 - 3 - 4 - 4 - 4 - 5 - 5;3: 2 - 4: 4 - 5: 2
2020;1;10;5;2;1;0;UZAR;?;06h40;Houilles - Carrières-sur-Seine;uic_87386409;?;?;normal;8;0;300;75;1;0 - 1 - 0 - 1 - 1 - 1 - 1 - 5;0: 2 - 1: 5 - 5: 1
2020;1;10;5;2;1;0;UZAR;?;06h56;Houilles - Carrières-sur-Seine;uic_87386409;?;?;normal;8;0;480;375;6;5 - 6 - 5 - 6 - 6 - 7 - 7 - 8;5: 2 - 6: 3 - 7: 2 - 8: 1
2020;1;10;5;2;1;0;UZAR;?;07h57;Houilles - Carrières-sur-Seine;uic_87386409;?;?;normal;8;0;480;405;7;4 - 5 - 7 - 8 - 8 - 7 - 7 - 8;4: 1 - 5: 1 - 7: 3 - 8: 3
2020;1;10;5;2;1;0;UZAR;?;08h21;Houilles - Carrières-sur-Seine;uic_87386409;?;?;normal;8;0;300;247;4;3 - 4 - 3 - 4 - 4 - 5 - 5 - 5;3: 2 - 4: 3 - 5: 3
2020;1;10;5;2;1;0;UZAR;?;08h44;Houilles - Carrières-sur-Seine;uic_87386409;?;?;normal;8;0;480;420;8;4 - 5 - 7 - 8 - 8 - 8 - 8 - 8;4: 1 - 5: 1 - 7: 1 - 8: 5
2020;1;10;5;2;1;0;UZAR;?;09h07;Houilles - Carrières-sur-Seine;uic_87386409;?;?;normal;8;0;240;232;4;3 - 4 - 4 - 4 - 4 - 4 - 4 - 4;3: 1 - 4: 7
2020;1;10;5;2;1;0;UZAR;?;09h31;Houilles - Carrières-sur-Seine;uic_87386409;?;?;normal;8;0;300;255;4;5 - 5 - 4 - 5 - 4 - 4 - 3 - 4;3: 1 - 4: 4 - 5: 3
2020;1;10;5;2;1;0;UZAR;?;09h54;Houilles - Carrières-sur-Seine;uic_87386409;?;?;normal;8;0;480;450;450;7 - 8 - 7 - 7 - 8 - 8 - 7 - 8;7: 4 - 8: 4
2020;1;10;5;2;1;0;UZAR;?;10h07;Houilles - Carrières-sur-Seine;uic_87386409;?;?;normal;8;0;240;202;3;4 - 3 - 3 - 3 - 4 - 3 - 4 - 3;3: 5 - 4: 3
2020;1;10;5;2;1;0;UZAR;?;11h07;Houilles - Carrières-sur-Seine;uic_87386409;?;?;normal;8;0;60;7;0;0 - 0 - 0 - 0 - 0 - 0 - 1 - 0;0: 7 - 1: 1
2020;1;10;5;2;1;0;UZAR;?;12h07;Houilles - Carrières-sur-Seine;uic_87386409;?;?;normal;8;0;60;37;1;1 - 1 - 0 - 1 - 1 - 0 - 1 - 0;0: 3 - 1: 5
2020;1;10;5;2;1;0;UZAR;?;13h07;Houilles - Carrières-sur-Seine;uic_87386409;?;?;normal;8;0;60;22;0;0 - 0 - 0 - 1 - 1 - 0 - 1 - 0;0: 5 - 1: 3
2020;1;10;5;2;1;0;UZAR;?;14h07;Houilles - Carrières-sur-Seine;uic_87386409;?;?;normal;8;0;540;472;8;9 - 9 - 7 - 8 - 8 - 7 - 8 - 7;7: 3 - 8: 3 - 9: 2
2020;1;10;5;2;1;0;UZAR;?;15h07;Houilles - Carrières-sur-Seine;uic_87386409;?;?;normal;8;0;240;52;30;0 - 0 - 0 - 1 - 1 - 0 - 1 - 4;0: 4 - 1: 3 - 4: 1
2020;1;10;5;2;1;0;UZEL;?;16h07;Houilles - Carrières-sur-Seine;uic_87386409;?;?;normal;8;0;60;15;0;0 - 0 - 0 - 0 - 0 - 0 - 1 - 1;0: 6 - 1: 2
2020;1;10;5;2;1;0;UZEL;?;16h46;Houilles - Carrières-sur-Seine;uic_87386409;?;?;normal;8;0;660;412;390;3 - 5 - 4 - 6 - 7 - 9 - 10 - 11;3: 1 - 4: 1 - 5: 1 - 6: 1 - 7: 1 - 9: 1 - 10: 1 - 11: 1
2020;1;10;5;2;1;0;UZEL;?;17h05;Houilles - Carrières-sur-Seine;uic_87386409;?;?;normal;8;0;240;90;90;0 - 1 - 0 - 1 - 2 - 2 - 2 - 4;0: 2 - 1: 2 - 2: 3 - 4: 1
2020;1;10;5;2;1;0;UZEL;?;17h30;Houilles - Carrières-sur-Seine;uic_87386409;?;?;normal;8;0;720;465;450;4 - 6 - 6 - 7 - 8 - 9 - 10 - 12;4: 1 - 6: 2 - 7: 1 - 8: 1 - 9: 1 - 10: 1 - 12: 1
2020;1;10;5;2;1;0;UZEL;?;17h55;Houilles - Carrières-sur-Seine;uic_87386409;?;?;normal;8;0;600;502;8;7 - 8 - 8 - 8 - 8 - 9 - 9 - 10;7: 1 - 8: 4 - 9: 2 - 10: 1
2020;1;10;5;2;1;0;UZEL;?;18h20;Houilles - Carrières-sur-Seine;uic_87386409;?;?;normal;8;0;300;150;150;1 - 2 - 1 - 2 - 3 - 3 - 3 - 5;1: 2 - 2: 2 - 3: 3 - 5: 1
2020;1;10;5;2;1;0;UZEL;?;18h45;Houilles - Carrières-sur-Seine;uic_87386409;?;?;normal;8;0;360;225;210;1 - 3 - 3 - 3 - 4 - 5 - 5 - 6;1: 1 - 3: 3 - 4: 1 - 5: 2 - 6: 1
2020;1;10;5;2;1;0;UZEL;?;19h10;Houilles - Carrières-sur-Seine;uic_87386409;?;?;normal;8;0;60;37;1;0 - 1 - 0 - 0 - 1 - 1 - 1 - 1;0: 3 - 1: 5
2020;1;10;5;2;1;0;UZEL;?;19h35;Houilles - Carrières-sur-Seine;uic_87386409;?;?;normal;8;0;120;97;2;1 - 2 - 1 - 1 - 2 - 2 - 2 - 2;1: 3 - 2: 5
2020;1;11;6;2;0;1;OPPE;?;04h41;Cergy le Haut;uic_87382655;?;?;normal;9;0;0;0;0;0 - 0 - 0 - 0 - 0 - 0 - 0 - 0 - 0;0: 9
2020;1;11;6;2;0;1;OPPE;?;05h11;Cergy le Haut;uic_87382655;?;?;normal;9;0;0;0;0;0 - 0 - 0 - 0 - 0 - 0 - 0 - 0 - 0;0: 9
2020;1;11;6;2;0;1;OPPE;?;05h41;Cergy le Haut;uic_87382655;?;?;normal;9;0;0;0;0;0 - 0 - 0 - 0 - 0 - 0 - 0 - 0 - 0;0: 9
2020;1;11;6;2;0;1;OPPE;?;06h11;Cergy le Haut;uic_87382655;?;?;normal;9;0;60;6;0;0 - 0 - 0 - 0 - 0 - 1 - 0 - 0 - 0;0: 8 - 1: 1
2020;1;11;6;2;0;1;QYAN;?;12h04;Cergy le Haut;uic_87382655;?;?;normal;9;0;0;0;0;0 - 0 - 0 - 0 - 0 - 0 - 0 - 0 - 0;0: 9
2020;1;11;6;2;0;1;QYAN;?;12h24;Cergy le Haut;uic_87382655;?;?;normal;9;0;120;60;60;0 - 0 - 0 - 0 - 1 - 2 - 2 - 2 - 2;0: 4 - 1: 1 - 2: 4
2020;1;11;6;2;0;1;QYAN;?;12h44;Cergy le Haut;uic_87382655;?;?;normal;9;0;120;26;0;0 - 0 - 0 - 0 - 0 - 2 - 1 - 1 - 0;0: 6 - 1: 2 - 2: 1
2020;1;11;6;2;0;1;QYAN;?;13h04;Cergy le Haut;uic_87382655;?;?;normal;9;0;60;13;0;0 - 0 - 0 - 0 - 1 - 1 - 0 - 0 - 0;0: 7 - 1: 2
2020;1;11;6;2;0;1;QYAN;?;13h24;Cergy le Haut;uic_87382655;?;?;normal;9;0;0;0;0;0 - 0 - 0 - 0 - 0 - 0 - 0 - 0 - 0;0: 9
2020;1;11;6;2;0;1;QYAN;?;13h44;Cergy le Haut;uic_87382655;?;?;normal;9;0;0;0;0;0 - 0 - 0 - 0 - 0 - 0 - 0 - 0 - 0;0: 9
2020;1;11;6;2;0;1;QYAN;?;14h04;Cergy le Haut;uic_87382655;?;?;normal;9;0;120;53;60;0 - 0 - 0 - 0 - 1 - 2 - 1 - 2 - 2;0: 4 - 1: 2 - 2: 3
2020;1;11;6;2;0;1;QYAN;?;14h24;Cergy le Haut;uic_87382655;?;?;normal;9;0;60;6;0;0 - 0 - 0 - 0 - 0 - 1 - 0 - 0 - 0;0: 8 - 1: 1
2020;1;11;6;2;0;1;QYAN;?;14h44;Cergy le Haut;uic_87382655;?;?;normal;9;0;60;26;0;0 - 0 - 0 - 0 - 1 - 1 - 1 - 1 - 0;0: 5 - 1: 4
2020;1;11;6;2;0;1;QYAN;?;15h04;Cergy le Haut;uic_87382655;?;?;normal;9;0;0;0;0;0 - 0 - 0 - 0 - 0 - 0 - 0 - 0 - 0;0: 9
2020;1;11;6;2;0;1;QYAN;?;15h24;Cergy le Haut;uic_87382655;?;?;normal;9;0;0;0;0;0 - 0 - 0 - 0 - 0 - 0 - 0 - 0 - 0;0: 9
2020;1;11;6;2;0;1;QYAN;?;15h44;Cergy le Haut;uic_87382655;?;?;normal;9;0;0;0;0;0 - 0 - 0 - 0 - 0 - 0 - 0 - 0 - 0;0: 9
2020;1;11;6;2;0;1;QYAN;?;16h04;Cergy le Haut;uic_87382655;?;?;normal;9;0;0;0;0;0 - 0 - 0 - 0 - 0 - 0 - 0 - 0 - 0;0: 9
2020;1;11;6;2;0;1;QYAN;?;16h24;Cergy le Haut;uic_87382655;?;?;normal;9;0;120;53;60;0 - 0 - 0 - 0 - 1 - 2 - 2 - 2 - 1;0: 4 - 1: 2 - 2: 3
2020;1;11;6;2;0;1;QYAN;?;16h44;Cergy le Haut;uic_87382655;?;?;normal;9;0;60;53;60;1 - 1 - 1 - 0 - 1 - 1 - 1 - 1 - 1;0: 1 - 1: 8
2020;1;11;6;2;0;1;QYAN;?;17h04;Cergy le Haut;uic_87382655;?;?;normal;9;0;0;0;0;0 - 0 - 0 - 0 - 0 - 0 - 0 - 0 - 0;0: 9
2020;1;11;6;2;0;1;QYAN;?;17h24;Cergy le Haut;uic_87382655;?;?;normal;9;0;0;0;0;0 - 0 - 0 - 0 - 0 - 0 - 0 - 0 - 0;0: 9
2020;1;11;6;2;0;1;QYAN;?;17h44;Cergy le Haut;uic_87382655;?;?;normal;9;0;120;33;0;0 - 0 - 0 - 0 - 1 - 2 - 1 - 1 - 0;0: 5 - 1: 3 - 2: 1
2020;1;11;6;2;0;1;QYAN;?;18h04;Cergy le Haut;uic_87382655;?;?;normal;9;0;0;0;0;0 - 0 - 0 - 0 - 0 - 0 - 0 - 0 - 0;0: 9
2020;1;11;6;2;0;1;QYAN;?;18h24;Cergy le Haut;uic_87382655;?;?;normal;9;0;60;20;0;0 - 0 - 0 - 0 - 0 - 1 - 1 - 1 - 0;0: 6 - 1: 3
2020;1;11;6;2;0;1;QYAN;?;18h44;Cergy le Haut;uic_87382655;?;?;normal;9;0;0;0;0;0 - 0 - 0 - 0 - 0 - 0 - 0 - 0 - 0;0: 9
2020;1;11;6;2;0;1;QYAN;?;19h04;Cergy le Haut;uic_87382655;?;?;normal;9;0;120;106;120;2 - 2 - 2 - 1 - 2 - 2 - 2 - 2 - 1;1: 2 - 2: 7
2020;1;11;6;2;0;1;QYAN;?;19h24;Cergy le Haut;uic_87382655;?;?;normal;9;0;0;0;0;0 - 0 - 0 - 0 - 0 - 0 - 0 - 0 - 0;0: 9
2020;1;11;6;2;0;1;QYRO;?;06h41;Cergy le Haut;uic_87382655;?;?;normal;9;0;120;53;60;1 - 1 - 1 - 0 - 1 - 2 - 1 - 0 - 1;0: 2 - 1: 6 - 2: 1
2020;1;11;6;2;0;1;QYRO;?;07h11;Cergy le Haut;uic_87382655;?;?;normal;9;0;0;0;0;0 - 0 - 0 - 0 - 0 - 0 - 0 - 0 - 0;0: 9
2020;1;11;6;2;0;1;QYRO;?;07h34;Cergy le Haut;uic_87382655;?;?;normal;9;0;60;20;0;0 - 0 - 0 - 0 - 1 - 1 - 1 - 0 - 0;0: 6 - 1: 3
2020;1;11;6;2;0;1;QYRO;?;08h04;Cergy le Haut;uic_87382655;?;?;normal;9;0;0;0;0;0 - 0 - 0 - 0 - 0 - 0 - 0 - 0 - 0;0: 9
2020;1;11;6;2;0;1;QYRO;?;08h24;Cergy le Haut;uic_87382655;?;?;normal;9;0;0;0;0;0 - 0 - 0 - 0 - 0 - 0 - 0 - 0 - 0;0: 9
2020;1;11;6;2;0;1;QYRO;?;08h44;Cergy le Haut;uic_87382655;?;?;normal;9;0;120;66;60;0 - 1 - 1 - 1 - 1 - 2 - 1 - 2 - 1;0: 1 - 1: 6 - 2: 2
2020;1;11;6;2;0;1;QYRO;?;09h04;Cergy le Haut;uic_87382655;?;?;normal;9;0;0;0;0;0 - 0 - 0 - 0 - 0 - 0 - 0 - 0 - 0;0: 9
2020;1;11;6;2;0;1;QYRO;?;09h24;Cergy le Haut;uic_87382655;?;?;normal;9;0;0;0;0;0 - 0 - 0 - 0 - 0 - 0 - 0 - 0 - 0;0: 9
2020;1;11;6;2;0;1;QYRO;?;09h44;Cergy le Haut;uic_87382655;?;?;normal;9;0;0;0;0;0 - 0 - 0 - 0 - 0 - 0 - 0 - 0 - 0;0: 9
2020;1;11;6;2;0;1;QYRO;?;10h04;Cergy le Haut;uic_87382655;?;?;normal;9;0;0;0;0;0 - 0 - 0 - 0 - 0 - 0 - 0 - 0 - 0;0: 9
2020;1;11;6;2;0;1;QYRO;?;10h24;Cergy le Haut;uic_87382655;?;?;normal;9;0;0;0;0;0 - 0 - 0 - 0 - 0 - 0 - 0 - 0 - 0;0: 9
2020;1;11;6;2;0;1;QYRO;?;10h44;Cergy le Haut;uic_87382655;?;?;normal;9;0;240;133;180;0 - 1 - 1 - 2 - 3 - 3 - 3 - 4 - 3;0: 1 - 1: 2 - 2: 1 - 3: 4 - 4: 1
2020;1;11;6;2;0;1;QYRO;?;11h04;Cergy le Haut;uic_87382655;?;?;normal;9;0;0;0;0;0 - 0 - 0 - 0 - 0 - 0 - 0 - 0 - 0;0: 9
2020;1;11;6;2;0;1;QYRO;?;11h24;Cergy le Haut;uic_87382655;?;?;normal;9;0;0;0;0;0 - 0 - 0 - 0 - 0 - 0 - 0 - 0 - 0;0: 9
2020;1;11;6;2;0;1;QYRO;?;11h44;Cergy le Haut;uic_87382655;?;?;normal;9;0;0;0;0;0 - 0 - 0 - 0 - 0 - 0 - 0 - 0 - 0;0: 9
2020;1;11;6;2;0;1;UBOS;?;05h57;Houilles - Carrières-sur-Seine;uic_87386409;?;?;normal;8;0;360;255;5;0 - 1 - 5 - 6 - 6 - 5 - 6 - 5;0: 1 - 1: 1 - 5: 3 - 6: 3
2020;1;11;6;2;0;1;UBOS;?;06h26;Houilles - Carrières-sur-Seine;uic_87386409;?;?;normal;8;0;60;15;0;1 - 1 - 0 - 0 - 0 - 0 - 0 - 0;0: 6 - 1: 2
2020;1;11;6;2;0;1;UBOS;?;06h57;Houilles - Carrières-sur-Seine;uic_87386409;?;?;normal;8;0;240;217;4;4 - 4 - 3 - 4 - 4 - 3 - 4 - 3;3: 3 - 4: 5
2020;1;11;6;2;0;1;UBOS;?;07h27;Houilles - Carrières-sur-Seine;uic_87386409;?;?;normal;8;0;60;37;1;0 - 1 - 0 - 1 - 1 - 0 - 1 - 1;0: 3 - 1: 5
2020;1;11;6;2;0;1;UBOS;?;07h55;Houilles - Carrières-sur-Seine;uic_87386409;?;?;normal;8;0;0;0;0;0 - 0 - 0 - 0 - 0 - 0 - 0 - 0;0: 8
2020;1;11;6;2;0;1;UBOS;?;08h15;Houilles - Carrières-sur-Seine;uic_87386409;?;?;normal;8;0;180;157;3;2 - 2 - 2 - 3 - 3 - 3 - 3 - 3;2: 3 - 3: 5
2020;1;11;6;2;0;1;UBOS;?;08h35;Houilles - Carrières-sur-Seine;uic_87386409;?;?;normal;8;0;60;7;0;0 - 0 - 0 - 0 - 0 - 1 - 0 - 0;0: 7 - 1: 1
2020;1;11;6;2;0;1;UBOS;?;08h55;Houilles - Carrières-sur-Seine;uic_87386409;?;?;normal;8;0;60;7;0;0 - 0 - 0 - 0 - 0 - 0 - 0 - 1;0: 7 - 1: 1
2020;1;11;6;2;0;1;UBOS;?;09h15;Houilles - Carrières-sur-Seine;uic_87386409;?;?;normal;8;0;60;15;0;0 - 0 - 0 - 0 - 0 - 1 - 1 - 0;0: 6 - 1: 2
2020;1;11;6;2;0;1;UPAC;?;09h35;Houilles - Carrières-sur-Seine;uic_87386409;?;?;normal;8;0;120;37;30;0 - 1 - 0 - 0 - 0 - 1 - 1 - 2;0: 4 - 1: 3 - 2: 1
2020;1;11;6;2;0;1;UPAC;?;09h55;Houilles - Carrières-sur-Seine;uic_87386409;?;?;normal;8;0;0;0;0;0 - 0 - 0 - 0 - 0 - 0 - 0 - 0;0: 8
2020;1;11;6;2;0;1;UPAC;?;10h15;Houilles - Carrières-sur-Seine;uic_87386409;?;?;normal;8;0;0;0;0;0 - 0 - 0 - 0 - 0 - 0 - 0 - 0;0: 8
2020;1;11;6;2;0;1;UPAC;?;10h35;Houilles - Carrières-sur-Seine;uic_87386409;?;?;normal;8;0;0;0;0;0 - 0 - 0 - 0 - 0 - 0 - 0 - 0;0: 8
2020;1;11;6;2;0;1;UPAC;?;10h55;Houilles - Carrières-sur-Seine;uic_87386409;?;?;normal;8;0;180;150;3;0 - 2 - 3 - 3 - 3 - 3 - 3 - 3;0: 1 - 2: 1 - 3: 6
2020;1;11;6;2;0;1;UPAC;?;11h15;Houilles - Carrières-sur-Seine;uic_87386409;?;?;normal;8;0;0;0;0;0 - 0 - 0 - 0 - 0 - 0 - 0 - 0;0: 8
2020;1;11;6;2;0;1;UPAC;?;11h35;Houilles - Carrières-sur-Seine;uic_87386409;?;?;normal;8;0;180;105;90;0 - 1 - 1 - 1 - 2 - 3 - 3 - 3;0: 1 - 1: 3 - 2: 1 - 3: 3
2020;1;11;6;2;0;1;UPAC;?;11h55;Houilles - Carrières-sur-Seine;uic_87386409;?;?;normal;8;0;60;45;1;0 - 1 - 1 - 1 - 1 - 1 - 1 - 0;0: 2 - 1: 6
2020;1;11;6;2;0;1;UPAC;?;12h15;Houilles - Carrières-sur-Seine;uic_87386409;?;?;normal;8;0;60;7;0;0 - 0 - 0 - 0 - 0 - 0 - 0 - 1;0: 7 - 1: 1
2020;1;11;6;2;0;1;UPAC;?;12h35;Houilles - Carrières-sur-Seine;uic_87386409;?;?;normal;8;0;0;0;0;0 - 0 - 0 - 0 - 0 - 0 - 0 - 0;0: 8
2020;1;11;6;2;0;1;UPIR;?;00h14;Houilles - Carrières-sur-Seine;uic_87386409;?;?;normal;8;0;0;0;0;0 - 0 - 0 - 0 - 0 - 0 - 0 - 0;0: 8
2020;1;11;6;2;0;1;UPIR;?;00h44;Houilles - Carrières-sur-Seine;uic_87386409;?;?;normal;8;0;0;0;0;0 - 0 - 0 - 0 - 0 - 0 - 0 - 0;0: 8
2020;1;11;6;2;0;1;UPIR;?;01h13;Houilles - Carrières-sur-Seine;uic_87386409;?;?;normal;8;0;120;90;2;0 - 2 - 1 - 2 - 2 - 1 - 2 - 2;0: 1 - 1: 2 - 2: 5
2020;1;11;6;2;0;1;UPIR;?;21h14;Houilles - Carrières-sur-Seine;uic_87386409;?;?;normal;8;0;180;127;2;1 - 2 - 1 - 2 - 3 - 2 - 3 - 3;1: 2 - 2: 3 - 3: 3
2020;1;11;6;2;0;1;UPIR;?;21h44;Houilles - Carrières-sur-Seine;uic_87386409;?;?;normal;8;0;120;52;1;0 - 1 - 0 - 1 - 1 - 1 - 2 - 1;0: 2 - 1: 5 - 2: 1
2020;1;11;6;2;0;1;UPIR;?;22h14;Houilles - Carrières-sur-Seine;uic_87386409;?;?;normal;8;0;540;187;0;0 - 0 - 0 - 0 - 0 - 8 - 9 - 8;0: 5 - 8: 2 - 9: 1
2020;1;11;6;2;0;1;UPIR;?;22h44;Houilles - Carrières-sur-Seine;uic_87386409;?;?;normal;8;0;60;7;0;0 - 1 - 0 - 0 - 0 - 0 - 0 - 0;0: 7 - 1: 1
2020;1;11;6;2;0;1;UPIR;?;23h14;Houilles - Carrières-sur-Seine;uic_87386409;?;?;normal;8;0;180;157;3;3 - 3 - 2 - 3 - 3 - 2 - 3 - 2;2: 3 - 3: 5
2020;1;11;6;2;0;1;UPIR;?;23h44;Houilles - Carrières-sur-Seine;uic_87386409;?;?;normal;8;0;180;97;2;1 - 1 - 0 - 2 - 2 - 2 - 3 - 2;0: 1 - 1: 2 - 2: 4 - 3: 1
2020;1;11;6;2;0;1;UPUS;?;12h55;Houilles - Carrières-sur-Seine;uic_87386409;?;?;normal;8;0;180;120;2;2 - 3 - 2 - 2 - 2 - 2 - 2 - 1;1: 1 - 2: 6 - 3: 1
2020;1;11;6;2;0;1;UPUS;?;13h15;Houilles - Carrières-sur-Seine;uic_87386409;?;?;normal;8;0;120;45;30;0 - 0 - 0 - 0 - 1 - 1 - 2 - 2;0: 4 - 1: 2 - 2: 2
2020;1;11;6;2;0;1;UPUS;?;13h35;Houilles - Carrières-sur-Seine;uic_87386409;?;?;normal;8;0;60;7;0;0 - 0 - 0 - 0 - 0 - 1 - 0 - 0;0: 7 - 1: 1
2020;1;11;6;2;0;1;UPUS;?;13h55;Houilles - Carrières-sur-Seine;uic_87386409;?;?;normal;8;0;120;90;2;0 - 1 - 1 - 2 - 2 - 2 - 2 - 2;0: 1 - 1: 2 - 2: 5
2020;1;11;6;2;0;1;UPUS;?;14h15;Houilles - Carrières-sur-Seine;uic_87386409;?;?;normal;8;0;0;0;0;0 - 0 - 0 - 0 - 0 - 0 - 0 - 0;0: 8
2020;1;11;6;2;0;1;UPUS;?;14h35;Houilles - Carrières-sur-Seine;uic_87386409;?;?;normal;8;0;0;0;0;0 - 0 - 0 - 0 - 0 - 0 - 0 - 0;0: 8
2020;1;11;6;2;0;1;UPUS;?;14h55;Houilles - Carrières-sur-Seine;uic_87386409;?;?;normal;8;0;360;240;4;0 - 4 - 4 - 4 - 4 - 5 - 5 - 6;0: 1 - 4: 4 - 5: 2 - 6: 1
2020;1;11;6;2;0;1;UPUS;?;15h15;Houilles - Carrières-sur-Seine;uic_87386409;?;?;normal;8;0;0;0;0;0 - 0 - 0 - 0 - 0 - 0 - 0 - 0;0: 8
2020;1;11;6;2;0;1;UPUS;?;15h35;Houilles - Carrières-sur-Seine;uic_87386409;?;?;normal;8;0;240;202;210;2 - 3 - 3 - 3 - 4 - 4 - 4 - 4;2: 1 - 3: 3 - 4: 4
2020;1;11;6;2;0;1;UPUS;?;15h55;Houilles - Carrières-sur-Seine;uic_87386409;?;?;normal;8;0;60;7;0;0 - 0 - 0 - 0 - 0 - 1 - 0 - 0;0: 7 - 1: 1
2020;1;11;6;2;0;1;UPUS;?;16h15;Houilles - Carrières-sur-Seine;uic_87386409;?;?;normal;8;0;60;30;30;0 - 0 - 0 - 0 - 1 - 1 - 1 - 1;0: 4 - 1: 4
2020;1;11;6;2;0;1;UPUS;?;16h35;Houilles - Carrières-sur-Seine;uic_87386409;?;?;normal;8;0;0;0;0;0 - 0 - 0 - 0 - 0 - 0 - 0 - 0;0: 8
2020;1;11;6;2;0;1;UPUS;?;16h55;Houilles - Carrières-sur-Seine;uic_87386409;?;?;normal;8;0;180;120;2;0 - 1 - 2 - 2 - 2 - 3 - 3 - 3;0: 1 - 1: 1 - 2: 3 - 3: 3
2020;1;11;6;2;0;1;UPUS;?;17h15;Houilles - Carrières-sur-Seine;uic_87386409;?;?;normal;8;0;120;60;1;0 - 1 - 0 - 1 - 1 - 2 - 2 - 1;0: 2 - 1: 4 - 2: 2
2020;1;11;6;2;0;1;UPUS;?;17h35;Houilles - Carrières-sur-Seine;uic_87386409;?;?;normal;8;0;120;67;1;0 - 1 - 0 - 1 - 1 - 2 - 2 - 2;0: 2 - 1: 3 - 2: 3
2020;1;11;6;2;0;1;UPUS;?;17h55;Houilles - Carrières-sur-Seine;uic_87386409;?;?;normal;8;0;60;22;0;0 - 0 - 0 - 0 - 1 - 1 - 1 - 0;0: 5 - 1: 3
2020;1;11;6;2;0;1;UPUS;?;18h15;Houilles - Carrières-sur-Seine;uic_87386409;?;?;normal;8;0;60;15;0;0 - 0 - 0 - 0 - 0 - 1 - 0 - 1;0: 6 - 1: 2
2020;1;11;6;2;0;1;UPUS;?;18h35;Houilles - Carrières-sur-Seine;uic_87386409;?;?;normal;8;0;240;217;4;3 - 4 - 3 - 4 - 4 - 4 - 4 - 3;3: 3 - 4: 5
2020;1;11;6;2;0;1;UPUS;?;18h55;Houilles - Carrières-sur-Seine;uic_87386409;?;?;normal;8;0;60;45;1;0 - 0 - 1 - 1 - 1 - 1 - 1 - 1;0: 2 - 1: 6
2020;1;11;6;2;0;1;UPUS;?;19h15;Houilles - Carrières-sur-Seine;uic_87386409;?;?;normal;8;0;180;97;90;0 - 1 - 1 - 1 - 2 - 3 - 3 - 2;0: 1 - 1: 3 - 2: 2 - 3: 2
2020;1;11;6;2;0;1;UPUS;?;19h35;Houilles - Carrières-sur-Seine;uic_87386409;?;?;normal;8;0;660;472;10;0 - 0 - 10 - 10 - 11 - 11 - 11 - 10;0: 2 - 10: 3 - 11: 3
2020;1;11;6;2;0;1;UPUS;?;19h55;Houilles - Carrières-sur-Seine;uic_87386409;?;?;normal;8;0;1200;345;4;3 - 3 - 4 - 4 - 4 - 4 - 4 - 20;3: 2 - 4: 5 - 20: 1
2020;1;11;6;2;0;1;UPUS;?;20h16;Houilles - Carrières-sur-Seine;uic_87386409;?;?;normal;8;0;60;45;1;0 - 0 - 1 - 1 - 1 - 1 - 1 - 1;0: 2 - 1: 6
2020;1;11;6;2;0;1;UPUS;?;20h44;Houilles - Carrières-sur-Seine;uic_87386409;?;?;normal;8;0;60;15;0;1 - 1 - 0 - 0 - 0 - 0 - 0 - 0;0: 6 - 1: 2
2020;1;12;7;2;0;1;OPPE;?;04h41;Cergy le Haut;uic_87382655;?;?;normal;9;0;0;0;0;0 - 0 - 0 - 0 - 0 - 0 - 0 - 0 - 0;0: 9
2020;1;12;7;2;0;1;OPPE;?;05h11;Cergy le Haut;uic_87382655;?;?;normal;9;0;0;0;0;0 - 0 - 0 - 0 - 0 - 0 - 0 - 0 - 0;0: 9
2020;1;12;7;2;0;1;OPPE;?;05h41;Cergy le Haut;uic_87382655;?;?;normal;9;0;60;13;0;0 - 0 - 0 - 0 - 1 - 1 - 0 - 0 - 0;0: 7 - 1: 2
2020;1;12;7;2;0;1;OPPE;?;06h11;Cergy le Haut;uic_87382655;?;?;normal;9;0;0;0;0;0 - 0 - 0 - 0 - 0 - 0 - 0 - 0 - 0;0: 9
2020;1;12;7;2;0;1;OPUS;?;00h05;Cergy le Haut;uic_87382655;?;?;normal;9;0;120;20;0;0 - 0 - 0 - 0 - 0 - 2 - 1 - 0 - 0;0: 7 - 1: 1 - 2: 1
2020;1;12;7;2;0;1;QYAN;?;12h04;Cergy le Haut;uic_87382655;?;?;normal;9;0;300;266;300;5 - 5 - 4 - 4 - 5 - 5 - 5 - 4 - 3;3: 1 - 4: 3 - 5: 5
2020;1;12;7;2;0;1;QYAN;?;12h24;Cergy le Haut;uic_87382655;?;?;normal;9;0;0;0;0;0 - 0 - 0 - 0 - 0 - 0 - 0 - 0 - 0;0: 9
2020;1;12;7;2;0;1;QYAN;?;12h44;Cergy le Haut;uic_87382655;?;?;normal;9;0;0;0;0;0 - 0 - 0 - 0 - 0 - 0 - 0 - 0 - 0;0: 9
2020;1;12;7;2;0;1;QYAN;?;13h04;Cergy le Haut;uic_87382655;?;?;normal;9;0;0;0;0;0 - 0 - 0 - 0 - 0 - 0 - 0 - 0 - 0;0: 9
2020;1;12;7;2;0;1;QYAN;?;13h24;Cergy le Haut;uic_87382655;?;?;normal;9;0;0;0;0;0 - 0 - 0 - 0 - 0 - 0 - 0 - 0 - 0;0: 9
2020;1;12;7;2;0;1;QYAN;?;13h44;Cergy le Haut;uic_87382655;?;?;normal;9;0;0;0;0;0 - 0 - 0 - 0 - 0 - 0 - 0 - 0 - 0;0: 9
2020;1;12;7;2;0;1;QYAN;?;14h04;Cergy le Haut;uic_87382655;?;?;normal;9;0;0;0;0;0 - 0 - 0 - 0 - 0 - 0 - 0 - 0 - 0;0: 9
2020;1;12;7;2;0;1;QYAN;?;14h24;Cergy le Haut;uic_87382655;?;?;normal;9;0;60;20;0;0 - 1 - 0 - 0 - 1 - 1 - 0 - 0 - 0;0: 6 - 1: 3
2020;1;12;7;2;0;1;QYAN;?;14h44;Cergy le Haut;uic_87382655;?;?;normal;9;0;120;46;0;0 - 0 - 0 - 0 - 0 - 2 - 2 - 2 - 1;0: 5 - 1: 1 - 2: 3
2020;1;12;7;2;0;1;QYAN;?;15h04;Cergy le Haut;uic_87382655;?;?;normal;9;0;0;0;0;0 - 0 - 0 - 0 - 0 - 0 - 0 - 0 - 0;0: 9
2020;1;12;7;2;0;1;QYAN;?;15h24;Cergy le Haut;uic_87382655;?;?;normal;9;0;60;26;0;0 - 0 - 0 - 0 - 1 - 1 - 1 - 1 - 0;0: 5 - 1: 4
2020;1;12;7;2;0;1;QYAN;?;15h44;Cergy le Haut;uic_87382655;?;?;normal;9;0;0;0;0;0 - 0 - 0 - 0 - 0 - 0 - 0 - 0 - 0;0: 9
2020;1;12;7;2;0;1;QYAN;?;16h04;Cergy le Haut;uic_87382655;?;?;normal;9;0;0;0;0;0 - 0 - 0 - 0 - 0 - 0 - 0 - 0 - 0;0: 9
2020;1;12;7;2;0;1;QYAN;?;16h24;Cergy le Haut;uic_87382655;?;?;normal;9;0;0;0;0;0 - 0 - 0 - 0 - 0 - 0 - 0 - 0 - 0;0: 9
2020;1;12;7;2;0;1;QYAN;?;16h44;Cergy le Haut;uic_87382655;?;?;normal;9;0;0;0;0;0 - 0 - 0 - 0 - 0 - 0 - 0 - 0 - 0;0: 9
2020;1;12;7;2;0;1;QYAN;?;17h04;Cergy le Haut;uic_87382655;?;?;normal;9;0;60;20;0;0 - 0 - 0 - 0 - 0 - 1 - 1 - 1 - 0;0: 6 - 1: 3
2020;1;12;7;2;0;1;QYAN;?;17h24;Cergy le Haut;uic_87382655;?;?;normal;9;0;0;0;0;0 - 0 - 0 - 0 - 0 - 0 - 0 - 0 - 0;0: 9
2020;1;12;7;2;0;1;QYAN;?;17h44;Cergy le Haut;uic_87382655;?;?;normal;9;0;0;0;0;0 - 0 - 0 - 0 - 0 - 0 - 0 - 0 - 0;0: 9
2020;1;12;7;2;0;1;QYAN;?;18h04;Cergy le Haut;uic_87382655;?;?;normal;9;0;0;0;0;0 - 0 - 0 - 0 - 0 - 0 - 0 - 0 - 0;0: 9
2020;1;12;7;2;0;1;QYAN;?;18h24;Cergy le Haut;uic_87382655;?;?;normal;9;0;0;0;0;0 - 0 - 0 - 0 - 0 - 0 - 0 - 0 - 0;0: 9
2020;1;12;7;2;0;1;QYAN;?;18h44;Cergy le Haut;uic_87382655;?;?;normal;9;0;60;13;0;0 - 0 - 0 - 0 - 0 - 1 - 0 - 1 - 0;0: 7 - 1: 2
2020;1;12;7;2;0;1;QYAN;?;19h04;Cergy le Haut;uic_87382655;?;?;normal;9;0;60;26;0;0 - 0 - 0 - 0 - 1 - 1 - 1 - 1 - 0;0: 5 - 1: 4
2020;1;12;7;2;0;1;QYAN;?;19h24;Cergy le Haut;uic_87382655;?;?;normal;9;0;0;0;0;0 - 0 - 0 - 0 - 0 - 0 - 0 - 0 - 0;0: 9
2020;1;12;7;2;0;1;QYRO;?;06h41;Cergy le Haut;uic_87382655;?;?;normal;9;0;60;33;60;0 - 0 - 0 - 0 - 1 - 1 - 1 - 1 - 1;0: 4 - 1: 5
2020;1;12;7;2;0;1;QYRO;?;07h11;Cergy le Haut;uic_87382655;?;?;normal;9;0;0;0;0;0 - 0 - 0 - 0 - 0 - 0 - 0 - 0 - 0;0: 9
2020;1;12;7;2;0;1;QYRO;?;07h34;Cergy le Haut;uic_87382655;?;?;normal;9;0;60;40;60;1 - 1 - 1 - 1 - 1 - 1 - 0 - 0 - 0;0: 3 - 1: 6
2020;1;12;7;2;0;1;QYRO;?;08h04;Cergy le Haut;uic_87382655;?;?;normal;9;0;0;0;0;0 - 0 - 0 - 0 - 0 - 0 - 0 - 0 - 0;0: 9
2020;1;12;7;2;0;1;QYRO;?;08h24;Cergy le Haut;uic_87382655;?;?;normal;9;0;60;6;0;0 - 0 - 0 - 0 - 0 - 1 - 0 - 0 - 0;0: 8 - 1: 1
2020;1;12;7;2;0;1;QYRO;?;08h44;Cergy le Haut;uic_87382655;?;?;normal;9;0;60;20;0;0 - 0 - 0 - 0 - 0 - 1 - 1 - 1 - 0;0: 6 - 1: 3
2020;1;12;7;2;0;1;QYRO;?;09h04;Cergy le Haut;uic_87382655;?;?;normal;9;0;60;6;0;0 - 0 - 0 - 0 - 0 - 1 - 0 - 0 - 0;0: 8 - 1: 1
2020;1;12;7;2;0;1;QYRO;?;09h24;Cergy le Haut;uic_87382655;?;?;normal;9;0;60;6;0;0 - 0 - 0 - 0 - 0 - 1 - 0 - 0 - 0;0: 8 - 1: 1
2020;1;12;7;2;0;1;QYRO;?;09h44;Cergy le Haut;uic_87382655;?;?;normal;9;0;0;0;0;0 - 0 - 0 - 0 - 0 - 0 - 0 - 0 - 0;0: 9
2020;1;12;7;2;0;1;QYRO;?;10h04;Cergy le Haut;uic_87382655;?;?;normal;9;0;0;0;0;0 - 0 - 0 - 0 - 0 - 0 - 0 - 0 - 0;0: 9
2020;1;12;7;2;0;1;QYRO;?;10h24;Cergy le Haut;uic_87382655;?;?;normal;9;0;0;0;0;0 - 0 - 0 - 0 - 0 - 0 - 0 - 0 - 0;0: 9
2020;1;12;7;2;0;1;QYRO;?;10h44;Cergy le Haut;uic_87382655;?;?;normal;9;0;420;266;240;0 - 4 - 4 - 4 - 4 - 7 - 6 - 6 - 5;0: 1 - 4: 4 - 5: 1 - 6: 2 - 7: 1
2020;1;12;7;2;0;1;QYRO;?;11h04;Cergy le Haut;uic_87382655;?;?;normal;9;0;0;0;0;0 - 0 - 0 - 0 - 0 - 0 - 0 - 0 - 0;0: 9
2020;1;12;7;2;0;1;QYRO;?;11h24;Cergy le Haut;uic_87382655;?;?;normal;9;0;0;0;0;0 - 0 - 0 - 0 - 0 - 0 - 0 - 0 - 0;0: 9
2020;1;12;7;2;0;1;QYRO;?;11h44;Cergy le Haut;uic_87382655;?;?;normal;9;0;120;26;0;0 - 0 - 0 - 0 - 0 - 2 - 1 - 1 - 0;0: 6 - 1: 2 - 2: 1
2020;1;12;7;2;0;1;UBOS;?;05h57;Houilles - Carrières-sur-Seine;uic_87386409;?;?;normal;8;0;180;105;2;0 - 2 - 1 - 2 - 2 - 2 - 3 - 2;0: 1 - 1: 1 - 2: 5 - 3: 1
2020;1;12;7;2;0;1;UBOS;?;06h26;Houilles - Carrières-sur-Seine;uic_87386409;?;?;normal;8;0;120;37;30;1 - 2 - 0 - 1 - 1 - 0 - 0 - 0;0: 4 - 1: 3 - 2: 1
2020;1;12;7;2;0;1;UBOS;?;06h57;Houilles - Carrières-sur-Seine;uic_87386409;?;?;normal;8;0;300;270;270;5 - 5 - 4 - 5 - 5 - 4 - 4 - 4;4: 4 - 5: 4
2020;1;12;7;2;0;1;UBOS;?;07h27;Houilles - Carrières-sur-Seine;uic_87386409;?;?;normal;8;0;60;22;0;0 - 0 - 0 - 0 - 1 - 0 - 1 - 1;0: 5 - 1: 3
2020;1;12;7;2;0;1;UBOS;?;07h55;Houilles - Carrières-sur-Seine;uic_87386409;?;?;normal;8;0;120;97;2;1 - 2 - 0 - 2 - 2 - 2 - 2 - 2;0: 1 - 1: 1 - 2: 6
2020;1;12;7;2;0;1;UBOS;?;08h15;Houilles - Carrières-sur-Seine;uic_87386409;?;?;normal;8;0;120;52;1;1 - 2 - 0 - 1 - 1 - 0 - 1 - 1;0: 2 - 1: 5 - 2: 1
2020;1;12;7;2;0;1;UBOS;?;08h35;Houilles - Carrières-sur-Seine;uic_87386409;?;?;normal;8;0;60;22;0;0 - 1 - 0 - 0 - 0 - 1 - 1 - 0;0: 5 - 1: 3
2020;1;12;7;2;0;1;UBOS;?;08h55;Houilles - Carrières-sur-Seine;uic_87386409;?;?;normal;8;0;0;0;0;0 - 0 - 0 - 0 - 0 - 0 - 0 - 0;0: 8
2020;1;12;7;2;0;1;UBOS;?;09h15;Houilles - Carrières-sur-Seine;uic_87386409;?;?;normal;8;0;180;82;90;0 - 0 - 0 - 1 - 2 - 3 - 3 - 2;0: 3 - 1: 1 - 2: 2 - 3: 2
2020;1;12;7;2;0;1;UPAC;?;09h35;Houilles - Carrières-sur-Seine;uic_87386409;?;?;normal;8;0;60;45;1;0 - 1 - 0 - 1 - 1 - 1 - 1 - 1;0: 2 - 1: 6
2020;1;12;7;2;0;1;UPAC;?;09h55;Houilles - Carrières-sur-Seine;uic_87386409;?;?;normal;8;0;0;0;0;0 - 0 - 0 - 0 - 0 - 0 - 0 - 0;0: 8
2020;1;12;7;2;0;1;UPAC;?;10h15;Houilles - Carrières-sur-Seine;uic_87386409;?;?;normal;8;0;60;15;0;0 - 1 - 0 - 0 - 0 - 1 - 0 - 0;0: 6 - 1: 2
2020;1;12;7;2;0;1;UPAC;?;10h35;Houilles - Carrières-sur-Seine;uic_87386409;?;?;normal;8;0;0;0;0;0 - 0 - 0 - 0 - 0 - 0 - 0 - 0;0: 8
2020;1;12;7;2;0;1;UPAC;?;10h55;Houilles - Carrières-sur-Seine;uic_87386409;?;?;normal;8;0;120;45;0;0 - 0 - 0 - 0 - 0 - 2 - 2 - 2;0: 5 - 2: 3
2020;1;12;7;2;0;1;UPAC;?;11h15;Houilles - Carrières-sur-Seine;uic_87386409;?;?;normal;8;0;0;0;0;0 - 0 - 0 - 0 - 0 - 0 - 0 - 0;0: 8
2020;1;12;7;2;0;1;UPAC;?;11h35;Houilles - Carrières-sur-Seine;uic_87386409;?;?;normal;8;0;420;135;1;1 - 1 - 0 - 0 - 1 - 1 - 7 - 7;0: 2 - 1: 4 - 7: 2
2020;1;12;7;2;0;1;UPAC;?;11h55;Houilles - Carrières-sur-Seine;uic_87386409;?;?;normal;8;0;0;0;0;0 - 0 - 0 - 0 - 0 - 0 - 0 - 0;0: 8
2020;1;12;7;2;0;1;UPAC;?;12h15;Houilles - Carrières-sur-Seine;uic_87386409;?;?;normal;8;0;0;0;0;0 - 0 - 0 - 0 - 0 - 0 - 0 - 0;0: 8
2020;1;12;7;2;0;1;UPAC;?;12h35;Houilles - Carrières-sur-Seine;uic_87386409;?;?;normal;8;0;0;0;0;0 - 0 - 0 - 0 - 0 - 0 - 0 - 0;0: 8
2020;1;12;7;2;0;1;UPIR;?;00h14;Houilles - Carrières-sur-Seine;uic_87386409;?;?;normal;8;0;240;210;4;4 - 4 - 2 - 4 - 4 - 3 - 4 - 3;2: 1 - 3: 2 - 4: 5
2020;1;12;7;2;0;1;UPIR;?;00h44;Houilles - Carrières-sur-Seine;uic_87386409;?;?;normal;8;0;180;112;2;1 - 2 - 1 - 2 - 2 - 2 - 3 - 2;1: 2 - 2: 5 - 3: 1
2020;1;12;7;2;0;1;UPIR;?;01h13;Houilles - Carrières-sur-Seine;uic_87386409;?;?;normal;8;0;120;75;90;0 - 0 - 1 - 2 - 2 - 2 - 2 - 1;0: 2 - 1: 2 - 2: 4
2020;1;12;7;2;0;1;UPIR;?;21h14;Houilles - Carrières-sur-Seine;uic_87386409;?;?;normal;8;0;120;97;2;1 - 2 - 1 - 2 - 2 - 1 - 2 - 2;1: 3 - 2: 5
2020;1;12;7;2;0;1;UPIR;?;21h44;Houilles - Carrières-sur-Seine;uic_87386409;?;?;normal;8;0;480;360;7;3 - 3 - 5 - 7 - 8 - 7 - 8 - 7;3: 2 - 5: 1 - 7: 3 - 8: 2
2020;1;12;7;2;0;1;UPIR;?;22h14;Houilles - Carrières-sur-Seine;uic_87386409;?;?;normal;8;0;60;37;1;1 - 1 - 0 - 1 - 1 - 0 - 1 - 0;0: 3 - 1: 5
2020;1;12;7;2;0;1;UPIR;?;22h44;Houilles - Carrières-sur-Seine;uic_87386409;?;?;normal;8;0;60;37;1;1 - 1 - 0 - 1 - 1 - 0 - 1 - 0;0: 3 - 1: 5
2020;1;12;7;2;0;1;UPIR;?;23h14;Houilles - Carrières-sur-Seine;uic_87386409;?;?;normal;8;0;60;30;30;0 - 1 - 0 - 1 - 1 - 0 - 1 - 0;0: 4 - 1: 4
2020;1;12;7;2;0;1;UPIR;?;23h44;Houilles - Carrières-sur-Seine;uic_87386409;?;?;normal;8;0;60;15;0;1 - 1 - 0 - 0 - 0 - 0 - 0 - 0;0: 6 - 1: 2
2020;1;12;7;2;0;1;UPUS;?;12h55;Houilles - Carrières-sur-Seine;uic_87386409;?;?;normal;8;0;60;7;0;0 - 0 - 0 - 0 - 0 - 1 - 0 - 0;0: 7 - 1: 1
2020;1;12;7;2;0;1;UPUS;?;13h15;Houilles - Carrières-sur-Seine;uic_87386409;?;?;normal;8;0;0;0;0;0 - 0 - 0 - 0 - 0 - 0 - 0 - 0;0: 8
2020;1;12;7;2;0;1;UPUS;?;13h35;Houilles - Carrières-sur-Seine;uic_87386409;?;?;normal;8;0;600;600;10;10 - 10 - 10 - 10 - 10 - 10 - 10 - 10;10: 8
2020;1;12;7;2;0;1;UPUS;?;13h55;Houilles - Carrières-sur-Seine;uic_87386409;?;?;normal;8;0;60;7;0;0 - 0 - 0 - 0 - 0 - 1 - 0 - 0;0: 7 - 1: 1
2020;1;12;7;2;0;1;UPUS;?;14h15;Houilles - Carrières-sur-Seine;uic_87386409;?;?;normal;8;0;0;0;0;0 - 0 - 0 - 0 - 0 - 0 - 0 - 0;0: 8
2020;1;12;7;2;0;1;UPUS;?;14h35;Houilles - Carrières-sur-Seine;uic_87386409;?;?;normal;8;0;60;52;1;0 - 1 - 1 - 1 - 1 - 1 - 1 - 1;0: 1 - 1: 7
2020;1;12;7;2;0;1;UPUS;?;14h55;Houilles - Carrières-sur-Seine;uic_87386409;?;?;normal;8;0;180;127;2;0 - 3 - 2 - 2 - 2 - 3 - 2 - 3;0: 1 - 2: 4 - 3: 3
2020;1;12;7;2;0;1;UPUS;?;15h15;Houilles - Carrières-sur-Seine;uic_87386409;?;?;normal;8;0;60;7;0;0 - 0 - 0 - 0 - 0 - 1 - 0 - 0;0: 7 - 1: 1
2020;1;12;7;2;0;1;UPUS;?;15h35;Houilles - Carrières-sur-Seine;uic_87386409;?;?;normal;8;0;60;45;1;0 - 1 - 0 - 1 - 1 - 1 - 1 - 1;0: 2 - 1: 6
2020;1;12;7;2;0;1;UPUS;?;15h55;Houilles - Carrières-sur-Seine;uic_87386409;?;?;normal;8;0;0;0;0;0 - 0 - 0 - 0 - 0 - 0 - 0 - 0;0: 8
2020;1;12;7;2;0;1;UPUS;?;16h15;Houilles - Carrières-sur-Seine;uic_87386409;?;?;normal;8;0;120;30;0;0 - 0 - 0 - 0 - 0 - 1 - 1 - 2;0: 5 - 1: 2 - 2: 1
2020;1;12;7;2;0;1;UPUS;?;16h35;Houilles - Carrières-sur-Seine;uic_87386409;?;?;normal;8;0;60;22;0;0 - 0 - 0 - 0 - 1 - 1 - 1 - 0;0: 5 - 1: 3
2020;1;12;7;2;0;1;UPUS;?;16h55;Houilles - Carrières-sur-Seine;uic_87386409;?;?;normal;8;0;60;52;1;0 - 1 - 1 - 1 - 1 - 1 - 1 - 1;0: 1 - 1: 7
2020;1;12;7;2;0;1;UPUS;?;17h15;Houilles - Carrières-sur-Seine;uic_87386409;?;?;normal;8;0;0;0;0;0 - 0 - 0 - 0 - 0 - 0 - 0 - 0;0: 8
2020;1;12;7;2;0;1;UPUS;?;17h35;Houilles - Carrières-sur-Seine;uic_87386409;?;?;normal;8;0;60;7;0;0 - 0 - 0 - 0 - 0 - 0 - 0 - 1;0: 7 - 1: 1
2020;1;12;7;2;0;1;UPUS;?;17h55;Houilles - Carrières-sur-Seine;uic_87386409;?;?;normal;8;0;600;412;9;0 - 1 - 8 - 9 - 9 - 10 - 9 - 9;0: 1 - 1: 1 - 8: 1 - 9: 4 - 10: 1
2020;1;12;7;2;0;1;UPUS;?;18h15;Houilles - Carrières-sur-Seine;uic_87386409;?;?;normal;8;0;0;0;0;0 - 0 - 0 - 0 - 0 - 0 - 0 - 0;0: 8
2020;1;12;7;2;0;1;UPUS;?;18h35;Houilles - Carrières-sur-Seine;uic_87386409;?;?;normal;8;0;120;75;1;1 - 1 - 0 - 1 - 2 - 2 - 2 - 1;0: 1 - 1: 4 - 2: 3
2020;1;12;7;2;0;1;UPUS;?;18h55;Houilles - Carrières-sur-Seine;uic_87386409;?;?;normal;8;0;480;367;7;0 - 4 - 7 - 7 - 7 - 8 - 8 - 8;0: 1 - 4: 1 - 7: 3 - 8: 3
2020;1;12;7;2;0;1;UPUS;?;19h15;Houilles - Carrières-sur-Seine;uic_87386409;?;?;normal;8;0;120;67;1;0 - 1 - 1 - 1 - 1 - 2 - 2 - 1;0: 1 - 1: 5 - 2: 2
2020;1;12;7;2;0;1;UPUS;?;19h35;Houilles - Carrières-sur-Seine;uic_87386409;?;?;normal;8;0;480;450;450;7 - 8 - 7 - 7 - 8 - 8 - 8 - 7;7: 4 - 8: 4
2020;1;12;7;2;0;1;UPUS;?;19h55;Houilles - Carrières-sur-Seine;uic_87386409;?;?;normal;8;0;0;0;0;0 - 0 - 0 - 0 - 0 - 0 - 0 - 0;0: 8
2020;1;12;7;2;0;1;UPUS;?;20h16;Houilles - Carrières-sur-Seine;uic_87386409;?;?;normal;8;0;0;0;0;0 - 0 - 0 - 0 - 0 - 0 - 0 - 0;0: 8
2020;1;12;7;2;0;1;UPUS;?;20h44;Houilles - Carrières-sur-Seine;uic_87386409;?;?;normal;8;0;300;247;4;3 - 5 - 3 - 4 - 5 - 4 - 5 - 4;3: 2 - 4: 3 - 5: 3
2020;1;13;1;3;1;0;NAJA;?;22h58;Sartrouville;uic_87386417;?;?;normal;2;0;0;0;0;0 - 0;0: 2
2020;1;13;1;3;1;0;NANI;?;14h13;Cergy le Haut;uic_87382655;?;?;normal;9;0;60;40;60;1 - 1 - 1 - 1 - 1 - 1 - 0 - 0 - 0;0: 3 - 1: 6
2020;1;13;1;3;1;0;NANI;?;14h33;Cergy le Haut;uic_87382655;?;?;normal;9;0;60;6;0;0 - 0 - 1 - 0 - 0 - 0 - 0 - 0 - 0;0: 8 - 1: 1
2020;1;13;1;3;1;0;NANI;?;14h53;Cergy le Haut;uic_87382655;?;?;normal;9;0;0;0;0;0 - 0 - 0 - 0 - 0 - 0 - 0 - 0 - 0;0: 9
2020;1;13;1;3;1;0;NANI;?;15h13;Cergy le Haut;uic_87382655;?;?;normal;9;0;60;40;60;0 - 0 - 1 - 1 - 1 - 1 - 1 - 1 - 0;0: 3 - 1: 6
2020;1;13;1;3;1;0;NANI;?;15h33;Cergy le Haut;uic_87382655;?;?;normal;9;0;120;60;60;0 - 0 - 1 - 1 - 1 - 2 - 2 - 2 - 0;0: 3 - 1: 3 - 2: 3
2020;1;13;1;3;1;0;NANI;?;15h53;Cergy le Haut;uic_87382655;?;?;normal;9;0;240;46;0;0 - 0 - 0 - 0 - 0 - 1 - 0 - 4 - 2;0: 6 - 1: 1 - 2: 1 - 4: 1
2020;1;13;1;3;1;0;NANI;?;16h13;Cergy le Haut;uic_87382655;?;?;normal;9;0;420;173;0;0 - 0 - 0 - 0 - 0 - 7 - 7 - 7 - 5;0: 5 - 5: 1 - 7: 3
2020;1;13;1;3;1;0;NANI;?;16h36;Cergy le Haut;uic_87382655;?;?;normal;9;0;180;53;60;0 - 0 - 0 - 0 - 1 - 3 - 2 - 1 - 1;0: 4 - 1: 3 - 2: 1 - 3: 1
2020;1;13;1;3;1;0;NANI;?;17h01;Cergy le Haut;uic_87382655;?;?;normal;9;0;120;53;60;0 - 0 - 0 - 0 - 2 - 2 - 2 - 1 - 1;0: 4 - 1: 2 - 2: 3
2020;1;13;1;3;1;0;NANI;?;17h26;Cergy le Haut;uic_87382655;?;?;normal;9;0;120;46;60;0 - 0 - 0 - 0 - 1 - 2 - 2 - 1 - 1;0: 4 - 1: 3 - 2: 2
2020;1;13;1;3;1;0;NANI;?;17h51;Cergy le Haut;uic_87382655;?;?;normal;9;0;360;279;300;4 - 5 - 5 - 4 - 5 - 6 - 5 - 4 - 4;4: 4 - 5: 4 - 6: 1
2020;1;13;1;3;1;0;NANI;?;18h16;Cergy le Haut;uic_87382655;?;?;normal;9;0;60;6;0;0 - 0 - 0 - 0 - 0 - 0 - 1 - 0 - 0;0: 8 - 1: 1
2020;1;13;1;3;1;0;NANI;?;18h41;Cergy le Haut;uic_87382655;?;?;normal;9;0;120;73;60;0 - 1 - 1 - 1 - 2 - 2 - 2 - 1 - 1;0: 1 - 1: 5 - 2: 3
2020;1;13;1;3;1;0;NANI;?;19h06;Cergy le Haut;uic_87382655;?;?;normal;9;0;840;773;780;12 - 13 - 12 - 12 - 13 - 14 - 14 - 13 - 13;12: 3 - 13: 4 - 14: 2
2020;1;13;1;3;1;0;NANI;?;19h39;Cergy le Haut;uic_87382655;?;?;normal;9;0;0;0;0;0 - 0 - 0 - 0 - 0 - 0 - 0 - 0 - 0;0: 9
2020;1;13;1;3;1;0;NANI;?;20h05;Cergy le Haut;uic_87382655;?;?;normal;9;0;60;6;0;0 - 0 - 0 - 0 - 0 - 1 - 0 - 0 - 0;0: 8 - 1: 1
2020;1;13;1;3;1;0;NANI;?;20h35;Cergy le Haut;uic_87382655;?;?;normal;9;0;0;0;0;0 - 0 - 0 - 0 - 0 - 0 - 0 - 0 - 0;0: 9
2020;1;13;1;3;1;0;NANI;?;21h33;Cergy le Haut;uic_87382655;?;?;normal;9;0;60;13;0;0 - 0 - 1 - 0 - 0 - 1 - 0 - 0 - 0;0: 7 - 1: 2
2020;1;13;1;3;1;0;NATO;?;05h12;Cergy le Haut;uic_87382655;?;?;normal;9;0;0;0;0;0 - 0 - 0 - 0 - 0 - 0 - 0 - 0 - 0;0: 9
2020;1;13;1;3;1;0;NATO;?;05h57;Cergy le Haut;uic_87382655;?;?;normal;9;0;120;86;60;1 - 1 - 1 - 1 - 1 - 2 - 2 - 2 - 2;1: 5 - 2: 4
2020;1;13;1;3;1;0;NATO;?;06h27;Cergy le Haut;uic_87382655;?;?;normal;9;0;240;93;0;0 - 0 - 0 - 0 - 0 - 3 - 3 - 4 - 4;0: 5 - 3: 2 - 4: 2
2020;1;13;1;3;1;0;NATO;?;06h42;Cergy le Haut;uic_87382655;?;?;normal;9;0;120;40;0;0 - 0 - 0 - 0 - 0 - 2 - 1 - 1 - 2;0: 5 - 1: 2 - 2: 2
2020;1;13;1;3;1;0;NATO;?;06h51;Cergy le Haut;uic_87382655;?;?;normal;9;0;0;0;0;0 - 0 - 0 - 0 - 0 - 0 - 0 - 0 - 0;0: 9
2020;1;13;1;3;1;0;NATO;?;07h14;Cergy le Haut;uic_87382655;?;?;normal;9;0;0;0;0;0 - 0 - 0 - 0 - 0 - 0 - 0 - 0 - 0;0: 9
2020;1;13;1;3;1;0;NATO;?;07h38;Cergy le Haut;uic_87382655;?;?;normal;9;0;120;26;0;0 - 0 - 0 - 0 - 0 - 1 - 0 - 1 - 2;0: 6 - 1: 2 - 2: 1
2020;1;13;1;3;1;0;NATO;?;08h01;Cergy le Haut;uic_87382655;?;?;normal;9;0;60;13;0;0 - 0 - 0 - 0 - 0 - 0 - 0 - 1 - 1;0: 7 - 1: 2
2020;1;13;1;3;1;0;NATO;?;08h24;Cergy le Haut;uic_87382655;?;?;normal;9;0;60;6;0;0 - 0 - 0 - 0 - 0 - 0 - 0 - 0 - 1;0: 8 - 1: 1
2020;1;13;1;3;1;0;NATO;?;08h48;Cergy le Haut;uic_87382655;?;?;normal;9;0;60;6;0;0 - 0 - 1 - 0 - 0 - 0 - 0 - 0 - 0;0: 8 - 1: 1
2020;1;13;1;3;1;0;NATO;?;09h14;Cergy le Haut;uic_87382655;?;?;normal;9;0;60;6;0;0 - 0 - 0 - 0 - 0 - 1 - 0 - 0 - 0;0: 8 - 1: 1
2020;1;13;1;3;1;0;NATO;?;09h33;Cergy le Haut;uic_87382655;?;?;normal;9;0;0;0;0;0 - 0 - 0 - 0 - 0 - 0 - 0 - 0 - 0;0: 9
2020;1;13;1;3;1;0;NATO;?;09h55;Cergy le Haut;uic_87382655;?;?;normal;9;0;0;0;0;0 - 0 - 0 - 0 - 0 - 0 - 0 - 0 - 0;0: 9
2020;1;13;1;3;1;0;NATO;?;10h13;Cergy le Haut;uic_87382655;?;?;normal;9;0;180;106;120;0 - 1 - 2 - 2 - 2 - 3 - 2 - 3 - 1;0: 1 - 1: 2 - 2: 4 - 3: 2
2020;1;13;1;3;1;0;NATO;?;10h33;Cergy le Haut;uic_87382655;?;?;normal;9;0;180;86;60;1 - 1 - 1 - 1 - 1 - 2 - 2 - 3 - 1;1: 6 - 2: 2 - 3: 1
2020;1;13;1;3;1;0;NATO;?;10h53;Cergy le Haut;uic_87382655;?;?;normal;9;0;0;0;0;0 - 0 - 0 - 0 - 0 - 0 - 0 - 0 - 0;0: 9
2020;1;13;1;3;1;0;NATO;?;11h13;Cergy le Haut;uic_87382655;?;?;normal;9;0;0;0;0;0 - 0 - 0 - 0 - 0 - 0 - 0 - 0 - 0;0: 9
2020;1;13;1;3;1;0;NATO;?;11h33;Cergy le Haut;uic_87382655;?;?;normal;9;0;0;0;0;0 - 0 - 0 - 0 - 0 - 0 - 0 - 0 - 0;0: 9
2020;1;13;1;3;1;0;NATO;?;11h53;Cergy le Haut;uic_87382655;?;?;normal;9;0;120;99;120;2 - 2 - 2 - 2 - 2 - 2 - 1 - 2 - 0;0: 1 - 1: 1 - 2: 7
2020;1;13;1;3;1;0;NATO;?;12h13;Cergy le Haut;uic_87382655;?;?;normal;9;0;240;73;0;0 - 0 - 0 - 0 - 0 - 2 - 3 - 4 - 2;0: 5 - 2: 2 - 3: 1 - 4: 1
2020;1;13;1;3;1;0;NATO;?;12h33;Cergy le Haut;uic_87382655;?;?;normal;9;0;0;0;0;0 - 0 - 0 - 0 - 0 - 0 - 0 - 0 - 0;0: 9
2020;1;13;1;3;1;0;NATO;?;12h53;Cergy le Haut;uic_87382655;?;?;normal;9;0;0;0;0;0 - 0 - 0 - 0 - 0 - 0 - 0 - 0 - 0;0: 9
2020;1;13;1;3;1;0;NATO;?;13h13;Cergy le Haut;uic_87382655;?;?;normal;9;0;120;40;60;0 - 0 - 1 - 1 - 0 - 2 - 1 - 1 - 0;0: 4 - 1: 4 - 2: 1
2020;1;13;1;3;1;0;NATO;?;13h33;Cergy le Haut;uic_87382655;?;?;normal;9;0;180;46;0;0 - 0 - 0 - 0 - 0 - 3 - 2 - 2 - 0;0: 6 - 2: 2 - 3: 1
2020;1;13;1;3;1;0;NATO;?;13h53;Cergy le Haut;uic_87382655;?;?;normal;9;0;240;180;180;2 - 2 - 3 - 3 - 3 - 4 - 4 - 4 - 2;2: 3 - 3: 3 - 4: 3
2020;1;13;1;3;1;0;NOTE;?;05h40;Poissy;uic_87386573;?;?;normal;5;0;0;0;0;0 - 0 - 0 - 0 - 0;0: 5
2020;1;13;1;3;1;0;NOTE;?;06h00;Poissy;uic_87386573;?;?;normal;5;0;0;0;0;0 - 0 - 0 - 0 - 0;0: 5
2020;1;13;1;3;1;0;NOTE;?;06h30;Poissy;uic_87386573;?;?;normal;5;0;120;107;120;2 - 2 - 1 - 2 - 2;1: 1 - 2: 4
2020;1;13;1;3;1;0;NOTE;?;07h13;Poissy;uic_87386573;?;?;normal;5;0;120;60;60;0 - 2 - 1 - 1 - 1;0: 1 - 1: 3 - 2: 1
2020;1;13;1;3;1;0;NOTE;?;07h37;Poissy;uic_87386573;?;?;normal;5;0;60;60;60;1 - 1 - 1 - 1 - 1;1: 5
2020;1;13;1;3;1;0;NOTE;?;07h59;Poissy;uic_87386573;?;?;normal;5;0;120;96;120;0 - 2 - 2 - 2 - 2;0: 1 - 2: 4
2020;1;13;1;3;1;0;NOTE;?;08h22;Poissy;uic_87386573;?;?;normal;5;0;120;60;60;1 - 0 - 1 - 1 - 2;0: 1 - 1: 3 - 2: 1
2020;1;13;1;3;1;0;NOTE;?;08h46;Poissy;uic_87386573;?;?;normal;5;0;120;36;0;0 - 0 - 0 - 1 - 2;0: 3 - 1: 1 - 2: 1
2020;1;13;1;3;1;0;NOTE;?;09h09;Poissy;uic_87386573;?;?;normal;5;0;0;0;0;0 - 0 - 0 - 0 - 0;0: 5
2020;1;13;1;3;1;0;NOTE;?;16h42;Poissy;uic_87386573;?;?;annule;5;5;0;0;0;;
2020;1;13;1;3;1;0;NOTE;?;17h05;Poissy;uic_87386573;?;?;normal;5;0;60;24;0;1 - 1 - 0 - 0 - 0;0: 3 - 1: 2
2020;1;13;1;3;1;0;NOTE;?;17h32;Poissy;uic_87386573;?;?;normal;5;0;60;12;0;0 - 1 - 0 - 0 - 0;0: 4 - 1: 1
2020;1;13;1;3;1;0;NOTE;?;17h57;Poissy;uic_87386573;?;?;normal;5;0;60;12;0;0 - 1 - 0 - 0 - 0;0: 4 - 1: 1
2020;1;13;1;3;1;0;NOTE;?;18h22;Poissy;uic_87386573;?;?;normal;5;0;120;72;60;1 - 2 - 1 - 1 - 1;1: 4 - 2: 1
2020;1;13;1;3;1;0;NOTE;?;18h47;Poissy;uic_87386573;?;?;normal;5;0;1500;1403;1380;23 - 25 - 23 - 23 - 23;23: 4 - 25: 1
2020;1;13;1;3;1;0;NOTE;?;19h12;Poissy;uic_87386573;?;?;normal;5;0;1560;1440;1500;20 - 26 - 25 - 24 - 25;20: 1 - 24: 1 - 25: 2 - 26: 1
2020;1;13;1;3;1;0;NOTE;?;19h39;Poissy;uic_87386573;?;?;normal;5;0;60;24;0;0 - 1 - 0 - 1 - 0;0: 3 - 1: 2
2020;1;13;1;3;1;0;NOTE;?;20h34;Poissy;uic_87386573;?;?;normal;5;0;0;0;0;0 - 0 - 0 - 0 - 0;0: 5
2020;1;13;1;3;1;0;NOTE;?;21h35;Poissy;uic_87386573;?;?;normal;5;0;0;0;0;0 - 0 - 0 - 0 - 0;0: 5
2020;1;13;1;3;1;0;NOTE;?;22h33;Poissy;uic_87386573;?;?;normal;5;0;600;600;600;10 - 10 - 10 - 10 - 10;10: 5
2020;1;13;1;3;1;0;OKLA;?;09h40;Poissy;uic_87386573;?;?;normal;5;0;60;48;60;1 - 1 - 0 - 1 - 1;0: 1 - 1: 4
2020;1;13;1;3;1;0;OKLA;?;10h16;Poissy;uic_87386573;?;?;normal;5;0;120;120;120;2 - 2 - 2 - 2 - 2;2: 5
2020;1;13;1;3;1;0;OKLA;?;10h40;Poissy;uic_87386573;?;?;normal;5;0;180;167;180;3 - 3 - 3 - 2 - 3;2: 1 - 3: 4
2020;1;13;1;3;1;0;OKLA;?;11h20;Poissy;uic_87386573;?;?;normal;5;0;0;0;0;0 - 0 - 0 - 0 - 0;0: 5
2020;1;13;1;3;1;0;OKLA;?;12h00;Poissy;uic_87386573;?;?;normal;5;0;0;0;0;0 - 0 - 0 - 0 - 0;0: 5
2020;1;13;1;3;1;0;OKLA;?;12h40;Poissy;uic_87386573;?;?;normal;5;0;60;48;60;1 - 1 - 0 - 1 - 1;0: 1 - 1: 4
2020;1;13;1;3;1;0;OKLA;?;13h20;Poissy;uic_87386573;?;?;normal;5;0;60;12;0;0 - 0 - 0 - 0 - 1;0: 4 - 1: 1
2020;1;13;1;3;1;0;OKLA;?;14h00;Poissy;uic_87386573;?;?;normal;5;0;60;24;0;1 - 1 - 0 - 0 - 0;0: 3 - 1: 2
2020;1;13;1;3;1;0;OKRE;?;14h40;Poissy;uic_87386573;?;?;annule_partiellement;5;4;5340;5340;5340;89 - / - / - / - /;89: 1
2020;1;13;1;3;1;0;OKRE;?;15h20;Poissy;uic_87386573;?;?;normal;5;0;2820;2772;2760;46 - 46 - 47 - 46 - 46;46: 4 - 47: 1
2020;1;13;1;3;1;0;OKRE;?;16h00;Poissy;uic_87386573;?;?;normal;5;0;2940;2555;2460;41 - 41 - 41 - 41 - 49;41: 4 - 49: 1
2020;1;13;1;3;1;0;OPEN;?;04h42;Cergy le Haut;uic_87382655;?;?;normal;9;0;60;20;0;0 - 0 - 1 - 1 - 0 - 1 - 0 - 0 - 0;0: 6 - 1: 3
2020;1;13;1;3;1;0;OPUS;?;00h28;Sartrouville;uic_87386417;?;?;normal;2;0;0;0;0;0 - 0;0: 2
2020;1;13;1;3;1;0;OPUS;?;23h58;Sartrouville;uic_87386417;?;?;normal;2;0;0;0;0;0 - 0;0: 2
2020;1;13;1;3;1;0;QURI;?;00h05;Poissy;uic_87386573;?;?;normal;5;0;180;36;0;0 - 0 - 0 - 0 - 3;0: 4 - 3: 1
2020;1;13;1;3;1;0;QURI;?;05h10;Poissy;uic_87386573;?;?;normal;5;0;0;0;0;0 - 0 - 0 - 0 - 0;0: 5
2020;1;13;1;3;1;0;TAPI;?;00h31;Houilles - Carrières-sur-Seine;uic_87386409;?;?;normal;4;0;60;15;0;0 - 1 - 0 - 0;0: 3 - 1: 1
2020;1;13;1;3;1;0;TAXE;?;00h03;Houilles - Carrières-sur-Seine;uic_87386409;?;?;normal;4;0;0;0;0;0 - 0 - 0 - 0;0: 4
2020;1;13;1;3;1;0;TAXE;?;06h35;Houilles - Carrières-sur-Seine;uic_87386409;?;?;normal;4;0;60;15;0;0 - 1 - 0 - 0;0: 3 - 1: 1
2020;1;13;1;3;1;0;TAXE;?;07h06;Houilles - Carrières-sur-Seine;uic_87386409;?;?;normal;4;0;0;0;0;0 - 0 - 0 - 0;0: 4
2020;1;13;1;3;1;0;TAXE;?;07h37;Houilles - Carrières-sur-Seine;uic_87386409;?;?;normal;4;0;60;15;0;0 - 0 - 1 - 0;0: 3 - 1: 1
2020;1;13;1;3;1;0;TAXE;?;08h13;Houilles - Carrières-sur-Seine;uic_87386409;?;?;normal;4;0;0;0;0;0 - 0 - 0 - 0;0: 4
2020;1;13;1;3;1;0;TAXE;?;08h36;Houilles - Carrières-sur-Seine;uic_87386409;?;?;normal;4;0;480;390;7;7 - 8 - 7 - 4;4: 1 - 7: 2 - 8: 1
2020;1;13;1;3;1;0;TAXE;?;09h00;Houilles - Carrières-sur-Seine;uic_87386409;?;?;normal;4;0;720;645;690;11 - 12 - 12 - 8;8: 1 - 11: 1 - 12: 2
2020;1;13;1;3;1;0;TAXE;?;09h23;Houilles - Carrières-sur-Seine;uic_87386409;?;?;normal;4;0;840;825;14;14 - 14 - 14 - 13;13: 1 - 14: 3
2020;1;13;1;3;1;0;TAXE;?;09h46;Houilles - Carrières-sur-Seine;uic_87386409;?;?;normal;4;0;720;690;12;12 - 12 - 12 - 10;10: 1 - 12: 3
2020;1;13;1;3;1;0;TAXE;?;09h58;Houilles - Carrières-sur-Seine;uic_87386409;?;?;normal;4;0;600;510;510;7 - 7 - 10 - 10;7: 2 - 10: 2
2020;1;13;1;3;1;0;TAXE;?;17h26;Houilles - Carrières-sur-Seine;uic_87386409;?;?;normal;4;0;180;120;2;2 - 3 - 2 - 1;1: 1 - 2: 2 - 3: 1
2020;1;13;1;3;1;0;TAXE;?;17h51;Houilles - Carrières-sur-Seine;uic_87386409;?;?;normal;4;0;360;345;6;5 - 6 - 6 - 6;5: 1 - 6: 3
2020;1;13;1;3;1;0;TAXE;?;18h16;Houilles - Carrières-sur-Seine;uic_87386409;?;?;normal;4;0;1860;1815;1830;29 - 30 - 31 - 31;29: 1 - 30: 1 - 31: 2
2020;1;13;1;3;1;0;TAXE;?;18h41;Houilles - Carrières-sur-Seine;uic_87386409;?;?;normal;4;0;1680;1620;27;26 - 28 - 28 - 26;26: 2 - 28: 2
2020;1;13;1;3;1;0;TAXE;?;19h06;Houilles - Carrières-sur-Seine;uic_87386409;?;?;normal;4;0;540;540;9;9 - 9 - 9 - 9;9: 4
2020;1;13;1;3;1;0;TAXE;?;19h31;Houilles - Carrières-sur-Seine;uic_87386409;?;?;normal;4;0;780;765;13;13 - 13 - 13 - 12;12: 1 - 13: 3
2020;1;13;1;3;1;0;TAXE;?;19h56;Houilles - Carrières-sur-Seine;uic_87386409;?;?;normal;4;0;900;855;870;14 - 15 - 15 - 13;13: 1 - 14: 1 - 15: 2
2020;1;13;1;3;1;0;TAXE;?;20h38;Houilles - Carrières-sur-Seine;uic_87386409;?;?;normal;4;0;60;15;0;0 - 1 - 0 - 0;0: 3 - 1: 1
2020;1;13;1;3;1;0;TAXE;?;21h19;Houilles - Carrières-sur-Seine;uic_87386409;?;?;normal;4;0;900;825;810;13 - 14 - 15 - 13;13: 2 - 14: 1 - 15: 1
2020;1;13;1;3;1;0;TAXE;?;22h03;Houilles - Carrières-sur-Seine;uic_87386409;?;?;normal;4;0;600;195;1;1 - 1 - 1 - 10;1: 3 - 10: 1
2020;1;13;1;3;1;0;TAXE;?;23h03;Houilles - Carrières-sur-Seine;uic_87386409;?;?;normal;4;0;300;120;1;1 - 1 - 1 - 5;1: 3 - 5: 1
2020;1;13;1;3;1;0;TEDI;?;00h58;Houilles - Carrières-sur-Seine;uic_87386409;?;?;normal;4;0;180;165;3;2 - 3 - 3 - 3;2: 1 - 3: 3
2020;1;13;1;3;1;0;TRAM;?;15h53;Houilles - Carrières-sur-Seine;uic_87386409;?;?;annule;4;4;0;0;0;;
2020;1;13;1;3;1;0;TRAM;?;16h33;Houilles - Carrières-sur-Seine;uic_87386409;?;?;normal;4;0;180;150;150;2 - 3 - 2 - 3;2: 2 - 3: 2
2020;1;13;1;3;1;0;TRAM;?;16h54;Houilles - Carrières-sur-Seine;uic_87386409;?;?;normal;4;0;0;0;0;0 - 0 - 0 - 0;0: 4
2020;1;13;1;3;1;0;TROC;?;10h33;Houilles - Carrières-sur-Seine;uic_87386409;?;?;normal;4;0;180;135;150;2 - 3 - 3 - 1;1: 1 - 2: 1 - 3: 2
2020;1;13;1;3;1;0;TROC;?;11h13;Houilles - Carrières-sur-Seine;uic_87386409;?;?;normal;4;0;180;135;150;2 - 3 - 3 - 1;1: 1 - 2: 1 - 3: 2
2020;1;13;1;3;1;0;TROC;?;11h53;Houilles - Carrières-sur-Seine;uic_87386409;?;?;normal;4;0;60;30;30;0 - 1 - 1 - 0;0: 2 - 1: 2
2020;1;13;1;3;1;0;TROC;?;12h33;Houilles - Carrières-sur-Seine;uic_87386409;?;?;normal;4;0;0;0;0;0 - 0 - 0 - 0;0: 4
2020;1;13;1;3;1;0;TROC;?;13h13;Houilles - Carrières-sur-Seine;uic_87386409;?;?;normal;4;0;60;30;30;0 - 1 - 1 - 0;0: 2 - 1: 2
2020;1;13;1;3;1;0;TROC;?;13h53;Houilles - Carrières-sur-Seine;uic_87386409;?;?;normal;4;0;0;0;0;0 - 0 - 0 - 0;0: 4
2020;1;13;1;3;1;0;TROC;?;14h33;Houilles - Carrières-sur-Seine;uic_87386409;?;?;normal;4;0;120;60;1;0 - 2 - 1 - 1;0: 1 - 1: 2 - 2: 1
2020;1;13;1;3;1;0;TROC;?;15h13;Houilles - Carrières-sur-Seine;uic_87386409;?;?;normal;4;0;2820;735;1;0 - 0 - 2 - 47;0: 2 - 2: 1 - 47: 1
2020;1;13;1;3;1;0;UBAL;?;05h56;Houilles - Carrières-sur-Seine;uic_87386409;?;?;normal;8;0;0;0;0;0 - 0 - 0 - 0 - 0 - 0 - 0 - 0;0: 8
2020;1;13;1;3;1;0;UZAR;?;06h23;Houilles - Carrières-sur-Seine;uic_87386409;?;?;normal;8;0;180;97;2;0 - 0 - 2 - 2 - 2 - 2 - 2 - 3;0: 2 - 2: 5 - 3: 1
2020;1;13;1;3;1;0;UZAR;?;06h40;Houilles - Carrières-sur-Seine;uic_87386409;?;?;normal;8;0;180;97;2;0 - 0 - 2 - 2 - 2 - 2 - 2 - 3;0: 2 - 2: 5 - 3: 1
2020;1;13;1;3;1;0;UZAR;?;07h11;Houilles - Carrières-sur-Seine;uic_87386409;?;?;normal;8;0;180;112;90;1 - 1 - 1 - 1 - 2 - 3 - 3 - 3;1: 4 - 2: 1 - 3: 3
2020;1;13;1;3;1;0;UZAR;?;07h25;Houilles - Carrières-sur-Seine;uic_87386409;?;?;normal;8;0;420;345;6;5 - 6 - 5 - 5 - 6 - 6 - 6 - 7;5: 3 - 6: 4 - 7: 1
2020;1;13;1;3;1;0;UZAR;?;07h46;Houilles - Carrières-sur-Seine;uic_87386409;?;?;normal;8;0;420;352;6;6 - 7 - 5 - 6 - 6 - 6 - 6 - 5;5: 2 - 6: 5 - 7: 1
2020;1;13;1;3;1;0;UZAR;?;07h57;Houilles - Carrières-sur-Seine;uic_87386409;?;?;normal;8;0;300;247;4;4 - 4 - 4 - 4 - 5 - 4 - 4 - 4;4: 7 - 5: 1
2020;1;13;1;3;1;0;UZAR;?;08h21;Houilles - Carrières-sur-Seine;uic_87386409;?;?;normal;8;0;120;97;2;1 - 2 - 1 - 2 - 1 - 2 - 2 - 2;1: 3 - 2: 5
2020;1;13;1;3;1;0;UZAR;?;08h44;Houilles - Carrières-sur-Seine;uic_87386409;?;?;normal;8;0;840;795;13;14 - 14 - 13 - 13 - 13 - 13 - 13 - 13;13: 6 - 14: 2
2020;1;13;1;3;1;0;UZAR;?;09h07;Houilles - Carrières-sur-Seine;uic_87386409;?;?;normal;8;0;1680;1590;27;24 - 25 - 27 - 27 - 28 - 27 - 27 - 27;24: 1 - 25: 1 - 27: 5 - 28: 1
2020;1;13;1;3;1;0;UZAR;?;09h31;Houilles - Carrières-sur-Seine;uic_87386409;?;?;normal;8;0;1260;1192;20;19 - 20 - 19 - 20 - 20 - 20 - 21 - 20;19: 2 - 20: 5 - 21: 1
2020;1;13;1;3;1;0;UZAR;?;09h54;Houilles - Carrières-sur-Seine;uic_87386409;?;?;normal;8;0;660;585;10;9 - 10 - 9 - 9 - 10 - 10 - 10 - 11;9: 3 - 10: 4 - 11: 1
2020;1;13;1;3;1;0;UZAR;?;10h18;Houilles - Carrières-sur-Seine;uic_87386409;?;?;normal;8;0;120;67;1;1 - 1 - 0 - 1 - 2 - 1 - 2 - 1;0: 1 - 1: 5 - 2: 2
2020;1;13;1;3;1;0;UZAR;?;10h38;Houilles - Carrières-sur-Seine;uic_87386409;?;?;normal;8;0;420;367;6;6 - 6 - 5 - 6 - 7 - 6 - 7 - 6;5: 1 - 6: 5 - 7: 2
2020;1;13;1;3;1;0;UZAR;?;10h58;Houilles - Carrières-sur-Seine;uic_87386409;?;?;normal;8;0;0;0;0;0 - 0 - 0 - 0 - 0 - 0 - 0 - 0;0: 8
2020;1;13;1;3;1;0;UZAR;?;11h18;Houilles - Carrières-sur-Seine;uic_87386409;?;?;normal;8;0;240;195;3;3 - 3 - 2 - 3 - 4 - 3 - 4 - 4;2: 1 - 3: 4 - 4: 3
2020;1;13;1;3;1;0;UZAR;?;11h38;Houilles - Carrières-sur-Seine;uic_87386409;?;?;normal;8;0;120;45;1;0 - 1 - 0 - 1 - 1 - 0 - 1 - 2;0: 3 - 1: 4 - 2: 1
2020;1;13;1;3;1;0;UZAR;?;11h58;Houilles - Carrières-sur-Seine;uic_87386409;?;?;normal;8;0;60;22;0;0 - 1 - 0 - 0 - 1 - 0 - 1 - 0;0: 5 - 1: 3
2020;1;13;1;3;1;0;UZAR;?;12h18;Houilles - Carrières-sur-Seine;uic_87386409;?;?;normal;8;0;60;22;0;0 - 0 - 0 - 0 - 1 - 0 - 1 - 1;0: 5 - 1: 3
2020;1;13;1;3;1;0;UZAR;?;12h38;Houilles - Carrières-sur-Seine;uic_87386409;?;?;normal;8;0;240;202;210;3 - 4 - 2 - 4 - 4 - 3 - 4 - 3;2: 1 - 3: 3 - 4: 4
2020;1;13;1;3;1;0;UZAR;?;12h58;Houilles - Carrières-sur-Seine;uic_87386409;?;?;normal;8;0;480;375;7;3 - 4 - 6 - 7 - 7 - 7 - 8 - 8;3: 1 - 4: 1 - 6: 1 - 7: 3 - 8: 2
2020;1;13;1;3;1;0;UZAR;?;13h18;Houilles - Carrières-sur-Seine;uic_87386409;?;?;normal;8;0;120;60;1;0 - 1 - 0 - 1 - 2 - 1 - 2 - 1;0: 2 - 1: 4 - 2: 2
2020;1;13;1;3;1;0;UZAR;?;13h38;Houilles - Carrières-sur-Seine;uic_87386409;?;?;normal;8;0;180;105;2;1 - 2 - 0 - 2 - 2 - 2 - 3 - 2;0: 1 - 1: 1 - 2: 5 - 3: 1
2020;1;13;1;3;1;0;UZAR;?;13h58;Houilles - Carrières-sur-Seine;uic_87386409;?;?;normal;8;0;120;105;2;2 - 2 - 1 - 2 - 2 - 2 - 2 - 1;1: 2 - 2: 6
2020;1;13;1;3;1;0;UZAR;?;14h18;Houilles - Carrières-sur-Seine;uic_87386409;?;?;normal;8;0;60;37;1;0 - 1 - 0 - 1 - 1 - 0 - 1 - 1;0: 3 - 1: 5
2020;1;13;1;3;1;0;UZAR;?;14h38;Houilles - Carrières-sur-Seine;uic_87386409;?;?;normal;8;0;300;240;4;3 - 4 - 2 - 4 - 5 - 4 - 5 - 5;2: 1 - 3: 1 - 4: 3 - 5: 3
2020;1;13;1;3;1;0;UZAR;?;14h58;Houilles - Carrières-sur-Seine;uic_87386409;?;?;normal;8;0;120;90;90;1 - 2 - 1 - 2 - 2 - 1 - 2 - 1;1: 4 - 2: 4
2020;1;13;1;3;1;0;UZAR;?;15h18;Houilles - Carrières-sur-Seine;uic_87386409;?;?;normal;8;0;240;202;210;3 - 4 - 2 - 3 - 4 - 3 - 4 - 4;2: 1 - 3: 3 - 4: 4
2020;1;13;1;3;1;0;UZEL;?;15h47;Houilles - Carrières-sur-Seine;uic_87386409;?;?;normal;8;0;60;15;0;0 - 0 - 0 - 0 - 1 - 0 - 1 - 0;0: 6 - 1: 2
2020;1;13;1;3;1;0;UZEL;?;16h07;Houilles - Carrières-sur-Seine;uic_87386409;?;?;normal;8;0;120;60;1;0 - 0 - 0 - 1 - 2 - 1 - 2 - 2;0: 3 - 1: 2 - 2: 3
2020;1;13;1;3;1;0;UZEL;?;16h26;Houilles - Carrières-sur-Seine;uic_87386409;?;?;normal;8;0;120;67;1;0 - 1 - 0 - 1 - 2 - 1 - 2 - 2;0: 2 - 1: 3 - 2: 3
2020;1;13;1;3;1;0;UZEL;?;16h59;Houilles - Carrières-sur-Seine;uic_87386409;?;?;normal;8;0;420;285;6;0 - 1 - 5 - 6 - 7 - 6 - 7 - 6;0: 1 - 1: 1 - 5: 1 - 6: 3 - 7: 2
2020;1;13;1;3;1;0;UZEL;?;17h18;Houilles - Carrières-sur-Seine;uic_87386409;?;?;normal;8;0;120;90;2;0 - 1 - 1 - 2 - 2 - 2 - 2 - 2;0: 1 - 1: 2 - 2: 5
2020;1;13;1;3;1;0;UZEL;?;17h43;Houilles - Carrières-sur-Seine;uic_87386409;?;?;normal;8;0;720;630;11;8 - 10 - 9 - 11 - 12 - 11 - 11 - 12;8: 1 - 9: 1 - 10: 1 - 11: 3 - 12: 2
2020;1;13;1;3;1;0;UZEL;?;18h08;Houilles - Carrières-sur-Seine;uic_87386409;?;?;normal;8;0;1980;1852;31;29 - 30 - 29 - 31 - 31 - 32 - 32 - 33;29: 2 - 30: 1 - 31: 2 - 32: 2 - 33: 1
2020;1;13;1;3;1;0;UZEL;?;18h33;Houilles - Carrières-sur-Seine;uic_87386409;?;?;normal;8;0;1440;1245;21;18 - 20 - 19 - 21 - 22 - 21 - 21 - 24;18: 1 - 19: 1 - 20: 1 - 21: 3 - 22: 1 - 24: 1
2020;1;13;1;3;1;0;UZEL;?;18h58;Houilles - Carrières-sur-Seine;uic_87386409;?;?;normal;8;0;960;892;15;13 - 14 - 14 - 16 - 16 - 15 - 15 - 16;13: 1 - 14: 2 - 15: 2 - 16: 3
2020;1;13;1;3;1;0;UZEL;?;19h23;Houilles - Carrières-sur-Seine;uic_87386409;?;?;normal;8;0;900;832;15;11 - 12 - 13 - 15 - 15 - 15 - 15 - 15;11: 1 - 12: 1 - 13: 1 - 15: 5
2020;1;13;1;3;1;0;UZEL;?;19h48;Houilles - Carrières-sur-Seine;uic_87386409;?;?;normal;8;0;540;420;450;4 - 6 - 6 - 7 - 8 - 8 - 8 - 9;4: 1 - 6: 2 - 7: 1 - 8: 3 - 9: 1
2020;1;13;1;3;1;0;UZEL;?;20h10;Houilles - Carrières-sur-Seine;uic_87386409;?;?;normal;8;0;360;285;5;4 - 4 - 4 - 5 - 5 - 5 - 5 - 6;4: 3 - 5: 4 - 6: 1
2020;1;13;1;3;1;0;UZEL;?;20h28;Houilles - Carrières-sur-Seine;uic_87386409;?;?;normal;8;0;180;37;0;0 - 0 - 0 - 0 - 0 - 1 - 1 - 3;0: 5 - 1: 2 - 3: 1
2020;1;13;1;3;1;0;UZEL;?;21h08;Houilles - Carrières-sur-Seine;uic_87386409;?;?;normal;8;0;960;915;15;15 - 16 - 15 - 15 - 15 - 15 - 15 - 16;15: 6 - 16: 2
2020;1;13;1;3;1;0;UZEL;?;21h49;Houilles - Carrières-sur-Seine;uic_87386409;?;?;normal;8;0;180;142;2;2 - 2 - 2 - 3 - 3 - 2 - 2 - 3;2: 5 - 3: 3
2020;1;13;1;3;1;0;VELO;?;22h48;Houilles - Carrières-sur-Seine;uic_87386409;?;?;normal;1;0;180;180;180;3;3: 1
2020;1;13;1;3;1;0;VELO;?;23h48;Houilles - Carrières-sur-Seine;uic_87386409;?;?;normal;1;0;0;0;0;0;0: 1
2020;1;13;1;3;1;0;VIDA;?;00h44;Houilles - Carrières-sur-Seine;uic_87386409;?;?;annule;1;1;0;0;0;;
2020;1;13;1;3;1;0;VIRO;?;01h13;Houilles - Carrières-sur-Seine;uic_87386409;?;?;normal;1;0;120;120;120;2;2: 1
2020;1;14;2;3;1;0;NAJA;?;22h58;Sartrouville;uic_87386417;?;?;normal;2;0;0;0;0;0 - 0;0: 2
2020;1;14;2;3;1;0;NANI;?;14h13;Cergy le Haut;uic_87382655;?;?;normal;9;0;0;0;0;0 - 0 - 0 - 0 - 0 - 0 - 0 - 0 - 0;0: 9
2020;1;14;2;3;1;0;NANI;?;14h33;Cergy le Haut;uic_87382655;?;?;normal;9;0;0;0;0;0 - 0 - 0 - 0 - 0 - 0 - 0 - 0 - 0;0: 9
2020;1;14;2;3;1;0;NANI;?;14h53;Cergy le Haut;uic_87382655;?;?;normal;9;0;0;0;0;0 - 0 - 0 - 0 - 0 - 0 - 0 - 0 - 0;0: 9
2020;1;14;2;3;1;0;NANI;?;15h13;Cergy le Haut;uic_87382655;?;?;normal;9;0;120;46;60;0 - 0 - 1 - 0 - 1 - 2 - 1 - 2 - 0;0: 4 - 1: 3 - 2: 2
2020;1;14;2;3;1;0;NANI;?;15h33;Cergy le Haut;uic_87382655;?;?;normal;9;0;0;0;0;0 - 0 - 0 - 0 - 0 - 0 - 0 - 0 - 0;0: 9
2020;1;14;2;3;1;0;NANI;?;15h53;Cergy le Haut;uic_87382655;?;?;normal;9;0;0;0;0;0 - 0 - 0 - 0 - 0 - 0 - 0 - 0 - 0;0: 9
2020;1;14;2;3;1;0;NANI;?;16h13;Cergy le Haut;uic_87382655;?;?;normal;9;0;0;0;0;0 - 0 - 0 - 0 - 0 - 0 - 0 - 0 - 0;0: 9
2020;1;14;2;3;1;0;NANI;?;16h36;Cergy le Haut;uic_87382655;?;?;normal;9;0;0;0;0;0 - 0 - 0 - 0 - 0 - 0 - 0 - 0 - 0;0: 9
2020;1;14;2;3;1;0;NANI;?;17h01;Cergy le Haut;uic_87382655;?;?;normal;9;0;60;20;0;0 - 0 - 0 - 0 - 1 - 1 - 1 - 0 - 0;0: 6 - 1: 3
2020;1;14;2;3;1;0;NANI;?;17h26;Cergy le Haut;uic_87382655;?;?;normal;9;0;0;0;0;0 - 0 - 0 - 0 - 0 - 0 - 0 - 0 - 0;0: 9
2020;1;14;2;3;1;0;NANI;?;17h51;Cergy le Haut;uic_87382655;?;?;normal;9;0;180;113;120;0 - 0 - 2 - 2 - 3 - 3 - 3 - 2 - 2;0: 2 - 2: 4 - 3: 3
2020;1;14;2;3;1;0;NANI;?;18h16;Cergy le Haut;uic_87382655;?;?;normal;9;0;60;20;0;0 - 0 - 0 - 0 - 1 - 1 - 1 - 0 - 0;0: 6 - 1: 3
2020;1;14;2;3;1;0;NANI;?;18h41;Cergy le Haut;uic_87382655;?;?;normal;9;0;60;20;0;0 - 0 - 0 - 0 - 1 - 1 - 1 - 0 - 0;0: 6 - 1: 3
2020;1;14;2;3;1;0;NANI;?;19h06;Cergy le Haut;uic_87382655;?;?;normal;9;0;120;46;60;0 - 0 - 0 - 0 - 1 - 2 - 2 - 1 - 1;0: 4 - 1: 3 - 2: 2
2020;1;14;2;3;1;0;NANI;?;19h39;Cergy le Haut;uic_87382655;?;?;normal;9;0;120;26;0;0 - 2 - 1 - 1 - 0 - 0 - 0 - 0 - 0;0: 6 - 1: 2 - 2: 1
2020;1;14;2;3;1;0;NANI;?;20h05;Cergy le Haut;uic_87382655;?;?;normal;9;0;120;66;60;1 - 0 - 1 - 1 - 1 - 2 - 1 - 1 - 2;0: 1 - 1: 6 - 2: 2
2020;1;14;2;3;1;0;NANI;?;20h35;Cergy le Haut;uic_87382655;?;?;normal;9;0;60;46;60;0 - 0 - 1 - 1 - 1 - 1 - 1 - 1 - 1;0: 2 - 1: 7
2020;1;14;2;3;1;0;NANI;?;21h33;Cergy le Haut;uic_87382655;?;?;normal;9;0;120;80;60;1 - 1 - 1 - 1 - 1 - 2 - 1 - 2 - 2;1: 6 - 2: 3
2020;1;14;2;3;1;0;NATO;?;05h12;Cergy le Haut;uic_87382655;?;?;normal;9;0;0;0;0;0 - 0 - 0 - 0 - 0 - 0 - 0 - 0 - 0;0: 9
2020;1;14;2;3;1;0;NATO;?;05h57;Cergy le Haut;uic_87382655;?;?;normal;9;0;300;266;240;4 - 4 - 5 - 4 - 4 - 5 - 4 - 5 - 5;4: 5 - 5: 4
2020;1;14;2;3;1;0;NATO;?;06h27;Cergy le Haut;uic_87382655;?;?;normal;9;0;0;0;0;0 - 0 - 0 - 0 - 0 - 0 - 0 - 0 - 0;0: 9
2020;1;14;2;3;1;0;NATO;?;06h42;Cergy le Haut;uic_87382655;?;?;normal;9;0;660;399;600;0 - 0 - 0 - 10 - 9 - 10 - 10 - 10 - 11;0: 3 - 9: 1 - 10: 4 - 11: 1
2020;1;14;2;3;1;0;NATO;?;06h51;Cergy le Haut;uic_87382655;?;?;normal;9;0;360;180;240;0 - 0 - 0 - 6 - 5 - 5 - 4 - 4 - 3;0: 3 - 3: 1 - 4: 2 - 5: 2 - 6: 1
2020;1;14;2;3;1;0;NATO;?;07h14;Cergy le Haut;uic_87382655;?;?;normal;9;0;1080;760;600;9 - 9 - 10 - 10 - 8 - 16 - 17 - 17 - 18;8: 1 - 9: 2 - 10: 2 - 16: 1 - 17: 2 - 18: 1
2020;1;14;2;3;1;0;NATO;?;07h38;Cergy le Haut;uic_87382655;?;?;normal;9;0;120;40;60;0 - 0 - 1 - 0 - 0 - 1 - 1 - 1 - 2;0: 4 - 1: 4 - 2: 1
2020;1;14;2;3;1;0;NATO;?;08h01;Cergy le Haut;uic_87382655;?;?;normal;9;0;120;66;60;0 - 1 - 1 - 1 - 1 - 1 - 1 - 2 - 2;0: 1 - 1: 6 - 2: 2
2020;1;14;2;3;1;0;NATO;?;08h24;Cergy le Haut;uic_87382655;?;?;normal;9;0;0;0;0;0 - 0 - 0 - 0 - 0 - 0 - 0 - 0 - 0;0: 9
2020;1;14;2;3;1;0;NATO;?;08h48;Cergy le Haut;uic_87382655;?;?;normal;9;0;180;60;60;0 - 0 - 1 - 0 - 0 - 1 - 1 - 3 - 3;0: 4 - 1: 3 - 3: 2
2020;1;14;2;3;1;0;NATO;?;09h14;Cergy le Haut;uic_87382655;?;?;normal;9;0;240;93;60;0 - 0 - 0 - 0 - 1 - 3 - 3 - 3 - 4;0: 4 - 1: 1 - 3: 3 - 4: 1
2020;1;14;2;3;1;0;NATO;?;09h33;Cergy le Haut;uic_87382655;?;?;normal;9;0;120;53;0;0 - 0 - 0 - 0 - 0 - 2 - 2 - 2 - 2;0: 5 - 2: 4
2020;1;14;2;3;1;0;NATO;?;09h55;Cergy le Haut;uic_87382655;?;?;normal;9;0;60;6;0;0 - 0 - 0 - 0 - 0 - 1 - 0 - 0 - 0;0: 8 - 1: 1
2020;1;14;2;3;1;0;NATO;?;10h13;Cergy le Haut;uic_87382655;?;?;normal;9;0;120;46;0;0 - 0 - 1 - 0 - 0 - 2 - 2 - 2 - 0;0: 5 - 1: 1 - 2: 3
2020;1;14;2;3;1;0;NATO;?;10h33;Cergy le Haut;uic_87382655;?;?;normal;9;0;0;0;0;0 - 0 - 0 - 0 - 0 - 0 - 0 - 0 - 0;0: 9
2020;1;14;2;3;1;0;NATO;?;10h53;Cergy le Haut;uic_87382655;?;?;normal;9;0;180;86;60;0 - 0 - 1 - 1 - 1 - 3 - 3 - 3 - 1;0: 2 - 1: 4 - 3: 3
2020;1;14;2;3;1;0;NATO;?;11h13;Cergy le Haut;uic_87382655;?;?;normal;9;0;0;0;0;0 - 0 - 0 - 0 - 0 - 0 - 0 - 0 - 0;0: 9
2020;1;14;2;3;1;0;NATO;?;11h33;Cergy le Haut;uic_87382655;?;?;normal;9;0;0;0;0;0 - 0 - 0 - 0 - 0 - 0 - 0 - 0 - 0;0: 9
2020;1;14;2;3;1;0;NATO;?;11h53;Cergy le Haut;uic_87382655;?;?;annule_partiellement;9;7;0;0;0;/ - / - / - / - / - / - / - 0 - 0;0: 2
2020;1;14;2;3;1;0;NATO;?;12h13;Cergy le Haut;uic_87382655;?;?;normal;9;0;1080;960;900;14 - 15 - 15 - 15 - 15 - 18 - 18 - 18 - 16;14: 1 - 15: 4 - 16: 1 - 18: 3
2020;1;14;2;3;1;0;NATO;?;12h33;Cergy le Haut;uic_87382655;?;?;normal;9;0;360;320;360;6 - 6 - 6 - 6 - 5 - 6 - 5 - 5 - 3;3: 1 - 5: 3 - 6: 5
2020;1;14;2;3;1;0;NATO;?;12h53;Cergy le Haut;uic_87382655;?;?;normal;9;0;60;6;0;0 - 0 - 0 - 0 - 0 - 1 - 0 - 0 - 0;0: 8 - 1: 1
2020;1;14;2;3;1;0;NATO;?;13h13;Cergy le Haut;uic_87382655;?;?;normal;9;0;0;0;0;0 - 0 - 0 - 0 - 0 - 0 - 0 - 0 - 0;0: 9
2020;1;14;2;3;1;0;NATO;?;13h33;Cergy le Haut;uic_87382655;?;?;normal;9;0;60;6;0;0 - 0 - 0 - 0 - 0 - 1 - 0 - 0 - 0;0: 8 - 1: 1
2020;1;14;2;3;1;0;NATO;?;13h53;Cergy le Haut;uic_87382655;?;?;normal;9;0;0;0;0;0 - 0 - 0 - 0 - 0 - 0 - 0 - 0 - 0;0: 9
2020;1;14;2;3;1;0;NOTE;?;05h40;Poissy;uic_87386573;?;?;normal;5;0;0;0;0;0 - 0 - 0 - 0 - 0;0: 5
2020;1;14;2;3;1;0;NOTE;?;06h00;Poissy;uic_87386573;?;?;normal;5;0;0;0;0;0 - 0 - 0 - 0 - 0;0: 5
2020;1;14;2;3;1;0;NOTE;?;06h30;Poissy;uic_87386573;?;?;normal;5;0;60;12;0;0 - 1 - 0 - 0 - 0;0: 4 - 1: 1
2020;1;14;2;3;1;0;NOTE;?;07h13;Poissy;uic_87386573;?;?;normal;5;0;60;24;0;1 - 1 - 0 - 0 - 0;0: 3 - 1: 2
2020;1;14;2;3;1;0;NOTE;?;07h37;Poissy;uic_87386573;?;?;normal;5;0;360;251;300;1 - 4 - 5 - 5 - 6;1: 1 - 4: 1 - 5: 2 - 6: 1
2020;1;14;2;3;1;0;NOTE;?;07h59;Poissy;uic_87386573;?;?;normal;5;0;60;48;60;0 - 1 - 1 - 1 - 1;0: 1 - 1: 4
2020;1;14;2;3;1;0;NOTE;?;08h22;Poissy;uic_87386573;?;?;normal;5;0;240;132;120;1 - 2 - 1 - 3 - 4;1: 2 - 2: 1 - 3: 1 - 4: 1
2020;1;14;2;3;1;0;NOTE;?;08h46;Poissy;uic_87386573;?;?;normal;5;0;1020;768;780;8 - 12 - 13 - 14 - 17;8: 1 - 12: 1 - 13: 1 - 14: 1 - 17: 1
2020;1;14;2;3;1;0;NOTE;?;09h09;Poissy;uic_87386573;?;?;normal;5;0;180;107;120;0 - 1 - 2 - 3 - 3;0: 1 - 1: 1 - 2: 1 - 3: 2
2020;1;14;2;3;1;0;NOTE;?;16h42;Poissy;uic_87386573;?;?;normal;5;0;0;0;0;0 - 0 - 0 - 0 - 0;0: 5
2020;1;14;2;3;1;0;NOTE;?;17h05;Poissy;uic_87386573;?;?;normal;5;0;0;0;0;0 - 0 - 0 - 0 - 0;0: 5
2020;1;14;2;3;1;0;NOTE;?;17h32;Poissy;uic_87386573;?;?;normal;5;0;0;0;0;0 - 0 - 0 - 0 - 0;0: 5
2020;1;14;2;3;1;0;NOTE;?;17h57;Poissy;uic_87386573;?;?;normal;5;0;0;0;0;0 - 0 - 0 - 0 - 0;0: 5
2020;1;14;2;3;1;0;NOTE;?;18h22;Poissy;uic_87386573;?;?;normal;5;0;0;0;0;0 - 0 - 0 - 0 - 0;0: 5
2020;1;14;2;3;1;0;NOTE;?;18h47;Poissy;uic_87386573;?;?;normal;5;0;60;12;0;0 - 1 - 0 - 0 - 0;0: 4 - 1: 1
2020;1;14;2;3;1;0;NOTE;?;19h12;Poissy;uic_87386573;?;?;normal;5;0;0;0;0;0 - 0 - 0 - 0 - 0;0: 5
2020;1;14;2;3;1;0;NOTE;?;19h39;Poissy;uic_87386573;?;?;normal;5;0;300;227;240;3 - 5 - 4 - 4 - 3;3: 2 - 4: 2 - 5: 1
2020;1;14;2;3;1;0;NOTE;?;20h34;Poissy;uic_87386573;?;?;normal;5;0;0;0;0;0 - 0 - 0 - 0 - 0;0: 5
2020;1;14;2;3;1;0;NOTE;?;21h35;Poissy;uic_87386573;?;?;normal;5;0;960;911;960;13 - 16 - 16 - 16 - 15;13: 1 - 15: 1 - 16: 3
2020;1;14;2;3;1;0;NOTE;?;22h33;Poissy;uic_87386573;?;?;normal;5;0;120;83;60;2 - 2 - 1 - 1 - 1;1: 3 - 2: 2
2020;1;14;2;3;1;0;OKLA;?;09h40;Poissy;uic_87386573;?;?;normal;5;0;60;24;0;1 - 1 - 0 - 0 - 0;0: 3 - 1: 2
2020;1;14;2;3;1;0;OKLA;?;09h55;Poissy;uic_87386573;?;?;normal;5;0;60;12;0;0 - 0 - 0 - 1 - 0;0: 4 - 1: 1
2020;1;14;2;3;1;0;OKLA;?;10h16;Poissy;uic_87386573;?;?;normal;5;0;240;240;240;4 - 4 - 4 - 4 - 4;4: 5
2020;1;14;2;3;1;0;OKLA;?;10h40;Poissy;uic_87386573;?;?;normal;5;0;180;180;180;3 - 3 - 3 - 3 - 3;3: 5
2020;1;14;2;3;1;0;OKLA;?;11h20;Poissy;uic_87386573;?;?;normal;5;0;0;0;0;0 - 0 - 0 - 0 - 0;0: 5
2020;1;14;2;3;1;0;OKLA;?;12h00;Poissy;uic_87386573;?;?;normal;5;0;180;180;180;3 - 3 - 3 - 3 - 3;3: 5
2020;1;14;2;3;1;0;OKLA;?;12h40;Poissy;uic_87386573;?;?;normal;5;0;0;0;0;0 - 0 - 0 - 0 - 0;0: 5
2020;1;14;2;3;1;0;OKLA;?;13h20;Poissy;uic_87386573;?;?;normal;5;0;0;0;0;0 - 0 - 0 - 0 - 0;0: 5
2020;1;14;2;3;1;0;OKLA;?;14h00;Poissy;uic_87386573;?;?;normal;5;0;60;24;0;1 - 1 - 0 - 0 - 0;0: 3 - 1: 2
2020;1;14;2;3;1;0;OKRE;?;14h40;Poissy;uic_87386573;?;?;normal;5;0;0;0;0;0 - 0 - 0 - 0 - 0;0: 5
2020;1;14;2;3;1;0;OKRE;?;15h20;Poissy;uic_87386573;?;?;normal;5;0;0;0;0;0 - 0 - 0 - 0 - 0;0: 5
2020;1;14;2;3;1;0;OKRE;?;16h00;Poissy;uic_87386573;?;?;normal;5;0;0;0;0;0 - 0 - 0 - 0 - 0;0: 5
2020;1;14;2;3;1;0;OPEN;?;04h42;Cergy le Haut;uic_87382655;?;?;normal;9;0;0;0;0;0 - 0 - 0 - 0 - 0 - 0 - 0 - 0 - 0;0: 9
2020;1;14;2;3;1;0;OPUS;?;00h28;Sartrouville;uic_87386417;?;?;normal;2;0;0;0;0;0 - 0;0: 2
2020;1;14;2;3;1;0;OPUS;?;23h58;Sartrouville;uic_87386417;?;?;normal;2;0;0;0;0;0 - 0;0: 2
2020;1;14;2;3;1;0;QURI;?;00h05;Poissy;uic_87386573;?;?;normal;5;0;0;0;0;0 - 0 - 0 - 0 - 0;0: 5
2020;1;14;2;3;1;0;QURI;?;05h10;Poissy;uic_87386573;?;?;normal;5;0;60;24;0;1 - 1 - 0 - 0 - 0;0: 3 - 1: 2
2020;1;14;2;3;1;0;TAPI;?;00h31;Houilles - Carrières-sur-Seine;uic_87386409;?;?;normal;4;0;300;240;4;4 - 5 - 4 - 3;3: 1 - 4: 2 - 5: 1
2020;1;14;2;3;1;0;TAXE;?;00h03;Houilles - Carrières-sur-Seine;uic_87386409;?;?;normal;4;0;60;45;1;1 - 1 - 1 - 0;0: 1 - 1: 3
2020;1;14;2;3;1;0;TAXE;?;06h35;Houilles - Carrières-sur-Seine;uic_87386409;?;?;normal;4;0;0;0;0;0 - 0 - 0 - 0;0: 4
2020;1;14;2;3;1;0;TAXE;?;07h06;Houilles - Carrières-sur-Seine;uic_87386409;?;?;normal;4;0;420;285;6;0 - 6 - 7 - 6;0: 1 - 6: 2 - 7: 1
2020;1;14;2;3;1;0;TAXE;?;07h37;Houilles - Carrières-sur-Seine;uic_87386409;?;?;normal;4;0;0;0;0;0 - 0 - 0 - 0;0: 4
2020;1;14;2;3;1;0;TAXE;?;08h13;Houilles - Carrières-sur-Seine;uic_87386409;?;?;normal;4;0;840;795;13;13 - 13 - 14 - 13;13: 3 - 14: 1
2020;1;14;2;3;1;0;TAXE;?;08h36;Houilles - Carrières-sur-Seine;uic_87386409;?;?;normal;4;0;300;135;90;1 - 2 - 1 - 5;1: 2 - 2: 1 - 5: 1
2020;1;14;2;3;1;0;TAXE;?;09h00;Houilles - Carrières-sur-Seine;uic_87386409;?;?;normal;4;0;360;300;6;6 - 6 - 6 - 2;2: 1 - 6: 3
2020;1;14;2;3;1;0;TAXE;?;09h23;Houilles - Carrières-sur-Seine;uic_87386409;?;?;normal;4;0;240;195;210;4 - 4 - 3 - 2;2: 1 - 3: 1 - 4: 2
2020;1;14;2;3;1;0;TAXE;?;09h46;Houilles - Carrières-sur-Seine;uic_87386409;?;?;normal;4;0;720;660;690;11 - 12 - 12 - 9;9: 1 - 11: 1 - 12: 2
2020;1;14;2;3;1;0;TAXE;?;09h58;Houilles - Carrières-sur-Seine;uic_87386409;?;?;normal;4;0;780;705;690;11 - 11 - 13 - 12;11: 2 - 12: 1 - 13: 1
2020;1;14;2;3;1;0;TAXE;?;17h26;Houilles - Carrières-sur-Seine;uic_87386409;?;?;normal;4;0;180;120;2;2 - 3 - 2 - 1;1: 1 - 2: 2 - 3: 1
2020;1;14;2;3;1;0;TAXE;?;17h51;Houilles - Carrières-sur-Seine;uic_87386409;?;?;normal;4;0;360;330;330;5 - 6 - 6 - 5;5: 2 - 6: 2
2020;1;14;2;3;1;0;TAXE;?;18h16;Houilles - Carrières-sur-Seine;uic_87386409;?;?;normal;4;0;240;195;210;2 - 4 - 4 - 3;2: 1 - 3: 1 - 4: 2
2020;1;14;2;3;1;0;TAXE;?;18h41;Houilles - Carrières-sur-Seine;uic_87386409;?;?;normal;4;0;60;30;30;0 - 1 - 1 - 0;0: 2 - 1: 2
2020;1;14;2;3;1;0;TAXE;?;19h06;Houilles - Carrières-sur-Seine;uic_87386409;?;?;normal;4;0;120;90;90;1 - 2 - 2 - 1;1: 2 - 2: 2
2020;1;14;2;3;1;0;TAXE;?;19h31;Houilles - Carrières-sur-Seine;uic_87386409;?;?;normal;4;0;60;30;30;0 - 1 - 1 - 0;0: 2 - 1: 2
2020;1;14;2;3;1;0;TAXE;?;19h56;Houilles - Carrières-sur-Seine;uic_87386409;?;?;normal;4;0;0;0;0;0 - 0 - 0 - 0;0: 4
2020;1;14;2;3;1;0;TAXE;?;20h38;Houilles - Carrières-sur-Seine;uic_87386409;?;?;normal;4;0;60;30;30;0 - 1 - 1 - 0;0: 2 - 1: 2
2020;1;14;2;3;1;0;TAXE;?;21h19;Houilles - Carrières-sur-Seine;uic_87386409;?;?;normal;4;0;480;420;7;7 - 7 - 8 - 6;6: 1 - 7: 2 - 8: 1
2020;1;14;2;3;1;0;TAXE;?;22h03;Houilles - Carrières-sur-Seine;uic_87386409;?;?;normal;4;0;540;165;1;0 - 1 - 1 - 9;0: 1 - 1: 2 - 9: 1
2020;1;14;2;3;1;0;TAXE;?;23h03;Houilles - Carrières-sur-Seine;uic_87386409;?;?;normal;4;0;120;90;90;1 - 2 - 2 - 1;1: 2 - 2: 2
2020;1;14;2;3;1;0;TEDI;?;00h58;Houilles - Carrières-sur-Seine;uic_87386409;?;?;normal;4;0;0;0;0;0 - 0 - 0 - 0;0: 4
2020;1;14;2;3;1;0;TRAM;?;15h53;Houilles - Carrières-sur-Seine;uic_87386409;?;?;normal;4;0;0;0;0;0 - 0 - 0 - 0;0: 4
2020;1;14;2;3;1;0;TRAM;?;16h33;Houilles - Carrières-sur-Seine;uic_87386409;?;?;normal;4;0;120;60;1;1 - 2 - 1 - 0;0: 1 - 1: 2 - 2: 1
2020;1;14;2;3;1;0;TRAM;?;16h54;Houilles - Carrières-sur-Seine;uic_87386409;?;?;normal;4;0;0;0;0;0 - 0 - 0 - 0;0: 4
2020;1;14;2;3;1;0;TROC;?;10h33;Houilles - Carrières-sur-Seine;uic_87386409;?;?;normal;4;0;0;0;0;0 - 0 - 0 - 0;0: 4
2020;1;14;2;3;1;0;TROC;?;11h13;Houilles - Carrières-sur-Seine;uic_87386409;?;?;normal;4;0;1620;1380;1530;14 - 26 - 27 - 25;14: 1 - 25: 1 - 26: 1 - 27: 1
2020;1;14;2;3;1;0;TROC;?;11h53;Houilles - Carrières-sur-Seine;uic_87386409;?;?;normal;4;0;120;75;90;0 - 2 - 2 - 1;0: 1 - 1: 1 - 2: 2
2020;1;14;2;3;1;0;TROC;?;12h33;Houilles - Carrières-sur-Seine;uic_87386409;?;?;normal;4;0;0;0;0;0 - 0 - 0 - 0;0: 4
2020;1;14;2;3;1;0;TROC;?;13h13;Houilles - Carrières-sur-Seine;uic_87386409;?;?;normal;4;0;60;30;30;0 - 1 - 1 - 0;0: 2 - 1: 2
2020;1;14;2;3;1;0;TROC;?;13h53;Houilles - Carrières-sur-Seine;uic_87386409;?;?;normal;4;0;0;0;0;0 - 0 - 0 - 0;0: 4
2020;1;14;2;3;1;0;TROC;?;14h33;Houilles - Carrières-sur-Seine;uic_87386409;?;?;normal;4;0;120;60;1;0 - 2 - 2 - 0;0: 2 - 2: 2
2020;1;14;2;3;1;0;TROC;?;15h13;Houilles - Carrières-sur-Seine;uic_87386409;?;?;normal;4;0;60;30;30;0 - 1 - 1 - 0;0: 2 - 1: 2
2020;1;14;2;3;1;0;UBAL;?;05h56;Houilles - Carrières-sur-Seine;uic_87386409;?;?;normal;8;0;60;7;0;0 - 0 - 0 - 0 - 0 - 0 - 0 - 1;0: 7 - 1: 1
2020;1;14;2;3;1;0;UZAR;?;06h23;Houilles - Carrières-sur-Seine;uic_87386409;?;?;normal;8;0;120;45;1;0 - 0 - 0 - 1 - 1 - 2 - 1 - 1;0: 3 - 1: 4 - 2: 1
2020;1;14;2;3;1;0;UZAR;?;06h40;Houilles - Carrières-sur-Seine;uic_87386409;?;?;normal;8;0;480;337;7;1 - 2 - 6 - 7 - 7 - 7 - 7 - 8;1: 1 - 2: 1 - 6: 1 - 7: 4 - 8: 1
2020;1;14;2;3;1;0;UZAR;?;07h11;Houilles - Carrières-sur-Seine;uic_87386409;?;?;normal;8;0;360;315;330;3 - 5 - 5 - 5 - 6 - 6 - 6 - 6;3: 1 - 5: 3 - 6: 4
2020;1;14;2;3;1;0;UZAR;?;07h25;Houilles - Carrières-sur-Seine;uic_87386409;?;?;normal;8;0;360;210;270;0 - 0 - 3 - 4 - 5 - 5 - 5 - 6;0: 2 - 3: 1 - 4: 1 - 5: 3 - 6: 1
2020;1;14;2;3;1;0;UZAR;?;07h46;Houilles - Carrières-sur-Seine;uic_87386409;?;?;normal;8;0;480;435;8;5 - 6 - 8 - 8 - 8 - 8 - 8 - 7;5: 1 - 6: 1 - 7: 1 - 8: 5
2020;1;14;2;3;1;0;UZAR;?;07h57;Houilles - Carrières-sur-Seine;uic_87386409;?;?;normal;8;0;360;322;5;5 - 5 - 5 - 5 - 6 - 5 - 6 - 6;5: 5 - 6: 3
2020;1;14;2;3;1;0;UZAR;?;08h21;Houilles - Carrières-sur-Seine;uic_87386409;?;?;normal;8;0;660;637;11;11 - 11 - 10 - 11 - 10 - 10 - 11 - 11;10: 3 - 11: 5
2020;1;14;2;3;1;0;UZAR;?;08h44;Houilles - Carrières-sur-Seine;uic_87386409;?;?;normal;8;0;420;367;6;5 - 6 - 6 - 6 - 6 - 7 - 7 - 6;5: 1 - 6: 5 - 7: 2
2020;1;14;2;3;1;0;UZAR;?;09h07;Houilles - Carrières-sur-Seine;uic_87386409;?;?;normal;8;0;720;682;690;10 - 11 - 11 - 11 - 12 - 12 - 12 - 12;10: 1 - 11: 3 - 12: 4
2020;1;14;2;3;1;0;UZAR;?;09h31;Houilles - Carrières-sur-Seine;uic_87386409;?;?;normal;8;0;480;435;7;7 - 8 - 6 - 8 - 7 - 7 - 7 - 8;6: 1 - 7: 4 - 8: 3
2020;1;14;2;3;1;0;UZAR;?;09h54;Houilles - Carrières-sur-Seine;uic_87386409;?;?;normal;8;0;1020;892;870;13 - 14 - 14 - 14 - 15 - 16 - 16 - 17;13: 1 - 14: 3 - 15: 1 - 16: 2 - 17: 1
2020;1;14;2;3;1;0;UZAR;?;10h18;Houilles - Carrières-sur-Seine;uic_87386409;?;?;normal;8;0;360;292;330;2 - 3 - 5 - 6 - 6 - 5 - 6 - 6;2: 1 - 3: 1 - 5: 2 - 6: 4
2020;1;14;2;3;1;0;UZAR;?;10h38;Houilles - Carrières-sur-Seine;uic_87386409;?;?;normal;8;0;480;457;8;8 - 8 - 6 - 8 - 8 - 7 - 8 - 8;6: 1 - 7: 1 - 8: 6
2020;1;14;2;3;1;0;UZAR;?;10h58;Houilles - Carrières-sur-Seine;uic_87386409;?;?;annule_partiellement;8;6;1320;1290;1290;21 - 22 - / - / - / - / - / - /;21: 1 - 22: 1
2020;1;14;2;3;1;0;UZAR;?;11h18;Houilles - Carrières-sur-Seine;uic_87386409;?;?;annule_partiellement;8;7;780;780;780;13 - / - / - / - / - / - / - /;13: 1
2020;1;14;2;3;1;0;UZAR;?;11h38;Houilles - Carrières-sur-Seine;uic_87386409;?;?;normal;8;0;840;720;13;7 - 10 - 12 - 13 - 14 - 13 - 14 - 13;7: 1 - 10: 1 - 12: 1 - 13: 3 - 14: 2
2020;1;14;2;3;1;0;UZAR;?;11h58;Houilles - Carrières-sur-Seine;uic_87386409;?;?;normal;8;0;600;442;8;3 - 7 - 6 - 8 - 8 - 8 - 9 - 10;3: 1 - 6: 1 - 7: 1 - 8: 3 - 9: 1 - 10: 1
2020;1;14;2;3;1;0;UZAR;?;12h18;Houilles - Carrières-sur-Seine;uic_87386409;?;?;normal;8;0;300;240;4;1 - 4 - 4 - 5 - 5 - 4 - 5 - 4;1: 1 - 4: 4 - 5: 3
2020;1;14;2;3;1;0;UZAR;?;12h38;Houilles - Carrières-sur-Seine;uic_87386409;?;?;normal;8;0;180;112;2;1 - 2 - 0 - 2 - 2 - 2 - 3 - 3;0: 1 - 1: 1 - 2: 4 - 3: 2
2020;1;14;2;3;1;0;UZAR;?;12h58;Houilles - Carrières-sur-Seine;uic_87386409;?;?;normal;8;0;1380;915;1350;1 - 2 - 5 - 23 - 23 - 22 - 23 - 23;1: 1 - 2: 1 - 5: 1 - 22: 1 - 23: 4
2020;1;14;2;3;1;0;UZAR;?;13h18;Houilles - Carrières-sur-Seine;uic_87386409;?;?;normal;8;0;600;435;9;1 - 2 - 8 - 9 - 10 - 9 - 10 - 9;1: 1 - 2: 1 - 8: 1 - 9: 3 - 10: 2
2020;1;14;2;3;1;0;UZAR;?;13h38;Houilles - Carrières-sur-Seine;uic_87386409;?;?;normal;8;0;180;135;150;1 - 2 - 1 - 3 - 3 - 2 - 3 - 3;1: 2 - 2: 2 - 3: 4
2020;1;14;2;3;1;0;UZAR;?;13h58;Houilles - Carrières-sur-Seine;uic_87386409;?;?;normal;8;0;240;165;3;2 - 2 - 1 - 3 - 3 - 3 - 4 - 4;1: 1 - 2: 2 - 3: 3 - 4: 2
2020;1;14;2;3;1;0;UZAR;?;14h18;Houilles - Carrières-sur-Seine;uic_87386409;?;?;normal;8;0;480;345;450;0 - 1 - 6 - 8 - 8 - 7 - 8 - 8;0: 1 - 1: 1 - 6: 1 - 7: 1 - 8: 4
2020;1;14;2;3;1;0;UZAR;?;14h38;Houilles - Carrières-sur-Seine;uic_87386409;?;?;normal;8;0;60;37;1;0 - 1 - 0 - 1 - 1 - 0 - 1 - 1;0: 3 - 1: 5
2020;1;14;2;3;1;0;UZAR;?;14h58;Houilles - Carrières-sur-Seine;uic_87386409;?;?;normal;8;0;180;135;2;2 - 3 - 1 - 2 - 3 - 2 - 3 - 2;1: 1 - 2: 4 - 3: 3
2020;1;14;2;3;1;0;UZAR;?;15h18;Houilles - Carrières-sur-Seine;uic_87386409;?;?;normal;8;0;840;772;13;11 - 12 - 12 - 13 - 14 - 13 - 14 - 14;11: 1 - 12: 2 - 13: 2 - 14: 3
2020;1;14;2;3;1;0;UZEL;?;15h47;Houilles - Carrières-sur-Seine;uic_87386409;?;?;normal;8;0;180;52;1;0 - 0 - 0 - 1 - 1 - 1 - 1 - 3;0: 3 - 1: 4 - 3: 1
2020;1;14;2;3;1;0;UZEL;?;16h07;Houilles - Carrières-sur-Seine;uic_87386409;?;?;normal;8;0;60;37;1;1 - 0 - 0 - 1 - 1 - 0 - 1 - 1;0: 3 - 1: 5
2020;1;14;2;3;1;0;UZEL;?;16h26;Houilles - Carrières-sur-Seine;uic_87386409;?;?;normal;8;0;360;255;5;2 - 3 - 3 - 5 - 5 - 5 - 6 - 5;2: 1 - 3: 2 - 5: 4 - 6: 1
2020;1;14;2;3;1;0;UZEL;?;16h59;Houilles - Carrières-sur-Seine;uic_87386409;?;?;normal;8;0;120;67;1;0 - 1 - 0 - 1 - 2 - 1 - 2 - 2;0: 2 - 1: 3 - 2: 3
2020;1;14;2;3;1;0;UZEL;?;17h18;Houilles - Carrières-sur-Seine;uic_87386409;?;?;normal;8;0;60;37;1;0 - 0 - 0 - 1 - 1 - 1 - 1 - 1;0: 3 - 1: 5
2020;1;14;2;3;1;0;UZEL;?;17h43;Houilles - Carrières-sur-Seine;uic_87386409;?;?;normal;8;0;720;637;11;9 - 10 - 9 - 11 - 12 - 11 - 11 - 12;9: 2 - 10: 1 - 11: 3 - 12: 2
2020;1;14;2;3;1;0;UZEL;?;18h08;Houilles - Carrières-sur-Seine;uic_87386409;?;?;normal;8;0;300;217;4;2 - 3 - 2 - 4 - 5 - 4 - 4 - 5;2: 2 - 3: 1 - 4: 3 - 5: 2
2020;1;14;2;3;1;0;UZEL;?;18h33;Houilles - Carrières-sur-Seine;uic_87386409;?;?;normal;8;0;60;7;0;0 - 0 - 0 - 0 - 1 - 0 - 0 - 0;0: 7 - 1: 1
2020;1;14;2;3;1;0;UZEL;?;18h58;Houilles - Carrières-sur-Seine;uic_87386409;?;?;normal;8;0;120;52;1;0 - 0 - 0 - 1 - 2 - 1 - 1 - 2;0: 3 - 1: 3 - 2: 2
2020;1;14;2;3;1;0;UZEL;?;19h23;Houilles - Carrières-sur-Seine;uic_87386409;?;?;normal;8;0;240;187;4;1 - 2 - 2 - 4 - 4 - 4 - 4 - 4;1: 1 - 2: 2 - 4: 5
2020;1;14;2;3;1;0;UZEL;?;19h48;Houilles - Carrières-sur-Seine;uic_87386409;?;?;normal;8;0;60;22;0;0 - 0 - 0 - 1 - 1 - 0 - 0 - 1;0: 5 - 1: 3
2020;1;14;2;3;1;0;UZEL;?;20h10;Houilles - Carrières-sur-Seine;uic_87386409;?;?;normal;8;0;360;172;150;0 - 2 - 2 - 2 - 3 - 3 - 5 - 6;0: 1 - 2: 3 - 3: 2 - 5: 1 - 6: 1
2020;1;14;2;3;1;0;UZEL;?;20h28;Houilles - Carrières-sur-Seine;uic_87386409;?;?;normal;8;0;120;22;0;0 - 0 - 0 - 0 - 0 - 0 - 1 - 2;0: 6 - 1: 1 - 2: 1
2020;1;14;2;3;1;0;UZEL;?;21h08;Houilles - Carrières-sur-Seine;uic_87386409;?;?;normal;8;0;180;37;0;0 - 0 - 0 - 0 - 0 - 1 - 1 - 3;0: 5 - 1: 2 - 3: 1
2020;1;14;2;3;1;0;UZEL;?;21h49;Houilles - Carrières-sur-Seine;uic_87386409;?;?;normal;8;0;480;240;3;1 - 2 - 1 - 3 - 3 - 7 - 7 - 8;1: 2 - 2: 1 - 3: 2 - 7: 2 - 8: 1
2020;1;14;2;3;1;0;VELO;?;22h48;Houilles - Carrières-sur-Seine;uic_87386409;?;?;normal;1;0;60;60;60;1;1: 1
2020;1;14;2;3;1;0;VELO;?;23h48;Houilles - Carrières-sur-Seine;uic_87386409;?;?;normal;1;0;0;0;0;0;0: 1
2020;1;14;2;3;1;0;VIDA;?;00h44;Houilles - Carrières-sur-Seine;uic_87386409;?;?;normal;1;0;0;0;0;0;0: 1
2020;1;14;2;3;1;0;VIRO;?;01h13;Houilles - Carrières-sur-Seine;uic_87386409;?;?;normal;1;0;240;240;240;4;4: 1
2020;1;15;3;3;1;0;NAJA;?;22h58;Sartrouville;uic_87386417;?;?;normal;2;0;360;360;6;6 - 6;6: 2
2020;1;15;3;3;1;0;NANI;?;14h13;Cergy le Haut;uic_87382655;?;?;normal;9;0;60;40;60;0 - 0 - 1 - 1 - 1 - 1 - 1 - 1 - 0;0: 3 - 1: 6
2020;1;15;3;3;1;0;NANI;?;14h33;Cergy le Haut;uic_87382655;?;?;normal;9;0;60;40;60;0 - 0 - 1 - 1 - 1 - 1 - 1 - 1 - 0;0: 3 - 1: 6
2020;1;15;3;3;1;0;NANI;?;14h53;Cergy le Haut;uic_87382655;?;?;normal;9;0;0;0;0;0 - 0 - 0 - 0 - 0 - 0 - 0 - 0 - 0;0: 9
2020;1;15;3;3;1;0;NANI;?;15h13;Cergy le Haut;uic_87382655;?;?;normal;9;0;60;20;0;0 - 0 - 0 - 0 - 0 - 1 - 1 - 1 - 0;0: 6 - 1: 3
2020;1;15;3;3;1;0;NANI;?;15h33;Cergy le Haut;uic_87382655;?;?;normal;9;0;0;0;0;0 - 0 - 0 - 0 - 0 - 0 - 0 - 0 - 0;0: 9
2020;1;15;3;3;1;0;NANI;?;15h53;Cergy le Haut;uic_87382655;?;?;normal;9;0;60;46;60;0 - 1 - 1 - 1 - 1 - 1 - 1 - 1 - 0;0: 2 - 1: 7
2020;1;15;3;3;1;0;NANI;?;16h13;Cergy le Haut;uic_87382655;?;?;normal;9;0;60;40;60;0 - 0 - 1 - 1 - 1 - 1 - 1 - 1 - 0;0: 3 - 1: 6
2020;1;15;3;3;1;0;NANI;?;16h36;Cergy le Haut;uic_87382655;?;?;normal;9;0;780;393;360;0 - 1 - 0 - 0 - 6 - 13 - 13 - 13 - 13;0: 3 - 1: 1 - 6: 1 - 13: 4
2020;1;15;3;3;1;0;NANI;?;17h01;Cergy le Haut;uic_87382655;?;?;normal;9;0;60;33;60;0 - 1 - 0 - 0 - 1 - 1 - 1 - 0 - 1;0: 4 - 1: 5
2020;1;15;3;3;1;0;NANI;?;17h26;Cergy le Haut;uic_87382655;?;?;normal;9;0;120;73;60;0 - 1 - 1 - 1 - 2 - 2 - 2 - 1 - 1;0: 1 - 1: 5 - 2: 3
2020;1;15;3;3;1;0;NANI;?;17h51;Cergy le Haut;uic_87382655;?;?;normal;9;0;120;66;60;0 - 1 - 1 - 1 - 2 - 2 - 1 - 1 - 1;0: 1 - 1: 6 - 2: 2
2020;1;15;3;3;1;0;NANI;?;18h16;Cergy le Haut;uic_87382655;?;?;normal;9;0;180;80;120;0 - 0 - 0 - 0 - 2 - 3 - 3 - 2 - 2;0: 4 - 2: 3 - 3: 2
2020;1;15;3;3;1;0;NANI;?;18h41;Cergy le Haut;uic_87382655;?;?;normal;9;0;60;6;0;0 - 0 - 0 - 0 - 0 - 1 - 0 - 0 - 0;0: 8 - 1: 1
2020;1;15;3;3;1;0;NANI;?;19h06;Cergy le Haut;uic_87382655;?;?;normal;9;0;120;53;60;0 - 0 - 0 - 0 - 1 - 2 - 2 - 1 - 2;0: 4 - 1: 2 - 2: 3
2020;1;15;3;3;1;0;NANI;?;19h39;Cergy le Haut;uic_87382655;?;?;normal;9;0;0;0;0;0 - 0 - 0 - 0 - 0 - 0 - 0 - 0 - 0;0: 9
2020;1;15;3;3;1;0;NANI;?;20h05;Cergy le Haut;uic_87382655;?;?;normal;9;0;120;46;0;0 - 0 - 0 - 0 - 0 - 2 - 1 - 2 - 2;0: 5 - 1: 1 - 2: 3
2020;1;15;3;3;1;0;NANI;?;20h35;Cergy le Haut;uic_87382655;?;?;normal;9;0;60;46;60;0 - 0 - 1 - 1 - 1 - 1 - 1 - 1 - 1;0: 2 - 1: 7
2020;1;15;3;3;1;0;NANI;?;21h33;Cergy le Haut;uic_87382655;?;?;normal;9;0;0;0;0;0 - 0 - 0 - 0 - 0 - 0 - 0 - 0 - 0;0: 9
2020;1;15;3;3;1;0;NATO;?;05h12;Cergy le Haut;uic_87382655;?;?;normal;9;0;0;0;0;0 - 0 - 0 - 0 - 0 - 0 - 0 - 0 - 0;0: 9
2020;1;15;3;3;1;0;NATO;?;05h57;Cergy le Haut;uic_87382655;?;?;normal;9;0;60;26;0;0 - 0 - 0 - 0 - 0 - 1 - 1 - 1 - 1;0: 5 - 1: 4
2020;1;15;3;3;1;0;NATO;?;06h27;Cergy le Haut;uic_87382655;?;?;normal;9;0;360;180;60;0 - 0 - 1 - 1 - 1 - 6 - 6 - 6 - 6;0: 2 - 1: 3 - 6: 4
2020;1;15;3;3;1;0;NATO;?;06h42;Cergy le Haut;uic_87382655;?;?;normal;9;0;120;46;0;0 - 0 - 0 - 0 - 0 - 2 - 1 - 2 - 2;0: 5 - 1: 1 - 2: 3
2020;1;15;3;3;1;0;NATO;?;06h51;Cergy le Haut;uic_87382655;?;?;normal;9;0;60;6;0;0 - 0 - 0 - 0 - 0 - 1 - 0 - 0 - 0;0: 8 - 1: 1
2020;1;15;3;3;1;0;NATO;?;07h14;Cergy le Haut;uic_87382655;?;?;normal;9;0;60;20;0;0 - 0 - 0 - 0 - 0 - 1 - 1 - 0 - 1;0: 6 - 1: 3
2020;1;15;3;3;1;0;NATO;?;07h38;Cergy le Haut;uic_87382655;?;?;normal;9;0;60;6;0;0 - 0 - 0 - 0 - 0 - 0 - 0 - 0 - 1;0: 8 - 1: 1
2020;1;15;3;3;1;0;NATO;?;08h01;Cergy le Haut;uic_87382655;?;?;normal;9;0;0;0;0;0 - 0 - 0 - 0 - 0 - 0 - 0 - 0 - 0;0: 9
2020;1;15;3;3;1;0;NATO;?;08h24;Cergy le Haut;uic_87382655;?;?;normal;9;0;0;0;0;0 - 0 - 0 - 0 - 0 - 0 - 0 - 0 - 0;0: 9
2020;1;15;3;3;1;0;NATO;?;08h48;Cergy le Haut;uic_87382655;?;?;normal;9;0;60;6;0;0 - 0 - 1 - 0 - 0 - 0 - 0 - 0 - 0;0: 8 - 1: 1
2020;1;15;3;3;1;0;NATO;?;09h14;Cergy le Haut;uic_87382655;?;?;normal;9;0;0;0;0;0 - 0 - 0 - 0 - 0 - 0 - 0 - 0 - 0;0: 9
2020;1;15;3;3;1;0;NATO;?;09h33;Cergy le Haut;uic_87382655;?;?;normal;9;0;0;0;0;0 - 0 - 0 - 0 - 0 - 0 - 0 - 0 - 0;0: 9
2020;1;15;3;3;1;0;NATO;?;09h55;Cergy le Haut;uic_87382655;?;?;normal;9;0;0;0;0;0 - 0 - 0 - 0 - 0 - 0 - 0 - 0 - 0;0: 9
2020;1;15;3;3;1;0;NATO;?;10h13;Cergy le Haut;uic_87382655;?;?;normal;9;0;180;40;0;0 - 0 - 0 - 0 - 0 - 0 - 2 - 3 - 1;0: 6 - 1: 1 - 2: 1 - 3: 1
2020;1;15;3;3;1;0;NATO;?;10h33;Cergy le Haut;uic_87382655;?;?;normal;9;0;0;0;0;0 - 0 - 0 - 0 - 0 - 0 - 0 - 0 - 0;0: 9
2020;1;15;3;3;1;0;NATO;?;10h53;Cergy le Haut;uic_87382655;?;?;normal;9;0;240;86;60;0 - 0 - 1 - 1 - 1 - 2 - 2 - 4 - 2;0: 2 - 1: 3 - 2: 3 - 4: 1
2020;1;15;3;3;1;0;NATO;?;11h13;Cergy le Haut;uic_87382655;?;?;normal;9;0;60;6;0;0 - 0 - 0 - 0 - 0 - 1 - 0 - 0 - 0;0: 8 - 1: 1
2020;1;15;3;3;1;0;NATO;?;11h33;Cergy le Haut;uic_87382655;?;?;normal;9;0;0;0;0;0 - 0 - 0 - 0 - 0 - 0 - 0 - 0 - 0;0: 9
2020;1;15;3;3;1;0;NATO;?;11h53;Cergy le Haut;uic_87382655;?;?;normal;9;0;360;146;60;0 - 0 - 1 - 1 - 1 - 6 - 5 - 5 - 3;0: 2 - 1: 3 - 3: 1 - 5: 2 - 6: 1
2020;1;15;3;3;1;0;NATO;?;12h13;Cergy le Haut;uic_87382655;?;?;normal;9;0;60;6;0;0 - 0 - 0 - 1 - 0 - 0 - 0 - 0 - 0;0: 8 - 1: 1
2020;1;15;3;3;1;0;NATO;?;12h33;Cergy le Haut;uic_87382655;?;?;normal;9;0;0;0;0;0 - 0 - 0 - 0 - 0 - 0 - 0 - 0 - 0;0: 9
2020;1;15;3;3;1;0;NATO;?;12h53;Cergy le Haut;uic_87382655;?;?;normal;9;0;0;0;0;0 - 0 - 0 - 0 - 0 - 0 - 0 - 0 - 0;0: 9
2020;1;15;3;3;1;0;NATO;?;13h13;Cergy le Haut;uic_87382655;?;?;normal;9;0;120;46;60;0 - 1 - 2 - 1 - 1 - 1 - 1 - 0 - 0;0: 3 - 1: 5 - 2: 1
2020;1;15;3;3;1;0;NATO;?;13h33;Cergy le Haut;uic_87382655;?;?;normal;9;0;0;0;0;0 - 0 - 0 - 0 - 0 - 0 - 0 - 0 - 0;0: 9
2020;1;15;3;3;1;0;NATO;?;13h53;Cergy le Haut;uic_87382655;?;?;normal;9;0;60;26;0;0 - 0 - 1 - 0 - 0 - 1 - 1 - 1 - 0;0: 5 - 1: 4
2020;1;15;3;3;1;0;NOTE;?;05h40;Poissy;uic_87386573;?;?;normal;5;0;0;0;0;0 - 0 - 0 - 0 - 0;0: 5
2020;1;15;3;3;1;0;NOTE;?;06h00;Poissy;uic_87386573;?;?;normal;5;0;0;0;0;0 - 0 - 0 - 0 - 0;0: 5
2020;1;15;3;3;1;0;NOTE;?;06h30;Poissy;uic_87386573;?;?;normal;5;0;120;96;120;1 - 1 - 2 - 2 - 2;1: 2 - 2: 3
2020;1;15;3;3;1;0;NOTE;?;07h13;Poissy;uic_87386573;?;?;normal;5;0;0;0;0;0 - 0 - 0 - 0 - 0;0: 5
2020;1;15;3;3;1;0;NOTE;?;07h37;Poissy;uic_87386573;?;?;normal;5;0;60;60;60;1 - 1 - 1 - 1 - 1;1: 5
2020;1;15;3;3;1;0;NOTE;?;07h59;Poissy;uic_87386573;?;?;normal;5;0;0;0;0;0 - 0 - 0 - 0 - 0;0: 5
2020;1;15;3;3;1;0;NOTE;?;08h22;Poissy;uic_87386573;?;?;normal;5;0;60;48;60;1 - 1 - 1 - 0 - 1;0: 1 - 1: 4
2020;1;15;3;3;1;0;NOTE;?;08h46;Poissy;uic_87386573;?;?;normal;5;0;60;12;0;0 - 0 - 0 - 0 - 1;0: 4 - 1: 1
2020;1;15;3;3;1;0;NOTE;?;09h09;Poissy;uic_87386573;?;?;normal;5;0;0;0;0;0 - 0 - 0 - 0 - 0;0: 5
2020;1;15;3;3;1;0;NOTE;?;16h42;Poissy;uic_87386573;?;?;normal;5;0;0;0;0;0 - 0 - 0 - 0 - 0;0: 5
2020;1;15;3;3;1;0;NOTE;?;17h05;Poissy;uic_87386573;?;?;normal;5;0;180;83;60;0 - 1 - 0 - 3 - 3;0: 2 - 1: 1 - 3: 2
2020;1;15;3;3;1;0;NOTE;?;17h32;Poissy;uic_87386573;?;?;normal;5;0;60;12;0;0 - 1 - 0 - 0 - 0;0: 4 - 1: 1
2020;1;15;3;3;1;0;NOTE;?;17h57;Poissy;uic_87386573;?;?;normal;5;0;120;36;0;0 - 2 - 0 - 0 - 1;0: 3 - 1: 1 - 2: 1
2020;1;15;3;3;1;0;NOTE;?;18h22;Poissy;uic_87386573;?;?;normal;5;0;120;60;60;0 - 2 - 1 - 1 - 1;0: 1 - 1: 3 - 2: 1
2020;1;15;3;3;1;0;NOTE;?;18h47;Poissy;uic_87386573;?;?;normal;5;0;60;12;0;0 - 1 - 0 - 0 - 0;0: 4 - 1: 1
2020;1;15;3;3;1;0;NOTE;?;19h12;Poissy;uic_87386573;?;?;normal;5;0;60;24;0;0 - 1 - 0 - 0 - 1;0: 3 - 1: 2
2020;1;15;3;3;1;0;NOTE;?;19h39;Poissy;uic_87386573;?;?;normal;5;0;0;0;0;0 - 0 - 0 - 0 - 0;0: 5
2020;1;15;3;3;1;0;NOTE;?;20h34;Poissy;uic_87386573;?;?;normal;5;0;120;83;60;1 - 2 - 1 - 2 - 1;1: 3 - 2: 2
2020;1;15;3;3;1;0;NOTE;?;21h35;Poissy;uic_87386573;?;?;normal;5;0;0;0;0;0 - 0 - 0 - 0 - 0;0: 5
2020;1;15;3;3;1;0;NOTE;?;22h33;Poissy;uic_87386573;?;?;normal;5;0;60;24;0;0 - 1 - 1 - 0 - 0;0: 3 - 1: 2
2020;1;15;3;3;1;0;OKLA;?;09h40;Poissy;uic_87386573;?;?;normal;5;0;120;107;120;1 - 2 - 2 - 2 - 2;1: 1 - 2: 4
2020;1;15;3;3;1;0;OKLA;?;09h55;Poissy;uic_87386573;?;?;annule;5;5;0;0;0;;
2020;1;15;3;3;1;0;OKLA;?;10h16;Poissy;uic_87386573;?;?;normal;5;0;0;0;0;0 - 0 - 0 - 0 - 0;0: 5
2020;1;15;3;3;1;0;OKLA;?;10h40;Poissy;uic_87386573;?;?;normal;5;0;1620;1463;1620;14 - 27 - 27 - 27 - 27;14: 1 - 27: 4
2020;1;15;3;3;1;0;OKLA;?;11h20;Poissy;uic_87386573;?;?;normal;5;0;0;0;0;0 - 0 - 0 - 0 - 0;0: 5
2020;1;15;3;3;1;0;OKLA;?;12h00;Poissy;uic_87386573;?;?;normal;5;0;480;420;480;4 - 8 - 7 - 8 - 8;4: 1 - 7: 1 - 8: 3
2020;1;15;3;3;1;0;OKLA;?;12h40;Poissy;uic_87386573;?;?;normal;5;0;0;0;0;0 - 0 - 0 - 0 - 0;0: 5
2020;1;15;3;3;1;0;OKLA;?;13h20;Poissy;uic_87386573;?;?;normal;5;0;0;0;0;0 - 0 - 0 - 0 - 0;0: 5
2020;1;15;3;3;1;0;OKLA;?;14h00;Poissy;uic_87386573;?;?;normal;5;0;60;12;0;0 - 0 - 0 - 0 - 1;0: 4 - 1: 1
2020;1;15;3;3;1;0;OKRE;?;14h40;Poissy;uic_87386573;?;?;normal;5;0;0;0;0;0 - 0 - 0 - 0 - 0;0: 5
2020;1;15;3;3;1;0;OKRE;?;15h20;Poissy;uic_87386573;?;?;normal;5;0;0;0;0;0 - 0 - 0 - 0 - 0;0: 5
2020;1;15;3;3;1;0;OKRE;?;16h00;Poissy;uic_87386573;?;?;normal;5;0;60;12;0;0 - 1 - 0 - 0 - 0;0: 4 - 1: 1
2020;1;15;3;3;1;0;OPEN;?;04h42;Cergy le Haut;uic_87382655;?;?;normal;9;0;0;0;0;0 - 0 - 0 - 0 - 0 - 0 - 0 - 0 - 0;0: 9
2020;1;15;3;3;1;0;OPUS;?;00h28;Sartrouville;uic_87386417;?;?;normal;2;0;60;60;1;1 - 1;1: 2
2020;1;15;3;3;1;0;OPUS;?;23h58;Sartrouville;uic_87386417;?;?;normal;2;0;0;0;0;0 - 0;0: 2
2020;1;15;3;3;1;0;QURI;?;00h05;Poissy;uic_87386573;?;?;normal;5;0;0;0;0;0 - 0 - 0 - 0 - 0;0: 5
2020;1;15;3;3;1;0;QURI;?;05h10;Poissy;uic_87386573;?;?;normal;5;0;0;0;0;0 - 0 - 0 - 0 - 0;0: 5
2020;1;15;3;3;1;0;TAPI;?;00h31;Houilles - Carrières-sur-Seine;uic_87386409;?;?;normal;4;0;60;15;0;0 - 1 - 0 - 0;0: 3 - 1: 1
2020;1;15;3;3;1;0;TAXE;?;00h03;Houilles - Carrières-sur-Seine;uic_87386409;?;?;normal;4;0;0;0;0;0 - 0 - 0 - 0;0: 4
2020;1;15;3;3;1;0;TAXE;?;06h35;Houilles - Carrières-sur-Seine;uic_87386409;?;?;normal;4;0;0;0;0;0 - 0 - 0 - 0;0: 4
2020;1;15;3;3;1;0;TAXE;?;07h06;Houilles - Carrières-sur-Seine;uic_87386409;?;?;normal;4;0;60;15;0;0 - 1 - 0 - 0;0: 3 - 1: 1
2020;1;15;3;3;1;0;TAXE;?;07h37;Houilles - Carrières-sur-Seine;uic_87386409;?;?;normal;4;0;0;0;0;0 - 0 - 0 - 0;0: 4
2020;1;15;3;3;1;0;TAXE;?;08h13;Houilles - Carrières-sur-Seine;uic_87386409;?;?;normal;4;0;0;0;0;0 - 0 - 0 - 0;0: 4
2020;1;15;3;3;1;0;TAXE;?;08h36;Houilles - Carrières-sur-Seine;uic_87386409;?;?;normal;4;0;0;0;0;0 - 0 - 0 - 0;0: 4
2020;1;15;3;3;1;0;TAXE;?;09h00;Houilles - Carrières-sur-Seine;uic_87386409;?;?;normal;4;0;360;315;5;5 - 6 - 5 - 5;5: 3 - 6: 1
2020;1;15;3;3;1;0;TAXE;?;09h23;Houilles - Carrières-sur-Seine;uic_87386409;?;?;normal;4;0;480;465;8;7 - 8 - 8 - 8;7: 1 - 8: 3
2020;1;15;3;3;1;0;TAXE;?;09h46;Houilles - Carrières-sur-Seine;uic_87386409;?;?;normal;4;0;120;60;1;1 - 2 - 1 - 0;0: 1 - 1: 2 - 2: 1
2020;1;15;3;3;1;0;TAXE;?;09h58;Houilles - Carrières-sur-Seine;uic_87386409;?;?;normal;4;0;180;90;90;1 - 3 - 2 - 0;0: 1 - 1: 1 - 2: 1 - 3: 1
2020;1;15;3;3;1;0;TAXE;?;17h26;Houilles - Carrières-sur-Seine;uic_87386409;?;?;normal;4;0;180;165;3;2 - 3 - 3 - 3;2: 1 - 3: 3
2020;1;15;3;3;1;0;TAXE;?;17h51;Houilles - Carrières-sur-Seine;uic_87386409;?;?;normal;4;0;420;405;7;6 - 7 - 7 - 7;6: 1 - 7: 3
2020;1;15;3;3;1;0;TAXE;?;18h16;Houilles - Carrières-sur-Seine;uic_87386409;?;?;normal;4;0;300;285;5;4 - 5 - 5 - 5;4: 1 - 5: 3
2020;1;15;3;3;1;0;TAXE;?;18h41;Houilles - Carrières-sur-Seine;uic_87386409;?;?;normal;4;0;360;300;5;4 - 5 - 5 - 6;4: 1 - 5: 2 - 6: 1
2020;1;15;3;3;1;0;TAXE;?;19h06;Houilles - Carrières-sur-Seine;uic_87386409;?;?;normal;4;0;60;15;0;0 - 1 - 0 - 0;0: 3 - 1: 1
2020;1;15;3;3;1;0;TAXE;?;19h31;Houilles - Carrières-sur-Seine;uic_87386409;?;?;normal;4;0;300;255;4;4 - 5 - 4 - 4;4: 3 - 5: 1
2020;1;15;3;3;1;0;TAXE;?;19h56;Houilles - Carrières-sur-Seine;uic_87386409;?;?;normal;4;0;0;0;0;0 - 0 - 0 - 0;0: 4
2020;1;15;3;3;1;0;TAXE;?;20h38;Houilles - Carrières-sur-Seine;uic_87386409;?;?;normal;4;0;420;405;7;6 - 7 - 7 - 7;6: 1 - 7: 3
2020;1;15;3;3;1;0;TAXE;?;21h19;Houilles - Carrières-sur-Seine;uic_87386409;?;?;normal;4;0;420;360;6;5 - 6 - 7 - 6;5: 1 - 6: 2 - 7: 1
2020;1;15;3;3;1;0;TAXE;?;22h03;Houilles - Carrières-sur-Seine;uic_87386409;?;?;normal;4;0;60;30;30;1 - 1 - 0 - 0;0: 2 - 1: 2
2020;1;15;3;3;1;0;TAXE;?;23h03;Houilles - Carrières-sur-Seine;uic_87386409;?;?;normal;4;0;0;0;0;0 - 0 - 0 - 0;0: 4
2020;1;15;3;3;1;0;TEDI;?;00h58;Houilles - Carrières-sur-Seine;uic_87386409;?;?;normal;4;0;0;0;0;0 - 0 - 0 - 0;0: 4
2020;1;15;3;3;1;0;TRAM;?;15h53;Houilles - Carrières-sur-Seine;uic_87386409;?;?;normal;4;0;60;30;30;1 - 1 - 0 - 0;0: 2 - 1: 2
2020;1;15;3;3;1;0;TRAM;?;16h33;Houilles - Carrières-sur-Seine;uic_87386409;?;?;normal;4;0;120;60;1;1 - 2 - 1 - 0;0: 1 - 1: 2 - 2: 1
2020;1;15;3;3;1;0;TRAM;?;16h54;Houilles - Carrières-sur-Seine;uic_87386409;?;?;normal;4;0;60;15;0;0 - 1 - 0 - 0;0: 3 - 1: 1
2020;1;15;3;3;1;0;TROC;?;10h33;Houilles - Carrières-sur-Seine;uic_87386409;?;?;normal;4;0;0;0;0;0 - 0 - 0 - 0;0: 4
2020;1;15;3;3;1;0;TROC;?;11h13;Houilles - Carrières-sur-Seine;uic_87386409;?;?;normal;4;0;60;15;0;0 - 1 - 0 - 0;0: 3 - 1: 1
2020;1;15;3;3;1;0;TROC;?;11h53;Houilles - Carrières-sur-Seine;uic_87386409;?;?;normal;4;0;0;0;0;0 - 0 - 0 - 0;0: 4
2020;1;15;3;3;1;0;TROC;?;12h33;Houilles - Carrières-sur-Seine;uic_87386409;?;?;normal;4;0;0;0;0;0 - 0 - 0 - 0;0: 4
2020;1;15;3;3;1;0;TROC;?;13h13;Houilles - Carrières-sur-Seine;uic_87386409;?;?;normal;4;0;0;0;0;0 - 0 - 0 - 0;0: 4
2020;1;15;3;3;1;0;TROC;?;13h53;Houilles - Carrières-sur-Seine;uic_87386409;?;?;normal;4;0;0;0;0;0 - 0 - 0 - 0;0: 4
2020;1;15;3;3;1;0;TROC;?;14h33;Houilles - Carrières-sur-Seine;uic_87386409;?;?;normal;4;0;0;0;0;0 - 0 - 0 - 0;0: 4
2020;1;15;3;3;1;0;TROC;?;15h13;Houilles - Carrières-sur-Seine;uic_87386409;?;?;normal;4;0;120;75;90;2 - 2 - 1 - 0;0: 1 - 1: 1 - 2: 2
2020;1;15;3;3;1;0;UBAL;?;05h56;Houilles - Carrières-sur-Seine;uic_87386409;?;?;normal;8;0;540;517;9;7 - 8 - 9 - 9 - 9 - 9 - 9 - 9;7: 1 - 8: 1 - 9: 6
2020;1;15;3;3;1;0;UZAR;?;06h23;Houilles - Carrières-sur-Seine;uic_87386409;?;?;normal;8;0;180;150;3;0 - 2 - 3 - 3 - 3 - 3 - 3 - 3;0: 1 - 2: 1 - 3: 6
2020;1;15;3;3;1;0;UZAR;?;06h40;Houilles - Carrières-sur-Seine;uic_87386409;?;?;normal;8;0;180;135;3;0 - 0 - 3 - 3 - 3 - 3 - 3 - 3;0: 2 - 3: 6
2020;1;15;3;3;1;0;UZAR;?;07h11;Houilles - Carrières-sur-Seine;uic_87386409;?;?;normal;8;0;60;37;1;0 - 1 - 1 - 1 - 1 - 1 - 0 - 0;0: 3 - 1: 5
2020;1;15;3;3;1;0;UZAR;?;07h25;Houilles - Carrières-sur-Seine;uic_87386409;?;?;normal;8;0;0;0;0;0 - 0 - 0 - 0 - 0 - 0 - 0 - 0;0: 8
2020;1;15;3;3;1;0;UZAR;?;07h46;Houilles - Carrières-sur-Seine;uic_87386409;?;?;normal;8;0;240;172;210;4 - 4 - 3 - 4 - 4 - 3 - 1 - 0;0: 1 - 1: 1 - 3: 2 - 4: 4
2020;1;15;3;3;1;0;UZAR;?;07h57;Houilles - Carrières-sur-Seine;uic_87386409;?;?;normal;8;0;240;142;150;2 - 3 - 4 - 4 - 3 - 2 - 1 - 0;0: 1 - 1: 1 - 2: 2 - 3: 2 - 4: 2
2020;1;15;3;3;1;0;UZAR;?;08h21;Houilles - Carrières-sur-Seine;uic_87386409;?;?;normal;8;0;0;0;0;0 - 0 - 0 - 0 - 0 - 0 - 0 - 0;0: 8
2020;1;15;3;3;1;0;UZAR;?;08h44;Houilles - Carrières-sur-Seine;uic_87386409;?;?;normal;8;0;60;37;1;1 - 1 - 0 - 0 - 1 - 1 - 1 - 0;0: 3 - 1: 5
2020;1;15;3;3;1;0;UZAR;?;09h07;Houilles - Carrières-sur-Seine;uic_87386409;?;?;normal;8;0;660;615;10;10 - 11 - 10 - 10 - 11 - 10 - 10 - 10;10: 6 - 11: 2
2020;1;15;3;3;1;0;UZAR;?;09h31;Houilles - Carrières-sur-Seine;uic_87386409;?;?;normal;8;0;480;472;8;8 - 8 - 7 - 8 - 8 - 8 - 8 - 8;7: 1 - 8: 7
2020;1;15;3;3;1;0;UZAR;?;09h54;Houilles - Carrières-sur-Seine;uic_87386409;?;?;normal;8;0;240;157;3;4 - 4 - 4 - 3 - 3 - 2 - 1 - 0;0: 1 - 1: 1 - 2: 1 - 3: 2 - 4: 3
2020;1;15;3;3;1;0;UZAR;?;10h18;Houilles - Carrières-sur-Seine;uic_87386409;?;?;normal;8;0;180;82;1;1 - 2 - 1 - 3 - 2 - 1 - 1 - 0;0: 1 - 1: 4 - 2: 2 - 3: 1
2020;1;15;3;3;1;0;UZAR;?;10h38;Houilles - Carrières-sur-Seine;uic_87386409;?;?;normal;8;0;240;127;2;1 - 2 - 3 - 4 - 4 - 2 - 1 - 0;0: 1 - 1: 2 - 2: 2 - 3: 1 - 4: 2
2020;1;15;3;3;1;0;UZAR;?;10h58;Houilles - Carrières-sur-Seine;uic_87386409;?;?;normal;8;0;180;120;150;3 - 3 - 2 - 3 - 3 - 1 - 1 - 0;0: 1 - 1: 2 - 2: 1 - 3: 4
2020;1;15;3;3;1;0;UZAR;?;11h18;Houilles - Carrières-sur-Seine;uic_87386409;?;?;normal;8;0;120;82;90;2 - 2 - 1 - 2 - 2 - 1 - 1 - 0;0: 1 - 1: 3 - 2: 4
2020;1;15;3;3;1;0;UZAR;?;11h38;Houilles - Carrières-sur-Seine;uic_87386409;?;?;normal;8;0;0;0;0;0 - 0 - 0 - 0 - 0 - 0 - 0 - 0;0: 8
2020;1;15;3;3;1;0;UZAR;?;11h58;Houilles - Carrières-sur-Seine;uic_87386409;?;?;normal;8;0;120;37;30;0 - 1 - 0 - 2 - 1 - 0 - 1 - 0;0: 4 - 1: 3 - 2: 1
2020;1;15;3;3;1;0;UZAR;?;12h18;Houilles - Carrières-sur-Seine;uic_87386409;?;?;normal;8;0;0;0;0;0 - 0 - 0 - 0 - 0 - 0 - 0 - 0;0: 8
2020;1;15;3;3;1;0;UZAR;?;12h38;Houilles - Carrières-sur-Seine;uic_87386409;?;?;normal;8;0;60;37;1;1 - 1 - 0 - 1 - 1 - 0 - 1 - 0;0: 3 - 1: 5
2020;1;15;3;3;1;0;UZAR;?;12h58;Houilles - Carrières-sur-Seine;uic_87386409;?;?;normal;8;0;0;0;0;0 - 0 - 0 - 0 - 0 - 0 - 0 - 0;0: 8
2020;1;15;3;3;1;0;UZAR;?;13h18;Houilles - Carrières-sur-Seine;uic_87386409;?;?;normal;8;0;120;45;1;1 - 2 - 0 - 1 - 1 - 0 - 1 - 0;0: 3 - 1: 4 - 2: 1
2020;1;15;3;3;1;0;UZAR;?;13h38;Houilles - Carrières-sur-Seine;uic_87386409;?;?;normal;8;0;240;210;4;3 - 3 - 2 - 4 - 4 - 4 - 4 - 4;2: 1 - 3: 2 - 4: 5
2020;1;15;3;3;1;0;UZAR;?;13h58;Houilles - Carrières-sur-Seine;uic_87386409;?;?;normal;8;0;120;45;1;1 - 2 - 0 - 1 - 1 - 0 - 1 - 0;0: 3 - 1: 4 - 2: 1
2020;1;15;3;3;1;0;UZAR;?;14h18;Houilles - Carrières-sur-Seine;uic_87386409;?;?;normal;8;0;60;15;0;0 - 0 - 0 - 0 - 1 - 0 - 1 - 0;0: 6 - 1: 2
2020;1;15;3;3;1;0;UZAR;?;14h38;Houilles - Carrières-sur-Seine;uic_87386409;?;?;normal;8;0;180;97;90;3 - 3 - 1 - 2 - 2 - 1 - 1 - 0;0: 1 - 1: 3 - 2: 2 - 3: 2
2020;1;15;3;3;1;0;UZAR;?;14h58;Houilles - Carrières-sur-Seine;uic_87386409;?;?;normal;8;0;0;0;0;0 - 0 - 0 - 0 - 0 - 0 - 0 - 0;0: 8
2020;1;15;3;3;1;0;UZAR;?;15h18;Houilles - Carrières-sur-Seine;uic_87386409;?;?;normal;8;0;240;127;2;2 - 3 - 2 - 4 - 3 - 2 - 1 - 0;0: 1 - 1: 1 - 2: 3 - 3: 2 - 4: 1
2020;1;15;3;3;1;0;UZEL;?;15h47;Houilles - Carrières-sur-Seine;uic_87386409;?;?;normal;8;0;60;22;0;0 - 0 - 0 - 1 - 1 - 0 - 1 - 0;0: 5 - 1: 3
2020;1;15;3;3;1;0;UZEL;?;16h07;Houilles - Carrières-sur-Seine;uic_87386409;?;?;normal;8;0;60;7;0;0 - 0 - 0 - 0 - 1 - 0 - 0 - 0;0: 7 - 1: 1
2020;1;15;3;3;1;0;UZEL;?;16h26;Houilles - Carrières-sur-Seine;uic_87386409;?;?;normal;8;0;180;90;90;2 - 3 - 1 - 2 - 2 - 1 - 1 - 0;0: 1 - 1: 3 - 2: 3 - 3: 1
2020;1;15;3;3;1;0;UZEL;?;16h59;Houilles - Carrières-sur-Seine;uic_87386409;?;?;normal;8;0;120;52;1;1 - 2 - 0 - 1 - 2 - 0 - 1 - 0;0: 3 - 1: 3 - 2: 2
2020;1;15;3;3;1;0;UZEL;?;17h18;Houilles - Carrières-sur-Seine;uic_87386409;?;?;normal;8;0;360;270;5;2 - 4 - 4 - 5 - 6 - 5 - 5 - 5;2: 1 - 4: 2 - 5: 4 - 6: 1
2020;1;15;3;3;1;0;UZEL;?;17h43;Houilles - Carrières-sur-Seine;uic_87386409;?;?;normal;8;0;360;255;5;2 - 3 - 3 - 5 - 6 - 5 - 5 - 5;2: 1 - 3: 2 - 5: 4 - 6: 1
2020;1;15;3;3;1;0;UZEL;?;18h08;Houilles - Carrières-sur-Seine;uic_87386409;?;?;normal;8;0;420;307;6;2 - 4 - 4 - 6 - 7 - 6 - 6 - 6;2: 1 - 4: 2 - 6: 4 - 7: 1
2020;1;15;3;3;1;0;UZEL;?;18h33;Houilles - Carrières-sur-Seine;uic_87386409;?;?;normal;8;0;360;262;5;2 - 3 - 4 - 5 - 6 - 5 - 5 - 5;2: 1 - 3: 1 - 4: 1 - 5: 4 - 6: 1
2020;1;15;3;3;1;0;UZEL;?;18h58;Houilles - Carrières-sur-Seine;uic_87386409;?;?;normal;8;0;120;22;0;0 - 0 - 0 - 1 - 2 - 0 - 0 - 0;0: 6 - 1: 1 - 2: 1
2020;1;15;3;3;1;0;UZEL;?;19h23;Houilles - Carrières-sur-Seine;uic_87386409;?;?;normal;8;0;240;112;2;2 - 2 - 2 - 4 - 3 - 2 - 0 - 0;0: 2 - 2: 4 - 3: 1 - 4: 1
2020;1;15;3;3;1;0;UZEL;?;19h48;Houilles - Carrières-sur-Seine;uic_87386409;?;?;normal;8;0;120;60;1;1 - 1 - 1 - 2 - 2 - 1 - 0 - 0;0: 2 - 1: 4 - 2: 2
2020;1;15;3;3;1;0;UZEL;?;20h10;Houilles - Carrières-sur-Seine;uic_87386409;?;?;normal;8;0;60;22;0;0 - 0 - 0 - 1 - 1 - 1 - 0 - 0;0: 5 - 1: 3
2020;1;15;3;3;1;0;UZEL;?;20h28;Houilles - Carrières-sur-Seine;uic_87386409;?;?;normal;8;0;60;37;1;0 - 1 - 1 - 1 - 1 - 1 - 0 - 0;0: 3 - 1: 5
2020;1;15;3;3;1;0;UZEL;?;21h08;Houilles - Carrières-sur-Seine;uic_87386409;?;?;normal;8;0;120;45;1;0 - 1 - 1 - 2 - 1 - 1 - 0 - 0;0: 3 - 1: 4 - 2: 1
2020;1;15;3;3;1;0;UZEL;?;21h49;Houilles - Carrières-sur-Seine;uic_87386409;?;?;normal;8;0;180;60;1;0 - 1 - 1 - 3 - 2 - 1 - 0 - 0;0: 3 - 1: 3 - 2: 1 - 3: 1
2020;1;15;3;3;1;0;VELO;?;22h48;Houilles - Carrières-sur-Seine;uic_87386409;?;?;normal;1;0;0;0;0;0;0: 1
2020;1;15;3;3;1;0;VELO;?;23h48;Houilles - Carrières-sur-Seine;uic_87386409;?;?;normal;1;0;0;0;0;0;0: 1
2020;1;15;3;3;1;0;VIDA;?;00h44;Houilles - Carrières-sur-Seine;uic_87386409;?;?;normal;1;0;0;0;0;0;0: 1
2020;1;15;3;3;1;0;VIRO;?;01h13;Houilles - Carrières-sur-Seine;uic_87386409;?;?;normal;1;0;180;180;180;3;3: 1
2020;1;16;4;3;1;0;NAJA;?;22h58;Sartrouville;uic_87386417;?;?;normal;2;0;360;360;6;6 - 6;6: 2
2020;1;16;4;3;1;0;NANI;?;14h13;Cergy le Haut;uic_87382655;?;?;normal;9;0;60;40;60;0 - 0 - 1 - 1 - 1 - 1 - 1 - 1 - 0;0: 3 - 1: 6
2020;1;16;4;3;1;0;NANI;?;14h33;Cergy le Haut;uic_87382655;?;?;normal;9;0;60;33;60;0 - 0 - 1 - 1 - 0 - 1 - 1 - 1 - 0;0: 4 - 1: 5
2020;1;16;4;3;1;0;NANI;?;14h53;Cergy le Haut;uic_87382655;?;?;normal;9;0;0;0;0;0 - 0 - 0 - 0 - 0 - 0 - 0 - 0 - 0;0: 9
2020;1;16;4;3;1;0;NANI;?;15h13;Cergy le Haut;uic_87382655;?;?;normal;9;0;0;0;0;0 - 0 - 0 - 0 - 0 - 0 - 0 - 0 - 0;0: 9
2020;1;16;4;3;1;0;NANI;?;15h33;Cergy le Haut;uic_87382655;?;?;normal;9;0;0;0;0;0 - 0 - 0 - 0 - 0 - 0 - 0 - 0 - 0;0: 9
2020;1;16;4;3;1;0;NANI;?;15h53;Cergy le Haut;uic_87382655;?;?;normal;9;0;0;0;0;0 - 0 - 0 - 0 - 0 - 0 - 0 - 0 - 0;0: 9
2020;1;16;4;3;1;0;NANI;?;16h03;Cergy le Haut;uic_87382655;?;?;normal;9;0;60;6;0;0 - 0 - 0 - 0 - 0 - 1 - 0 - 0 - 0;0: 8 - 1: 1
2020;1;16;4;3;1;0;NANI;?;16h13;Cergy le Haut;uic_87382655;?;?;normal;9;0;0;0;0;0 - 0 - 0 - 0 - 0 - 0 - 0 - 0 - 0;0: 9
2020;1;16;4;3;1;0;NANI;?;16h36;Cergy le Haut;uic_87382655;?;?;normal;9;0;120;99;120;2 - 2 - 2 - 1 - 2 - 2 - 2 - 1 - 1;1: 3 - 2: 6
2020;1;16;4;3;1;0;NANI;?;16h49;Cergy le Haut;uic_87382655;?;?;normal;9;0;240;173;180;2 - 2 - 2 - 2 - 3 - 4 - 3 - 4 - 4;2: 4 - 3: 2 - 4: 3
2020;1;16;4;3;1;0;NANI;?;17h01;Cergy le Haut;uic_87382655;?;?;normal;9;0;60;13;0;0 - 0 - 0 - 0 - 0 - 1 - 1 - 0 - 0;0: 7 - 1: 2
2020;1;16;4;3;1;0;NANI;?;17h26;Cergy le Haut;uic_87382655;?;?;normal;9;0;60;13;0;0 - 0 - 0 - 0 - 0 - 1 - 1 - 0 - 0;0: 7 - 1: 2
2020;1;16;4;3;1;0;NANI;?;17h51;Cergy le Haut;uic_87382655;?;?;normal;9;0;60;6;0;0 - 0 - 0 - 0 - 0 - 1 - 0 - 0 - 0;0: 8 - 1: 1
2020;1;16;4;3;1;0;NANI;?;18h16;Cergy le Haut;uic_87382655;?;?;normal;9;0;60;20;0;0 - 0 - 0 - 0 - 1 - 1 - 1 - 0 - 0;0: 6 - 1: 3
2020;1;16;4;3;1;0;NANI;?;18h41;Cergy le Haut;uic_87382655;?;?;normal;9;0;240;153;120;2 - 3 - 2 - 2 - 2 - 4 - 3 - 2 - 3;2: 5 - 3: 3 - 4: 1
2020;1;16;4;3;1;0;NANI;?;19h06;Cergy le Haut;uic_87382655;?;?;normal;9;0;360;146;60;0 - 0 - 0 - 0 - 1 - 6 - 5 - 5 - 5;0: 4 - 1: 1 - 5: 3 - 6: 1
2020;1;16;4;3;1;0;NANI;?;19h39;Cergy le Haut;uic_87382655;?;?;normal;9;0;0;0;0;0 - 0 - 0 - 0 - 0 - 0 - 0 - 0 - 0;0: 9
2020;1;16;4;3;1;0;NANI;?;20h05;Cergy le Haut;uic_87382655;?;?;normal;9;0;0;0;0;0 - 0 - 0 - 0 - 0 - 0 - 0 - 0 - 0;0: 9
2020;1;16;4;3;1;0;NANI;?;20h35;Cergy le Haut;uic_87382655;?;?;normal;9;0;60;20;0;0 - 0 - 1 - 0 - 0 - 1 - 0 - 0 - 1;0: 6 - 1: 3
2020;1;16;4;3;1;0;NANI;?;21h33;Cergy le Haut;uic_87382655;?;?;normal;9;0;180;133;120;1 - 2 - 2 - 2 - 2 - 3 - 2 - 3 - 3;1: 1 - 2: 5 - 3: 3
2020;1;16;4;3;1;0;NATO;?;05h12;Cergy le Haut;uic_87382655;?;?;normal;9;0;420;246;180;3 - 3 - 3 - 3 - 3 - 4 - 4 - 7 - 7;3: 5 - 4: 2 - 7: 2
2020;1;16;4;3;1;0;NATO;?;05h57;Cergy le Haut;uic_87382655;?;?;normal;9;0;240;186;180;3 - 3 - 3 - 3 - 3 - 3 - 3 - 3 - 4;3: 8 - 4: 1
2020;1;16;4;3;1;0;NATO;?;06h27;Cergy le Haut;uic_87382655;?;?;normal;9;0;300;213;180;3 - 3 - 3 - 3 - 3 - 5 - 4 - 4 - 4;3: 5 - 4: 3 - 5: 1
2020;1;16;4;3;1;0;NATO;?;06h42;Cergy le Haut;uic_87382655;?;?;normal;9;0;240;220;240;3 - 3 - 4 - 3 - 4 - 4 - 4 - 4 - 4;3: 3 - 4: 6
2020;1;16;4;3;1;0;NATO;?;06h51;Cergy le Haut;uic_87382655;?;?;annule;9;9;0;0;0;;
2020;1;16;4;3;1;0;NATO;?;07h14;Cergy le Haut;uic_87382655;?;?;normal;9;0;60;26;0;0 - 0 - 0 - 0 - 0 - 1 - 1 - 1 - 1;0: 5 - 1: 4
2020;1;16;4;3;1;0;NATO;?;07h38;Cergy le Haut;uic_87382655;?;?;normal;9;0;60;6;0;0 - 0 - 1 - 0 - 0 - 0 - 0 - 0 - 0;0: 8 - 1: 1
2020;1;16;4;3;1;0;NATO;?;07h49;Cergy le Haut;uic_87382655;?;?;normal;9;0;60;13;0;0 - 0 - 0 - 0 - 0 - 1 - 1 - 0 - 0;0: 7 - 1: 2
2020;1;16;4;3;1;0;NATO;?;08h01;Cergy le Haut;uic_87382655;?;?;normal;9;0;540;333;300;3 - 4 - 3 - 4 - 5 - 7 - 7 - 8 - 9;3: 2 - 4: 2 - 5: 1 - 7: 2 - 8: 1 - 9: 1
2020;1;16;4;3;1;0;NATO;?;08h24;Cergy le Haut;uic_87382655;?;?;normal;9;0;0;0;0;0 - 0 - 0 - 0 - 0 - 0 - 0 - 0 - 0;0: 9
2020;1;16;4;3;1;0;NATO;?;08h36;Cergy le Haut;uic_87382655;?;?;normal;9;0;0;0;0;0 - 0 - 0 - 0 - 0 - 0 - 0 - 0 - 0;0: 9
2020;1;16;4;3;1;0;NATO;?;08h48;Cergy le Haut;uic_87382655;?;?;normal;9;0;60;6;0;0 - 0 - 1 - 0 - 0 - 0 - 0 - 0 - 0;0: 8 - 1: 1
2020;1;16;4;3;1;0;NATO;?;09h14;Cergy le Haut;uic_87382655;?;?;normal;9;0;0;0;0;0 - 0 - 0 - 0 - 0 - 0 - 0 - 0 - 0;0: 9
2020;1;16;4;3;1;0;NATO;?;09h33;Cergy le Haut;uic_87382655;?;?;normal;9;0;60;26;0;0 - 0 - 0 - 0 - 0 - 1 - 1 - 1 - 1;0: 5 - 1: 4
2020;1;16;4;3;1;0;NATO;?;09h55;Cergy le Haut;uic_87382655;?;?;normal;9;0;120;60;60;0 - 0 - 0 - 1 - 1 - 2 - 1 - 2 - 2;0: 3 - 1: 3 - 2: 3
2020;1;16;4;3;1;0;NATO;?;10h13;Cergy le Haut;uic_87382655;?;?;normal;9;0;120;33;0;0 - 0 - 0 - 0 - 0 - 1 - 1 - 1 - 2;0: 5 - 1: 3 - 2: 1
2020;1;16;4;3;1;0;NATO;?;10h33;Cergy le Haut;uic_87382655;?;?;normal;9;0;60;6;0;0 - 0 - 0 - 0 - 0 - 1 - 0 - 0 - 0;0: 8 - 1: 1
2020;1;16;4;3;1;0;NATO;?;10h53;Cergy le Haut;uic_87382655;?;?;normal;9;0;120;46;0;0 - 0 - 0 - 0 - 0 - 2 - 2 - 2 - 1;0: 5 - 1: 1 - 2: 3
2020;1;16;4;3;1;0;NATO;?;11h13;Cergy le Haut;uic_87382655;?;?;normal;9;0;60;6;0;0 - 0 - 0 - 0 - 0 - 1 - 0 - 0 - 0;0: 8 - 1: 1
2020;1;16;4;3;1;0;NATO;?;11h33;Cergy le Haut;uic_87382655;?;?;normal;9;0;120;66;60;1 - 1 - 2 - 1 - 1 - 2 - 1 - 1 - 0;0: 1 - 1: 6 - 2: 2
2020;1;16;4;3;1;0;NATO;?;11h53;Cergy le Haut;uic_87382655;?;?;normal;9;0;120;80;60;1 - 1 - 2 - 1 - 1 - 2 - 2 - 2 - 0;0: 1 - 1: 4 - 2: 4
2020;1;16;4;3;1;0;NATO;?;12h13;Cergy le Haut;uic_87382655;?;?;normal;9;0;0;0;0;0 - 0 - 0 - 0 - 0 - 0 - 0 - 0 - 0;0: 9
2020;1;16;4;3;1;0;NATO;?;12h33;Cergy le Haut;uic_87382655;?;?;normal;9;0;0;0;0;0 - 0 - 0 - 0 - 0 - 0 - 0 - 0 - 0;0: 9
2020;1;16;4;3;1;0;NATO;?;12h53;Cergy le Haut;uic_87382655;?;?;normal;9;0;60;53;60;1 - 1 - 1 - 1 - 1 - 1 - 1 - 1 - 0;0: 1 - 1: 8
2020;1;16;4;3;1;0;NATO;?;13h13;Cergy le Haut;uic_87382655;?;?;normal;9;0;60;6;0;0 - 0 - 0 - 0 - 0 - 1 - 0 - 0 - 0;0: 8 - 1: 1
2020;1;16;4;3;1;0;NATO;?;13h33;Cergy le Haut;uic_87382655;?;?;normal;9;0;60;6;0;0 - 0 - 0 - 0 - 0 - 1 - 0 - 0 - 0;0: 8 - 1: 1
2020;1;16;4;3;1;0;NATO;?;13h53;Cergy le Haut;uic_87382655;?;?;normal;9;0;180;106;60;1 - 1 - 1 - 1 - 2 - 3 - 3 - 3 - 1;1: 5 - 2: 1 - 3: 3
2020;1;16;4;3;1;0;NOTE;?;05h40;Poissy;uic_87386573;?;?;normal;5;0;120;107;120;2 - 2 - 1 - 2 - 2;1: 1 - 2: 4
2020;1;16;4;3;1;0;NOTE;?;06h00;Poissy;uic_87386573;?;?;normal;5;0;60;48;60;1 - 1 - 1 - 1 - 0;0: 1 - 1: 4
2020;1;16;4;3;1;0;NOTE;?;06h30;Poissy;uic_87386573;?;?;normal;5;0;0;0;0;0 - 0 - 0 - 0 - 0;0: 5
2020;1;16;4;3;1;0;NOTE;?;07h13;Poissy;uic_87386573;?;?;normal;5;0;300;240;240;3 - 4 - 4 - 4 - 5;3: 1 - 4: 3 - 5: 1
2020;1;16;4;3;1;0;NOTE;?;07h37;Poissy;uic_87386573;?;?;normal;5;0;540;360;300;4 - 5 - 4 - 8 - 9;4: 2 - 5: 1 - 8: 1 - 9: 1
2020;1;16;4;3;1;0;NOTE;?;07h59;Poissy;uic_87386573;?;?;normal;5;0;120;96;120;1 - 2 - 2 - 2 - 1;1: 2 - 2: 3
2020;1;16;4;3;1;0;NOTE;?;08h22;Poissy;uic_87386573;?;?;normal;5;0;360;251;240;3 - 4 - 4 - 4 - 6;3: 1 - 4: 3 - 6: 1
2020;1;16;4;3;1;0;NOTE;?;08h46;Poissy;uic_87386573;?;?;normal;5;0;60;12;0;0 - 0 - 0 - 0 - 1;0: 4 - 1: 1
2020;1;16;4;3;1;0;NOTE;?;09h09;Poissy;uic_87386573;?;?;normal;5;0;0;0;0;0 - 0 - 0 - 0 - 0;0: 5
2020;1;16;4;3;1;0;NOTE;?;16h42;Poissy;uic_87386573;?;?;normal;5;0;0;0;0;0 - 0 - 0 - 0 - 0;0: 5
2020;1;16;4;3;1;0;NOTE;?;17h05;Poissy;uic_87386573;?;?;normal;5;0;180;120;120;2 - 3 - 1 - 2 - 2;1: 1 - 2: 3 - 3: 1
2020;1;16;4;3;1;0;NOTE;?;17h32;Poissy;uic_87386573;?;?;normal;5;0;60;12;0;0 - 1 - 0 - 0 - 0;0: 4 - 1: 1
2020;1;16;4;3;1;0;NOTE;?;17h57;Poissy;uic_87386573;?;?;normal;5;0;0;0;0;0 - 0 - 0 - 0 - 0;0: 5
2020;1;16;4;3;1;0;NOTE;?;18h22;Poissy;uic_87386573;?;?;normal;5;0;0;0;0;0 - 0 - 0 - 0 - 0;0: 5
2020;1;16;4;3;1;0;NOTE;?;18h47;Poissy;uic_87386573;?;?;normal;5;0;60;12;0;0 - 1 - 0 - 0 - 0;0: 4 - 1: 1
2020;1;16;4;3;1;0;NOTE;?;19h12;Poissy;uic_87386573;?;?;normal;5;0;0;0;0;0 - 0 - 0 - 0 - 0;0: 5
2020;1;16;4;3;1;0;NOTE;?;19h39;Poissy;uic_87386573;?;?;normal;5;0;0;0;0;0 - 0 - 0 - 0 - 0;0: 5
2020;1;16;4;3;1;0;NOTE;?;20h34;Poissy;uic_87386573;?;?;normal;5;0;0;0;0;0 - 0 - 0 - 0 - 0;0: 5
2020;1;16;4;3;1;0;NOTE;?;21h35;Poissy;uic_87386573;?;?;normal;5;0;180;167;180;3 - 3 - 3 - 3 - 2;2: 1 - 3: 4
2020;1;16;4;3;1;0;NOTE;?;22h33;Poissy;uic_87386573;?;?;normal;5;0;0;0;0;0 - 0 - 0 - 0 - 0;0: 5
2020;1;16;4;3;1;0;OKLA;?;09h40;Poissy;uic_87386573;?;?;normal;5;0;240;204;180;3 - 4 - 4 - 3 - 3;3: 3 - 4: 2
2020;1;16;4;3;1;0;OKLA;?;10h16;Poissy;uic_87386573;?;?;normal;5;0;240;204;180;3 - 3 - 3 - 4 - 4;3: 3 - 4: 2
2020;1;16;4;3;1;0;OKLA;?;10h40;Poissy;uic_87386573;?;?;normal;5;0;120;72;60;1 - 2 - 1 - 1 - 1;1: 4 - 2: 1
2020;1;16;4;3;1;0;OKLA;?;11h20;Poissy;uic_87386573;?;?;normal;5;0;0;0;0;0 - 0 - 0 - 0 - 0;0: 5
2020;1;16;4;3;1;0;OKLA;?;12h00;Poissy;uic_87386573;?;?;normal;5;0;300;251;240;4 - 5 - 4 - 4 - 4;4: 4 - 5: 1
2020;1;16;4;3;1;0;OKLA;?;12h40;Poissy;uic_87386573;?;?;normal;5;0;0;0;0;0 - 0 - 0 - 0 - 0;0: 5
2020;1;16;4;3;1;0;OKLA;?;13h20;Poissy;uic_87386573;?;?;normal;5;0;60;12;0;0 - 0 - 1 - 0 - 0;0: 4 - 1: 1
2020;1;16;4;3;1;0;OKLA;?;14h00;Poissy;uic_87386573;?;?;normal;5;0;0;0;0;0 - 0 - 0 - 0 - 0;0: 5
2020;1;16;4;3;1;0;OKRE;?;14h40;Poissy;uic_87386573;?;?;normal;5;0;0;0;0;0 - 0 - 0 - 0 - 0;0: 5
2020;1;16;4;3;1;0;OKRE;?;15h20;Poissy;uic_87386573;?;?;normal;5;0;0;0;0;0 - 0 - 0 - 0 - 0;0: 5
2020;1;16;4;3;1;0;OKRE;?;16h00;Poissy;uic_87386573;?;?;normal;5;0;60;12;0;0 - 0 - 0 - 0 - 1;0: 4 - 1: 1
2020;1;16;4;3;1;0;OPEN;?;04h42;Cergy le Haut;uic_87382655;?;?;annule;9;9;0;0;0;;
2020;1;16;4;3;1;0;OPUS;?;00h28;Sartrouville;uic_87386417;?;?;normal;2;0;0;0;0;0 - 0;0: 2
2020;1;16;4;3;1;0;OPUS;?;23h58;Sartrouville;uic_87386417;?;?;normal;2;0;0;0;0;0 - 0;0: 2
2020;1;16;4;3;1;0;QURI;?;00h05;Poissy;uic_87386573;?;?;normal;5;0;0;0;0;0 - 0 - 0 - 0 - 0;0: 5
2020;1;16;4;3;1;0;QURI;?;05h10;Poissy;uic_87386573;?;?;normal;5;0;60;24;0;0 - 0 - 0 - 1 - 1;0: 3 - 1: 2
2020;1;16;4;3;1;0;TAPI;?;00h31;Houilles - Carrières-sur-Seine;uic_87386409;?;?;normal;4;0;60;15;0;0 - 1 - 0 - 0;0: 3 - 1: 1
2020;1;16;4;3;1;0;TAXE;?;00h03;Houilles - Carrières-sur-Seine;uic_87386409;?;?;normal;4;0;0;0;0;0 - 0 - 0 - 0;0: 4
2020;1;16;4;3;1;0;TAXE;?;06h35;Houilles - Carrières-sur-Seine;uic_87386409;?;?;normal;4;0;300;270;270;5 - 5 - 4 - 4;4: 2 - 5: 2
2020;1;16;4;3;1;0;TAXE;?;07h06;Houilles - Carrières-sur-Seine;uic_87386409;?;?;normal;4;0;60;15;0;0 - 1 - 0 - 0;0: 3 - 1: 1
2020;1;16;4;3;1;0;TAXE;?;07h37;Houilles - Carrières-sur-Seine;uic_87386409;?;?;normal;4;0;180;150;150;3 - 2 - 3 - 2;2: 2 - 3: 2
2020;1;16;4;3;1;0;TAXE;?;08h13;Houilles - Carrières-sur-Seine;uic_87386409;?;?;normal;4;0;60;15;0;0 - 1 - 0 - 0;0: 3 - 1: 1
2020;1;16;4;3;1;0;TAXE;?;08h36;Houilles - Carrières-sur-Seine;uic_87386409;?;?;normal;4;0;660;600;10;9 - 10 - 10 - 11;9: 1 - 10: 2 - 11: 1
2020;1;16;4;3;1;0;TAXE;?;09h00;Houilles - Carrières-sur-Seine;uic_87386409;?;?;normal;4;0;1020;1005;17;17 - 17 - 17 - 16;16: 1 - 17: 3
2020;1;16;4;3;1;0;TAXE;?;09h23;Houilles - Carrières-sur-Seine;uic_87386409;?;?;normal;4;0;360;345;6;5 - 6 - 6 - 6;5: 1 - 6: 3
2020;1;16;4;3;1;0;TAXE;?;09h46;Houilles - Carrières-sur-Seine;uic_87386409;?;?;normal;4;0;0;0;0;0 - 0 - 0 - 0;0: 4
2020;1;16;4;3;1;0;TAXE;?;09h58;Houilles - Carrières-sur-Seine;uic_87386409;?;?;normal;4;0;360;345;6;5 - 6 - 6 - 6;5: 1 - 6: 3
2020;1;16;4;3;1;0;TAXE;?;17h26;Houilles - Carrières-sur-Seine;uic_87386409;?;?;normal;4;0;60;45;1;0 - 1 - 1 - 1;0: 1 - 1: 3
2020;1;16;4;3;1;0;TAXE;?;17h51;Houilles - Carrières-sur-Seine;uic_87386409;?;?;normal;4;0;240;225;4;3 - 4 - 4 - 4;3: 1 - 4: 3
2020;1;16;4;3;1;0;TAXE;?;18h16;Houilles - Carrières-sur-Seine;uic_87386409;?;?;normal;4;0;120;75;1;1 - 2 - 1 - 1;1: 3 - 2: 1
2020;1;16;4;3;1;0;TAXE;?;18h41;Houilles - Carrières-sur-Seine;uic_87386409;?;?;normal;4;0;360;315;5;5 - 6 - 5 - 5;5: 3 - 6: 1
2020;1;16;4;3;1;0;TAXE;?;19h06;Houilles - Carrières-sur-Seine;uic_87386409;?;?;normal;4;0;120;60;1;0 - 2 - 1 - 1;0: 1 - 1: 2 - 2: 1
2020;1;16;4;3;1;0;TAXE;?;19h31;Houilles - Carrières-sur-Seine;uic_87386409;?;?;normal;4;0;120;90;2;2 - 2 - 2 - 0;0: 1 - 2: 3
2020;1;16;4;3;1;0;TAXE;?;19h56;Houilles - Carrières-sur-Seine;uic_87386409;?;?;normal;4;0;0;0;0;0 - 0 - 0 - 0;0: 4
2020;1;16;4;3;1;0;TAXE;?;20h38;Houilles - Carrières-sur-Seine;uic_87386409;?;?;normal;4;0;120;90;90;1 - 2 - 2 - 1;1: 2 - 2: 2
2020;1;16;4;3;1;0;TAXE;?;21h19;Houilles - Carrières-sur-Seine;uic_87386409;?;?;normal;4;0;360;285;270;4 - 5 - 6 - 4;4: 2 - 5: 1 - 6: 1
2020;1;16;4;3;1;0;TAXE;?;22h03;Houilles - Carrières-sur-Seine;uic_87386409;?;?;normal;4;0;120;105;2;2 - 2 - 2 - 1;1: 1 - 2: 3
2020;1;16;4;3;1;0;TAXE;?;23h03;Houilles - Carrières-sur-Seine;uic_87386409;?;?;normal;4;0;300;285;5;5 - 5 - 5 - 4;4: 1 - 5: 3
2020;1;16;4;3;1;0;TEDI;?;00h58;Houilles - Carrières-sur-Seine;uic_87386409;?;?;normal;4;0;0;0;0;0 - 0 - 0 - 0;0: 4
2020;1;16;4;3;1;0;TRAM;?;15h53;Houilles - Carrières-sur-Seine;uic_87386409;?;?;normal;4;0;0;0;0;0 - 0 - 0 - 0;0: 4
2020;1;16;4;3;1;0;TRAM;?;16h33;Houilles - Carrières-sur-Seine;uic_87386409;?;?;normal;4;0;60;60;1;1 - 1 - 1 - 1;1: 4
2020;1;16;4;3;1;0;TRAM;?;16h54;Houilles - Carrières-sur-Seine;uic_87386409;?;?;normal;4;0;0;0;0;0 - 0 - 0 - 0;0: 4
2020;1;16;4;3;1;0;TROC;?;10h33;Houilles - Carrières-sur-Seine;uic_87386409;?;?;normal;4;0;780;735;12;12 - 13 - 12 - 12;12: 3 - 13: 1
2020;1;16;4;3;1;0;TROC;?;11h13;Houilles - Carrières-sur-Seine;uic_87386409;?;?;normal;4;0;60;15;0;0 - 1 - 0 - 0;0: 3 - 1: 1
2020;1;16;4;3;1;0;TROC;?;11h53;Houilles - Carrières-sur-Seine;uic_87386409;?;?;normal;4;0;120;120;2;2 - 2 - 2 - 2;2: 4
2020;1;16;4;3;1;0;TROC;?;12h33;Houilles - Carrières-sur-Seine;uic_87386409;?;?;normal;4;0;60;30;30;1 - 1 - 0 - 0;0: 2 - 1: 2
2020;1;16;4;3;1;0;TROC;?;13h13;Houilles - Carrières-sur-Seine;uic_87386409;?;?;normal;4;0;60;15;0;0 - 1 - 0 - 0;0: 3 - 1: 1
2020;1;16;4;3;1;0;TROC;?;13h53;Houilles - Carrières-sur-Seine;uic_87386409;?;?;normal;4;0;0;0;0;0 - 0 - 0 - 0;0: 4
2020;1;16;4;3;1;0;TROC;?;14h33;Houilles - Carrières-sur-Seine;uic_87386409;?;?;normal;4;0;0;0;0;0 - 0 - 0 - 0;0: 4
2020;1;16;4;3;1;0;TROC;?;15h13;Houilles - Carrières-sur-Seine;uic_87386409;?;?;normal;4;0;60;45;1;0 - 1 - 1 - 1;0: 1 - 1: 3
2020;1;16;4;3;1;0;UBAL;?;05h56;Houilles - Carrières-sur-Seine;uic_87386409;?;?;annule;8;8;0;0;0;;
2020;1;16;4;3;1;0;UZAR;?;06h23;Houilles - Carrières-sur-Seine;uic_87386409;?;?;normal;8;0;180;150;3;0 - 3 - 2 - 3 - 3 - 3 - 3 - 3;0: 1 - 2: 1 - 3: 6
2020;1;16;4;3;1;0;UZAR;?;06h40;Houilles - Carrières-sur-Seine;uic_87386409;?;?;normal;8;0;240;195;4;2 - 3 - 1 - 4 - 4 - 4 - 4 - 4;1: 1 - 2: 1 - 3: 1 - 4: 5
2020;1;16;4;3;1;0;UZAR;?;07h11;Houilles - Carrières-sur-Seine;uic_87386409;?;?;normal;8;0;180;127;2;1 - 2 - 2 - 2 - 3 - 3 - 2 - 2;1: 1 - 2: 5 - 3: 2
2020;1;16;4;3;1;0;UZAR;?;07h25;Houilles - Carrières-sur-Seine;uic_87386409;?;?;normal;8;0;120;97;2;2 - 2 - 2 - 2 - 2 - 2 - 1 - 0;0: 1 - 1: 1 - 2: 6
2020;1;16;4;3;1;0;UZAR;?;07h46;Houilles - Carrières-sur-Seine;uic_87386409;?;?;normal;8;0;420;382;6;7 - 7 - 6 - 6 - 6 - 7 - 6 - 6;6: 5 - 7: 3
2020;1;16;4;3;1;0;UZAR;?;07h57;Houilles - Carrières-sur-Seine;uic_87386409;?;?;normal;8;0;300;247;4;4 - 5 - 4 - 4 - 4 - 4 - 4 - 4;4: 7 - 5: 1
2020;1;16;4;3;1;0;UZAR;?;08h21;Houilles - Carrières-sur-Seine;uic_87386409;?;?;normal;8;0;180;142;2;3 - 3 - 2 - 3 - 2 - 2 - 2 - 2;2: 5 - 3: 3
2020;1;16;4;3;1;0;UZAR;?;08h44;Houilles - Carrières-sur-Seine;uic_87386409;?;?;normal;8;0;1140;1087;18;17 - 18 - 18 - 18 - 18 - 19 - 19 - 18;17: 1 - 18: 5 - 19: 2
2020;1;16;4;3;1;0;UZAR;?;09h07;Houilles - Carrières-sur-Seine;uic_87386409;?;?;normal;8;0;1140;1140;19;19 - 19 - 19 - 19 - 19 - 19 - 19 - 19;19: 8
2020;1;16;4;3;1;0;UZAR;?;09h31;Houilles - Carrières-sur-Seine;uic_87386409;?;?;normal;8;0;240;202;3;4 - 4 - 3 - 4 - 3 - 3 - 3 - 3;3: 5 - 4: 3
2020;1;16;4;3;1;0;UZAR;?;09h42;Houilles - Carrières-sur-Seine;uic_87386409;?;?;normal;8;0;540;502;8;8 - 9 - 8 - 9 - 9 - 8 - 8 - 8;8: 5 - 9: 3
2020;1;16;4;3;1;0;UZAR;?;09h54;Houilles - Carrières-sur-Seine;uic_87386409;?;?;normal;8;0;480;412;7;6 - 6 - 7 - 7 - 7 - 8 - 7 - 7;6: 2 - 7: 5 - 8: 1
2020;1;16;4;3;1;0;UZAR;?;10h18;Houilles - Carrières-sur-Seine;uic_87386409;?;?;normal;8;0;240;202;3;3 - 3 - 3 - 4 - 4 - 3 - 4 - 3;3: 5 - 4: 3
2020;1;16;4;3;1;0;UZAR;?;10h27;Houilles - Carrières-sur-Seine;uic_87386409;?;?;normal;8;0;480;457;8;8 - 8 - 7 - 8 - 8 - 7 - 8 - 7;7: 3 - 8: 5
2020;1;16;4;3;1;0;UZAR;?;10h38;Houilles - Carrières-sur-Seine;uic_87386409;?;?;normal;8;0;480;382;7;4 - 5 - 6 - 7 - 8 - 7 - 7 - 7;4: 1 - 5: 1 - 6: 1 - 7: 4 - 8: 1
2020;1;16;4;3;1;0;UZAR;?;10h58;Houilles - Carrières-sur-Seine;uic_87386409;?;?;normal;8;0;180;135;3;1 - 1 - 1 - 3 - 3 - 3 - 3 - 3;1: 3 - 3: 5
2020;1;16;4;3;1;0;UZAR;?;11h18;Houilles - Carrières-sur-Seine;uic_87386409;?;?;normal;8;0;0;0;0;0 - 0 - 0 - 0 - 0 - 0 - 0 - 0;0: 8
2020;1;16;4;3;1;0;UZAR;?;11h38;Houilles - Carrières-sur-Seine;uic_87386409;?;?;normal;8;0;120;60;1;0 - 0 - 0 - 2 - 2 - 1 - 2 - 1;0: 3 - 1: 2 - 2: 3
2020;1;16;4;3;1;0;UZAR;?;11h58;Houilles - Carrières-sur-Seine;uic_87386409;?;?;normal;8;0;180;120;2;2 - 2 - 1 - 2 - 3 - 2 - 2 - 2;1: 1 - 2: 6 - 3: 1
2020;1;16;4;3;1;0;UZAR;?;12h18;Houilles - Carrières-sur-Seine;uic_87386409;?;?;normal;8;0;540;412;9;1 - 1 - 8 - 9 - 9 - 9 - 9 - 9;1: 2 - 8: 1 - 9: 5
2020;1;16;4;3;1;0;UZAR;?;12h38;Houilles - Carrières-sur-Seine;uic_87386409;?;?;normal;8;0;180;112;2;1 - 2 - 1 - 2 - 3 - 2 - 2 - 2;1: 2 - 2: 5 - 3: 1
2020;1;16;4;3;1;0;UZAR;?;12h58;Houilles - Carrières-sur-Seine;uic_87386409;?;?;normal;8;0;120;67;1;1 - 2 - 0 - 1 - 2 - 1 - 1 - 1;0: 1 - 1: 5 - 2: 2
2020;1;16;4;3;1;0;UZAR;?;13h18;Houilles - Carrières-sur-Seine;uic_87386409;?;?;normal;8;0;120;112;2;2 - 2 - 1 - 2 - 2 - 2 - 2 - 2;1: 1 - 2: 7
2020;1;16;4;3;1;0;UZAR;?;13h38;Houilles - Carrières-sur-Seine;uic_87386409;?;?;normal;8;0;240;217;4;4 - 4 - 3 - 4 - 4 - 3 - 4 - 3;3: 3 - 4: 5
2020;1;16;4;3;1;0;UZAR;?;13h58;Houilles - Carrières-sur-Seine;uic_87386409;?;?;normal;8;0;60;52;1;1 - 1 - 0 - 1 - 1 - 1 - 1 - 1;0: 1 - 1: 7
2020;1;16;4;3;1;0;UZAR;?;14h18;Houilles - Carrières-sur-Seine;uic_87386409;?;?;normal;8;0;60;30;30;0 - 1 - 0 - 1 - 1 - 0 - 1 - 0;0: 4 - 1: 4
2020;1;16;4;3;1;0;UZAR;?;14h38;Houilles - Carrières-sur-Seine;uic_87386409;?;?;normal;8;0;120;67;1;1 - 2 - 0 - 1 - 2 - 1 - 1 - 1;0: 1 - 1: 5 - 2: 2
2020;1;16;4;3;1;0;UZAR;?;14h58;Houilles - Carrières-sur-Seine;uic_87386409;?;?;normal;8;0;120;52;1;0 - 1 - 0 - 1 - 2 - 1 - 1 - 1;0: 2 - 1: 5 - 2: 1
2020;1;16;4;3;1;0;UZAR;?;15h18;Houilles - Carrières-sur-Seine;uic_87386409;?;?;normal;8;0;120;75;1;2 - 2 - 0 - 1 - 2 - 1 - 1 - 1;0: 1 - 1: 4 - 2: 3
2020;1;16;4;3;1;0;UZEL;?;15h47;Houilles - Carrières-sur-Seine;uic_87386409;?;?;normal;8;0;0;0;0;0 - 0 - 0 - 0 - 0 - 0 - 0 - 0;0: 8
2020;1;16;4;3;1;0;UZEL;?;16h07;Houilles - Carrières-sur-Seine;uic_87386409;?;?;normal;8;0;60;30;30;0 - 0 - 0 - 1 - 1 - 0 - 1 - 1;0: 4 - 1: 4
2020;1;16;4;3;1;0;UZEL;?;16h26;Houilles - Carrières-sur-Seine;uic_87386409;?;?;normal;8;0;360;255;6;0 - 1 - 3 - 6 - 6 - 6 - 6 - 6;0: 1 - 1: 1 - 3: 1 - 6: 5
2020;1;16;4;3;1;0;UZEL;?;16h59;Houilles - Carrières-sur-Seine;uic_87386409;?;?;normal;8;0;0;0;0;0 - 0 - 0 - 0 - 0 - 0 - 0 - 0;0: 8
2020;1;16;4;3;1;0;UZEL;?;17h18;Houilles - Carrières-sur-Seine;uic_87386409;?;?;normal;8;0;180;135;3;0 - 1 - 2 - 3 - 3 - 3 - 3 - 3;0: 1 - 1: 1 - 2: 1 - 3: 5
2020;1;16;4;3;1;0;UZEL;?;17h43;Houilles - Carrières-sur-Seine;uic_87386409;?;?;normal;8;0;420;360;390;4 - 5 - 5 - 7 - 7 - 7 - 6 - 7;4: 1 - 5: 2 - 6: 1 - 7: 4
2020;1;16;4;3;1;0;UZEL;?;17h55;Houilles - Carrières-sur-Seine;uic_87386409;?;?;normal;8;0;240;225;4;3 - 4 - 3 - 4 - 4 - 4 - 4 - 4;3: 2 - 4: 6
2020;1;16;4;3;1;0;UZEL;?;18h08;Houilles - Carrières-sur-Seine;uic_87386409;?;?;normal;8;0;60;15;0;0 - 0 - 0 - 1 - 1 - 0 - 0 - 0;0: 6 - 1: 2
2020;1;16;4;3;1;0;UZEL;?;18h33;Houilles - Carrières-sur-Seine;uic_87386409;?;?;normal;8;0;720;667;12;9 - 10 - 10 - 12 - 12 - 12 - 12 - 12;9: 1 - 10: 2 - 12: 5
2020;1;16;4;3;1;0;UZEL;?;18h45;Houilles - Carrières-sur-Seine;uic_87386409;?;?;normal;8;0;780;720;12;11 - 12 - 11 - 11 - 12 - 13 - 13 - 13;11: 3 - 12: 2 - 13: 3
2020;1;16;4;3;1;0;UZEL;?;18h58;Houilles - Carrières-sur-Seine;uic_87386409;?;?;normal;8;0;240;165;3;1 - 2 - 2 - 3 - 4 - 3 - 3 - 4;1: 1 - 2: 2 - 3: 3 - 4: 2
2020;1;16;4;3;1;0;UZEL;?;19h23;Houilles - Carrières-sur-Seine;uic_87386409;?;?;normal;8;0;420;337;6;1 - 6 - 5 - 7 - 7 - 6 - 6 - 7;1: 1 - 5: 1 - 6: 3 - 7: 3
2020;1;16;4;3;1;0;UZEL;?;19h48;Houilles - Carrières-sur-Seine;uic_87386409;?;?;normal;8;0;60;7;0;0 - 0 - 0 - 0 - 1 - 0 - 0 - 0;0: 7 - 1: 1
2020;1;16;4;3;1;0;UZEL;?;20h10;Houilles - Carrières-sur-Seine;uic_87386409;?;?;normal;8;0;60;15;0;0 - 0 - 0 - 0 - 0 - 1 - 0 - 1;0: 6 - 1: 2
2020;1;16;4;3;1;0;UZEL;?;20h28;Houilles - Carrières-sur-Seine;uic_87386409;?;?;normal;8;0;180;82;90;0 - 0 - 1 - 1 - 2 - 2 - 2 - 3;0: 2 - 1: 2 - 2: 3 - 3: 1
2020;1;16;4;3;1;0;UZEL;?;21h08;Houilles - Carrières-sur-Seine;uic_87386409;?;?;normal;8;0;180;75;1;1 - 1 - 1 - 1 - 1 - 1 - 1 - 3;1: 7 - 3: 1
2020;1;16;4;3;1;0;UZEL;?;21h49;Houilles - Carrières-sur-Seine;uic_87386409;?;?;normal;8;0;240;157;3;1 - 2 - 2 - 3 - 4 - 3 - 3 - 3;1: 1 - 2: 2 - 3: 4 - 4: 1
2020;1;16;4;3;1;0;VELO;?;22h48;Houilles - Carrières-sur-Seine;uic_87386409;?;?;normal;1;0;0;0;0;0;0: 1
2020;1;16;4;3;1;0;VELO;?;23h48;Houilles - Carrières-sur-Seine;uic_87386409;?;?;normal;1;0;0;0;0;0;0: 1
2020;1;16;4;3;1;0;VIDA;?;00h44;Houilles - Carrières-sur-Seine;uic_87386409;?;?;normal;1;0;0;0;0;0;0: 1
2020;1;16;4;3;1;0;VIRO;?;01h13;Houilles - Carrières-sur-Seine;uic_87386409;?;?;normal;1;0;60;60;60;1;1: 1
2020;1;17;5;3;1;0;NAJA;?;22h58;Sartrouville;uic_87386417;?;?;normal;2;0;0;0;0;0 - 0;0: 2
2020;1;17;5;3;1;0;NANI;?;14h13;Cergy le Haut;uic_87382655;?;?;normal;9;0;0;0;0;0 - 0 - 0 - 0 - 0 - 0 - 0 - 0 - 0;0: 9
2020;1;17;5;3;1;0;NANI;?;14h33;Cergy le Haut;uic_87382655;?;?;normal;9;0;60;6;0;0 - 0 - 0 - 0 - 0 - 1 - 0 - 0 - 0;0: 8 - 1: 1
2020;1;17;5;3;1;0;NANI;?;14h53;Cergy le Haut;uic_87382655;?;?;normal;9;0;0;0;0;0 - 0 - 0 - 0 - 0 - 0 - 0 - 0 - 0;0: 9
2020;1;17;5;3;1;0;NANI;?;15h13;Cergy le Haut;uic_87382655;?;?;normal;9;0;60;13;0;0 - 0 - 1 - 0 - 0 - 1 - 0 - 0 - 0;0: 7 - 1: 2
2020;1;17;5;3;1;0;NANI;?;15h33;Cergy le Haut;uic_87382655;?;?;normal;9;0;0;0;0;0 - 0 - 0 - 0 - 0 - 0 - 0 - 0 - 0;0: 9
2020;1;17;5;3;1;0;NANI;?;15h53;Cergy le Haut;uic_87382655;?;?;normal;9;0;0;0;0;0 - 0 - 0 - 0 - 0 - 0 - 0 - 0 - 0;0: 9
2020;1;17;5;3;1;0;NANI;?;16h03;Cergy le Haut;uic_87382655;?;?;normal;9;0;60;26;0;0 - 0 - 0 - 0 - 0 - 1 - 1 - 1 - 1;0: 5 - 1: 4
2020;1;17;5;3;1;0;NANI;?;16h13;Cergy le Haut;uic_87382655;?;?;normal;9;0;0;0;0;0 - 0 - 0 - 0 - 0 - 0 - 0 - 0 - 0;0: 9
2020;1;17;5;3;1;0;NANI;?;16h36;Cergy le Haut;uic_87382655;?;?;normal;9;0;360;153;120;0 - 0 - 0 - 0 - 2 - 5 - 6 - 5 - 5;0: 4 - 2: 1 - 5: 3 - 6: 1
2020;1;17;5;3;1;0;NANI;?;16h49;Cergy le Haut;uic_87382655;?;?;normal;9;0;180;60;60;0 - 0 - 0 - 0 - 1 - 1 - 2 - 2 - 3;0: 4 - 1: 2 - 2: 2 - 3: 1
2020;1;17;5;3;1;0;NANI;?;17h01;Cergy le Haut;uic_87382655;?;?;normal;9;0;840;300;60;0 - 1 - 1 - 1 - 1 - 3 - 10 - 14 - 14;0: 1 - 1: 4 - 3: 1 - 10: 1 - 14: 2
2020;1;17;5;3;1;0;NANI;?;17h26;Cergy le Haut;uic_87382655;?;?;normal;9;0;180;80;60;0 - 0 - 0 - 0 - 1 - 2 - 3 - 3 - 3;0: 4 - 1: 1 - 2: 1 - 3: 3
2020;1;17;5;3;1;0;NANI;?;17h51;Cergy le Haut;uic_87382655;?;?;normal;9;0;0;0;0;0 - 0 - 0 - 0 - 0 - 0 - 0 - 0 - 0;0: 9
2020;1;17;5;3;1;0;NANI;?;18h16;Cergy le Haut;uic_87382655;?;?;normal;9;0;120;46;60;0 - 0 - 0 - 0 - 1 - 2 - 2 - 1 - 1;0: 4 - 1: 3 - 2: 2
2020;1;17;5;3;1;0;NANI;?;18h41;Cergy le Haut;uic_87382655;?;?;normal;9;0;300;199;180;2 - 3 - 3 - 3 - 4 - 5 - 4 - 3 - 3;2: 1 - 3: 5 - 4: 2 - 5: 1
2020;1;17;5;3;1;0;NANI;?;19h06;Cergy le Haut;uic_87382655;?;?;normal;9;0;240;180;180;2 - 3 - 3 - 2 - 3 - 4 - 4 - 3 - 3;2: 2 - 3: 5 - 4: 2
2020;1;17;5;3;1;0;NANI;?;19h39;Cergy le Haut;uic_87382655;?;?;normal;9;0;180;133;120;2 - 2 - 2 - 3 - 2 - 3 - 2 - 2 - 2;2: 7 - 3: 2
2020;1;17;5;3;1;0;NANI;?;20h05;Cergy le Haut;uic_87382655;?;?;normal;9;0;0;0;0;0 - 0 - 0 - 0 - 0 - 0 - 0 - 0 - 0;0: 9
2020;1;17;5;3;1;0;NANI;?;20h35;Cergy le Haut;uic_87382655;?;?;normal;9;0;60;26;0;0 - 0 - 0 - 0 - 0 - 1 - 1 - 1 - 1;0: 5 - 1: 4
2020;1;17;5;3;1;0;NANI;?;21h33;Cergy le Haut;uic_87382655;?;?;normal;9;0;120;53;0;0 - 0 - 0 - 0 - 0 - 2 - 2 - 2 - 2;0: 5 - 2: 4
2020;1;17;5;3;1;0;NATO;?;05h12;Cergy le Haut;uic_87382655;?;?;normal;9;0;120;60;60;0 - 0 - 1 - 1 - 1 - 2 - 1 - 1 - 2;0: 2 - 1: 5 - 2: 2
2020;1;17;5;3;1;0;NATO;?;05h57;Cergy le Haut;uic_87382655;?;?;normal;9;0;180;80;0;0 - 0 - 0 - 0 - 0 - 3 - 3 - 3 - 3;0: 5 - 3: 4
2020;1;17;5;3;1;0;NATO;?;06h27;Cergy le Haut;uic_87382655;?;?;normal;9;0;120;73;60;0 - 0 - 1 - 1 - 1 - 2 - 2 - 2 - 2;0: 2 - 1: 3 - 2: 4
2020;1;17;5;3;1;0;NATO;?;06h42;Cergy le Haut;uic_87382655;?;?;normal;9;0;0;0;0;0 - 0 - 0 - 0 - 0 - 0 - 0 - 0 - 0;0: 9
2020;1;17;5;3;1;0;NATO;?;06h51;Cergy le Haut;uic_87382655;?;?;normal;9;0;180;73;0;0 - 0 - 0 - 0 - 0 - 3 - 3 - 3 - 2;0: 5 - 2: 1 - 3: 3
2020;1;17;5;3;1;0;NATO;?;07h14;Cergy le Haut;uic_87382655;?;?;normal;9;0;60;6;0;0 - 0 - 1 - 0 - 0 - 0 - 0 - 0 - 0;0: 8 - 1: 1
2020;1;17;5;3;1;0;NATO;?;07h38;Cergy le Haut;uic_87382655;?;?;normal;9;0;60;20;0;0 - 0 - 1 - 0 - 0 - 0 - 0 - 1 - 1;0: 6 - 1: 3
2020;1;17;5;3;1;0;NATO;?;07h49;Cergy le Haut;uic_87382655;?;?;normal;9;0;0;0;0;0 - 0 - 0 - 0 - 0 - 0 - 0 - 0 - 0;0: 9
2020;1;17;5;3;1;0;NATO;?;08h01;Cergy le Haut;uic_87382655;?;?;normal;9;0;300;199;240;1 - 2 - 2 - 3 - 4 - 4 - 4 - 5 - 5;1: 1 - 2: 2 - 3: 1 - 4: 3 - 5: 2
2020;1;17;5;3;1;0;NATO;?;08h24;Cergy le Haut;uic_87382655;?;?;normal;9;0;0;0;0;0 - 0 - 0 - 0 - 0 - 0 - 0 - 0 - 0;0: 9
2020;1;17;5;3;1;0;NATO;?;08h36;Cergy le Haut;uic_87382655;?;?;normal;9;0;0;0;0;0 - 0 - 0 - 0 - 0 - 0 - 0 - 0 - 0;0: 9
2020;1;17;5;3;1;0;NATO;?;08h48;Cergy le Haut;uic_87382655;?;?;normal;9;0;0;0;0;0 - 0 - 0 - 0 - 0 - 0 - 0 - 0 - 0;0: 9
2020;1;17;5;3;1;0;NATO;?;09h03;Cergy le Haut;uic_87382655;?;?;normal;9;0;180;120;120;0 - 1 - 2 - 2 - 2 - 3 - 2 - 3 - 3;0: 1 - 1: 1 - 2: 4 - 3: 3
2020;1;17;5;3;1;0;NATO;?;09h14;Cergy le Haut;uic_87382655;?;?;normal;9;0;120;20;0;0 - 0 - 0 - 0 - 0 - 2 - 1 - 0 - 0;0: 7 - 1: 1 - 2: 1
2020;1;17;5;3;1;0;NATO;?;09h33;Cergy le Haut;uic_87382655;?;?;normal;9;0;60;26;0;1 - 0 - 1 - 1 - 0 - 1 - 0 - 0 - 0;0: 5 - 1: 4
2020;1;17;5;3;1;0;NATO;?;09h55;Cergy le Haut;uic_87382655;?;?;normal;9;0;0;0;0;0 - 0 - 0 - 0 - 0 - 0 - 0 - 0 - 0;0: 9
2020;1;17;5;3;1;0;NATO;?;10h13;Cergy le Haut;uic_87382655;?;?;normal;9;0;0;0;0;0 - 0 - 0 - 0 - 0 - 0 - 0 - 0 - 0;0: 9
2020;1;17;5;3;1;0;NATO;?;10h33;Cergy le Haut;uic_87382655;?;?;normal;9;0;0;0;0;0 - 0 - 0 - 0 - 0 - 0 - 0 - 0 - 0;0: 9
2020;1;17;5;3;1;0;NATO;?;10h53;Cergy le Haut;uic_87382655;?;?;normal;9;0;60;6;0;0 - 0 - 0 - 0 - 0 - 1 - 0 - 0 - 0;0: 8 - 1: 1
2020;1;17;5;3;1;0;NATO;?;11h13;Cergy le Haut;uic_87382655;?;?;normal;9;0;60;6;0;0 - 0 - 0 - 0 - 0 - 1 - 0 - 0 - 0;0: 8 - 1: 1
2020;1;17;5;3;1;0;NATO;?;11h33;Cergy le Haut;uic_87382655;?;?;normal;9;0;360;320;360;5 - 6 - 6 - 6 - 6 - 6 - 5 - 5 - 3;3: 1 - 5: 3 - 6: 5
2020;1;17;5;3;1;0;NATO;?;11h53;Cergy le Haut;uic_87382655;?;?;normal;9;0;0;0;0;0 - 0 - 0 - 0 - 0 - 0 - 0 - 0 - 0;0: 9
2020;1;17;5;3;1;0;NATO;?;12h13;Cergy le Haut;uic_87382655;?;?;normal;9;0;0;0;0;0 - 0 - 0 - 0 - 0 - 0 - 0 - 0 - 0;0: 9
2020;1;17;5;3;1;0;NATO;?;12h33;Cergy le Haut;uic_87382655;?;?;normal;9;0;0;0;0;0 - 0 - 0 - 0 - 0 - 0 - 0 - 0 - 0;0: 9
2020;1;17;5;3;1;0;NATO;?;12h53;Cergy le Haut;uic_87382655;?;?;normal;9;0;120;26;0;0 - 0 - 0 - 0 - 0 - 2 - 1 - 1 - 0;0: 6 - 1: 2 - 2: 1
2020;1;17;5;3;1;0;NATO;?;13h13;Cergy le Haut;uic_87382655;?;?;normal;9;0;0;0;0;0 - 0 - 0 - 0 - 0 - 0 - 0 - 0 - 0;0: 9
2020;1;17;5;3;1;0;NATO;?;13h33;Cergy le Haut;uic_87382655;?;?;normal;9;0;180;99;120;1 - 1 - 2 - 2 - 2 - 3 - 2 - 2 - 0;0: 1 - 1: 2 - 2: 5 - 3: 1
2020;1;17;5;3;1;0;NATO;?;13h53;Cergy le Haut;uic_87382655;?;?;normal;9;0;0;0;0;0 - 0 - 0 - 0 - 0 - 0 - 0 - 0 - 0;0: 9
2020;1;17;5;3;1;0;NOTE;?;05h40;Poissy;uic_87386573;?;?;normal;5;0;180;120;120;0 - 2 - 2 - 3 - 3;0: 1 - 2: 2 - 3: 2
2020;1;17;5;3;1;0;NOTE;?;06h00;Poissy;uic_87386573;?;?;normal;5;0;60;36;60;0 - 1 - 0 - 1 - 1;0: 2 - 1: 3
2020;1;17;5;3;1;0;NOTE;?;06h30;Poissy;uic_87386573;?;?;normal;5;0;480;444;480;6 - 8 - 7 - 8 - 8;6: 1 - 7: 1 - 8: 3
2020;1;17;5;3;1;0;NOTE;?;07h13;Poissy;uic_87386573;?;?;normal;5;0;360;300;360;1 - 6 - 6 - 6 - 6;1: 1 - 6: 4
2020;1;17;5;3;1;0;NOTE;?;07h37;Poissy;uic_87386573;?;?;normal;5;0;480;360;420;1 - 7 - 7 - 7 - 8;1: 1 - 7: 3 - 8: 1
2020;1;17;5;3;1;0;NOTE;?;07h59;Poissy;uic_87386573;?;?;normal;5;0;60;12;0;1 - 0 - 0 - 0 - 0;0: 4 - 1: 1
2020;1;17;5;3;1;0;NOTE;?;08h22;Poissy;uic_87386573;?;?;normal;5;0;240;155;180;0 - 3 - 3 - 3 - 4;0: 1 - 3: 3 - 4: 1
2020;1;17;5;3;1;0;NOTE;?;08h34;Poissy;uic_87386573;?;?;normal;5;0;60;24;0;1 - 1 - 0 - 0 - 0;0: 3 - 1: 2
2020;1;17;5;3;1;0;NOTE;?;08h46;Poissy;uic_87386573;?;?;normal;5;0;60;24;0;1 - 1 - 0 - 0 - 0;0: 3 - 1: 2
2020;1;17;5;3;1;0;NOTE;?;09h09;Poissy;uic_87386573;?;?;normal;5;0;240;180;240;0 - 4 - 4 - 3 - 4;0: 1 - 3: 1 - 4: 3
2020;1;17;5;3;1;0;NOTE;?;16h42;Poissy;uic_87386573;?;?;normal;5;0;420;251;180;2 - 3 - 2 - 7 - 7;2: 2 - 3: 1 - 7: 2
2020;1;17;5;3;1;0;NOTE;?;17h05;Poissy;uic_87386573;?;?;normal;5;0;600;324;180;2 - 2 - 3 - 10 - 10;2: 2 - 3: 1 - 10: 2
2020;1;17;5;3;1;0;NOTE;?;17h19;Poissy;uic_87386573;?;?;normal;5;0;1200;983;840;14 - 14 - 14 - 20 - 20;14: 3 - 20: 2
2020;1;17;5;3;1;0;NOTE;?;17h32;Poissy;uic_87386573;?;?;normal;5;0;1320;1056;960;14 - 16 - 14 - 22 - 22;14: 2 - 16: 1 - 22: 2
2020;1;17;5;3;1;0;NOTE;?;17h57;Poissy;uic_87386573;?;?;normal;5;0;120;24;0;0 - 2 - 0 - 0 - 0;0: 4 - 2: 1
2020;1;17;5;3;1;0;NOTE;?;18h22;Poissy;uic_87386573;?;?;normal;5;0;1200;1152;1140;19 - 20 - 19 - 19 - 19;19: 4 - 20: 1
2020;1;17;5;3;1;0;NOTE;?;18h47;Poissy;uic_87386573;?;?;normal;5;0;960;840;840;11 - 16 - 14 - 15 - 14;11: 1 - 14: 2 - 15: 1 - 16: 1
2020;1;17;5;3;1;0;NOTE;?;19h12;Poissy;uic_87386573;?;?;normal;5;0;360;275;240;5 - 6 - 4 - 4 - 4;4: 3 - 5: 1 - 6: 1
2020;1;17;5;3;1;0;NOTE;?;19h39;Poissy;uic_87386573;?;?;normal;5;0;0;0;0;0 - 0 - 0 - 0 - 0;0: 5
2020;1;17;5;3;1;0;NOTE;?;20h34;Poissy;uic_87386573;?;?;normal;5;0;60;12;0;0 - 1 - 0 - 0 - 0;0: 4 - 1: 1
2020;1;17;5;3;1;0;NOTE;?;21h35;Poissy;uic_87386573;?;?;normal;5;0;120;107;120;2 - 2 - 2 - 2 - 1;1: 1 - 2: 4
2020;1;17;5;3;1;0;NOTE;?;22h33;Poissy;uic_87386573;?;?;normal;5;0;0;0;0;0 - 0 - 0 - 0 - 0;0: 5
2020;1;17;5;3;1;0;OKLA;?;09h40;Poissy;uic_87386573;?;?;normal;5;0;0;0;0;0 - 0 - 0 - 0 - 0;0: 5
2020;1;17;5;3;1;0;OKLA;?;09h55;Poissy;uic_87386573;?;?;normal;5;0;420;384;360;7 - 7 - 6 - 6 - 6;6: 3 - 7: 2
2020;1;17;5;3;1;0;OKLA;?;10h16;Poissy;uic_87386573;?;?;normal;5;0;60;12;0;0 - 1 - 0 - 0 - 0;0: 4 - 1: 1
2020;1;17;5;3;1;0;OKLA;?;10h40;Poissy;uic_87386573;?;?;normal;5;0;60;12;0;0 - 1 - 0 - 0 - 0;0: 4 - 1: 1
2020;1;17;5;3;1;0;OKLA;?;11h20;Poissy;uic_87386573;?;?;normal;5;0;0;0;0;0 - 0 - 0 - 0 - 0;0: 5
2020;1;17;5;3;1;0;OKLA;?;12h00;Poissy;uic_87386573;?;?;normal;5;0;0;0;0;0 - 0 - 0 - 0 - 0;0: 5
2020;1;17;5;3;1;0;OKLA;?;12h40;Poissy;uic_87386573;?;?;normal;5;0;0;0;0;0 - 0 - 0 - 0 - 0;0: 5
2020;1;17;5;3;1;0;OKLA;?;13h20;Poissy;uic_87386573;?;?;normal;5;0;0;0;0;0 - 0 - 0 - 0 - 0;0: 5
2020;1;17;5;3;1;0;OKLA;?;14h00;Poissy;uic_87386573;?;?;normal;5;0;0;0;0;0 - 0 - 0 - 0 - 0;0: 5
2020;1;17;5;3;1;0;OKRE;?;14h40;Poissy;uic_87386573;?;?;normal;5;0;0;0;0;0 - 0 - 0 - 0 - 0;0: 5
2020;1;17;5;3;1;0;OKRE;?;15h20;Poissy;uic_87386573;?;?;normal;5;0;60;24;0;1 - 1 - 0 - 0 - 0;0: 3 - 1: 2
2020;1;17;5;3;1;0;OKRE;?;16h00;Poissy;uic_87386573;?;?;normal;5;0;0;0;0;0 - 0 - 0 - 0 - 0;0: 5
2020;1;17;5;3;1;0;OPEN;?;04h42;Cergy le Haut;uic_87382655;?;?;normal;9;0;120;33;0;0 - 0 - 0 - 0 - 0 - 2 - 1 - 1 - 1;0: 5 - 1: 3 - 2: 1
2020;1;17;5;3;1;0;OPUS;?;23h58;Sartrouville;uic_87386417;?;?;normal;2;0;0;0;0;0 - 0;0: 2
2020;1;17;5;3;1;0;QURI;?;00h05;Poissy;uic_87386573;?;?;normal;5;0;120;83;60;2 - 2 - 1 - 1 - 1;1: 3 - 2: 2
2020;1;17;5;3;1;0;QURI;?;05h10;Poissy;uic_87386573;?;?;normal;5;0;60;12;0;0 - 1 - 0 - 0 - 0;0: 4 - 1: 1
2020;1;17;5;3;1;0;TAPI;?;00h31;Houilles - Carrières-sur-Seine;uic_87386409;?;?;normal;4;0;120;60;1;1 - 2 - 1 - 0;0: 1 - 1: 2 - 2: 1
2020;1;17;5;3;1;0;TAXE;?;00h03;Houilles - Carrières-sur-Seine;uic_87386409;?;?;normal;4;0;0;0;0;0 - 0 - 0 - 0;0: 4
2020;1;17;5;3;1;0;TAXE;?;06h35;Houilles - Carrières-sur-Seine;uic_87386409;?;?;normal;4;0;0;0;0;0 - 0 - 0 - 0;0: 4
2020;1;17;5;3;1;0;TAXE;?;07h06;Houilles - Carrières-sur-Seine;uic_87386409;?;?;normal;4;0;540;525;9;9 - 9 - 9 - 8;8: 1 - 9: 3
2020;1;17;5;3;1;0;TAXE;?;07h37;Houilles - Carrières-sur-Seine;uic_87386409;?;?;normal;4;0;300;225;4;4 - 4 - 5 - 2;2: 1 - 4: 2 - 5: 1
2020;1;17;5;3;1;0;TAXE;?;08h13;Houilles - Carrières-sur-Seine;uic_87386409;?;?;normal;4;0;0;0;0;0 - 0 - 0 - 0;0: 4
2020;1;17;5;3;1;0;TAXE;?;08h36;Houilles - Carrières-sur-Seine;uic_87386409;?;?;normal;4;0;300;225;270;4 - 5 - 5 - 1;1: 1 - 4: 1 - 5: 2
2020;1;17;5;3;1;0;TAXE;?;09h00;Houilles - Carrières-sur-Seine;uic_87386409;?;?;normal;4;0;60;15;0;0 - 1 - 0 - 0;0: 3 - 1: 1
2020;1;17;5;3;1;0;TAXE;?;09h23;Houilles - Carrières-sur-Seine;uic_87386409;?;?;normal;4;0;180;150;150;2 - 3 - 3 - 2;2: 2 - 3: 2
2020;1;17;5;3;1;0;TAXE;?;09h46;Houilles - Carrières-sur-Seine;uic_87386409;?;?;normal;4;0;240;225;4;3 - 4 - 4 - 4;3: 1 - 4: 3
2020;1;17;5;3;1;0;TAXE;?;09h58;Houilles - Carrières-sur-Seine;uic_87386409;?;?;normal;4;0;780;705;12;12 - 12 - 13 - 10;10: 1 - 12: 2 - 13: 1
2020;1;17;5;3;1;0;TAXE;?;17h26;Houilles - Carrières-sur-Seine;uic_87386409;?;?;normal;4;0;240;60;0;0 - 0 - 0 - 4;0: 3 - 4: 1
2020;1;17;5;3;1;0;TAXE;?;17h51;Houilles - Carrières-sur-Seine;uic_87386409;?;?;normal;4;0;1740;1710;1710;28 - 29 - 29 - 28;28: 2 - 29: 2
2020;1;17;5;3;1;0;TAXE;?;18h16;Houilles - Carrières-sur-Seine;uic_87386409;?;?;normal;4;0;1200;1170;1170;19 - 20 - 20 - 19;19: 2 - 20: 2
2020;1;17;5;3;1;0;TAXE;?;18h41;Houilles - Carrières-sur-Seine;uic_87386409;?;?;normal;4;0;840;810;810;13 - 14 - 14 - 13;13: 2 - 14: 2
2020;1;17;5;3;1;0;TAXE;?;19h06;Houilles - Carrières-sur-Seine;uic_87386409;?;?;normal;4;0;120;45;30;0 - 2 - 1 - 0;0: 2 - 1: 1 - 2: 1
2020;1;17;5;3;1;0;TAXE;?;19h31;Houilles - Carrières-sur-Seine;uic_87386409;?;?;normal;4;0;360;300;5;5 - 6 - 5 - 4;4: 1 - 5: 2 - 6: 1
2020;1;17;5;3;1;0;TAXE;?;19h56;Houilles - Carrières-sur-Seine;uic_87386409;?;?;normal;4;0;180;150;150;2 - 3 - 3 - 2;2: 2 - 3: 2
2020;1;17;5;3;1;0;TAXE;?;20h38;Houilles - Carrières-sur-Seine;uic_87386409;?;?;normal;4;0;540;540;9;9 - 9 - 9 - 9;9: 4
2020;1;17;5;3;1;0;TAXE;?;21h19;Houilles - Carrières-sur-Seine;uic_87386409;?;?;normal;4;0;300;210;210;3 - 4 - 5 - 2;2: 1 - 3: 1 - 4: 1 - 5: 1
2020;1;17;5;3;1;0;TAXE;?;22h03;Houilles - Carrières-sur-Seine;uic_87386409;?;?;normal;4;0;120;90;90;1 - 2 - 2 - 1;1: 2 - 2: 2
2020;1;17;5;3;1;0;TAXE;?;23h03;Houilles - Carrières-sur-Seine;uic_87386409;?;?;normal;4;0;240;210;210;3 - 4 - 4 - 3;3: 2 - 4: 2
2020;1;17;5;3;1;0;TEDI;?;00h58;Houilles - Carrières-sur-Seine;uic_87386409;?;?;normal;4;0;0;0;0;0 - 0 - 0 - 0;0: 4
2020;1;17;5;3;1;0;TRAM;?;15h53;Houilles - Carrières-sur-Seine;uic_87386409;?;?;normal;4;0;60;15;0;0 - 0 - 1 - 0;0: 3 - 1: 1
2020;1;17;5;3;1;0;TRAM;?;16h33;Houilles - Carrières-sur-Seine;uic_87386409;?;?;normal;4;0;60;15;0;0 - 1 - 0 - 0;0: 3 - 1: 1
2020;1;17;5;3;1;0;TRAM;?;16h54;Houilles - Carrières-sur-Seine;uic_87386409;?;?;normal;4;0;60;45;1;0 - 1 - 1 - 1;0: 1 - 1: 3
2020;1;17;5;3;1;0;TROC;?;10h13;Houilles - Carrières-sur-Seine;uic_87386409;?;?;normal;4;0;240;240;4;4 - 4 - 4 - 4;4: 4
2020;1;17;5;3;1;0;TROC;?;10h33;Houilles - Carrières-sur-Seine;uic_87386409;?;?;normal;4;0;60;15;0;0 - 1 - 0 - 0;0: 3 - 1: 1
2020;1;17;5;3;1;0;TROC;?;11h13;Houilles - Carrières-sur-Seine;uic_87386409;?;?;normal;4;0;60;15;0;0 - 1 - 0 - 0;0: 3 - 1: 1
2020;1;17;5;3;1;0;TROC;?;11h53;Houilles - Carrières-sur-Seine;uic_87386409;?;?;normal;4;0;0;0;0;0 - 0 - 0 - 0;0: 4
2020;1;17;5;3;1;0;TROC;?;12h33;Houilles - Carrières-sur-Seine;uic_87386409;?;?;normal;4;0;0;0;0;0 - 0 - 0 - 0;0: 4
2020;1;17;5;3;1;0;TROC;?;13h13;Houilles - Carrières-sur-Seine;uic_87386409;?;?;normal;4;0;60;15;0;0 - 0 - 1 - 0;0: 3 - 1: 1
2020;1;17;5;3;1;0;TROC;?;13h53;Houilles - Carrières-sur-Seine;uic_87386409;?;?;normal;4;0;0;0;0;0 - 0 - 0 - 0;0: 4
2020;1;17;5;3;1;0;TROC;?;14h33;Houilles - Carrières-sur-Seine;uic_87386409;?;?;normal;4;0;60;30;30;0 - 1 - 1 - 0;0: 2 - 1: 2
2020;1;17;5;3;1;0;TROC;?;15h13;Houilles - Carrières-sur-Seine;uic_87386409;?;?;normal;4;0;300;195;3;2 - 2 - 5 - 4;2: 2 - 4: 1 - 5: 1
2020;1;17;5;3;1;0;UBAL;?;05h56;Houilles - Carrières-sur-Seine;uic_87386409;?;?;normal;8;0;60;7;0;0 - 0 - 0 - 0 - 0 - 0 - 0 - 1;0: 7 - 1: 1
2020;1;17;5;3;1;0;UZAR;?;06h23;Houilles - Carrières-sur-Seine;uic_87386409;?;?;normal;8;0;120;75;1;0 - 1 - 1 - 1 - 1 - 2 - 2 - 2;0: 1 - 1: 4 - 2: 3
2020;1;17;5;3;1;0;UZAR;?;06h40;Houilles - Carrières-sur-Seine;uic_87386409;?;?;normal;8;0;480;367;7;3 - 4 - 6 - 7 - 7 - 7 - 7 - 8;3: 1 - 4: 1 - 6: 1 - 7: 4 - 8: 1
2020;1;17;5;3;1;0;UZAR;?;07h11;Houilles - Carrières-sur-Seine;uic_87386409;?;?;normal;8;0;480;442;450;6 - 8 - 7 - 7 - 7 - 8 - 8 - 8;6: 1 - 7: 3 - 8: 4
2020;1;17;5;3;1;0;UZAR;?;07h25;Houilles - Carrières-sur-Seine;uic_87386409;?;?;normal;8;0;900;742;750;9 - 10 - 12 - 12 - 13 - 14 - 14 - 15;9: 1 - 10: 1 - 12: 2 - 13: 1 - 14: 2 - 15: 1
2020;1;17;5;3;1;0;UZAR;?;07h46;Houilles - Carrières-sur-Seine;uic_87386409;?;?;normal;8;0;480;390;7;3 - 4 - 7 - 7 - 7 - 8 - 8 - 8;3: 1 - 4: 1 - 7: 3 - 8: 3
2020;1;17;5;3;1;0;UZAR;?;07h57;Houilles - Carrières-sur-Seine;uic_87386409;?;?;normal;8;0;360;307;5;4 - 5 - 5 - 5 - 6 - 5 - 5 - 6;4: 1 - 5: 5 - 6: 2
2020;1;17;5;3;1;0;UZAR;?;08h21;Houilles - Carrières-sur-Seine;uic_87386409;?;?;normal;8;0;540;367;6;4 - 5 - 5 - 6 - 6 - 6 - 8 - 9;4: 1 - 5: 2 - 6: 3 - 8: 1 - 9: 1
2020;1;17;5;3;1;0;UZAR;?;08h44;Houilles - Carrières-sur-Seine;uic_87386409;?;?;normal;8;0;60;45;1;0 - 1 - 0 - 1 - 1 - 1 - 1 - 1;0: 2 - 1: 6
2020;1;17;5;3;1;0;UZAR;?;09h07;Houilles - Carrières-sur-Seine;uic_87386409;?;?;normal;8;0;240;202;3;4 - 4 - 3 - 3 - 4 - 3 - 3 - 3;3: 5 - 4: 3
2020;1;17;5;3;1;0;UZAR;?;09h31;Houilles - Carrières-sur-Seine;uic_87386409;?;?;normal;8;0;600;532;9;7 - 8 - 8 - 9 - 9 - 10 - 10 - 10;7: 1 - 8: 2 - 9: 2 - 10: 3
2020;1;17;5;3;1;0;UZAR;?;09h42;Houilles - Carrières-sur-Seine;uic_87386409;?;?;normal;8;0;960;915;15;16 - 16 - 15 - 15 - 15 - 15 - 14 - 16;14: 1 - 15: 4 - 16: 3
2020;1;17;5;3;1;0;UZAR;?;09h54;Houilles - Carrières-sur-Seine;uic_87386409;?;?;normal;8;0;840;787;13;12 - 13 - 13 - 13 - 13 - 14 - 13 - 14;12: 1 - 13: 5 - 14: 2
2020;1;17;5;3;1;0;UZAR;?;10h18;Houilles - Carrières-sur-Seine;uic_87386409;?;?;normal;8;0;240;180;3;4 - 4 - 2 - 3 - 3 - 3 - 3 - 2;2: 2 - 3: 4 - 4: 2
2020;1;17;5;3;1;0;UZAR;?;10h27;Houilles - Carrières-sur-Seine;uic_87386409;?;?;normal;8;0;240;202;4;2 - 2 - 3 - 4 - 4 - 4 - 4 - 4;2: 2 - 3: 1 - 4: 5
2020;1;17;5;3;1;0;UZAR;?;10h38;Houilles - Carrières-sur-Seine;uic_87386409;?;?;normal;8;0;240;225;4;4 - 4 - 3 - 4 - 4 - 4 - 4 - 3;3: 2 - 4: 6
2020;1;17;5;3;1;0;UZAR;?;10h58;Houilles - Carrières-sur-Seine;uic_87386409;?;?;normal;8;0;60;22;0;0 - 1 - 0 - 0 - 1 - 0 - 1 - 0;0: 5 - 1: 3
2020;1;17;5;3;1;0;UZAR;?;11h07;Houilles - Carrières-sur-Seine;uic_87386409;?;?;normal;8;0;60;7;0;1 - 0 - 0 - 0 - 0 - 0 - 0 - 0;0: 7 - 1: 1
2020;1;17;5;3;1;0;UZAR;?;11h18;Houilles - Carrières-sur-Seine;uic_87386409;?;?;normal;8;0;60;30;30;1 - 1 - 0 - 1 - 1 - 0 - 0 - 0;0: 4 - 1: 4
2020;1;17;5;3;1;0;UZAR;?;11h38;Houilles - Carrières-sur-Seine;uic_87386409;?;?;normal;8;0;60;22;0;0 - 0 - 0 - 0 - 1 - 0 - 1 - 1;0: 5 - 1: 3
2020;1;17;5;3;1;0;UZAR;?;11h58;Houilles - Carrières-sur-Seine;uic_87386409;?;?;normal;8;0;120;52;1;0 - 1 - 0 - 1 - 1 - 1 - 2 - 1;0: 2 - 1: 5 - 2: 1
2020;1;17;5;3;1;0;UZAR;?;12h18;Houilles - Carrières-sur-Seine;uic_87386409;?;?;normal;8;0;0;0;0;0 - 0 - 0 - 0 - 0 - 0 - 0 - 0;0: 8
2020;1;17;5;3;1;0;UZAR;?;12h38;Houilles - Carrières-sur-Seine;uic_87386409;?;?;normal;8;0;60;37;1;0 - 1 - 0 - 1 - 1 - 0 - 1 - 1;0: 3 - 1: 5
2020;1;17;5;3;1;0;UZAR;?;12h58;Houilles - Carrières-sur-Seine;uic_87386409;?;?;normal;8;0;180;120;2;1 - 2 - 1 - 2 - 3 - 2 - 3 - 2;1: 2 - 2: 4 - 3: 2
2020;1;17;5;3;1;0;UZAR;?;13h18;Houilles - Carrières-sur-Seine;uic_87386409;?;?;normal;8;0;240;210;4;4 - 4 - 2 - 4 - 4 - 3 - 4 - 3;2: 1 - 3: 2 - 4: 5
2020;1;17;5;3;1;0;UZAR;?;13h38;Houilles - Carrières-sur-Seine;uic_87386409;?;?;normal;8;0;60;30;30;0 - 1 - 0 - 1 - 1 - 0 - 1 - 0;0: 4 - 1: 4
2020;1;17;5;3;1;0;UZAR;?;13h58;Houilles - Carrières-sur-Seine;uic_87386409;?;?;normal;8;0;120;75;1;1 - 1 - 0 - 1 - 2 - 1 - 2 - 2;0: 1 - 1: 4 - 2: 3
2020;1;17;5;3;1;0;UZAR;?;14h18;Houilles - Carrières-sur-Seine;uic_87386409;?;?;normal;8;0;180;82;90;0 - 1 - 0 - 1 - 2 - 2 - 3 - 2;0: 2 - 1: 2 - 2: 3 - 3: 1
2020;1;17;5;3;1;0;UZAR;?;14h38;Houilles - Carrières-sur-Seine;uic_87386409;?;?;normal;8;0;0;0;0;0 - 0 - 0 - 0 - 0 - 0 - 0 - 0;0: 8
2020;1;17;5;3;1;0;UZAR;?;14h58;Houilles - Carrières-sur-Seine;uic_87386409;?;?;normal;8;0;60;15;0;0 - 1 - 0 - 0 - 0 - 0 - 1 - 0;0: 6 - 1: 2
2020;1;17;5;3;1;0;UZAR;?;15h18;Houilles - Carrières-sur-Seine;uic_87386409;?;?;normal;8;0;360;285;5;3 - 4 - 4 - 5 - 5 - 5 - 6 - 6;3: 1 - 4: 2 - 5: 3 - 6: 2
2020;1;17;5;3;1;0;UZEL;?;15h47;Houilles - Carrières-sur-Seine;uic_87386409;?;?;normal;8;0;60;22;0;0 - 0 - 0 - 0 - 1 - 0 - 1 - 1;0: 5 - 1: 3
2020;1;17;5;3;1;0;UZEL;?;16h07;Houilles - Carrières-sur-Seine;uic_87386409;?;?;normal;8;0;0;0;0;0 - 0 - 0 - 0 - 0 - 0 - 0 - 0;0: 8
2020;1;17;5;3;1;0;UZEL;?;16h26;Houilles - Carrières-sur-Seine;uic_87386409;?;?;normal;8;0;120;45;1;0 - 1 - 0 - 1 - 1 - 0 - 2 - 1;0: 3 - 1: 4 - 2: 1
2020;1;17;5;3;1;0;UZEL;?;16h59;Houilles - Carrières-sur-Seine;uic_87386409;?;?;normal;8;0;540;502;510;8 - 9 - 7 - 9 - 9 - 8 - 9 - 8;7: 1 - 8: 3 - 9: 4
2020;1;17;5;3;1;0;UZEL;?;17h18;Houilles - Carrières-sur-Seine;uic_87386409;?;?;normal;8;0;60;30;30;0 - 0 - 0 - 0 - 1 - 1 - 1 - 1;0: 4 - 1: 4
2020;1;17;5;3;1;0;UZEL;?;17h43;Houilles - Carrières-sur-Seine;uic_87386409;?;?;normal;8;0;180;105;2;0 - 1 - 1 - 2 - 3 - 2 - 2 - 3;0: 1 - 1: 2 - 2: 3 - 3: 2
2020;1;17;5;3;1;0;UZEL;?;17h55;Houilles - Carrières-sur-Seine;uic_87386409;?;?;normal;8;0;1980;1822;1830;28 - 29 - 29 - 30 - 31 - 31 - 32 - 33;28: 1 - 29: 2 - 30: 1 - 31: 2 - 32: 1 - 33: 1
2020;1;17;5;3;1;0;UZEL;?;18h08;Houilles - Carrières-sur-Seine;uic_87386409;?;?;normal;8;0;1680;1567;27;23 - 24 - 26 - 27 - 27 - 27 - 27 - 28;23: 1 - 24: 1 - 26: 1 - 27: 4 - 28: 1
2020;1;17;5;3;1;0;UZEL;?;18h33;Houilles - Carrières-sur-Seine;uic_87386409;?;?;normal;8;0;840;765;810;10 - 11 - 12 - 13 - 14 - 14 - 14 - 14;10: 1 - 11: 1 - 12: 1 - 13: 1 - 14: 4
2020;1;17;5;3;1;0;UZEL;?;18h45;Houilles - Carrières-sur-Seine;uic_87386409;?;?;annule;8;8;0;0;0;;
2020;1;17;5;3;1;0;UZEL;?;18h58;Houilles - Carrières-sur-Seine;uic_87386409;?;?;normal;8;0;360;225;5;0 - 0 - 4 - 5 - 6 - 5 - 5 - 5;0: 2 - 4: 1 - 5: 4 - 6: 1
2020;1;17;5;3;1;0;UZEL;?;19h10;Houilles - Carrières-sur-Seine;uic_87386409;?;?;normal;8;0;1020;982;990;15 - 16 - 16 - 16 - 17 - 17 - 17 - 17;15: 1 - 16: 3 - 17: 4
2020;1;17;5;3;1;0;UZEL;?;19h23;Houilles - Carrières-sur-Seine;uic_87386409;?;?;normal;8;0;780;660;11;9 - 10 - 10 - 12 - 12 - 11 - 11 - 13;9: 1 - 10: 2 - 11: 2 - 12: 2 - 13: 1
2020;1;17;5;3;1;0;UZEL;?;19h48;Houilles - Carrières-sur-Seine;uic_87386409;?;?;normal;8;0;180;112;2;1 - 1 - 1 - 2 - 3 - 2 - 2 - 3;1: 3 - 2: 3 - 3: 2
2020;1;17;5;3;1;0;UZEL;?;20h10;Houilles - Carrières-sur-Seine;uic_87386409;?;?;normal;8;0;180;82;90;0 - 0 - 1 - 1 - 2 - 2 - 2 - 3;0: 2 - 1: 2 - 2: 3 - 3: 1
2020;1;17;5;3;1;0;UZEL;?;20h28;Houilles - Carrières-sur-Seine;uic_87386409;?;?;normal;8;0;540;487;8;7 - 8 - 7 - 8 - 8 - 9 - 9 - 9;7: 2 - 8: 3 - 9: 3
2020;1;17;5;3;1;0;UZEL;?;21h08;Houilles - Carrières-sur-Seine;uic_87386409;?;?;normal;8;0;240;30;0;0 - 0 - 0 - 0 - 0 - 0 - 0 - 4;0: 7 - 4: 1
2020;1;17;5;3;1;0;UZEL;?;21h49;Houilles - Carrières-sur-Seine;uic_87386409;?;?;normal;8;0;180;112;2;1 - 2 - 1 - 2 - 3 - 2 - 2 - 2;1: 2 - 2: 5 - 3: 1
2020;1;17;5;3;1;0;VELO;?;22h48;Houilles - Carrières-sur-Seine;uic_87386409;?;?;normal;1;0;60;60;60;1;1: 1
2020;1;17;5;3;1;0;VELO;?;23h48;Houilles - Carrières-sur-Seine;uic_87386409;?;?;normal;1;0;60;60;60;1;1: 1
2020;1;17;5;3;1;0;VIDA;?;00h44;Houilles - Carrières-sur-Seine;uic_87386409;?;?;normal;1;0;0;0;0;0;0: 1
2020;1;17;5;3;1;0;VIRO;?;01h13;Houilles - Carrières-sur-Seine;uic_87386409;?;?;normal;1;0;300;300;300;5;5: 1
2020;1;18;6;3;0;1;OPEN;?;19h34;Cergy le Haut;uic_87382655;?;?;normal;9;0;120;86;60;2 - 2 - 1 - 1 - 2 - 2 - 1 - 1 - 1;1: 5 - 2: 4
2020;1;18;6;3;0;1;OPPE;?;04h41;Cergy le Haut;uic_87382655;?;?;normal;9;0;60;13;0;0 - 0 - 0 - 0 - 0 - 1 - 1 - 0 - 0;0: 7 - 1: 2
2020;1;18;6;3;0;1;OPPE;?;05h11;Cergy le Haut;uic_87382655;?;?;normal;9;0;60;6;0;0 - 0 - 0 - 0 - 0 - 1 - 0 - 0 - 0;0: 8 - 1: 1
2020;1;18;6;3;0;1;OPPE;?;05h41;Cergy le Haut;uic_87382655;?;?;normal;9;0;0;0;0;0 - 0 - 0 - 0 - 0 - 0 - 0 - 0 - 0;0: 9
2020;1;18;6;3;0;1;OPPE;?;06h11;Cergy le Haut;uic_87382655;?;?;normal;9;0;60;13;0;0 - 0 - 0 - 0 - 1 - 1 - 0 - 0 - 0;0: 7 - 1: 2
2020;1;18;6;3;0;1;OPUS;?;00h05;Cergy le Haut;uic_87382655;?;?;normal;9;0;60;6;0;0 - 0 - 0 - 0 - 0 - 1 - 0 - 0 - 0;0: 8 - 1: 1
2020;1;18;6;3;0;1;OPUS;?;20h04;Cergy le Haut;uic_87382655;?;?;normal;9;0;60;6;0;0 - 0 - 0 - 0 - 0 - 1 - 0 - 0 - 0;0: 8 - 1: 1
2020;1;18;6;3;0;1;OPUS;?;20h34;Cergy le Haut;uic_87382655;?;?;normal;9;0;60;13;0;0 - 0 - 0 - 0 - 0 - 1 - 1 - 0 - 0;0: 7 - 1: 2
2020;1;18;6;3;0;1;OPUS;?;21h04;Cergy le Haut;uic_87382655;?;?;normal;9;0;0;0;0;0 - 0 - 0 - 0 - 0 - 0 - 0 - 0 - 0;0: 9
2020;1;18;6;3;0;1;OPUS;?;21h34;Cergy le Haut;uic_87382655;?;?;normal;9;0;0;0;0;0 - 0 - 0 - 0 - 0 - 0 - 0 - 0 - 0;0: 9
2020;1;18;6;3;0;1;OPUS;?;22h04;Cergy le Haut;uic_87382655;?;?;normal;9;0;0;0;0;0 - 0 - 0 - 0 - 0 - 0 - 0 - 0 - 0;0: 9
2020;1;18;6;3;0;1;OPUS;?;22h34;Cergy le Haut;uic_87382655;?;?;normal;9;0;120;33;0;0 - 0 - 0 - 0 - 0 - 2 - 1 - 1 - 1;0: 5 - 1: 3 - 2: 1
2020;1;18;6;3;0;1;OPUS;?;23h04;Cergy le Haut;uic_87382655;?;?;normal;9;0;0;0;0;0 - 0 - 0 - 0 - 0 - 0 - 0 - 0 - 0;0: 9
2020;1;18;6;3;0;1;OPUS;?;23h34;Cergy le Haut;uic_87382655;?;?;normal;9;0;0;0;0;0 - 0 - 0 - 0 - 0 - 0 - 0 - 0 - 0;0: 9
2020;1;18;6;3;0;1;QYAN;?;12h04;Cergy le Haut;uic_87382655;?;?;normal;9;0;60;33;60;0 - 1 - 0 - 0 - 1 - 1 - 1 - 1 - 0;0: 4 - 1: 5
2020;1;18;6;3;0;1;QYAN;?;12h24;Cergy le Haut;uic_87382655;?;?;normal;9;0;60;6;0;0 - 0 - 0 - 0 - 0 - 1 - 0 - 0 - 0;0: 8 - 1: 1
2020;1;18;6;3;0;1;QYAN;?;12h44;Cergy le Haut;uic_87382655;?;?;normal;9;0;60;26;0;0 - 0 - 0 - 0 - 1 - 1 - 1 - 1 - 0;0: 5 - 1: 4
2020;1;18;6;3;0;1;QYAN;?;13h04;Cergy le Haut;uic_87382655;?;?;normal;9;0;120;33;0;0 - 0 - 0 - 0 - 0 - 2 - 1 - 1 - 1;0: 5 - 1: 3 - 2: 1
2020;1;18;6;3;0;1;QYAN;?;13h24;Cergy le Haut;uic_87382655;?;?;normal;9;0;60;20;0;0 - 0 - 0 - 0 - 1 - 1 - 1 - 0 - 0;0: 6 - 1: 3
2020;1;18;6;3;0;1;QYAN;?;13h44;Cergy le Haut;uic_87382655;?;?;normal;9;0;60;20;0;1 - 0 - 0 - 0 - 1 - 1 - 0 - 0 - 0;0: 6 - 1: 3
2020;1;18;6;3;0;1;QYAN;?;14h04;Cergy le Haut;uic_87382655;?;?;normal;9;0;60;6;0;0 - 0 - 0 - 0 - 0 - 1 - 0 - 0 - 0;0: 8 - 1: 1
2020;1;18;6;3;0;1;QYAN;?;14h24;Cergy le Haut;uic_87382655;?;?;normal;9;0;180;73;60;0 - 0 - 0 - 0 - 1 - 3 - 2 - 3 - 2;0: 4 - 1: 1 - 2: 2 - 3: 2
2020;1;18;6;3;0;1;QYAN;?;14h44;Cergy le Haut;uic_87382655;?;?;normal;9;0;0;0;0;0 - 0 - 0 - 0 - 0 - 0 - 0 - 0 - 0;0: 9
2020;1;18;6;3;0;1;QYAN;?;15h04;Cergy le Haut;uic_87382655;?;?;normal;9;0;60;6;0;0 - 0 - 0 - 0 - 0 - 1 - 0 - 0 - 0;0: 8 - 1: 1
2020;1;18;6;3;0;1;QYAN;?;15h24;Cergy le Haut;uic_87382655;?;?;normal;9;0;120;53;60;0 - 1 - 1 - 1 - 1 - 2 - 1 - 1 - 0;0: 2 - 1: 6 - 2: 1
2020;1;18;6;3;0;1;QYAN;?;15h44;Cergy le Haut;uic_87382655;?;?;normal;9;0;0;0;0;0 - 0 - 0 - 0 - 0 - 0 - 0 - 0 - 0;0: 9
2020;1;18;6;3;0;1;QYAN;?;16h04;Cergy le Haut;uic_87382655;?;?;normal;9;0;0;0;0;0 - 0 - 0 - 0 - 0 - 0 - 0 - 0 - 0;0: 9
2020;1;18;6;3;0;1;QYAN;?;16h24;Cergy le Haut;uic_87382655;?;?;normal;9;0;60;20;0;0 - 0 - 0 - 0 - 0 - 1 - 1 - 1 - 0;0: 6 - 1: 3
2020;1;18;6;3;0;1;QYAN;?;16h44;Cergy le Haut;uic_87382655;?;?;normal;9;0;120;80;60;0 - 1 - 1 - 1 - 2 - 2 - 2 - 2 - 1;0: 1 - 1: 4 - 2: 4
2020;1;18;6;3;0;1;QYAN;?;17h04;Cergy le Haut;uic_87382655;?;?;normal;9;0;0;0;0;0 - 0 - 0 - 0 - 0 - 0 - 0 - 0 - 0;0: 9
2020;1;18;6;3;0;1;QYAN;?;17h24;Cergy le Haut;uic_87382655;?;?;normal;9;0;0;0;0;0 - 0 - 0 - 0 - 0 - 0 - 0 - 0 - 0;0: 9
2020;1;18;6;3;0;1;QYAN;?;17h44;Cergy le Haut;uic_87382655;?;?;normal;9;0;0;0;0;0 - 0 - 0 - 0 - 0 - 0 - 0 - 0 - 0;0: 9
2020;1;18;6;3;0;1;QYAN;?;18h04;Cergy le Haut;uic_87382655;?;?;normal;9;0;60;13;0;0 - 0 - 0 - 0 - 0 - 1 - 0 - 1 - 0;0: 7 - 1: 2
2020;1;18;6;3;0;1;QYAN;?;18h24;Cergy le Haut;uic_87382655;?;?;normal;9;0;60;13;0;0 - 0 - 0 - 0 - 0 - 1 - 0 - 1 - 0;0: 7 - 1: 2
2020;1;18;6;3;0;1;QYAN;?;18h44;Cergy le Haut;uic_87382655;?;?;normal;9;0;0;0;0;0 - 0 - 0 - 0 - 0 - 0 - 0 - 0 - 0;0: 9
2020;1;18;6;3;0;1;QYAN;?;19h04;Cergy le Haut;uic_87382655;?;?;normal;9;0;0;0;0;0 - 0 - 0 - 0 - 0 - 0 - 0 - 0 - 0;0: 9
2020;1;18;6;3;0;1;QYAN;?;19h24;Cergy le Haut;uic_87382655;?;?;normal;9;0;240;80;0;0 - 0 - 0 - 0 - 0 - 4 - 3 - 3 - 2;0: 5 - 2: 1 - 3: 2 - 4: 1
2020;1;18;6;3;0;1;QYRO;?;06h41;Cergy le Haut;uic_87382655;?;?;normal;9;0;0;0;0;0 - 0 - 0 - 0 - 0 - 0 - 0 - 0 - 0;0: 9
2020;1;18;6;3;0;1;QYRO;?;07h11;Cergy le Haut;uic_87382655;?;?;normal;9;0;60;6;0;0 - 0 - 0 - 0 - 0 - 1 - 0 - 0 - 0;0: 8 - 1: 1
2020;1;18;6;3;0;1;QYRO;?;07h34;Cergy le Haut;uic_87382655;?;?;normal;9;0;0;0;0;0 - 0 - 0 - 0 - 0 - 0 - 0 - 0 - 0;0: 9
2020;1;18;6;3;0;1;QYRO;?;08h04;Cergy le Haut;uic_87382655;?;?;normal;9;0;60;20;0;0 - 0 - 0 - 0 - 0 - 1 - 1 - 1 - 0;0: 6 - 1: 3
2020;1;18;6;3;0;1;QYRO;?;08h24;Cergy le Haut;uic_87382655;?;?;normal;9;0;0;0;0;0 - 0 - 0 - 0 - 0 - 0 - 0 - 0 - 0;0: 9
2020;1;18;6;3;0;1;QYRO;?;08h44;Cergy le Haut;uic_87382655;?;?;normal;9;0;0;0;0;0 - 0 - 0 - 0 - 0 - 0 - 0 - 0 - 0;0: 9
2020;1;18;6;3;0;1;QYRO;?;09h04;Cergy le Haut;uic_87382655;?;?;normal;9;0;120;73;60;0 - 0 - 1 - 1 - 2 - 2 - 2 - 2 - 1;0: 2 - 1: 3 - 2: 4
2020;1;18;6;3;0;1;QYRO;?;09h24;Cergy le Haut;uic_87382655;?;?;normal;9;0;0;0;0;0 - 0 - 0 - 0 - 0 - 0 - 0 - 0 - 0;0: 9
2020;1;18;6;3;0;1;QYRO;?;09h44;Cergy le Haut;uic_87382655;?;?;normal;9;0;240;53;60;0 - 0 - 0 - 0 - 1 - 1 - 1 - 1 - 4;0: 4 - 1: 4 - 4: 1
2020;1;18;6;3;0;1;QYRO;?;10h04;Cergy le Haut;uic_87382655;?;?;normal;9;0;60;20;0;0 - 0 - 0 - 0 - 0 - 1 - 1 - 1 - 0;0: 6 - 1: 3
2020;1;18;6;3;0;1;QYRO;?;10h24;Cergy le Haut;uic_87382655;?;?;normal;9;0;240;186;180;4 - 3 - 3 - 3 - 3 - 4 - 3 - 3 - 2;2: 1 - 3: 6 - 4: 2
2020;1;18;6;3;0;1;QYRO;?;10h44;Cergy le Haut;uic_87382655;?;?;normal;9;0;0;0;0;0 - 0 - 0 - 0 - 0 - 0 - 0 - 0 - 0;0: 9
2020;1;18;6;3;0;1;QYRO;?;11h04;Cergy le Haut;uic_87382655;?;?;normal;9;0;120;46;0;0 - 0 - 0 - 0 - 0 - 2 - 2 - 2 - 1;0: 5 - 1: 1 - 2: 3
2020;1;18;6;3;0;1;QYRO;?;11h24;Cergy le Haut;uic_87382655;?;?;normal;9;0;120;40;60;0 - 0 - 0 - 0 - 1 - 2 - 1 - 1 - 1;0: 4 - 1: 4 - 2: 1
2020;1;18;6;3;0;1;QYRO;?;11h44;Cergy le Haut;uic_87382655;?;?;normal;9;0;60;6;0;0 - 0 - 0 - 0 - 0 - 1 - 0 - 0 - 0;0: 8 - 1: 1
2020;1;18;6;3;0;1;UBOS;?;05h57;Houilles - Carrières-sur-Seine;uic_87386409;?;?;normal;8;0;60;15;0;1 - 1 - 0 - 0 - 0 - 0 - 0 - 0;0: 6 - 1: 2
2020;1;18;6;3;0;1;UBOS;?;06h26;Houilles - Carrières-sur-Seine;uic_87386409;?;?;normal;8;0;60;52;1;1 - 1 - 0 - 1 - 1 - 1 - 1 - 1;0: 1 - 1: 7
2020;1;18;6;3;0;1;UBOS;?;06h57;Houilles - Carrières-sur-Seine;uic_87386409;?;?;normal;8;0;120;82;90;0 - 2 - 1 - 2 - 2 - 1 - 2 - 1;0: 1 - 1: 3 - 2: 4
2020;1;18;6;3;0;1;UBOS;?;07h27;Houilles - Carrières-sur-Seine;uic_87386409;?;?;normal;8;0;60;22;0;0 - 0 - 0 - 0 - 1 - 0 - 1 - 1;0: 5 - 1: 3
2020;1;18;6;3;0;1;UBOS;?;07h55;Houilles - Carrières-sur-Seine;uic_87386409;?;?;normal;8;0;60;37;1;0 - 1 - 0 - 1 - 1 - 0 - 1 - 1;0: 3 - 1: 5
2020;1;18;6;3;0;1;UBOS;?;08h15;Houilles - Carrières-sur-Seine;uic_87386409;?;?;normal;8;0;180;82;90;0 - 1 - 0 - 1 - 2 - 2 - 2 - 3;0: 2 - 1: 2 - 2: 3 - 3: 1
2020;1;18;6;3;0;1;UBOS;?;08h35;Houilles - Carrières-sur-Seine;uic_87386409;?;?;normal;8;0;0;0;0;0 - 0 - 0 - 0 - 0 - 0 - 0 - 0;0: 8
2020;1;18;6;3;0;1;UBOS;?;08h55;Houilles - Carrières-sur-Seine;uic_87386409;?;?;normal;8;0;120;30;0;0 - 0 - 0 - 0 - 0 - 1 - 1 - 2;0: 5 - 1: 2 - 2: 1
2020;1;18;6;3;0;1;UBOS;?;09h15;Houilles - Carrières-sur-Seine;uic_87386409;?;?;normal;8;0;60;30;30;0 - 1 - 0 - 0 - 1 - 1 - 1 - 0;0: 4 - 1: 4
2020;1;18;6;3;0;1;UPAC;?;09h35;Houilles - Carrières-sur-Seine;uic_87386409;?;?;normal;8;0;60;30;30;0 - 0 - 0 - 0 - 1 - 1 - 1 - 1;0: 4 - 1: 4
2020;1;18;6;3;0;1;UPAC;?;09h55;Houilles - Carrières-sur-Seine;uic_87386409;?;?;normal;8;0;300;187;210;0 - 2 - 3 - 3 - 4 - 4 - 5 - 4;0: 1 - 2: 1 - 3: 2 - 4: 3 - 5: 1
2020;1;18;6;3;0;1;UPAC;?;10h15;Houilles - Carrières-sur-Seine;uic_87386409;?;?;normal;8;0;720;630;11;8 - 9 - 11 - 11 - 11 - 12 - 11 - 11;8: 1 - 9: 1 - 11: 5 - 12: 1
2020;1;18;6;3;0;1;UPAC;?;10h35;Houilles - Carrières-sur-Seine;uic_87386409;?;?;normal;8;0;540;172;1;0 - 1 - 1 - 1 - 1 - 2 - 9 - 8;0: 1 - 1: 4 - 2: 1 - 8: 1 - 9: 1
2020;1;18;6;3;0;1;UPAC;?;10h55;Houilles - Carrières-sur-Seine;uic_87386409;?;?;normal;8;0;180;120;2;0 - 1 - 2 - 2 - 2 - 3 - 3 - 3;0: 1 - 1: 1 - 2: 3 - 3: 3
2020;1;18;6;3;0;1;UPAC;?;11h15;Houilles - Carrières-sur-Seine;uic_87386409;?;?;normal;8;0;60;37;1;1 - 1 - 0 - 0 - 1 - 1 - 1 - 0;0: 3 - 1: 5
2020;1;18;6;3;0;1;UPAC;?;11h35;Houilles - Carrières-sur-Seine;uic_87386409;?;?;normal;8;0;180;120;2;0 - 3 - 2 - 2 - 2 - 2 - 2 - 3;0: 1 - 2: 5 - 3: 2
2020;1;18;6;3;0;1;UPAC;?;11h55;Houilles - Carrières-sur-Seine;uic_87386409;?;?;normal;8;0;60;22;0;0 - 1 - 0 - 0 - 0 - 1 - 1 - 0;0: 5 - 1: 3
2020;1;18;6;3;0;1;UPAC;?;12h15;Houilles - Carrières-sur-Seine;uic_87386409;?;?;normal;8;0;60;22;0;0 - 0 - 0 - 0 - 0 - 1 - 1 - 1;0: 5 - 1: 3
2020;1;18;6;3;0;1;UPAC;?;12h35;Houilles - Carrières-sur-Seine;uic_87386409;?;?;normal;8;0;60;22;0;0 - 0 - 0 - 0 - 1 - 1 - 1 - 0;0: 5 - 1: 3
2020;1;18;6;3;0;1;UPIR;?;00h14;Houilles - Carrières-sur-Seine;uic_87386409;?;?;normal;8;0;120;52;1;0 - 1 - 0 - 1 - 1 - 1 - 2 - 1;0: 2 - 1: 5 - 2: 1
2020;1;18;6;3;0;1;UPIR;?;00h44;Houilles - Carrières-sur-Seine;uic_87386409;?;?;normal;8;0;0;0;0;0 - 0 - 0 - 0 - 0 - 0 - 0 - 0;0: 8
2020;1;18;6;3;0;1;UPIR;?;01h13;Houilles - Carrières-sur-Seine;uic_87386409;?;?;normal;8;0;120;52;1;0 - 1 - 0 - 1 - 1 - 0 - 2 - 2;0: 3 - 1: 3 - 2: 2
2020;1;18;6;3;0;1;UPIR;?;21h14;Houilles - Carrières-sur-Seine;uic_87386409;?;?;normal;8;0;240;142;150;1 - 2 - 1 - 2 - 3 - 3 - 4 - 3;1: 2 - 2: 2 - 3: 3 - 4: 1
2020;1;18;6;3;0;1;UPIR;?;21h44;Houilles - Carrières-sur-Seine;uic_87386409;?;?;normal;8;0;420;345;6;6 - 6 - 4 - 6 - 6 - 5 - 6 - 7;4: 1 - 5: 1 - 6: 5 - 7: 1
2020;1;18;6;3;0;1;UPIR;?;22h14;Houilles - Carrières-sur-Seine;uic_87386409;?;?;normal;8;0;60;22;0;0 - 0 - 0 - 0 - 1 - 0 - 1 - 1;0: 5 - 1: 3
2020;1;18;6;3;0;1;UPIR;?;22h44;Houilles - Carrières-sur-Seine;uic_87386409;?;?;normal;8;0;0;0;0;0 - 0 - 0 - 0 - 0 - 0 - 0 - 0;0: 8
2020;1;18;6;3;0;1;UPIR;?;23h14;Houilles - Carrières-sur-Seine;uic_87386409;?;?;normal;8;0;60;37;1;1 - 1 - 0 - 1 - 1 - 0 - 1 - 0;0: 3 - 1: 5
2020;1;18;6;3;0;1;UPIR;?;23h44;Houilles - Carrières-sur-Seine;uic_87386409;?;?;normal;8;0;60;45;1;0 - 1 - 0 - 1 - 1 - 1 - 1 - 1;0: 2 - 1: 6
2020;1;18;6;3;0;1;UPUS;?;12h55;Houilles - Carrières-sur-Seine;uic_87386409;?;?;normal;8;0;120;37;30;0 - 1 - 0 - 0 - 0 - 1 - 1 - 2;0: 4 - 1: 3 - 2: 1
2020;1;18;6;3;0;1;UPUS;?;13h15;Houilles - Carrières-sur-Seine;uic_87386409;?;?;normal;8;0;60;7;0;0 - 0 - 0 - 0 - 0 - 1 - 0 - 0;0: 7 - 1: 1
2020;1;18;6;3;0;1;UPUS;?;13h35;Houilles - Carrières-sur-Seine;uic_87386409;?;?;normal;8;0;180;97;2;0 - 1 - 1 - 2 - 2 - 2 - 2 - 3;0: 1 - 1: 2 - 2: 4 - 3: 1
2020;1;18;6;3;0;1;UPUS;?;13h55;Houilles - Carrières-sur-Seine;uic_87386409;?;?;normal;8;0;60;15;0;0 - 0 - 0 - 0 - 0 - 1 - 1 - 0;0: 6 - 1: 2
2020;1;18;6;3;0;1;UPUS;?;14h15;Houilles - Carrières-sur-Seine;uic_87386409;?;?;normal;8;0;180;127;2;1 - 2 - 1 - 2 - 2 - 3 - 3 - 3;1: 2 - 2: 3 - 3: 3
2020;1;18;6;3;0;1;UPUS;?;14h35;Houilles - Carrières-sur-Seine;uic_87386409;?;?;normal;8;0;60;15;0;0 - 0 - 0 - 0 - 1 - 1 - 0 - 0;0: 6 - 1: 2
2020;1;18;6;3;0;1;UPUS;?;14h55;Houilles - Carrières-sur-Seine;uic_87386409;?;?;normal;8;0;180;112;2;0 - 2 - 2 - 2 - 2 - 2 - 2 - 3;0: 1 - 2: 6 - 3: 1
2020;1;18;6;3;0;1;UPUS;?;15h15;Houilles - Carrières-sur-Seine;uic_87386409;?;?;normal;8;0;120;60;1;0 - 1 - 0 - 1 - 1 - 2 - 2 - 1;0: 2 - 1: 4 - 2: 2
2020;1;18;6;3;0;1;UPUS;?;15h35;Houilles - Carrières-sur-Seine;uic_87386409;?;?;normal;8;0;120;45;1;0 - 1 - 0 - 0 - 1 - 1 - 1 - 2;0: 3 - 1: 4 - 2: 1
2020;1;18;6;3;0;1;UPUS;?;15h55;Houilles - Carrières-sur-Seine;uic_87386409;?;?;normal;8;0;60;30;30;0 - 1 - 0 - 0 - 1 - 1 - 1 - 0;0: 4 - 1: 4
2020;1;18;6;3;0;1;UPUS;?;16h15;Houilles - Carrières-sur-Seine;uic_87386409;?;?;normal;8;0;0;0;0;0 - 0 - 0 - 0 - 0 - 0 - 0 - 0;0: 8
2020;1;18;6;3;0;1;UPUS;?;16h35;Houilles - Carrières-sur-Seine;uic_87386409;?;?;normal;8;0;0;0;0;0 - 0 - 0 - 0 - 0 - 0 - 0 - 0;0: 8
2020;1;18;6;3;0;1;UPUS;?;16h55;Houilles - Carrières-sur-Seine;uic_87386409;?;?;normal;8;0;180;127;2;2 - 2 - 2 - 2 - 2 - 2 - 2 - 3;2: 7 - 3: 1
2020;1;18;6;3;0;1;UPUS;?;17h15;Houilles - Carrières-sur-Seine;uic_87386409;?;?;normal;8;0;240;172;3;2 - 2 - 2 - 3 - 3 - 4 - 4 - 3;2: 3 - 3: 3 - 4: 2
2020;1;18;6;3;0;1;UPUS;?;17h35;Houilles - Carrières-sur-Seine;uic_87386409;?;?;normal;8;0;60;7;0;0 - 0 - 0 - 0 - 0 - 0 - 0 - 1;0: 7 - 1: 1
2020;1;18;6;3;0;1;UPUS;?;17h55;Houilles - Carrières-sur-Seine;uic_87386409;?;?;normal;8;0;60;30;30;0 - 1 - 0 - 0 - 1 - 1 - 1 - 0;0: 4 - 1: 4
2020;1;18;6;3;0;1;UPUS;?;18h15;Houilles - Carrières-sur-Seine;uic_87386409;?;?;normal;8;0;360;52;0;0 - 1 - 0 - 0 - 0 - 0 - 0 - 6;0: 6 - 1: 1 - 6: 1
2020;1;18;6;3;0;1;UPUS;?;18h35;Houilles - Carrières-sur-Seine;uic_87386409;?;?;normal;8;0;360;330;330;5 - 6 - 5 - 5 - 6 - 6 - 6 - 5;5: 4 - 6: 4
2020;1;18;6;3;0;1;UPUS;?;18h55;Houilles - Carrières-sur-Seine;uic_87386409;?;?;normal;8;0;300;262;4;4 - 4 - 4 - 4 - 4 - 5 - 5 - 5;4: 5 - 5: 3
2020;1;18;6;3;0;1;UPUS;?;19h15;Houilles - Carrières-sur-Seine;uic_87386409;?;?;normal;8;0;120;97;2;1 - 1 - 1 - 2 - 2 - 2 - 2 - 2;1: 3 - 2: 5
2020;1;18;6;3;0;1;UPUS;?;19h35;Houilles - Carrières-sur-Seine;uic_87386409;?;?;normal;8;0;60;7;0;0 - 1 - 0 - 0 - 0 - 0 - 0 - 0;0: 7 - 1: 1
2020;1;18;6;3;0;1;UPUS;?;19h55;Houilles - Carrières-sur-Seine;uic_87386409;?;?;normal;8;0;0;0;0;0 - 0 - 0 - 0 - 0 - 0 - 0 - 0;0: 8
2020;1;18;6;3;0;1;UPUS;?;20h16;Houilles - Carrières-sur-Seine;uic_87386409;?;?;normal;8;0;360;285;5;3 - 4 - 4 - 5 - 5 - 6 - 6 - 5;3: 1 - 4: 2 - 5: 3 - 6: 2
2020;1;18;6;3;0;1;UPUS;?;20h44;Houilles - Carrières-sur-Seine;uic_87386409;?;?;normal;8;0;180;120;2;1 - 2 - 1 - 2 - 3 - 2 - 3 - 2;1: 2 - 2: 4 - 3: 2
2020;1;19;7;3;0;1;OPEN;?;19h34;Cergy le Haut;uic_87382655;?;?;annule_partiellement;18;9;120;106;120;2 - / - 2 - / - 2 - / - 1 - / - 2 - / - 2 - / - 2 - / - 2 - / - 1 - /;1: 2 - 2: 7
2020;1;19;7;3;0;1;OPPE;?;04h41;Cergy le Haut;uic_87382655;?;?;normal;9;0;60;26;0;1 - 1 - 0 - 0 - 1 - 1 - 0 - 0 - 0;0: 5 - 1: 4
2020;1;19;7;3;0;1;OPPE;?;05h11;Cergy le Haut;uic_87382655;?;?;normal;9;0;180;139;120;2 - 2 - 2 - 2 - 3 - 3 - 3 - 2 - 2;2: 6 - 3: 3
2020;1;19;7;3;0;1;OPPE;?;05h41;Cergy le Haut;uic_87382655;?;?;normal;9;0;0;0;0;0 - 0 - 0 - 0 - 0 - 0 - 0 - 0 - 0;0: 9
2020;1;19;7;3;0;1;OPPE;?;06h11;Cergy le Haut;uic_87382655;?;?;normal;9;0;120;33;0;0 - 0 - 0 - 0 - 1 - 2 - 1 - 0 - 1;0: 5 - 1: 3 - 2: 1
2020;1;19;7;3;0;1;OPUS;?;00h05;Cergy le Haut;uic_87382655;?;?;normal;9;0;60;6;0;0 - 0 - 0 - 0 - 0 - 1 - 0 - 0 - 0;0: 8 - 1: 1
2020;1;19;7;3;0;1;OPUS;?;20h04;Cergy le Haut;uic_87382655;?;?;normal;9;0;240;93;0;0 - 0 - 0 - 0 - 0 - 4 - 4 - 3 - 3;0: 5 - 3: 2 - 4: 2
2020;1;19;7;3;0;1;OPUS;?;20h34;Cergy le Haut;uic_87382655;?;?;normal;9;0;0;0;0;0 - 0 - 0 - 0 - 0 - 0 - 0 - 0 - 0;0: 9
2020;1;19;7;3;0;1;OPUS;?;21h04;Cergy le Haut;uic_87382655;?;?;normal;9;0;0;0;0;0 - 0 - 0 - 0 - 0 - 0 - 0 - 0 - 0;0: 9
2020;1;19;7;3;0;1;OPUS;?;21h34;Cergy le Haut;uic_87382655;?;?;normal;9;0;120;46;60;0 - 0 - 0 - 0 - 1 - 2 - 2 - 1 - 1;0: 4 - 1: 3 - 2: 2
2020;1;19;7;3;0;1;OPUS;?;22h04;Cergy le Haut;uic_87382655;?;?;normal;9;0;60;6;0;0 - 0 - 0 - 0 - 0 - 1 - 0 - 0 - 0;0: 8 - 1: 1
2020;1;19;7;3;0;1;OPUS;?;22h34;Cergy le Haut;uic_87382655;?;?;normal;9;0;0;0;0;0 - 0 - 0 - 0 - 0 - 0 - 0 - 0 - 0;0: 9
2020;1;19;7;3;0;1;OPUS;?;23h04;Cergy le Haut;uic_87382655;?;?;normal;9;0;0;0;0;0 - 0 - 0 - 0 - 0 - 0 - 0 - 0 - 0;0: 9
2020;1;19;7;3;0;1;OPUS;?;23h34;Cergy le Haut;uic_87382655;?;?;normal;9;0;60;6;0;0 - 0 - 0 - 0 - 0 - 1 - 0 - 0 - 0;0: 8 - 1: 1
2020;1;19;7;3;0;1;QYAN;?;12h04;Cergy le Haut;uic_87382655;?;?;normal;9;0;0;0;0;0 - 0 - 0 - 0 - 0 - 0 - 0 - 0 - 0;0: 9
2020;1;19;7;3;0;1;QYAN;?;12h24;Cergy le Haut;uic_87382655;?;?;normal;9;0;60;6;0;0 - 0 - 0 - 0 - 0 - 0 - 0 - 1 - 0;0: 8 - 1: 1
2020;1;19;7;3;0;1;QYAN;?;12h44;Cergy le Haut;uic_87382655;?;?;normal;9;0;0;0;0;0 - 0 - 0 - 0 - 0 - 0 - 0 - 0 - 0;0: 9
2020;1;19;7;3;0;1;QYAN;?;13h04;Cergy le Haut;uic_87382655;?;?;normal;9;0;120;60;60;1 - 1 - 1 - 1 - 1 - 2 - 1 - 1 - 0;0: 1 - 1: 7 - 2: 1
2020;1;19;7;3;0;1;QYAN;?;13h24;Cergy le Haut;uic_87382655;?;?;normal;9;0;120;46;60;0 - 0 - 0 - 0 - 1 - 2 - 1 - 2 - 1;0: 4 - 1: 3 - 2: 2
2020;1;19;7;3;0;1;QYAN;?;13h44;Cergy le Haut;uic_87382655;?;?;normal;9;0;60;6;0;0 - 0 - 0 - 0 - 0 - 1 - 0 - 0 - 0;0: 8 - 1: 1
2020;1;19;7;3;0;1;QYAN;?;14h04;Cergy le Haut;uic_87382655;?;?;normal;9;0;60;6;0;0 - 0 - 0 - 0 - 0 - 1 - 0 - 0 - 0;0: 8 - 1: 1
2020;1;19;7;3;0;1;QYAN;?;14h24;Cergy le Haut;uic_87382655;?;?;normal;9;0;0;0;0;0 - 0 - 0 - 0 - 0 - 0 - 0 - 0 - 0;0: 9
2020;1;19;7;3;0;1;QYAN;?;14h44;Cergy le Haut;uic_87382655;?;?;normal;9;0;0;0;0;0 - 0 - 0 - 0 - 0 - 0 - 0 - 0 - 0;0: 9
2020;1;19;7;3;0;1;QYAN;?;15h04;Cergy le Haut;uic_87382655;?;?;normal;9;0;180;86;120;0 - 0 - 0 - 1 - 2 - 3 - 2 - 3 - 2;0: 3 - 1: 1 - 2: 3 - 3: 2
2020;1;19;7;3;0;1;QYAN;?;15h24;Cergy le Haut;uic_87382655;?;?;normal;9;0;0;0;0;0 - 0 - 0 - 0 - 0 - 0 - 0 - 0 - 0;0: 9
2020;1;19;7;3;0;1;QYAN;?;15h44;Cergy le Haut;uic_87382655;?;?;normal;9;0;0;0;0;0 - 0 - 0 - 0 - 0 - 0 - 0 - 0 - 0;0: 9
2020;1;19;7;3;0;1;QYAN;?;16h04;Cergy le Haut;uic_87382655;?;?;normal;9;0;0;0;0;0 - 0 - 0 - 0 - 0 - 0 - 0 - 0 - 0;0: 9
2020;1;19;7;3;0;1;QYAN;?;16h24;Cergy le Haut;uic_87382655;?;?;normal;9;0;60;46;60;1 - 1 - 1 - 0 - 1 - 1 - 1 - 1 - 0;0: 2 - 1: 7
2020;1;19;7;3;0;1;QYAN;?;16h44;Cergy le Haut;uic_87382655;?;?;normal;9;0;60;40;60;0 - 0 - 1 - 1 - 1 - 1 - 1 - 1 - 0;0: 3 - 1: 6
2020;1;19;7;3;0;1;QYAN;?;17h04;Cergy le Haut;uic_87382655;?;?;normal;9;0;0;0;0;0 - 0 - 0 - 0 - 0 - 0 - 0 - 0 - 0;0: 9
2020;1;19;7;3;0;1;QYAN;?;17h24;Cergy le Haut;uic_87382655;?;?;normal;9;0;0;0;0;0 - 0 - 0 - 0 - 0 - 0 - 0 - 0 - 0;0: 9
2020;1;19;7;3;0;1;QYAN;?;17h44;Cergy le Haut;uic_87382655;?;?;normal;9;0;60;6;0;0 - 0 - 0 - 0 - 0 - 1 - 0 - 0 - 0;0: 8 - 1: 1
2020;1;19;7;3;0;1;QYAN;?;18h04;Cergy le Haut;uic_87382655;?;?;normal;9;0;120;53;60;0 - 0 - 0 - 0 - 1 - 2 - 2 - 2 - 1;0: 4 - 1: 2 - 2: 3
2020;1;19;7;3;0;1;QYAN;?;18h24;Cergy le Haut;uic_87382655;?;?;normal;9;0;360;300;300;6 - 5 - 5 - 5 - 5 - 5 - 5 - 5 - 4;4: 1 - 5: 7 - 6: 1
2020;1;19;7;3;0;1;QYAN;?;18h44;Cergy le Haut;uic_87382655;?;?;normal;9;0;60;20;0;0 - 0 - 0 - 0 - 0 - 1 - 1 - 1 - 0;0: 6 - 1: 3
2020;1;19;7;3;0;1;QYAN;?;19h04;Cergy le Haut;uic_87382655;?;?;normal;9;0;0;0;0;0 - 0 - 0 - 0 - 0 - 0 - 0 - 0 - 0;0: 9
2020;1;19;7;3;0;1;QYAN;?;19h24;Cergy le Haut;uic_87382655;?;?;normal;9;0;60;6;0;0 - 0 - 0 - 0 - 0 - 1 - 0 - 0 - 0;0: 8 - 1: 1
2020;1;19;7;3;0;1;QYRO;?;06h41;Cergy le Haut;uic_87382655;?;?;normal;9;0;0;0;0;0 - 0 - 0 - 0 - 0 - 0 - 0 - 0 - 0;0: 9
2020;1;19;7;3;0;1;QYRO;?;07h11;Cergy le Haut;uic_87382655;?;?;normal;9;0;60;13;0;0 - 0 - 0 - 0 - 1 - 1 - 0 - 0 - 0;0: 7 - 1: 2
2020;1;19;7;3;0;1;QYRO;?;07h34;Cergy le Haut;uic_87382655;?;?;normal;9;0;60;13;0;0 - 0 - 0 - 0 - 0 - 1 - 0 - 1 - 0;0: 7 - 1: 2
2020;1;19;7;3;0;1;QYRO;?;08h04;Cergy le Haut;uic_87382655;?;?;normal;9;0;0;0;0;0 - 0 - 0 - 0 - 0 - 0 - 0 - 0 - 0;0: 9
2020;1;19;7;3;0;1;QYRO;?;08h24;Cergy le Haut;uic_87382655;?;?;normal;9;0;0;0;0;0 - 0 - 0 - 0 - 0 - 0 - 0 - 0 - 0;0: 9
2020;1;19;7;3;0;1;QYRO;?;08h44;Cergy le Haut;uic_87382655;?;?;normal;9;0;0;0;0;0 - 0 - 0 - 0 - 0 - 0 - 0 - 0 - 0;0: 9
2020;1;19;7;3;0;1;QYRO;?;09h04;Cergy le Haut;uic_87382655;?;?;normal;9;0;120;80;60;2 - 1 - 1 - 1 - 1 - 2 - 1 - 2 - 1;1: 6 - 2: 3
2020;1;19;7;3;0;1;QYRO;?;09h24;Cergy le Haut;uic_87382655;?;?;normal;9;0;0;0;0;0 - 0 - 0 - 0 - 0 - 0 - 0 - 0 - 0;0: 9
2020;1;19;7;3;0;1;QYRO;?;09h44;Cergy le Haut;uic_87382655;?;?;normal;9;0;0;0;0;0 - 0 - 0 - 0 - 0 - 0 - 0 - 0 - 0;0: 9
2020;1;19;7;3;0;1;QYRO;?;10h04;Cergy le Haut;uic_87382655;?;?;normal;9;0;60;13;0;0 - 0 - 0 - 0 - 0 - 1 - 1 - 0 - 0;0: 7 - 1: 2
2020;1;19;7;3;0;1;QYRO;?;10h24;Cergy le Haut;uic_87382655;?;?;normal;9;0;0;0;0;0 - 0 - 0 - 0 - 0 - 0 - 0 - 0 - 0;0: 9
2020;1;19;7;3;0;1;QYRO;?;10h44;Cergy le Haut;uic_87382655;?;?;normal;9;0;0;0;0;0 - 0 - 0 - 0 - 0 - 0 - 0 - 0 - 0;0: 9
2020;1;19;7;3;0;1;QYRO;?;11h04;Cergy le Haut;uic_87382655;?;?;normal;9;0;0;0;0;0 - 0 - 0 - 0 - 0 - 0 - 0 - 0 - 0;0: 9
2020;1;19;7;3;0;1;QYRO;?;11h24;Cergy le Haut;uic_87382655;?;?;normal;9;0;0;0;0;0 - 0 - 0 - 0 - 0 - 0 - 0 - 0 - 0;0: 9
2020;1;19;7;3;0;1;QYRO;?;11h44;Cergy le Haut;uic_87382655;?;?;normal;9;0;60;6;0;0 - 0 - 0 - 0 - 0 - 1 - 0 - 0 - 0;0: 8 - 1: 1
2020;1;19;7;3;0;1;UBOS;?;05h57;Houilles - Carrières-sur-Seine;uic_87386409;?;?;normal;8;0;0;0;0;0 - 0 - 0 - 0 - 0 - 0 - 0 - 0;0: 8
2020;1;19;7;3;0;1;UBOS;?;06h26;Houilles - Carrières-sur-Seine;uic_87386409;?;?;normal;8;0;120;52;1;0 - 1 - 0 - 1 - 1 - 1 - 2 - 1;0: 2 - 1: 5 - 2: 1
2020;1;19;7;3;0;1;UBOS;?;06h57;Houilles - Carrières-sur-Seine;uic_87386409;?;?;normal;8;0;240;210;4;3 - 4 - 2 - 4 - 4 - 3 - 4 - 4;2: 1 - 3: 2 - 4: 5
2020;1;19;7;3;0;1;UBOS;?;07h27;Houilles - Carrières-sur-Seine;uic_87386409;?;?;normal;8;0;360;270;5;1 - 3 - 4 - 5 - 6 - 5 - 6 - 6;1: 1 - 3: 1 - 4: 1 - 5: 2 - 6: 3
2020;1;19;7;3;0;1;UBOS;?;07h55;Houilles - Carrières-sur-Seine;uic_87386409;?;?;normal;8;0;60;22;0;0 - 1 - 0 - 0 - 1 - 0 - 1 - 0;0: 5 - 1: 3
2020;1;19;7;3;0;1;UBOS;?;08h15;Houilles - Carrières-sur-Seine;uic_87386409;?;?;normal;8;0;120;60;1;0 - 1 - 0 - 1 - 1 - 1 - 2 - 2;0: 2 - 1: 4 - 2: 2
2020;1;19;7;3;0;1;UBOS;?;08h35;Houilles - Carrières-sur-Seine;uic_87386409;?;?;normal;8;0;180;120;2;0 - 1 - 2 - 2 - 3 - 3 - 3 - 2;0: 1 - 1: 1 - 2: 3 - 3: 3
2020;1;19;7;3;0;1;UBOS;?;08h55;Houilles - Carrières-sur-Seine;uic_87386409;?;?;normal;8;0;0;0;0;0 - 0 - 0 - 0 - 0 - 0 - 0 - 0;0: 8
2020;1;19;7;3;0;1;UBOS;?;09h15;Houilles - Carrières-sur-Seine;uic_87386409;?;?;normal;8;0;120;52;1;0 - 1 - 1 - 1 - 1 - 2 - 1 - 0;0: 2 - 1: 5 - 2: 1
2020;1;19;7;3;0;1;UPAC;?;09h35;Houilles - Carrières-sur-Seine;uic_87386409;?;?;normal;8;0;0;0;0;0 - 0 - 0 - 0 - 0 - 0 - 0 - 0;0: 8
2020;1;19;7;3;0;1;UPAC;?;09h55;Houilles - Carrières-sur-Seine;uic_87386409;?;?;normal;8;0;0;0;0;0 - 0 - 0 - 0 - 0 - 0 - 0 - 0;0: 8
2020;1;19;7;3;0;1;UPAC;?;10h15;Houilles - Carrières-sur-Seine;uic_87386409;?;?;normal;8;0;480;435;7;6 - 7 - 7 - 7 - 7 - 8 - 8 - 8;6: 1 - 7: 4 - 8: 3
2020;1;19;7;3;0;1;UPAC;?;10h35;Houilles - Carrières-sur-Seine;uic_87386409;?;?;normal;8;0;60;7;0;0 - 0 - 1 - 0 - 0 - 0 - 0 - 0;0: 7 - 1: 1
2020;1;19;7;3;0;1;UPAC;?;10h55;Houilles - Carrières-sur-Seine;uic_87386409;?;?;normal;8;0;60;45;1;0 - 1 - 0 - 1 - 1 - 1 - 1 - 1;0: 2 - 1: 6
2020;1;19;7;3;0;1;UPAC;?;11h15;Houilles - Carrières-sur-Seine;uic_87386409;?;?;normal;8;0;0;0;0;0 - 0 - 0 - 0 - 0 - 0 - 0 - 0;0: 8
2020;1;19;7;3;0;1;UPAC;?;11h35;Houilles - Carrières-sur-Seine;uic_87386409;?;?;normal;8;0;120;30;0;0 - 0 - 0 - 0 - 0 - 1 - 1 - 2;0: 5 - 1: 2 - 2: 1
2020;1;19;7;3;0;1;UPAC;?;11h55;Houilles - Carrières-sur-Seine;uic_87386409;?;?;normal;8;0;0;0;0;0 - 0 - 0 - 0 - 0 - 0 - 0 - 0;0: 8
2020;1;19;7;3;0;1;UPAC;?;12h15;Houilles - Carrières-sur-Seine;uic_87386409;?;?;normal;8;0;60;7;0;0 - 1 - 0 - 0 - 0 - 0 - 0 - 0;0: 7 - 1: 1
2020;1;19;7;3;0;1;UPAC;?;12h35;Houilles - Carrières-sur-Seine;uic_87386409;?;?;normal;8;0;180;105;90;0 - 1 - 1 - 1 - 2 - 3 - 3 - 3;0: 1 - 1: 3 - 2: 1 - 3: 3
2020;1;19;7;3;0;1;UPIR;?;00h14;Houilles - Carrières-sur-Seine;uic_87386409;?;?;normal;8;0;0;0;0;0 - 0 - 0 - 0 - 0 - 0 - 0 - 0;0: 8
2020;1;19;7;3;0;1;UPIR;?;00h44;Houilles - Carrières-sur-Seine;uic_87386409;?;?;normal;8;0;120;75;90;0 - 1 - 0 - 2 - 2 - 1 - 2 - 2;0: 2 - 1: 2 - 2: 4
2020;1;19;7;3;0;1;UPIR;?;01h13;Houilles - Carrières-sur-Seine;uic_87386409;?;?;normal;8;0;300;255;4;4 - 4 - 3 - 4 - 5 - 4 - 5 - 5;3: 1 - 4: 4 - 5: 3
2020;1;19;7;3;0;1;UPIR;?;21h14;Houilles - Carrières-sur-Seine;uic_87386409;?;?;normal;8;0;60;30;30;1 - 1 - 0 - 0 - 1 - 0 - 1 - 0;0: 4 - 1: 4
2020;1;19;7;3;0;1;UPIR;?;21h44;Houilles - Carrières-sur-Seine;uic_87386409;?;?;normal;8;0;360;307;5;4 - 5 - 4 - 5 - 6 - 5 - 6 - 6;4: 2 - 5: 3 - 6: 3
2020;1;19;7;3;0;1;UPIR;?;22h14;Houilles - Carrières-sur-Seine;uic_87386409;?;?;normal;8;0;60;45;1;0 - 1 - 0 - 1 - 1 - 1 - 1 - 1;0: 2 - 1: 6
2020;1;19;7;3;0;1;UPIR;?;22h44;Houilles - Carrières-sur-Seine;uic_87386409;?;?;normal;8;0;180;120;2;1 - 2 - 1 - 2 - 3 - 2 - 3 - 2;1: 2 - 2: 4 - 3: 2
2020;1;19;7;3;0;1;UPIR;?;23h14;Houilles - Carrières-sur-Seine;uic_87386409;?;?;normal;8;0;60;37;1;0 - 1 - 0 - 1 - 1 - 0 - 1 - 1;0: 3 - 1: 5
2020;1;19;7;3;0;1;UPIR;?;23h44;Houilles - Carrières-sur-Seine;uic_87386409;?;?;normal;8;0;60;30;30;0 - 0 - 0 - 1 - 1 - 0 - 1 - 1;0: 4 - 1: 4
2020;1;19;7;3;0;1;UPUS;?;12h55;Houilles - Carrières-sur-Seine;uic_87386409;?;?;normal;8;0;60;7;0;0 - 0 - 0 - 0 - 0 - 0 - 0 - 1;0: 7 - 1: 1
2020;1;19;7;3;0;1;UPUS;?;13h15;Houilles - Carrières-sur-Seine;uic_87386409;?;?;normal;8;0;360;172;210;0 - 0 - 2 - 3 - 4 - 4 - 4 - 6;0: 2 - 2: 1 - 3: 1 - 4: 3 - 6: 1
2020;1;19;7;3;0;1;UPUS;?;13h35;Houilles - Carrières-sur-Seine;uic_87386409;?;?;normal;8;0;0;0;0;0 - 0 - 0 - 0 - 0 - 0 - 0 - 0;0: 8
2020;1;19;7;3;0;1;UPUS;?;13h55;Houilles - Carrières-sur-Seine;uic_87386409;?;?;normal;8;0;60;15;0;0 - 0 - 0 - 0 - 0 - 1 - 1 - 0;0: 6 - 1: 2
2020;1;19;7;3;0;1;UPUS;?;14h15;Houilles - Carrières-sur-Seine;uic_87386409;?;?;normal;8;0;300;217;210;2 - 3 - 2 - 3 - 4 - 5 - 5 - 5;2: 2 - 3: 2 - 4: 1 - 5: 3
2020;1;19;7;3;0;1;UPUS;?;14h35;Houilles - Carrières-sur-Seine;uic_87386409;?;?;normal;8;0;0;0;0;0 - 0 - 0 - 0 - 0 - 0 - 0 - 0;0: 8
2020;1;19;7;3;0;1;UPUS;?;14h55;Houilles - Carrières-sur-Seine;uic_87386409;?;?;normal;8;0;60;22;0;0 - 0 - 0 - 0 - 0 - 1 - 1 - 1;0: 5 - 1: 3
2020;1;19;7;3;0;1;UPUS;?;15h15;Houilles - Carrières-sur-Seine;uic_87386409;?;?;normal;8;0;0;0;0;0 - 0 - 0 - 0 - 0 - 0 - 0 - 0;0: 8
2020;1;19;7;3;0;1;UPUS;?;15h35;Houilles - Carrières-sur-Seine;uic_87386409;?;?;normal;8;0;0;0;0;0 - 0 - 0 - 0 - 0 - 0 - 0 - 0;0: 8
2020;1;19;7;3;0;1;UPUS;?;15h55;Houilles - Carrières-sur-Seine;uic_87386409;?;?;normal;8;0;180;97;90;0 - 1 - 1 - 1 - 2 - 3 - 3 - 2;0: 1 - 1: 3 - 2: 2 - 3: 2
2020;1;19;7;3;0;1;UPUS;?;16h15;Houilles - Carrières-sur-Seine;uic_87386409;?;?;normal;8;0;180;97;2;0 - 2 - 1 - 1 - 2 - 3 - 2 - 2;0: 1 - 1: 2 - 2: 4 - 3: 1
2020;1;19;7;3;0;1;UPUS;?;16h35;Houilles - Carrières-sur-Seine;uic_87386409;?;?;normal;8;0;60;22;0;0 - 0 - 0 - 0 - 1 - 1 - 1 - 0;0: 5 - 1: 3
2020;1;19;7;3;0;1;UPUS;?;16h55;Houilles - Carrières-sur-Seine;uic_87386409;?;?;normal;8;0;60;7;0;0 - 0 - 0 - 0 - 0 - 0 - 0 - 1;0: 7 - 1: 1
2020;1;19;7;3;0;1;UPUS;?;17h15;Houilles - Carrières-sur-Seine;uic_87386409;?;?;normal;8;0;60;7;0;0 - 0 - 0 - 0 - 0 - 1 - 0 - 0;0: 7 - 1: 1
2020;1;19;7;3;0;1;UPUS;?;17h35;Houilles - Carrières-sur-Seine;uic_87386409;?;?;normal;8;0;60;30;30;0 - 1 - 0 - 0 - 0 - 1 - 1 - 1;0: 4 - 1: 4
2020;1;19;7;3;0;1;UPUS;?;17h55;Houilles - Carrières-sur-Seine;uic_87386409;?;?;normal;8;0;360;292;330;2 - 4 - 4 - 5 - 6 - 6 - 6 - 6;2: 1 - 4: 2 - 5: 1 - 6: 4
2020;1;19;7;3;0;1;UPUS;?;18h15;Houilles - Carrières-sur-Seine;uic_87386409;?;?;normal;8;0;0;0;0;0 - 0 - 0 - 0 - 0 - 0 - 0 - 0;0: 8
2020;1;19;7;3;0;1;UPUS;?;18h35;Houilles - Carrières-sur-Seine;uic_87386409;?;?;normal;8;0;60;15;0;0 - 0 - 0 - 0 - 0 - 1 - 1 - 0;0: 6 - 1: 2
2020;1;19;7;3;0;1;UPUS;?;18h55;Houilles - Carrières-sur-Seine;uic_87386409;?;?;normal;8;0;420;367;6;5 - 6 - 6 - 6 - 6 - 7 - 7 - 6;5: 1 - 6: 5 - 7: 2
2020;1;19;7;3;0;1;UPUS;?;19h15;Houilles - Carrières-sur-Seine;uic_87386409;?;?;normal;8;0;120;82;1;1 - 2 - 1 - 1 - 1 - 2 - 2 - 1;1: 5 - 2: 3
2020;1;19;7;3;0;1;UPUS;?;19h35;Houilles - Carrières-sur-Seine;uic_87386409;?;?;normal;8;0;240;180;210;1 - 1 - 3 - 3 - 4 - 4 - 4 - 4;1: 2 - 3: 2 - 4: 4
2020;1;19;7;3;0;1;UPUS;?;19h55;Houilles - Carrières-sur-Seine;uic_87386409;?;?;normal;8;0;120;90;2;0 - 1 - 2 - 2 - 2 - 2 - 2 - 1;0: 1 - 1: 2 - 2: 5
2020;1;19;7;3;0;1;UPUS;?;20h16;Houilles - Carrières-sur-Seine;uic_87386409;?;?;normal;8;0;60;30;30;0 - 1 - 0 - 0 - 1 - 1 - 1 - 0;0: 4 - 1: 4
2020;1;19;7;3;0;1;UPUS;?;20h44;Houilles - Carrières-sur-Seine;uic_87386409;?;?;normal;8;0;120;67;1;1 - 1 - 0 - 1 - 2 - 1 - 2 - 1;0: 1 - 1: 5 - 2: 2
2020;1;20;1;4;1;0;NAJA;?;22h28;Sartrouville;uic_87386417;?;?;normal;2;0;0;0;0;0 - 0;0: 2
2020;1;20;1;4;1;0;NAJA;?;22h58;Sartrouville;uic_87386417;?;?;normal;2;0;0;0;0;0 - 0;0: 2
2020;1;20;1;4;1;0;NAJA;?;23h28;Sartrouville;uic_87386417;?;?;normal;2;0;0;0;0;0 - 0;0: 2
2020;1;20;1;4;1;0;NANI;?;14h13;Cergy le Haut;uic_87382655;?;?;normal;9;0;0;0;0;0 - 0 - 0 - 0 - 0 - 0 - 0 - 0 - 0;0: 9
2020;1;20;1;4;1;0;NANI;?;14h23;Cergy le Haut;uic_87382655;?;?;normal;9;0;0;0;0;0 - 0 - 0 - 0 - 0 - 0 - 0 - 0 - 0;0: 9
2020;1;20;1;4;1;0;NANI;?;14h33;Cergy le Haut;uic_87382655;?;?;normal;9;0;0;0;0;0 - 0 - 0 - 0 - 0 - 0 - 0 - 0 - 0;0: 9
2020;1;20;1;4;1;0;NANI;?;14h43;Cergy le Haut;uic_87382655;?;?;normal;9;0;0;0;0;0 - 0 - 0 - 0 - 0 - 0 - 0 - 0 - 0;0: 9
2020;1;20;1;4;1;0;NANI;?;14h53;Cergy le Haut;uic_87382655;?;?;normal;9;0;120;53;60;0 - 0 - 1 - 1 - 1 - 2 - 1 - 2 - 0;0: 3 - 1: 4 - 2: 2
2020;1;20;1;4;1;0;NANI;?;15h03;Cergy le Haut;uic_87382655;?;?;normal;9;0;180;80;60;0 - 0 - 1 - 0 - 0 - 3 - 3 - 3 - 2;0: 4 - 1: 1 - 2: 1 - 3: 3
2020;1;20;1;4;1;0;NANI;?;15h13;Cergy le Haut;uic_87382655;?;?;normal;9;0;120;66;60;1 - 1 - 2 - 1 - 1 - 2 - 1 - 1 - 0;0: 1 - 1: 6 - 2: 2
2020;1;20;1;4;1;0;NANI;?;15h23;Cergy le Haut;uic_87382655;?;?;normal;9;0;300;166;120;1 - 1 - 2 - 2 - 2 - 4 - 4 - 4 - 5;1: 2 - 2: 3 - 4: 3 - 5: 1
2020;1;20;1;4;1;0;NANI;?;15h33;Cergy le Haut;uic_87382655;?;?;normal;9;0;180;80;60;0 - 0 - 1 - 1 - 0 - 3 - 3 - 3 - 1;0: 3 - 1: 3 - 3: 3
2020;1;20;1;4;1;0;NANI;?;15h43;Cergy le Haut;uic_87382655;?;?;normal;9;0;540;226;60;0 - 0 - 1 - 1 - 0 - 7 - 8 - 8 - 9;0: 3 - 1: 2 - 7: 1 - 8: 2 - 9: 1
2020;1;20;1;4;1;0;NANI;?;15h53;Cergy le Haut;uic_87382655;?;?;normal;9;0;300;126;60;0 - 0 - 0 - 0 - 1 - 5 - 5 - 5 - 3;0: 4 - 1: 1 - 3: 1 - 5: 3
2020;1;20;1;4;1;0;NANI;?;16h03;Cergy le Haut;uic_87382655;?;?;normal;9;0;0;0;0;0 - 0 - 0 - 0 - 0 - 0 - 0 - 0 - 0;0: 9
2020;1;20;1;4;1;0;NANI;?;16h13;Cergy le Haut;uic_87382655;?;?;normal;9;0;0;0;0;0 - 0 - 0 - 0 - 0 - 0 - 0 - 0 - 0;0: 9
2020;1;20;1;4;1;0;NANI;?;16h24;Cergy le Haut;uic_87382655;?;?;normal;9;0;0;0;0;0 - 0 - 0 - 0 - 0 - 0 - 0 - 0 - 0;0: 9
2020;1;20;1;4;1;0;NANI;?;16h36;Cergy le Haut;uic_87382655;?;?;normal;9;0;60;20;0;0 - 1 - 0 - 0 - 1 - 1 - 0 - 0 - 0;0: 6 - 1: 3
2020;1;20;1;4;1;0;NANI;?;16h49;Cergy le Haut;uic_87382655;?;?;normal;9;0;180;133;120;2 - 2 - 3 - 2 - 2 - 3 - 2 - 2 - 2;2: 7 - 3: 2
2020;1;20;1;4;1;0;NANI;?;17h01;Cergy le Haut;uic_87382655;?;?;normal;9;0;60;13;0;0 - 0 - 0 - 0 - 0 - 1 - 1 - 0 - 0;0: 7 - 1: 2
2020;1;20;1;4;1;0;NANI;?;17h14;Cergy le Haut;uic_87382655;?;?;normal;9;0;0;0;0;0 - 0 - 0 - 0 - 0 - 0 - 0 - 0 - 0;0: 9
2020;1;20;1;4;1;0;NANI;?;17h26;Cergy le Haut;uic_87382655;?;?;normal;9;0;180;146;120;2 - 3 - 2 - 2 - 3 - 3 - 3 - 2 - 2;2: 5 - 3: 4
2020;1;20;1;4;1;0;NANI;?;17h39;Cergy le Haut;uic_87382655;?;?;normal;9;0;240;173;240;1 - 1 - 1 - 3 - 4 - 4 - 4 - 4 - 4;1: 3 - 3: 1 - 4: 5
2020;1;20;1;4;1;0;NANI;?;17h51;Cergy le Haut;uic_87382655;?;?;normal;9;0;300;206;240;1 - 2 - 3 - 3 - 4 - 5 - 5 - 4 - 4;1: 1 - 2: 1 - 3: 2 - 4: 3 - 5: 2
2020;1;20;1;4;1;0;NANI;?;18h04;Cergy le Haut;uic_87382655;?;?;normal;9;0;240;99;60;1 - 0 - 1 - 0 - 0 - 4 - 3 - 3 - 3;0: 3 - 1: 2 - 3: 3 - 4: 1
2020;1;20;1;4;1;0;NANI;?;18h16;Cergy le Haut;uic_87382655;?;?;normal;9;0;120;53;60;0 - 0 - 0 - 0 - 1 - 2 - 2 - 1 - 2;0: 4 - 1: 2 - 2: 3
2020;1;20;1;4;1;0;NANI;?;18h29;Cergy le Haut;uic_87382655;?;?;normal;9;0;0;0;0;0 - 0 - 0 - 0 - 0 - 0 - 0 - 0 - 0;0: 9
2020;1;20;1;4;1;0;NANI;?;18h41;Cergy le Haut;uic_87382655;?;?;normal;9;0;300;126;60;0 - 0 - 0 - 0 - 1 - 5 - 5 - 4 - 4;0: 4 - 1: 1 - 4: 2 - 5: 2
2020;1;20;1;4;1;0;NANI;?;18h54;Cergy le Haut;uic_87382655;?;?;normal;9;0;180;80;0;0 - 0 - 0 - 0 - 0 - 3 - 3 - 3 - 3;0: 5 - 3: 4
2020;1;20;1;4;1;0;NANI;?;19h06;Cergy le Haut;uic_87382655;?;?;normal;9;0;120;53;60;0 - 1 - 0 - 0 - 1 - 2 - 2 - 1 - 1;0: 3 - 1: 4 - 2: 2
2020;1;20;1;4;1;0;NANI;?;19h20;Cergy le Haut;uic_87382655;?;?;normal;9;0;120;80;60;1 - 1 - 1 - 1 - 1 - 2 - 2 - 2 - 1;1: 6 - 2: 3
2020;1;20;1;4;1;0;NANI;?;19h39;Cergy le Haut;uic_87382655;?;?;normal;9;0;0;0;0;0 - 0 - 0 - 0 - 0 - 0 - 0 - 0 - 0;0: 9
2020;1;20;1;4;1;0;NANI;?;20h05;Cergy le Haut;uic_87382655;?;?;normal;9;0;120;40;0;0 - 0 - 0 - 0 - 0 - 2 - 2 - 1 - 1;0: 5 - 1: 2 - 2: 2
2020;1;20;1;4;1;0;NANI;?;20h35;Cergy le Haut;uic_87382655;?;?;normal;9;0;0;0;0;0 - 0 - 0 - 0 - 0 - 0 - 0 - 0 - 0;0: 9
2020;1;20;1;4;1;0;NANI;?;21h05;Cergy le Haut;uic_87382655;?;?;normal;9;0;0;0;0;0 - 0 - 0 - 0 - 0 - 0 - 0 - 0 - 0;0: 9
2020;1;20;1;4;1;0;NANI;?;21h33;Cergy le Haut;uic_87382655;?;?;normal;9;0;360;220;240;0 - 0 - 1 - 4 - 4 - 6 - 6 - 6 - 6;0: 2 - 1: 1 - 4: 2 - 6: 4
2020;1;20;1;4;1;0;NATO;?;05h12;Cergy le Haut;uic_87382655;?;?;normal;9;0;60;6;0;0 - 0 - 0 - 0 - 0 - 1 - 0 - 0 - 0;0: 8 - 1: 1
2020;1;20;1;4;1;0;NATO;?;05h42;Cergy le Haut;uic_87382655;?;?;normal;9;0;0;0;0;0 - 0 - 0 - 0 - 0 - 0 - 0 - 0 - 0;0: 9
2020;1;20;1;4;1;0;NATO;?;05h57;Cergy le Haut;uic_87382655;?;?;normal;9;0;60;26;0;0 - 0 - 0 - 0 - 0 - 1 - 1 - 1 - 1;0: 5 - 1: 4
2020;1;20;1;4;1;0;NATO;?;06h12;Cergy le Haut;uic_87382655;?;?;annule;9;9;0;0;0;;
2020;1;20;1;4;1;0;NATO;?;06h27;Cergy le Haut;uic_87382655;?;?;normal;9;0;0;0;0;0 - 0 - 0 - 0 - 0 - 0 - 0 - 0 - 0;0: 9
2020;1;20;1;4;1;0;NATO;?;06h42;Cergy le Haut;uic_87382655;?;?;normal;9;0;180;60;0;0 - 0 - 0 - 0 - 0 - 3 - 2 - 2 - 2;0: 5 - 2: 3 - 3: 1
2020;1;20;1;4;1;0;NATO;?;06h51;Cergy le Haut;uic_87382655;?;?;normal;9;0;360;180;60;0 - 1 - 1 - 1 - 0 - 6 - 6 - 6 - 6;0: 2 - 1: 3 - 6: 4
2020;1;20;1;4;1;0;NATO;?;07h03;Cergy le Haut;uic_87382655;?;?;normal;9;0;300;120;0;0 - 0 - 0 - 0 - 0 - 5 - 4 - 4 - 5;0: 5 - 4: 2 - 5: 2
2020;1;20;1;4;1;0;NATO;?;07h14;Cergy le Haut;uic_87382655;?;?;normal;9;0;60;13;0;0 - 0 - 0 - 0 - 0 - 1 - 0 - 0 - 1;0: 7 - 1: 2
2020;1;20;1;4;1;0;NATO;?;07h26;Cergy le Haut;uic_87382655;?;?;normal;9;0;0;0;0;0 - 0 - 0 - 0 - 0 - 0 - 0 - 0 - 0;0: 9
2020;1;20;1;4;1;0;NATO;?;07h38;Cergy le Haut;uic_87382655;?;?;normal;9;0;60;13;0;0 - 0 - 1 - 0 - 0 - 0 - 0 - 0 - 1;0: 7 - 1: 2
2020;1;20;1;4;1;0;NATO;?;07h49;Cergy le Haut;uic_87382655;?;?;normal;9;0;240;80;0;0 - 0 - 0 - 0 - 0 - 2 - 2 - 4 - 4;0: 5 - 2: 2 - 4: 2
2020;1;20;1;4;1;0;NATO;?;08h01;Cergy le Haut;uic_87382655;?;?;annule;9;9;0;0;0;;
2020;1;20;1;4;1;0;NATO;?;08h13;Cergy le Haut;uic_87382655;?;?;normal;9;0;720;193;60;0 - 0 - 1 - 0 - 0 - 5 - 5 - 6 - 12;0: 4 - 1: 1 - 5: 2 - 6: 1 - 12: 1
2020;1;20;1;4;1;0;NATO;?;08h24;Cergy le Haut;uic_87382655;?;?;normal;9;0;720;266;0;0 - 0 - 0 - 0 - 0 - 6 - 10 - 12 - 12;0: 5 - 6: 1 - 10: 1 - 12: 2
2020;1;20;1;4;1;0;NATO;?;08h36;Cergy le Haut;uic_87382655;?;?;annule_partiellement;9;6;900;720;720;/ - / - / - / - / - / - 9 - 12 - 15;9: 1 - 12: 1 - 15: 1
2020;1;20;1;4;1;0;NATO;?;08h48;Cergy le Haut;uic_87382655;?;?;normal;9;0;660;279;60;1 - 1 - 1 - 0 - 0 - 8 - 9 - 11 - 11;0: 2 - 1: 3 - 8: 1 - 9: 1 - 11: 2
2020;1;20;1;4;1;0;NATO;?;09h03;Cergy le Haut;uic_87382655;?;?;normal;9;0;360;120;0;0 - 0 - 0 - 0 - 0 - 3 - 4 - 5 - 6;0: 5 - 3: 1 - 4: 1 - 5: 1 - 6: 1
2020;1;20;1;4;1;0;NATO;?;09h14;Cergy le Haut;uic_87382655;?;?;normal;9;0;240;106;60;1 - 1 - 0 - 0 - 1 - 3 - 2 - 4 - 4;0: 2 - 1: 3 - 2: 1 - 3: 1 - 4: 2
2020;1;20;1;4;1;0;NATO;?;09h23;Cergy le Haut;uic_87382655;?;?;normal;9;0;0;0;0;0 - 0 - 0 - 0 - 0 - 0 - 0 - 0 - 0;0: 9
2020;1;20;1;4;1;0;NATO;?;09h33;Cergy le Haut;uic_87382655;?;?;normal;9;0;0;0;0;0 - 0 - 0 - 0 - 0 - 0 - 0 - 0 - 0;0: 9
2020;1;20;1;4;1;0;NATO;?;09h47;Cergy le Haut;uic_87382655;?;?;normal;9;0;120;33;0;0 - 0 - 0 - 0 - 0 - 2 - 1 - 1 - 1;0: 5 - 1: 3 - 2: 1
2020;1;20;1;4;1;0;NATO;?;09h55;Cergy le Haut;uic_87382655;?;?;normal;9;0;0;0;0;0 - 0 - 0 - 0 - 0 - 0 - 0 - 0 - 0;0: 9
2020;1;20;1;4;1;0;NATO;?;10h07;Cergy le Haut;uic_87382655;?;?;normal;9;0;180;73;0;0 - 0 - 0 - 0 - 0 - 3 - 2 - 3 - 3;0: 5 - 2: 1 - 3: 3
2020;1;20;1;4;1;0;NATO;?;10h13;Cergy le Haut;uic_87382655;?;?;normal;9;0;60;6;0;0 - 0 - 0 - 0 - 0 - 1 - 0 - 0 - 0;0: 8 - 1: 1
2020;1;20;1;4;1;0;NATO;?;10h23;Cergy le Haut;uic_87382655;?;?;normal;9;0;120;40;60;0 - 0 - 1 - 0 - 0 - 2 - 1 - 1 - 1;0: 4 - 1: 4 - 2: 1
2020;1;20;1;4;1;0;NATO;?;10h33;Cergy le Haut;uic_87382655;?;?;normal;9;0;120;33;0;0 - 0 - 1 - 0 - 0 - 2 - 1 - 1 - 0;0: 5 - 1: 3 - 2: 1
2020;1;20;1;4;1;0;NATO;?;10h43;Cergy le Haut;uic_87382655;?;?;normal;9;0;0;0;0;0 - 0 - 0 - 0 - 0 - 0 - 0 - 0 - 0;0: 9
2020;1;20;1;4;1;0;NATO;?;10h53;Cergy le Haut;uic_87382655;?;?;normal;9;0;120;33;0;0 - 0 - 0 - 0 - 0 - 2 - 2 - 1 - 0;0: 6 - 1: 1 - 2: 2
2020;1;20;1;4;1;0;NATO;?;11h03;Cergy le Haut;uic_87382655;?;?;normal;9;0;0;0;0;0 - 0 - 0 - 0 - 0 - 0 - 0 - 0 - 0;0: 9
2020;1;20;1;4;1;0;NATO;?;11h13;Cergy le Haut;uic_87382655;?;?;normal;9;0;60;6;0;0 - 0 - 0 - 0 - 0 - 1 - 0 - 0 - 0;0: 8 - 1: 1
2020;1;20;1;4;1;0;NATO;?;11h23;Cergy le Haut;uic_87382655;?;?;normal;9;0;300;139;120;0 - 0 - 2 - 2 - 2 - 3 - 3 - 4 - 5;0: 2 - 2: 3 - 3: 2 - 4: 1 - 5: 1
2020;1;20;1;4;1;0;NATO;?;11h33;Cergy le Haut;uic_87382655;?;?;normal;9;0;120;40;0;0 - 0 - 0 - 0 - 0 - 2 - 2 - 2 - 0;0: 6 - 2: 3
2020;1;20;1;4;1;0;NATO;?;11h43;Cergy le Haut;uic_87382655;?;?;normal;9;0;480;453;480;6 - 6 - 8 - 8 - 8 - 8 - 8 - 8 - 8;6: 2 - 8: 7
2020;1;20;1;4;1;0;NATO;?;11h53;Cergy le Haut;uic_87382655;?;?;normal;9;0;120;66;60;0 - 1 - 2 - 2 - 1 - 2 - 1 - 1 - 0;0: 2 - 1: 4 - 2: 3
2020;1;20;1;4;1;0;NATO;?;12h03;Cergy le Haut;uic_87382655;?;?;normal;9;0;120;66;60;0 - 0 - 1 - 1 - 1 - 2 - 1 - 2 - 2;0: 2 - 1: 4 - 2: 3
2020;1;20;1;4;1;0;NATO;?;12h13;Cergy le Haut;uic_87382655;?;?;normal;9;0;120;46;60;0 - 0 - 1 - 1 - 1 - 2 - 1 - 1 - 0;0: 3 - 1: 5 - 2: 1
2020;1;20;1;4;1;0;NATO;?;12h23;Cergy le Haut;uic_87382655;?;?;normal;9;0;0;0;0;0 - 0 - 0 - 0 - 0 - 0 - 0 - 0 - 0;0: 9
2020;1;20;1;4;1;0;NATO;?;12h33;Cergy le Haut;uic_87382655;?;?;normal;9;0;60;6;0;0 - 0 - 0 - 0 - 0 - 1 - 0 - 0 - 0;0: 8 - 1: 1
2020;1;20;1;4;1;0;NATO;?;12h43;Cergy le Haut;uic_87382655;?;?;normal;9;0;0;0;0;0 - 0 - 0 - 0 - 0 - 0 - 0 - 0 - 0;0: 9
2020;1;20;1;4;1;0;NATO;?;12h53;Cergy le Haut;uic_87382655;?;?;normal;9;0;0;0;0;0 - 0 - 0 - 0 - 0 - 0 - 0 - 0 - 0;0: 9
2020;1;20;1;4;1;0;NATO;?;13h03;Cergy le Haut;uic_87382655;?;?;normal;9;0;60;13;0;0 - 0 - 0 - 1 - 0 - 1 - 0 - 0 - 0;0: 7 - 1: 2
2020;1;20;1;4;1;0;NATO;?;13h13;Cergy le Haut;uic_87382655;?;?;normal;9;0;60;6;0;0 - 0 - 0 - 0 - 0 - 1 - 0 - 0 - 0;0: 8 - 1: 1
2020;1;20;1;4;1;0;NATO;?;13h23;Cergy le Haut;uic_87382655;?;?;normal;9;0;0;0;0;0 - 0 - 0 - 0 - 0 - 0 - 0 - 0 - 0;0: 9
2020;1;20;1;4;1;0;NATO;?;13h33;Cergy le Haut;uic_87382655;?;?;normal;9;0;660;626;660;10 - 10 - 11 - 11 - 11 - 11 - 10 - 11 - 9;9: 1 - 10: 3 - 11: 5
2020;1;20;1;4;1;0;NATO;?;13h43;Cergy le Haut;uic_87382655;?;?;normal;9;0;480;406;360;6 - 6 - 6 - 6 - 6 - 8 - 7 - 8 - 8;6: 5 - 7: 1 - 8: 3
2020;1;20;1;4;1;0;NATO;?;13h53;Cergy le Haut;uic_87382655;?;?;normal;9;0;600;513;480;8 - 8 - 8 - 8 - 8 - 10 - 9 - 10 - 8;8: 6 - 9: 1 - 10: 2
2020;1;20;1;4;1;0;NATO;?;14h03;Cergy le Haut;uic_87382655;?;?;normal;9;0;180;146;180;2 - 1 - 2 - 2 - 3 - 3 - 3 - 3 - 3;1: 1 - 2: 3 - 3: 5
2020;1;20;1;4;1;0;NOTE;?;05h40;Poissy;uic_87386573;?;?;normal;5;0;60;12;0;0 - 1 - 0 - 0 - 0;0: 4 - 1: 1
2020;1;20;1;4;1;0;NOTE;?;06h00;Poissy;uic_87386573;?;?;normal;5;0;0;0;0;0 - 0 - 0 - 0 - 0;0: 5
2020;1;20;1;4;1;0;NOTE;?;06h15;Poissy;uic_87386573;?;?;normal;5;0;0;0;0;0 - 0 - 0 - 0 - 0;0: 5
2020;1;20;1;4;1;0;NOTE;?;06h30;Poissy;uic_87386573;?;?;normal;5;0;0;0;0;0 - 0 - 0 - 0 - 0;0: 5
2020;1;20;1;4;1;0;NOTE;?;06h45;Poissy;uic_87386573;?;?;normal;5;0;0;0;0;0 - 0 - 0 - 0 - 0;0: 5
2020;1;20;1;4;1;0;NOTE;?;06h59;Poissy;uic_87386573;?;?;normal;5;0;120;83;120;0 - 2 - 2 - 2 - 1;0: 1 - 1: 1 - 2: 3
2020;1;20;1;4;1;0;NOTE;?;07h13;Poissy;uic_87386573;?;?;normal;5;0;360;288;360;1 - 6 - 6 - 5 - 6;1: 1 - 5: 1 - 6: 3
2020;1;20;1;4;1;0;NOTE;?;07h25;Poissy;uic_87386573;?;?;normal;5;0;60;48;60;0 - 1 - 1 - 1 - 1;0: 1 - 1: 4
2020;1;20;1;4;1;0;NOTE;?;07h37;Poissy;uic_87386573;?;?;normal;5;0;0;0;0;0 - 0 - 0 - 0 - 0;0: 5
2020;1;20;1;4;1;0;NOTE;?;07h47;Poissy;uic_87386573;?;?;normal;5;0;180;120;120;3 - 2 - 2 - 1 - 2;1: 1 - 2: 3 - 3: 1
2020;1;20;1;4;1;0;NOTE;?;07h59;Poissy;uic_87386573;?;?;normal;5;0;300;192;180;1 - 3 - 3 - 5 - 4;1: 1 - 3: 2 - 4: 1 - 5: 1
2020;1;20;1;4;1;0;NOTE;?;08h11;Poissy;uic_87386573;?;?;normal;5;0;240;120;120;0 - 2 - 1 - 3 - 4;0: 1 - 1: 1 - 2: 1 - 3: 1 - 4: 1
2020;1;20;1;4;1;0;NOTE;?;08h22;Poissy;uic_87386573;?;?;normal;5;0;420;324;360;1 - 6 - 7 - 6 - 7;1: 1 - 6: 2 - 7: 2
2020;1;20;1;4;1;0;NOTE;?;08h34;Poissy;uic_87386573;?;?;normal;5;0;720;455;480;0 - 6 - 8 - 12 - 12;0: 1 - 6: 1 - 8: 1 - 12: 2
2020;1;20;1;4;1;0;NOTE;?;08h46;Poissy;uic_87386573;?;?;normal;5;0;780;528;540;2 - 8 - 9 - 12 - 13;2: 1 - 8: 1 - 9: 1 - 12: 1 - 13: 1
2020;1;20;1;4;1;0;NOTE;?;08h57;Poissy;uic_87386573;?;?;normal;5;0;840;540;600;1 - 9 - 10 - 11 - 14;1: 1 - 9: 1 - 10: 1 - 11: 1 - 14: 1
2020;1;20;1;4;1;0;NOTE;?;09h09;Poissy;uic_87386573;?;?;annule;5;5;0;0;0;;
2020;1;20;1;4;1;0;NOTE;?;16h42;Poissy;uic_87386573;?;?;normal;5;0;60;12;0;0 - 1 - 0 - 0 - 0;0: 4 - 1: 1
2020;1;20;1;4;1;0;NOTE;?;16h54;Poissy;uic_87386573;?;?;normal;5;0;0;0;0;0 - 0 - 0 - 0 - 0;0: 5
2020;1;20;1;4;1;0;NOTE;?;17h05;Poissy;uic_87386573;?;?;normal;5;0;120;72;60;0 - 2 - 1 - 1 - 2;0: 1 - 1: 2 - 2: 2
2020;1;20;1;4;1;0;NOTE;?;17h19;Poissy;uic_87386573;?;?;normal;5;0;0;0;0;0 - 0 - 0 - 0 - 0;0: 5
2020;1;20;1;4;1;0;NOTE;?;17h32;Poissy;uic_87386573;?;?;normal;5;0;0;0;0;0 - 0 - 0 - 0 - 0;0: 5
2020;1;20;1;4;1;0;NOTE;?;17h44;Poissy;uic_87386573;?;?;normal;5;0;240;215;240;4 - 4 - 3 - 3 - 4;3: 2 - 4: 3
2020;1;20;1;4;1;0;NOTE;?;17h57;Poissy;uic_87386573;?;?;normal;5;0;240;144;120;2 - 4 - 2 - 2 - 2;2: 4 - 4: 1
2020;1;20;1;4;1;0;NOTE;?;18h09;Poissy;uic_87386573;?;?;normal;5;0;300;264;240;5 - 5 - 4 - 4 - 4;4: 3 - 5: 2
2020;1;20;1;4;1;0;NOTE;?;18h22;Poissy;uic_87386573;?;?;normal;5;0;240;132;120;0 - 4 - 2 - 2 - 3;0: 1 - 2: 2 - 3: 1 - 4: 1
2020;1;20;1;4;1;0;NOTE;?;18h34;Poissy;uic_87386573;?;?;normal;5;0;60;48;60;1 - 1 - 1 - 0 - 1;0: 1 - 1: 4
2020;1;20;1;4;1;0;NOTE;?;18h47;Poissy;uic_87386573;?;?;normal;5;0;420;371;360;6 - 7 - 6 - 6 - 6;6: 4 - 7: 1
2020;1;20;1;4;1;0;NOTE;?;18h59;Poissy;uic_87386573;?;?;normal;5;0;240;192;240;0 - 4 - 4 - 4 - 4;0: 1 - 4: 4
2020;1;20;1;4;1;0;NOTE;?;19h12;Poissy;uic_87386573;?;?;normal;5;0;120;60;60;0 - 2 - 1 - 1 - 1;0: 1 - 1: 3 - 2: 1
2020;1;20;1;4;1;0;NOTE;?;19h24;Poissy;uic_87386573;?;?;normal;5;0;240;227;240;3 - 4 - 4 - 4 - 4;3: 1 - 4: 4
2020;1;20;1;4;1;0;NOTE;?;19h39;Poissy;uic_87386573;?;?;normal;5;0;60;48;60;1 - 1 - 1 - 1 - 0;0: 1 - 1: 4
2020;1;20;1;4;1;0;NOTE;?;20h04;Poissy;uic_87386573;?;?;normal;5;0;0;0;0;0 - 0 - 0 - 0 - 0;0: 5
2020;1;20;1;4;1;0;NOTE;?;20h34;Poissy;uic_87386573;?;?;normal;5;0;0;0;0;0 - 0 - 0 - 0 - 0;0: 5
2020;1;20;1;4;1;0;NOTE;?;21h03;Poissy;uic_87386573;?;?;normal;5;0;120;72;60;1 - 2 - 1 - 1 - 1;1: 4 - 2: 1
2020;1;20;1;4;1;0;NOTE;?;21h35;Poissy;uic_87386573;?;?;normal;5;0;240;215;240;3 - 4 - 4 - 4 - 3;3: 2 - 4: 3
2020;1;20;1;4;1;0;NOTE;?;22h03;Poissy;uic_87386573;?;?;normal;5;0;0;0;0;0 - 0 - 0 - 0 - 0;0: 5
2020;1;20;1;4;1;0;NOTE;?;22h33;Poissy;uic_87386573;?;?;normal;5;0;0;0;0;0 - 0 - 0 - 0 - 0;0: 5
2020;1;20;1;4;1;0;NOTE;?;23h03;Poissy;uic_87386573;?;?;normal;5;0;60;24;0;1 - 1 - 0 - 0 - 0;0: 3 - 1: 2
2020;1;20;1;4;1;0;NOTE;?;23h33;Poissy;uic_87386573;?;?;normal;5;0;60;60;60;1 - 1 - 1 - 1 - 1;1: 5
2020;1;20;1;4;1;0;OKLA;?;09h20;Poissy;uic_87386573;?;?;normal;5;0;300;192;180;0 - 3 - 3 - 5 - 5;0: 1 - 3: 2 - 5: 2
2020;1;20;1;4;1;0;OKLA;?;09h40;Poissy;uic_87386573;?;?;normal;5;0;0;0;0;0 - 0 - 0 - 0 - 0;0: 5
2020;1;20;1;4;1;0;OKLA;?;09h55;Poissy;uic_87386573;?;?;normal;5;0;180;167;180;3 - 3 - 3 - 3 - 2;2: 1 - 3: 4
2020;1;20;1;4;1;0;OKLA;?;10h16;Poissy;uic_87386573;?;?;normal;5;0;240;204;180;4 - 4 - 3 - 3 - 3;3: 3 - 4: 2
2020;1;20;1;4;1;0;OKLA;?;10h40;Poissy;uic_87386573;?;?;normal;5;0;60;36;60;0 - 1 - 0 - 1 - 1;0: 2 - 1: 3
2020;1;20;1;4;1;0;OKLA;?;11h00;Poissy;uic_87386573;?;?;normal;5;0;660;660;660;11 - 11 - 11 - 11 - 11;11: 5
2020;1;20;1;4;1;0;OKLA;?;11h20;Poissy;uic_87386573;?;?;normal;5;0;0;0;0;0 - 0 - 0 - 0 - 0;0: 5
2020;1;20;1;4;1;0;OKLA;?;11h40;Poissy;uic_87386573;?;?;normal;5;0;240;227;240;4 - 4 - 3 - 4 - 4;3: 1 - 4: 4
2020;1;20;1;4;1;0;OKLA;?;12h00;Poissy;uic_87386573;?;?;normal;5;0;60;24;0;1 - 1 - 0 - 0 - 0;0: 3 - 1: 2
2020;1;20;1;4;1;0;OKLA;?;12h20;Poissy;uic_87386573;?;?;normal;5;0;60;48;60;0 - 1 - 1 - 1 - 1;0: 1 - 1: 4
2020;1;20;1;4;1;0;OKLA;?;12h40;Poissy;uic_87386573;?;?;normal;5;0;0;0;0;0 - 0 - 0 - 0 - 0;0: 5
2020;1;20;1;4;1;0;OKLA;?;13h00;Poissy;uic_87386573;?;?;normal;5;0;120;72;60;1 - 2 - 1 - 1 - 1;1: 4 - 2: 1
2020;1;20;1;4;1;0;OKLA;?;13h20;Poissy;uic_87386573;?;?;normal;5;0;120;120;120;2 - 2 - 2 - 2 - 2;2: 5
2020;1;20;1;4;1;0;OKLA;?;13h40;Poissy;uic_87386573;?;?;normal;5;0;60;60;60;1 - 1 - 1 - 1 - 1;1: 5
2020;1;20;1;4;1;0;OKLA;?;14h00;Poissy;uic_87386573;?;?;normal;5;0;60;12;0;0 - 1 - 0 - 0 - 0;0: 4 - 1: 1
2020;1;20;1;4;1;0;OKLA;?;14h20;Poissy;uic_87386573;?;?;normal;5;0;180;132;120;1 - 3 - 2 - 2 - 3;1: 1 - 2: 2 - 3: 2
2020;1;20;1;4;1;0;OKRE;?;14h40;Poissy;uic_87386573;?;?;normal;5;0;60;12;0;0 - 0 - 0 - 0 - 1;0: 4 - 1: 1
2020;1;20;1;4;1;0;OKRE;?;15h00;Poissy;uic_87386573;?;?;normal;5;0;120;72;60;1 - 2 - 1 - 1 - 1;1: 4 - 2: 1
2020;1;20;1;4;1;0;OKRE;?;15h20;Poissy;uic_87386573;?;?;normal;5;0;120;96;120;0 - 2 - 2 - 2 - 2;0: 1 - 2: 4
2020;1;20;1;4;1;0;OKRE;?;15h40;Poissy;uic_87386573;?;?;normal;5;0;240;180;240;0 - 4 - 3 - 4 - 4;0: 1 - 3: 1 - 4: 3
2020;1;20;1;4;1;0;OKRE;?;16h00;Poissy;uic_87386573;?;?;normal;5;0;60;12;0;0 - 0 - 0 - 0 - 1;0: 4 - 1: 1
2020;1;20;1;4;1;0;OKRE;?;16h20;Poissy;uic_87386573;?;?;normal;5;0;120;72;60;1 - 2 - 1 - 1 - 1;1: 4 - 2: 1
2020;1;20;1;4;1;0;OPEN;?;04h42;Cergy le Haut;uic_87382655;?;?;normal;9;0;120;66;60;1 - 1 - 2 - 2 - 1 - 1 - 1 - 1 - 0;0: 1 - 1: 6 - 2: 2
2020;1;20;1;4;1;0;OPUS;?;00h28;Sartrouville;uic_87386417;?;?;normal;2;0;0;0;0;0 - 0;0: 2
2020;1;20;1;4;1;0;OPUS;?;23h58;Sartrouville;uic_87386417;?;?;normal;2;0;0;0;0;0 - 0;0: 2
2020;1;20;1;4;1;0;QURI;?;00h05;Poissy;uic_87386573;?;?;normal;5;0;0;0;0;0 - 0 - 0 - 0 - 0;0: 5
2020;1;20;1;4;1;0;QURI;?;05h10;Poissy;uic_87386573;?;?;normal;5;0;60;60;60;1 - 1 - 1 - 1 - 1;1: 5
2020;1;20;1;4;1;0;TAPI;?;00h31;Houilles - Carrières-sur-Seine;uic_87386409;?;?;normal;4;0;0;0;0;0 - 0 - 0 - 0;0: 4
2020;1;20;1;4;1;0;TAXE;?;00h03;Houilles - Carrières-sur-Seine;uic_87386409;?;?;normal;4;0;240;225;4;3 - 4 - 4 - 4;3: 1 - 4: 3
2020;1;20;1;4;1;0;TAXE;?;06h35;Houilles - Carrières-sur-Seine;uic_87386409;?;?;normal;4;0;0;0;0;0 - 0 - 0 - 0;0: 4
2020;1;20;1;4;1;0;TAXE;?;07h06;Houilles - Carrières-sur-Seine;uic_87386409;?;?;normal;4;0;0;0;0;0 - 0 - 0 - 0;0: 4
2020;1;20;1;4;1;0;TAXE;?;07h21;Houilles - Carrières-sur-Seine;uic_87386409;?;?;normal;4;0;60;15;0;0 - 1 - 0 - 0;0: 3 - 1: 1
2020;1;20;1;4;1;0;TAXE;?;07h37;Houilles - Carrières-sur-Seine;uic_87386409;?;?;normal;4;0;0;0;0;0 - 0 - 0 - 0;0: 4
2020;1;20;1;4;1;0;TAXE;?;07h50;Houilles - Carrières-sur-Seine;uic_87386409;?;?;normal;4;0;240;150;3;3 - 4 - 3 - 0;0: 1 - 3: 2 - 4: 1
2020;1;20;1;4;1;0;TAXE;?;08h01;Houilles - Carrières-sur-Seine;uic_87386409;?;?;normal;4;0;120;75;90;1 - 2 - 2 - 0;0: 1 - 1: 1 - 2: 2
2020;1;20;1;4;1;0;TAXE;?;08h13;Houilles - Carrières-sur-Seine;uic_87386409;?;?;normal;4;0;60;15;0;0 - 1 - 0 - 0;0: 3 - 1: 1
2020;1;20;1;4;1;0;TAXE;?;08h25;Houilles - Carrières-sur-Seine;uic_87386409;?;?;normal;4;0;540;480;9;9 - 9 - 9 - 5;5: 1 - 9: 3
2020;1;20;1;4;1;0;TAXE;?;08h36;Houilles - Carrières-sur-Seine;uic_87386409;?;?;annule;4;4;0;0;0;;
2020;1;20;1;4;1;0;TAXE;?;08h48;Houilles - Carrières-sur-Seine;uic_87386409;?;?;normal;4;0;240;105;1;1 - 1 - 1 - 4;1: 3 - 4: 1
2020;1;20;1;4;1;0;TAXE;?;09h00;Houilles - Carrières-sur-Seine;uic_87386409;?;?;normal;4;0;60;45;1;1 - 1 - 1 - 0;0: 1 - 1: 3
2020;1;20;1;4;1;0;TAXE;?;09h11;Houilles - Carrières-sur-Seine;uic_87386409;?;?;normal;4;0;240;165;3;3 - 4 - 3 - 1;1: 1 - 3: 2 - 4: 1
2020;1;20;1;4;1;0;TAXE;?;09h23;Houilles - Carrières-sur-Seine;uic_87386409;?;?;normal;4;0;120;90;90;1 - 2 - 2 - 1;1: 2 - 2: 2
2020;1;20;1;4;1;0;TAXE;?;09h35;Houilles - Carrières-sur-Seine;uic_87386409;?;?;normal;4;0;540;480;510;8 - 9 - 9 - 6;6: 1 - 8: 1 - 9: 2
2020;1;20;1;4;1;0;TAXE;?;09h46;Houilles - Carrières-sur-Seine;uic_87386409;?;?;normal;4;0;300;270;270;4 - 5 - 5 - 4;4: 2 - 5: 2
2020;1;20;1;4;1;0;TAXE;?;09h58;Houilles - Carrières-sur-Seine;uic_87386409;?;?;normal;4;0;480;405;390;6 - 7 - 8 - 6;6: 2 - 7: 1 - 8: 1
2020;1;20;1;4;1;0;TAXE;?;17h14;Houilles - Carrières-sur-Seine;uic_87386409;?;?;normal;4;0;0;0;0;0 - 0 - 0 - 0;0: 4
2020;1;20;1;4;1;0;TAXE;?;17h26;Houilles - Carrières-sur-Seine;uic_87386409;?;?;normal;4;0;960;900;15;15 - 16 - 15 - 14;14: 1 - 15: 2 - 16: 1
2020;1;20;1;4;1;0;TAXE;?;17h39;Houilles - Carrières-sur-Seine;uic_87386409;?;?;normal;4;0;840;795;810;13 - 14 - 14 - 12;12: 1 - 13: 1 - 14: 2
2020;1;20;1;4;1;0;TAXE;?;17h51;Houilles - Carrières-sur-Seine;uic_87386409;?;?;normal;4;0;480;450;450;7 - 8 - 8 - 7;7: 2 - 8: 2
2020;1;20;1;4;1;0;TAXE;?;18h04;Houilles - Carrières-sur-Seine;uic_87386409;?;?;normal;4;0;300;225;4;4 - 5 - 4 - 2;2: 1 - 4: 2 - 5: 1
2020;1;20;1;4;1;0;TAXE;?;18h16;Houilles - Carrières-sur-Seine;uic_87386409;?;?;normal;4;0;240;210;210;3 - 4 - 4 - 3;3: 2 - 4: 2
2020;1;20;1;4;1;0;TAXE;?;18h29;Houilles - Carrières-sur-Seine;uic_87386409;?;?;normal;4;0;180;105;2;2 - 3 - 2 - 0;0: 1 - 2: 2 - 3: 1
2020;1;20;1;4;1;0;TAXE;?;18h41;Houilles - Carrières-sur-Seine;uic_87386409;?;?;normal;4;0;0;0;0;0 - 0 - 0 - 0;0: 4
2020;1;20;1;4;1;0;TAXE;?;18h54;Houilles - Carrières-sur-Seine;uic_87386409;?;?;normal;4;0;480;465;8;7 - 8 - 8 - 8;7: 1 - 8: 3
2020;1;20;1;4;1;0;TAXE;?;19h06;Houilles - Carrières-sur-Seine;uic_87386409;?;?;normal;4;0;600;405;6;5 - 6 - 6 - 10;5: 1 - 6: 2 - 10: 1
2020;1;20;1;4;1;0;TAXE;?;19h19;Houilles - Carrières-sur-Seine;uic_87386409;?;?;normal;4;0;300;240;4;3 - 5 - 5 - 3;3: 2 - 5: 2
2020;1;20;1;4;1;0;TAXE;?;19h31;Houilles - Carrières-sur-Seine;uic_87386409;?;?;normal;4;0;300;255;270;4 - 5 - 5 - 3;3: 1 - 4: 1 - 5: 2
2020;1;20;1;4;1;0;TAXE;?;19h44;Houilles - Carrières-sur-Seine;uic_87386409;?;?;normal;4;0;60;45;1;1 - 1 - 1 - 0;0: 1 - 1: 3
2020;1;20;1;4;1;0;TAXE;?;19h56;Houilles - Carrières-sur-Seine;uic_87386409;?;?;normal;4;0;60;30;30;0 - 1 - 1 - 0;0: 2 - 1: 2
2020;1;20;1;4;1;0;TAXE;?;20h17;Houilles - Carrières-sur-Seine;uic_87386409;?;?;normal;4;0;360;315;5;5 - 5 - 5 - 6;5: 3 - 6: 1
2020;1;20;1;4;1;0;TAXE;?;20h38;Houilles - Carrières-sur-Seine;uic_87386409;?;?;normal;4;0;300;255;4;4 - 5 - 4 - 4;4: 3 - 5: 1
2020;1;20;1;4;1;0;TAXE;?;20h58;Houilles - Carrières-sur-Seine;uic_87386409;?;?;normal;4;0;180;165;3;2 - 3 - 3 - 3;2: 1 - 3: 3
2020;1;20;1;4;1;0;TAXE;?;21h19;Houilles - Carrières-sur-Seine;uic_87386409;?;?;normal;4;0;300;165;3;0 - 3 - 5 - 3;0: 1 - 3: 2 - 5: 1
2020;1;20;1;4;1;0;TAXE;?;21h38;Houilles - Carrières-sur-Seine;uic_87386409;?;?;normal;4;0;60;15;0;0 - 1 - 0 - 0;0: 3 - 1: 1
2020;1;20;1;4;1;0;TAXE;?;22h03;Houilles - Carrières-sur-Seine;uic_87386409;?;?;normal;4;0;60;45;1;0 - 1 - 1 - 1;0: 1 - 1: 3
2020;1;20;1;4;1;0;TAXE;?;22h33;Houilles - Carrières-sur-Seine;uic_87386409;?;?;normal;4;0;180;90;90;0 - 1 - 2 - 3;0: 1 - 1: 1 - 2: 1 - 3: 1
2020;1;20;1;4;1;0;TAXE;?;23h03;Houilles - Carrières-sur-Seine;uic_87386409;?;?;normal;4;0;60;30;30;0 - 0 - 1 - 1;0: 2 - 1: 2
2020;1;20;1;4;1;0;TAXE;?;23h33;Houilles - Carrières-sur-Seine;uic_87386409;?;?;normal;4;0;240;210;210;3 - 4 - 4 - 3;3: 2 - 4: 2
2020;1;20;1;4;1;0;TEDI;?;00h58;Houilles - Carrières-sur-Seine;uic_87386409;?;?;normal;4;0;120;75;90;0 - 2 - 2 - 1;0: 1 - 1: 1 - 2: 2
2020;1;20;1;4;1;0;TEDI;?;06h11;Houilles - Carrières-sur-Seine;uic_87386409;?;?;normal;4;0;60;45;1;1 - 1 - 1 - 0;0: 1 - 1: 3
2020;1;20;1;4;1;0;TRAM;?;15h53;Houilles - Carrières-sur-Seine;uic_87386409;?;?;normal;4;0;0;0;0;0 - 0 - 0 - 0;0: 4
2020;1;20;1;4;1;0;TRAM;?;16h13;Houilles - Carrières-sur-Seine;uic_87386409;?;?;normal;4;0;180;120;2;1 - 2 - 2 - 3;1: 1 - 2: 2 - 3: 1
2020;1;20;1;4;1;0;TRAM;?;16h33;Houilles - Carrières-sur-Seine;uic_87386409;?;?;normal;4;0;60;45;1;1 - 1 - 1 - 0;0: 1 - 1: 3
2020;1;20;1;4;1;0;TRAM;?;16h54;Houilles - Carrières-sur-Seine;uic_87386409;?;?;normal;4;0;0;0;0;0 - 0 - 0 - 0;0: 4
2020;1;20;1;4;1;0;TROC;?;06h52;Houilles - Carrières-sur-Seine;uic_87386409;?;?;normal;4;0;60;30;30;0 - 1 - 1 - 0;0: 2 - 1: 2
2020;1;20;1;4;1;0;TROC;?;10h13;Houilles - Carrières-sur-Seine;uic_87386409;?;?;normal;4;0;540;480;8;7 - 9 - 8 - 8;7: 1 - 8: 2 - 9: 1
2020;1;20;1;4;1;0;TROC;?;10h33;Houilles - Carrières-sur-Seine;uic_87386409;?;?;normal;4;0;240;180;3;2 - 4 - 4 - 2;2: 2 - 4: 2
2020;1;20;1;4;1;0;TROC;?;10h53;Houilles - Carrières-sur-Seine;uic_87386409;?;?;normal;4;0;420;240;3;3 - 3 - 3 - 7;3: 3 - 7: 1
2020;1;20;1;4;1;0;TROC;?;11h13;Houilles - Carrières-sur-Seine;uic_87386409;?;?;normal;4;0;900;825;14;12 - 13 - 15 - 15;12: 1 - 13: 1 - 15: 2
2020;1;20;1;4;1;0;TROC;?;11h33;Houilles - Carrières-sur-Seine;uic_87386409;?;?;normal;4;0;360;300;5;5 - 6 - 5 - 4;4: 1 - 5: 2 - 6: 1
2020;1;20;1;4;1;0;TROC;?;11h53;Houilles - Carrières-sur-Seine;uic_87386409;?;?;normal;4;0;120;75;90;1 - 2 - 2 - 0;0: 1 - 1: 1 - 2: 2
2020;1;20;1;4;1;0;TROC;?;12h13;Houilles - Carrières-sur-Seine;uic_87386409;?;?;normal;4;0;360;330;6;4 - 6 - 6 - 6;4: 1 - 6: 3
2020;1;20;1;4;1;0;TROC;?;12h33;Houilles - Carrières-sur-Seine;uic_87386409;?;?;normal;4;0;180;135;2;2 - 2 - 2 - 3;2: 3 - 3: 1
2020;1;20;1;4;1;0;TROC;?;12h53;Houilles - Carrières-sur-Seine;uic_87386409;?;?;normal;4;0;780;750;750;12 - 13 - 13 - 12;12: 2 - 13: 2
2020;1;20;1;4;1;0;TROC;?;13h13;Houilles - Carrières-sur-Seine;uic_87386409;?;?;normal;4;0;480;420;7;7 - 8 - 7 - 6;6: 1 - 7: 2 - 8: 1
2020;1;20;1;4;1;0;TROC;?;13h33;Houilles - Carrières-sur-Seine;uic_87386409;?;?;normal;4;0;60;15;0;0 - 1 - 0 - 0;0: 3 - 1: 1
2020;1;20;1;4;1;0;TROC;?;13h53;Houilles - Carrières-sur-Seine;uic_87386409;?;?;normal;4;0;720;690;690;11 - 12 - 12 - 11;11: 2 - 12: 2
2020;1;20;1;4;1;0;TROC;?;14h13;Houilles - Carrières-sur-Seine;uic_87386409;?;?;normal;4;0;180;165;3;2 - 3 - 3 - 3;2: 1 - 3: 3
2020;1;20;1;4;1;0;TROC;?;14h33;Houilles - Carrières-sur-Seine;uic_87386409;?;?;normal;4;0;120;90;2;2 - 2 - 2 - 0;0: 1 - 2: 3
2020;1;20;1;4;1;0;TROC;?;14h53;Houilles - Carrières-sur-Seine;uic_87386409;?;?;normal;4;0;240;120;2;0 - 0 - 4 - 4;0: 2 - 4: 2
2020;1;20;1;4;1;0;TROC;?;15h13;Houilles - Carrières-sur-Seine;uic_87386409;?;?;normal;4;0;0;0;0;0 - 0 - 0 - 0;0: 4
2020;1;20;1;4;1;0;TROC;?;15h33;Houilles - Carrières-sur-Seine;uic_87386409;?;?;normal;4;0;300;255;270;3 - 5 - 5 - 4;3: 1 - 4: 1 - 5: 2
2020;1;20;1;4;1;0;UBAL;?;05h56;Houilles - Carrières-sur-Seine;uic_87386409;?;?;normal;8;0;120;82;2;0 - 0 - 1 - 2 - 2 - 2 - 2 - 2;0: 2 - 1: 1 - 2: 5
2020;1;20;1;4;1;0;UZAR;?;06h23;Houilles - Carrières-sur-Seine;uic_87386409;?;?;normal;8;0;60;7;0;0 - 1 - 0 - 0 - 0 - 0 - 0 - 0;0: 7 - 1: 1
2020;1;20;1;4;1;0;UZAR;?;06h40;Houilles - Carrières-sur-Seine;uic_87386409;?;?;normal;8;0;180;157;3;2 - 3 - 2 - 2 - 3 - 3 - 3 - 3;2: 3 - 3: 5
2020;1;20;1;4;1;0;UZAR;?;06h56;Houilles - Carrières-sur-Seine;uic_87386409;?;?;normal;8;0;0;0;0;0 - 0 - 0 - 0 - 0 - 0 - 0 - 0;0: 8
2020;1;20;1;4;1;0;UZAR;?;07h11;Houilles - Carrières-sur-Seine;uic_87386409;?;?;normal;8;0;60;15;0;0 - 0 - 0 - 0 - 0 - 1 - 0 - 1;0: 6 - 1: 2
2020;1;20;1;4;1;0;UZAR;?;07h25;Houilles - Carrières-sur-Seine;uic_87386409;?;?;normal;8;0;120;30;0;0 - 0 - 0 - 0 - 0 - 0 - 2 - 2;0: 6 - 2: 2
2020;1;20;1;4;1;0;UZAR;?;07h46;Houilles - Carrières-sur-Seine;uic_87386409;?;?;normal;8;0;120;22;0;1 - 2 - 0 - 0 - 0 - 0 - 0 - 0;0: 6 - 1: 1 - 2: 1
2020;1;20;1;4;1;0;UZAR;?;07h57;Houilles - Carrières-sur-Seine;uic_87386409;?;?;normal;8;0;480;202;2;2 - 2 - 2 - 2 - 2 - 2 - 7 - 8;2: 6 - 7: 1 - 8: 1
2020;1;20;1;4;1;0;UZAR;?;08h09;Houilles - Carrières-sur-Seine;uic_87386409;?;?;normal;8;0;300;142;90;0 - 1 - 1 - 1 - 2 - 5 - 5 - 4;0: 1 - 1: 3 - 2: 1 - 4: 1 - 5: 2
2020;1;20;1;4;1;0;UZAR;?;08h21;Houilles - Carrières-sur-Seine;uic_87386409;?;?;normal;8;0;540;202;2;2 - 2 - 0 - 2 - 1 - 2 - 9 - 9;0: 1 - 1: 1 - 2: 4 - 9: 2
2020;1;20;1;4;1;0;UZAR;?;08h32;Houilles - Carrières-sur-Seine;uic_87386409;?;?;normal;8;0;360;270;4;4 - 4 - 4 - 4 - 4 - 4 - 6 - 6;4: 6 - 6: 2
2020;1;20;1;4;1;0;UZAR;?;08h44;Houilles - Carrières-sur-Seine;uic_87386409;?;?;normal;8;0;540;517;9;8 - 9 - 8 - 8 - 9 - 9 - 9 - 9;8: 3 - 9: 5
2020;1;20;1;4;1;0;UZAR;?;08h56;Houilles - Carrières-sur-Seine;uic_87386409;?;?;normal;8;0;480;442;7;8 - 8 - 7 - 8 - 7 - 7 - 7 - 7;7: 5 - 8: 3
2020;1;20;1;4;1;0;UZAR;?;09h07;Houilles - Carrières-sur-Seine;uic_87386409;?;?;normal;8;0;240;202;3;3 - 4 - 3 - 4 - 4 - 3 - 3 - 3;3: 5 - 4: 3
2020;1;20;1;4;1;0;UZAR;?;09h19;Houilles - Carrières-sur-Seine;uic_87386409;?;?;normal;8;0;180;97;90;1 - 2 - 1 - 1 - 2 - 3 - 2 - 1;1: 4 - 2: 3 - 3: 1
2020;1;20;1;4;1;0;UZAR;?;09h31;Houilles - Carrières-sur-Seine;uic_87386409;?;?;normal;8;0;600;532;9;9 - 10 - 8 - 9 - 8 - 9 - 9 - 9;8: 2 - 9: 5 - 10: 1
2020;1;20;1;4;1;0;UZAR;?;09h42;Houilles - Carrières-sur-Seine;uic_87386409;?;?;normal;8;0;360;300;5;4 - 5 - 5 - 5 - 6 - 5 - 5 - 5;4: 1 - 5: 6 - 6: 1
2020;1;20;1;4;1;0;UZAR;?;09h54;Houilles - Carrières-sur-Seine;uic_87386409;?;?;normal;8;0;240;240;4;4 - 4 - 4 - 4 - 4 - 4 - 4 - 4;4: 8
2020;1;20;1;4;1;0;UZAR;?;10h07;Houilles - Carrières-sur-Seine;uic_87386409;?;?;normal;8;0;60;45;1;1 - 1 - 0 - 0 - 1 - 1 - 1 - 1;0: 2 - 1: 6
2020;1;20;1;4;1;0;UZAR;?;10h18;Houilles - Carrières-sur-Seine;uic_87386409;?;?;normal;8;0;840;697;13;7 - 9 - 11 - 13 - 13 - 13 - 14 - 13;7: 1 - 9: 1 - 11: 1 - 13: 4 - 14: 1
2020;1;20;1;4;1;0;UZAR;?;10h27;Houilles - Carrières-sur-Seine;uic_87386409;?;?;normal;8;0;480;390;7;3 - 7 - 6 - 7 - 7 - 7 - 7 - 8;3: 1 - 6: 1 - 7: 5 - 8: 1
2020;1;20;1;4;1;0;UZAR;?;10h38;Houilles - Carrières-sur-Seine;uic_87386409;?;?;normal;8;0;240;210;4;2 - 3 - 3 - 4 - 4 - 4 - 4 - 4;2: 1 - 3: 2 - 4: 5
2020;1;20;1;4;1;0;UZAR;?;10h47;Houilles - Carrières-sur-Seine;uic_87386409;?;?;normal;8;0;960;697;15;1 - 2 - 14 - 15 - 16 - 15 - 15 - 15;1: 1 - 2: 1 - 14: 1 - 15: 4 - 16: 1
2020;1;20;1;4;1;0;UZAR;?;10h58;Houilles - Carrières-sur-Seine;uic_87386409;?;?;normal;8;0;840;622;13;2 - 3 - 11 - 13 - 14 - 13 - 14 - 13;2: 1 - 3: 1 - 11: 1 - 13: 3 - 14: 2
2020;1;20;1;4;1;0;UZAR;?;11h07;Houilles - Carrières-sur-Seine;uic_87386409;?;?;normal;8;0;720;585;11;5 - 6 - 10 - 11 - 12 - 11 - 12 - 11;5: 1 - 6: 1 - 10: 1 - 11: 3 - 12: 2
2020;1;20;1;4;1;0;UZAR;?;11h18;Houilles - Carrières-sur-Seine;uic_87386409;?;?;normal;8;0;420;345;6;4 - 5 - 5 - 6 - 6 - 6 - 7 - 7;4: 1 - 5: 2 - 6: 3 - 7: 2
2020;1;20;1;4;1;0;UZAR;?;11h27;Houilles - Carrières-sur-Seine;uic_87386409;?;?;normal;8;0;360;142;2;3 - 2 - 1 - 2 - 2 - 1 - 2 - 6;1: 2 - 2: 4 - 3: 1 - 6: 1
2020;1;20;1;4;1;0;UZAR;?;11h38;Houilles - Carrières-sur-Seine;uic_87386409;?;?;normal;8;0;420;367;6;6 - 6 - 5 - 6 - 7 - 6 - 7 - 6;5: 1 - 6: 5 - 7: 2
2020;1;20;1;4;1;0;UZAR;?;11h47;Houilles - Carrières-sur-Seine;uic_87386409;?;?;normal;8;0;60;37;1;1 - 1 - 0 - 0 - 1 - 0 - 1 - 1;0: 3 - 1: 5
2020;1;20;1;4;1;0;UZAR;?;11h58;Houilles - Carrières-sur-Seine;uic_87386409;?;?;normal;8;0;120;45;1;1 - 2 - 0 - 1 - 1 - 0 - 1 - 0;0: 3 - 1: 4 - 2: 1
2020;1;20;1;4;1;0;UZAR;?;12h07;Houilles - Carrières-sur-Seine;uic_87386409;?;?;normal;8;0;180;75;1;0 - 1 - 0 - 1 - 2 - 1 - 3 - 2;0: 2 - 1: 3 - 2: 2 - 3: 1
2020;1;20;1;4;1;0;UZAR;?;12h18;Houilles - Carrières-sur-Seine;uic_87386409;?;?;normal;8;0;360;307;5;4 - 5 - 4 - 5 - 6 - 5 - 6 - 6;4: 2 - 5: 3 - 6: 3
2020;1;20;1;4;1;0;UZAR;?;12h27;Houilles - Carrières-sur-Seine;uic_87386409;?;?;normal;8;0;60;15;0;0 - 0 - 0 - 0 - 0 - 0 - 1 - 1;0: 6 - 1: 2
2020;1;20;1;4;1;0;UZAR;?;12h38;Houilles - Carrières-sur-Seine;uic_87386409;?;?;normal;8;0;120;67;1;1 - 2 - 0 - 1 - 1 - 1 - 2 - 1;0: 1 - 1: 5 - 2: 2
2020;1;20;1;4;1;0;UZAR;?;12h47;Houilles - Carrières-sur-Seine;uic_87386409;?;?;normal;8;0;240;142;3;0 - 0 - 2 - 3 - 4 - 3 - 4 - 3;0: 2 - 2: 1 - 3: 3 - 4: 2
2020;1;20;1;4;1;0;UZAR;?;12h58;Houilles - Carrières-sur-Seine;uic_87386409;?;?;normal;8;0;780;742;750;12 - 12 - 11 - 12 - 13 - 13 - 13 - 13;11: 1 - 12: 3 - 13: 4
2020;1;20;1;4;1;0;UZAR;?;13h07;Houilles - Carrières-sur-Seine;uic_87386409;?;?;normal;8;0;540;442;450;7 - 6 - 6 - 7 - 8 - 8 - 9 - 8;6: 2 - 7: 2 - 8: 3 - 9: 1
2020;1;20;1;4;1;0;UZAR;?;13h18;Houilles - Carrières-sur-Seine;uic_87386409;?;?;normal;8;0;540;420;7;6 - 7 - 6 - 7 - 7 - 7 - 7 - 9;6: 2 - 7: 5 - 9: 1
2020;1;20;1;4;1;0;UZAR;?;13h27;Houilles - Carrières-sur-Seine;uic_87386409;?;?;normal;8;0;180;90;90;2 - 1 - 0 - 1 - 2 - 1 - 3 - 2;0: 1 - 1: 3 - 2: 3 - 3: 1
2020;1;20;1;4;1;0;UZAR;?;13h38;Houilles - Carrières-sur-Seine;uic_87386409;?;?;normal;8;0;300;247;4;4 - 4 - 3 - 4 - 5 - 4 - 5 - 4;3: 1 - 4: 5 - 5: 2
2020;1;20;1;4;1;0;UZAR;?;13h47;Houilles - Carrières-sur-Seine;uic_87386409;?;?;normal;8;0;0;0;0;0 - 0 - 0 - 0 - 0 - 0 - 0 - 0;0: 8
2020;1;20;1;4;1;0;UZAR;?;13h58;Houilles - Carrières-sur-Seine;uic_87386409;?;?;normal;8;0;900;765;13;11 - 12 - 11 - 13 - 13 - 13 - 14 - 15;11: 2 - 12: 1 - 13: 3 - 14: 1 - 15: 1
2020;1;20;1;4;1;0;UZAR;?;14h07;Houilles - Carrières-sur-Seine;uic_87386409;?;?;normal;8;0;480;405;390;6 - 6 - 6 - 7 - 7 - 6 - 8 - 8;6: 4 - 7: 2 - 8: 2
2020;1;20;1;4;1;0;UZAR;?;14h18;Houilles - Carrières-sur-Seine;uic_87386409;?;?;normal;8;0;420;210;3;2 - 3 - 2 - 3 - 4 - 3 - 4 - 7;2: 2 - 3: 3 - 4: 2 - 7: 1
2020;1;20;1;4;1;0;UZAR;?;14h27;Houilles - Carrières-sur-Seine;uic_87386409;?;?;normal;8;0;180;112;2;2 - 2 - 0 - 1 - 2 - 2 - 3 - 3;0: 1 - 1: 1 - 2: 4 - 3: 2
2020;1;20;1;4;1;0;UZAR;?;14h38;Houilles - Carrières-sur-Seine;uic_87386409;?;?;normal;8;0;120;45;1;1 - 2 - 0 - 1 - 1 - 0 - 1 - 0;0: 3 - 1: 4 - 2: 1
2020;1;20;1;4;1;0;UZAR;?;14h47;Houilles - Carrières-sur-Seine;uic_87386409;?;?;normal;8;0;120;60;1;2 - 1 - 0 - 1 - 1 - 0 - 1 - 2;0: 2 - 1: 4 - 2: 2
2020;1;20;1;4;1;0;UZAR;?;14h58;Houilles - Carrières-sur-Seine;uic_87386409;?;?;normal;8;0;240;165;3;2 - 2 - 1 - 3 - 3 - 3 - 4 - 4;1: 1 - 2: 2 - 3: 3 - 4: 2
2020;1;20;1;4;1;0;UZAR;?;15h07;Houilles - Carrières-sur-Seine;uic_87386409;?;?;normal;8;0;180;60;1;0 - 0 - 0 - 1 - 1 - 1 - 3 - 2;0: 3 - 1: 3 - 2: 1 - 3: 1
2020;1;20;1;4;1;0;UZAR;?;15h18;Houilles - Carrières-sur-Seine;uic_87386409;?;?;normal;8;0;0;0;0;0 - 0 - 0 - 0 - 0 - 0 - 0 - 0;0: 8
2020;1;20;1;4;1;0;UZEL;?;15h47;Houilles - Carrières-sur-Seine;uic_87386409;?;?;normal;8;0;180;112;2;0 - 0 - 2 - 3 - 3 - 2 - 3 - 2;0: 2 - 2: 3 - 3: 3
2020;1;20;1;4;1;0;UZEL;?;15h58;Houilles - Carrières-sur-Seine;uic_87386409;?;?;normal;8;0;300;195;4;0 - 1 - 3 - 4 - 5 - 4 - 5 - 4;0: 1 - 1: 1 - 3: 1 - 4: 3 - 5: 2
2020;1;20;1;4;1;0;UZEL;?;16h07;Houilles - Carrières-sur-Seine;uic_87386409;?;?;normal;8;0;360;165;2;1 - 2 - 0 - 2 - 3 - 2 - 6 - 6;0: 1 - 1: 1 - 2: 3 - 3: 1 - 6: 2
2020;1;20;1;4;1;0;UZEL;?;16h18;Houilles - Carrières-sur-Seine;uic_87386409;?;?;normal;8;0;300;127;2;0 - 1 - 1 - 2 - 2 - 2 - 5 - 4;0: 1 - 1: 2 - 2: 3 - 4: 1 - 5: 1
2020;1;20;1;4;1;0;UZEL;?;16h26;Houilles - Carrières-sur-Seine;uic_87386409;?;?;normal;8;0;360;292;5;4 - 5 - 4 - 5 - 5 - 5 - 6 - 5;4: 2 - 5: 5 - 6: 1
2020;1;20;1;4;1;0;UZEL;?;16h38;Houilles - Carrières-sur-Seine;uic_87386409;?;?;normal;8;0;300;217;4;2 - 3 - 3 - 4 - 4 - 4 - 5 - 4;2: 1 - 3: 2 - 4: 4 - 5: 1
2020;1;20;1;4;1;0;UZEL;?;16h46;Houilles - Carrières-sur-Seine;uic_87386409;?;?;normal;8;0;420;277;5;2 - 4 - 3 - 5 - 5 - 5 - 7 - 6;2: 1 - 3: 1 - 4: 1 - 5: 3 - 6: 1 - 7: 1
2020;1;20;1;4;1;0;UZEL;?;16h59;Houilles - Carrières-sur-Seine;uic_87386409;?;?;normal;8;0;240;120;2;0 - 1 - 0 - 2 - 3 - 2 - 4 - 4;0: 2 - 1: 1 - 2: 2 - 3: 1 - 4: 2
2020;1;20;1;4;1;0;UZEL;?;17h05;Houilles - Carrières-sur-Seine;uic_87386409;?;?;normal;8;0;60;7;0;0 - 0 - 0 - 0 - 0 - 0 - 0 - 1;0: 7 - 1: 1
2020;1;20;1;4;1;0;UZEL;?;17h18;Houilles - Carrières-sur-Seine;uic_87386409;?;?;normal;8;0;360;277;5;3 - 3 - 4 - 5 - 6 - 5 - 5 - 6;3: 2 - 4: 1 - 5: 3 - 6: 2
2020;1;20;1;4;1;0;UZEL;?;17h30;Houilles - Carrières-sur-Seine;uic_87386409;?;?;normal;8;0;960;907;15;14 - 15 - 14 - 15 - 15 - 16 - 16 - 16;14: 2 - 15: 3 - 16: 3
2020;1;20;1;4;1;0;UZEL;?;17h43;Houilles - Carrières-sur-Seine;uic_87386409;?;?;normal;8;0;780;742;750;11 - 12 - 12 - 13 - 13 - 13 - 12 - 13;11: 1 - 12: 3 - 13: 4
2020;1;20;1;4;1;0;UZEL;?;17h55;Houilles - Carrières-sur-Seine;uic_87386409;?;?;normal;8;0;840;705;12;9 - 10 - 12 - 12 - 12 - 12 - 13 - 14;9: 1 - 10: 1 - 12: 4 - 13: 1 - 14: 1
2020;1;20;1;4;1;0;UZEL;?;18h08;Houilles - Carrières-sur-Seine;uic_87386409;?;?;normal;8;0;360;270;5;3 - 4 - 3 - 5 - 5 - 5 - 5 - 6;3: 2 - 4: 1 - 5: 4 - 6: 1
2020;1;20;1;4;1;0;UZEL;?;18h20;Houilles - Carrières-sur-Seine;uic_87386409;?;?;normal;8;0;300;247;270;2 - 3 - 4 - 4 - 5 - 5 - 5 - 5;2: 1 - 3: 1 - 4: 2 - 5: 4
2020;1;20;1;4;1;0;UZEL;?;18h33;Houilles - Carrières-sur-Seine;uic_87386409;?;?;normal;8;0;120;60;1;0 - 1 - 0 - 2 - 2 - 1 - 1 - 1;0: 2 - 1: 4 - 2: 2
2020;1;20;1;4;1;0;UZEL;?;18h45;Houilles - Carrières-sur-Seine;uic_87386409;?;?;normal;8;0;480;427;7;6 - 7 - 6 - 7 - 7 - 8 - 8 - 8;6: 2 - 7: 3 - 8: 3
2020;1;20;1;4;1;0;UZEL;?;18h58;Houilles - Carrières-sur-Seine;uic_87386409;?;?;normal;8;0;480;397;7;5 - 6 - 6 - 7 - 8 - 7 - 7 - 7;5: 1 - 6: 2 - 7: 4 - 8: 1
2020;1;20;1;4;1;0;UZEL;?;19h10;Houilles - Carrières-sur-Seine;uic_87386409;?;?;normal;8;0;300;292;5;4 - 5 - 5 - 5 - 5 - 5 - 5 - 5;4: 1 - 5: 7
2020;1;20;1;4;1;0;UZEL;?;19h23;Houilles - Carrières-sur-Seine;uic_87386409;?;?;normal;8;0;240;172;3;2 - 3 - 2 - 3 - 4 - 3 - 3 - 3;2: 2 - 3: 5 - 4: 1
2020;1;20;1;4;1;0;UZEL;?;19h35;Houilles - Carrières-sur-Seine;uic_87386409;?;?;normal;8;0;300;255;4;3 - 4 - 4 - 4 - 4 - 5 - 5 - 5;3: 1 - 4: 4 - 5: 3
2020;1;20;1;4;1;0;UZEL;?;19h48;Houilles - Carrières-sur-Seine;uic_87386409;?;?;normal;8;0;180;112;2;1 - 2 - 1 - 2 - 3 - 2 - 2 - 2;1: 2 - 2: 5 - 3: 1
2020;1;20;1;4;1;0;UZEL;?;20h00;Houilles - Carrières-sur-Seine;uic_87386409;?;?;normal;8;0;120;52;1;0 - 1 - 0 - 1 - 1 - 1 - 1 - 2;0: 2 - 1: 5 - 2: 1
2020;1;20;1;4;1;0;UZEL;?;20h10;Houilles - Carrières-sur-Seine;uic_87386409;?;?;normal;8;0;420;405;7;6 - 6 - 7 - 7 - 7 - 7 - 7 - 7;6: 2 - 7: 6
2020;1;20;1;4;1;0;UZEL;?;20h28;Houilles - Carrières-sur-Seine;uic_87386409;?;?;normal;8;0;240;157;150;2 - 2 - 2 - 2 - 3 - 3 - 3 - 4;2: 4 - 3: 3 - 4: 1
2020;1;20;1;4;1;0;UZEL;?;20h49;Houilles - Carrières-sur-Seine;uic_87386409;?;?;normal;8;0;420;315;6;3 - 3 - 5 - 6 - 6 - 6 - 6 - 7;3: 2 - 5: 1 - 6: 4 - 7: 1
2020;1;20;1;4;1;0;UZEL;?;21h08;Houilles - Carrières-sur-Seine;uic_87386409;?;?;normal;8;0;180;52;30;0 - 0 - 0 - 0 - 1 - 2 - 1 - 3;0: 4 - 1: 2 - 2: 1 - 3: 1
2020;1;20;1;4;1;0;UZEL;?;21h28;Houilles - Carrières-sur-Seine;uic_87386409;?;?;normal;8;0;180;157;3;0 - 3 - 3 - 3 - 3 - 3 - 3 - 3;0: 1 - 3: 7
2020;1;20;1;4;1;0;UZEL;?;21h49;Houilles - Carrières-sur-Seine;uic_87386409;?;?;normal;8;0;120;90;2;0 - 1 - 1 - 2 - 2 - 2 - 2 - 2;0: 1 - 1: 2 - 2: 5
2020;1;20;1;4;1;0;UZIN;?;15h27;Houilles - Carrières-sur-Seine;uic_87386409;?;?;normal;8;0;540;457;8;6 - 6 - 8 - 8 - 9 - 8 - 8 - 8;6: 2 - 8: 5 - 9: 1
2020;1;20;1;4;1;0;UZIN;?;15h38;Houilles - Carrières-sur-Seine;uic_87386409;?;?;normal;8;0;240;217;4;3 - 4 - 3 - 4 - 4 - 3 - 4 - 4;3: 3 - 4: 5
2020;1;20;1;4;1;0;VELO;?;00h18;Houilles - Carrières-sur-Seine;uic_87386409;?;?;normal;1;0;0;0;0;0;0: 1
2020;1;20;1;4;1;0;VELO;?;22h18;Houilles - Carrières-sur-Seine;uic_87386409;?;?;normal;1;0;0;0;0;0;0: 1
2020;1;20;1;4;1;0;VELO;?;22h48;Houilles - Carrières-sur-Seine;uic_87386409;?;?;normal;1;0;60;60;60;1;1: 1
2020;1;20;1;4;1;0;VELO;?;23h18;Houilles - Carrières-sur-Seine;uic_87386409;?;?;normal;1;0;0;0;0;0;0: 1
2020;1;20;1;4;1;0;VELO;?;23h48;Houilles - Carrières-sur-Seine;uic_87386409;?;?;normal;1;0;0;0;0;0;0: 1
2020;1;20;1;4;1;0;VIDA;?;00h44;Houilles - Carrières-sur-Seine;uic_87386409;?;?;normal;1;0;0;0;0;0;0: 1
2020;1;20;1;4;1;0;VIRO;?;01h13;Houilles - Carrières-sur-Seine;uic_87386409;?;?;normal;1;0;0;0;0;0;0: 1
2020;1;21;2;4;1;0;NAJA;?;22h28;Sartrouville;uic_87386417;?;?;normal;2;0;1140;1140;19;19 - 19;19: 2
2020;1;21;2;4;1;0;NAJA;?;22h58;Sartrouville;uic_87386417;?;?;normal;2;0;360;360;6;6 - 6;6: 2
2020;1;21;2;4;1;0;NAJA;?;23h28;Sartrouville;uic_87386417;?;?;normal;2;0;300;300;5;5 - 5;5: 2
2020;1;21;2;4;1;0;NANI;?;14h13;Cergy le Haut;uic_87382655;?;?;normal;9;0;60;6;0;0 - 0 - 0 - 0 - 0 - 1 - 0 - 0 - 0;0: 8 - 1: 1
2020;1;21;2;4;1;0;NANI;?;14h23;Cergy le Haut;uic_87382655;?;?;normal;9;0;0;0;0;0 - 0 - 0 - 0 - 0 - 0 - 0 - 0 - 0;0: 9
2020;1;21;2;4;1;0;NANI;?;14h33;Cergy le Haut;uic_87382655;?;?;normal;9;0;60;33;60;1 - 0 - 1 - 1 - 1 - 1 - 0 - 0 - 0;0: 4 - 1: 5
2020;1;21;2;4;1;0;NANI;?;14h43;Cergy le Haut;uic_87382655;?;?;normal;9;0;0;0;0;0 - 0 - 0 - 0 - 0 - 0 - 0 - 0 - 0;0: 9
2020;1;21;2;4;1;0;NANI;?;14h53;Cergy le Haut;uic_87382655;?;?;normal;9;0;120;26;0;0 - 0 - 0 - 0 - 0 - 2 - 1 - 1 - 0;0: 6 - 1: 2 - 2: 1
2020;1;21;2;4;1;0;NANI;?;15h03;Cergy le Haut;uic_87382655;?;?;normal;9;0;60;6;0;0 - 0 - 0 - 0 - 0 - 1 - 0 - 0 - 0;0: 8 - 1: 1
2020;1;21;2;4;1;0;NANI;?;15h13;Cergy le Haut;uic_87382655;?;?;normal;9;0;0;0;0;0 - 0 - 0 - 0 - 0 - 0 - 0 - 0 - 0;0: 9
2020;1;21;2;4;1;0;NANI;?;15h23;Cergy le Haut;uic_87382655;?;?;normal;9;0;0;0;0;0 - 0 - 0 - 0 - 0 - 0 - 0 - 0 - 0;0: 9
2020;1;21;2;4;1;0;NANI;?;15h33;Cergy le Haut;uic_87382655;?;?;normal;9;0;60;33;60;1 - 1 - 1 - 1 - 0 - 1 - 0 - 0 - 0;0: 4 - 1: 5
2020;1;21;2;4;1;0;NANI;?;15h43;Cergy le Haut;uic_87382655;?;?;normal;9;0;0;0;0;0 - 0 - 0 - 0 - 0 - 0 - 0 - 0 - 0;0: 9
2020;1;21;2;4;1;0;NANI;?;15h53;Cergy le Haut;uic_87382655;?;?;normal;9;0;300;99;0;0 - 0 - 0 - 0 - 0 - 2 - 5 - 5 - 3;0: 5 - 2: 1 - 3: 1 - 5: 2
2020;1;21;2;4;1;0;NANI;?;16h03;Cergy le Haut;uic_87382655;?;?;normal;9;0;480;300;420;0 - 0 - 1 - 8 - 7 - 8 - 7 - 7 - 7;0: 2 - 1: 1 - 7: 4 - 8: 2
2020;1;21;2;4;1;0;NANI;?;16h13;Cergy le Haut;uic_87382655;?;?;normal;9;0;120;53;60;0 - 0 - 1 - 1 - 1 - 2 - 1 - 2 - 0;0: 3 - 1: 4 - 2: 2
2020;1;21;2;4;1;0;NANI;?;16h24;Cergy le Haut;uic_87382655;?;?;normal;9;0;0;0;0;0 - 0 - 0 - 0 - 0 - 0 - 0 - 0 - 0;0: 9
2020;1;21;2;4;1;0;NANI;?;16h36;Cergy le Haut;uic_87382655;?;?;normal;9;0;60;13;0;0 - 0 - 0 - 0 - 1 - 1 - 0 - 0 - 0;0: 7 - 1: 2
2020;1;21;2;4;1;0;NANI;?;16h49;Cergy le Haut;uic_87382655;?;?;normal;9;0;60;20;0;0 - 0 - 1 - 1 - 0 - 1 - 0 - 0 - 0;0: 6 - 1: 3
2020;1;21;2;4;1;0;NANI;?;17h01;Cergy le Haut;uic_87382655;?;?;normal;9;0;120;53;60;0 - 1 - 1 - 0 - 1 - 2 - 1 - 1 - 1;0: 2 - 1: 6 - 2: 1
2020;1;21;2;4;1;0;NANI;?;17h14;Cergy le Haut;uic_87382655;?;?;normal;9;0;0;0;0;0 - 0 - 0 - 0 - 0 - 0 - 0 - 0 - 0;0: 9
2020;1;21;2;4;1;0;NANI;?;17h26;Cergy le Haut;uic_87382655;?;?;normal;9;0;0;0;0;0 - 0 - 0 - 0 - 0 - 0 - 0 - 0 - 0;0: 9
2020;1;21;2;4;1;0;NANI;?;17h39;Cergy le Haut;uic_87382655;?;?;normal;9;0;0;0;0;0 - 0 - 0 - 0 - 0 - 0 - 0 - 0 - 0;0: 9
2020;1;21;2;4;1;0;NANI;?;17h51;Cergy le Haut;uic_87382655;?;?;normal;9;0;60;6;0;0 - 0 - 0 - 0 - 0 - 1 - 0 - 0 - 0;0: 8 - 1: 1
2020;1;21;2;4;1;0;NANI;?;18h04;Cergy le Haut;uic_87382655;?;?;normal;9;0;0;0;0;0 - 0 - 0 - 0 - 0 - 0 - 0 - 0 - 0;0: 9
2020;1;21;2;4;1;0;NANI;?;18h16;Cergy le Haut;uic_87382655;?;?;normal;9;0;120;46;60;0 - 0 - 0 - 0 - 1 - 2 - 2 - 1 - 1;0: 4 - 1: 3 - 2: 2
2020;1;21;2;4;1;0;NANI;?;18h29;Cergy le Haut;uic_87382655;?;?;normal;9;0;0;0;0;0 - 0 - 0 - 0 - 0 - 0 - 0 - 0 - 0;0: 9
2020;1;21;2;4;1;0;NANI;?;18h41;Cergy le Haut;uic_87382655;?;?;normal;9;0;60;6;0;0 - 0 - 0 - 0 - 0 - 1 - 0 - 0 - 0;0: 8 - 1: 1
2020;1;21;2;4;1;0;NANI;?;18h54;Cergy le Haut;uic_87382655;?;?;normal;9;0;60;26;0;0 - 0 - 1 - 0 - 0 - 1 - 0 - 1 - 1;0: 5 - 1: 4
2020;1;21;2;4;1;0;NANI;?;19h06;Cergy le Haut;uic_87382655;?;?;normal;9;0;0;0;0;0 - 0 - 0 - 0 - 0 - 0 - 0 - 0 - 0;0: 9
2020;1;21;2;4;1;0;NANI;?;19h20;Cergy le Haut;uic_87382655;?;?;normal;9;0;0;0;0;0 - 0 - 0 - 0 - 0 - 0 - 0 - 0 - 0;0: 9
2020;1;21;2;4;1;0;NANI;?;19h39;Cergy le Haut;uic_87382655;?;?;normal;9;0;120;33;0;0 - 0 - 0 - 0 - 0 - 2 - 1 - 1 - 1;0: 5 - 1: 3 - 2: 1
2020;1;21;2;4;1;0;NANI;?;20h05;Cergy le Haut;uic_87382655;?;?;normal;9;0;0;0;0;0 - 0 - 0 - 0 - 0 - 0 - 0 - 0 - 0;0: 9
2020;1;21;2;4;1;0;NANI;?;20h35;Cergy le Haut;uic_87382655;?;?;normal;9;0;60;13;0;0 - 0 - 1 - 0 - 0 - 1 - 0 - 0 - 0;0: 7 - 1: 2
2020;1;21;2;4;1;0;NANI;?;21h05;Cergy le Haut;uic_87382655;?;?;normal;9;0;0;0;0;0 - 0 - 0 - 0 - 0 - 0 - 0 - 0 - 0;0: 9
2020;1;21;2;4;1;0;NANI;?;21h33;Cergy le Haut;uic_87382655;?;?;normal;9;0;60;6;0;0 - 0 - 0 - 0 - 0 - 0 - 0 - 0 - 1;0: 8 - 1: 1
2020;1;21;2;4;1;0;NATO;?;05h12;Cergy le Haut;uic_87382655;?;?;normal;9;0;60;13;0;0 - 0 - 0 - 0 - 0 - 1 - 0 - 0 - 1;0: 7 - 1: 2
2020;1;21;2;4;1;0;NATO;?;05h42;Cergy le Haut;uic_87382655;?;?;normal;9;0;60;6;0;0 - 0 - 0 - 0 - 0 - 0 - 1 - 0 - 0;0: 8 - 1: 1
2020;1;21;2;4;1;0;NATO;?;05h57;Cergy le Haut;uic_87382655;?;?;normal;9;0;0;0;0;0 - 0 - 0 - 0 - 0 - 0 - 0 - 0 - 0;0: 9
2020;1;21;2;4;1;0;NATO;?;06h12;Cergy le Haut;uic_87382655;?;?;normal;9;0;480;393;360;6 - 5 - 6 - 6 - 5 - 8 - 7 - 8 - 8;5: 2 - 6: 3 - 7: 1 - 8: 3
2020;1;21;2;4;1;0;NATO;?;06h27;Cergy le Haut;uic_87382655;?;?;normal;9;0;0;0;0;0 - 0 - 0 - 0 - 0 - 0 - 0 - 0 - 0;0: 9
2020;1;21;2;4;1;0;NATO;?;06h42;Cergy le Haut;uic_87382655;?;?;normal;9;0;480;139;0;0 - 0 - 0 - 0 - 0 - 3 - 3 - 7 - 8;0: 5 - 3: 2 - 7: 1 - 8: 1
2020;1;21;2;4;1;0;NATO;?;06h51;Cergy le Haut;uic_87382655;?;?;normal;9;0;480;146;0;0 - 0 - 0 - 0 - 0 - 4 - 3 - 8 - 7;0: 5 - 3: 1 - 4: 1 - 7: 1 - 8: 1
2020;1;21;2;4;1;0;NATO;?;07h03;Cergy le Haut;uic_87382655;?;?;normal;9;0;420;126;60;0 - 0 - 1 - 0 - 0 - 1 - 3 - 7 - 7;0: 4 - 1: 2 - 3: 1 - 7: 2
2020;1;21;2;4;1;0;NATO;?;07h14;Cergy le Haut;uic_87382655;?;?;normal;9;0;420;139;0;0 - 0 - 0 - 0 - 0 - 3 - 4 - 7 - 7;0: 5 - 3: 1 - 4: 1 - 7: 2
2020;1;21;2;4;1;0;NATO;?;07h26;Cergy le Haut;uic_87382655;?;?;normal;9;0;420;153;0;0 - 0 - 0 - 0 - 0 - 4 - 5 - 7 - 7;0: 5 - 4: 1 - 5: 1 - 7: 2
2020;1;21;2;4;1;0;NATO;?;07h38;Cergy le Haut;uic_87382655;?;?;normal;9;0;120;26;0;0 - 0 - 0 - 0 - 0 - 0 - 0 - 2 - 2;0: 7 - 2: 2
2020;1;21;2;4;1;0;NATO;?;07h49;Cergy le Haut;uic_87382655;?;?;normal;9;0;120;40;0;0 - 0 - 0 - 0 - 0 - 2 - 2 - 1 - 1;0: 5 - 1: 2 - 2: 2
2020;1;21;2;4;1;0;NATO;?;08h01;Cergy le Haut;uic_87382655;?;?;normal;9;0;300;186;240;1 - 2 - 1 - 2 - 4 - 4 - 4 - 5 - 5;1: 2 - 2: 2 - 4: 3 - 5: 2
2020;1;21;2;4;1;0;NATO;?;08h13;Cergy le Haut;uic_87382655;?;?;normal;9;0;240;86;60;0 - 0 - 1 - 0 - 1 - 1 - 2 - 4 - 4;0: 3 - 1: 3 - 2: 1 - 4: 2
2020;1;21;2;4;1;0;NATO;?;08h24;Cergy le Haut;uic_87382655;?;?;normal;9;0;60;6;0;0 - 0 - 1 - 0 - 0 - 0 - 0 - 0 - 0;0: 8 - 1: 1
2020;1;21;2;4;1;0;NATO;?;08h36;Cergy le Haut;uic_87382655;?;?;normal;9;0;60;13;0;0 - 0 - 0 - 0 - 0 - 1 - 0 - 1 - 0;0: 7 - 1: 2
2020;1;21;2;4;1;0;NATO;?;08h48;Cergy le Haut;uic_87382655;?;?;normal;9;0;240;99;0;0 - 0 - 0 - 0 - 0 - 4 - 4 - 4 - 3;0: 5 - 3: 1 - 4: 3
2020;1;21;2;4;1;0;NATO;?;09h03;Cergy le Haut;uic_87382655;?;?;normal;9;0;900;713;600;9 - 9 - 9 - 10 - 10 - 15 - 15 - 15 - 15;9: 3 - 10: 2 - 15: 4
2020;1;21;2;4;1;0;NATO;?;09h14;Cergy le Haut;uic_87382655;?;?;normal;9;0;480;253;120;2 - 2 - 1 - 1 - 2 - 8 - 8 - 7 - 7;1: 2 - 2: 3 - 7: 2 - 8: 2
2020;1;21;2;4;1;0;NATO;?;09h23;Cergy le Haut;uic_87382655;?;?;normal;9;0;180;73;60;1 - 0 - 1 - 0 - 0 - 3 - 2 - 2 - 2;0: 3 - 1: 2 - 2: 3 - 3: 1
2020;1;21;2;4;1;0;NATO;?;09h33;Cergy le Haut;uic_87382655;?;?;normal;9;0;240;166;120;2 - 1 - 2 - 2 - 2 - 4 - 4 - 4 - 4;1: 1 - 2: 4 - 4: 4
2020;1;21;2;4;1;0;NATO;?;09h47;Cergy le Haut;uic_87382655;?;?;normal;9;0;300;300;300;5 - 5 - 5 - 5 - 5 - 5 - 5 - 5 - 5;5: 9
2020;1;21;2;4;1;0;NATO;?;09h55;Cergy le Haut;uic_87382655;?;?;normal;9;0;120;86;60;1 - 1 - 1 - 1 - 1 - 2 - 2 - 2 - 2;1: 5 - 2: 4
2020;1;21;2;4;1;0;NATO;?;10h07;Cergy le Haut;uic_87382655;?;?;normal;9;0;120;53;0;0 - 0 - 0 - 0 - 0 - 2 - 2 - 2 - 2;0: 5 - 2: 4
2020;1;21;2;4;1;0;NATO;?;10h13;Cergy le Haut;uic_87382655;?;?;normal;9;0;60;6;0;0 - 0 - 1 - 0 - 0 - 0 - 0 - 0 - 0;0: 8 - 1: 1
2020;1;21;2;4;1;0;NATO;?;10h23;Cergy le Haut;uic_87382655;?;?;normal;9;0;60;26;0;0 - 0 - 1 - 1 - 1 - 1 - 0 - 0 - 0;0: 5 - 1: 4
2020;1;21;2;4;1;0;NATO;?;10h33;Cergy le Haut;uic_87382655;?;?;normal;9;0;60;6;0;0 - 0 - 0 - 0 - 0 - 1 - 0 - 0 - 0;0: 8 - 1: 1
2020;1;21;2;4;1;0;NATO;?;10h43;Cergy le Haut;uic_87382655;?;?;normal;9;0;120;73;60;0 - 0 - 1 - 1 - 1 - 2 - 2 - 2 - 2;0: 2 - 1: 3 - 2: 4
2020;1;21;2;4;1;0;NATO;?;10h53;Cergy le Haut;uic_87382655;?;?;normal;9;0;60;20;0;1 - 0 - 1 - 0 - 0 - 1 - 0 - 0 - 0;0: 6 - 1: 3
2020;1;21;2;4;1;0;NATO;?;11h03;Cergy le Haut;uic_87382655;?;?;normal;9;0;180;93;120;0 - 0 - 1 - 2 - 2 - 3 - 2 - 2 - 2;0: 2 - 1: 1 - 2: 5 - 3: 1
2020;1;21;2;4;1;0;NATO;?;11h13;Cergy le Haut;uic_87382655;?;?;normal;9;0;0;0;0;0 - 0 - 0 - 0 - 0 - 0 - 0 - 0 - 0;0: 9
2020;1;21;2;4;1;0;NATO;?;11h23;Cergy le Haut;uic_87382655;?;?;normal;9;0;120;86;60;1 - 1 - 1 - 1 - 1 - 2 - 2 - 2 - 2;1: 5 - 2: 4
2020;1;21;2;4;1;0;NATO;?;11h33;Cergy le Haut;uic_87382655;?;?;normal;9;0;180;120;120;3 - 2 - 3 - 2 - 2 - 2 - 2 - 2 - 0;0: 1 - 2: 6 - 3: 2
2020;1;21;2;4;1;0;NATO;?;11h43;Cergy le Haut;uic_87382655;?;?;normal;9;0;180;139;120;2 - 2 - 3 - 2 - 2 - 3 - 2 - 2 - 3;2: 6 - 3: 3
2020;1;21;2;4;1;0;NATO;?;11h53;Cergy le Haut;uic_87382655;?;?;normal;9;0;0;0;0;0 - 0 - 0 - 0 - 0 - 0 - 0 - 0 - 0;0: 9
2020;1;21;2;4;1;0;NATO;?;12h03;Cergy le Haut;uic_87382655;?;?;normal;9;0;180;80;60;0 - 0 - 1 - 1 - 1 - 2 - 2 - 2 - 3;0: 2 - 1: 3 - 2: 3 - 3: 1
2020;1;21;2;4;1;0;NATO;?;12h13;Cergy le Haut;uic_87382655;?;?;normal;9;0;0;0;0;0 - 0 - 0 - 0 - 0 - 0 - 0 - 0 - 0;0: 9
2020;1;21;2;4;1;0;NATO;?;12h23;Cergy le Haut;uic_87382655;?;?;normal;9;0;60;6;0;0 - 0 - 1 - 0 - 0 - 0 - 0 - 0 - 0;0: 8 - 1: 1
2020;1;21;2;4;1;0;NATO;?;12h33;Cergy le Haut;uic_87382655;?;?;annule;9;9;0;0;0;;
2020;1;21;2;4;1;0;NATO;?;12h43;Cergy le Haut;uic_87382655;?;?;normal;9;0;0;0;0;0 - 0 - 0 - 0 - 0 - 0 - 0 - 0 - 0;0: 9
2020;1;21;2;4;1;0;NATO;?;12h53;Cergy le Haut;uic_87382655;?;?;normal;9;0;0;0;0;0 - 0 - 0 - 0 - 0 - 0 - 0 - 0 - 0;0: 9
2020;1;21;2;4;1;0;NATO;?;13h03;Cergy le Haut;uic_87382655;?;?;normal;9;0;60;13;0;0 - 0 - 0 - 0 - 0 - 1 - 0 - 0 - 1;0: 7 - 1: 2
2020;1;21;2;4;1;0;NATO;?;13h13;Cergy le Haut;uic_87382655;?;?;normal;9;0;360;293;300;5 - 5 - 5 - 5 - 5 - 6 - 5 - 5 - 3;3: 1 - 5: 7 - 6: 1
2020;1;21;2;4;1;0;NATO;?;13h23;Cergy le Haut;uic_87382655;?;?;normal;9;0;180;180;180;3 - 3 - 3 - 3 - 3 - 3 - 3 - 3 - 3;3: 9
2020;1;21;2;4;1;0;NATO;?;13h33;Cergy le Haut;uic_87382655;?;?;normal;9;0;0;0;0;0 - 0 - 0 - 0 - 0 - 0 - 0 - 0 - 0;0: 9
2020;1;21;2;4;1;0;NATO;?;13h43;Cergy le Haut;uic_87382655;?;?;normal;9;0;60;33;60;1 - 1 - 1 - 1 - 0 - 1 - 0 - 0 - 0;0: 4 - 1: 5
2020;1;21;2;4;1;0;NATO;?;13h53;Cergy le Haut;uic_87382655;?;?;normal;9;0;60;6;0;0 - 0 - 0 - 0 - 0 - 1 - 0 - 0 - 0;0: 8 - 1: 1
2020;1;21;2;4;1;0;NATO;?;14h03;Cergy le Haut;uic_87382655;?;?;normal;9;0;0;0;0;0 - 0 - 0 - 0 - 0 - 0 - 0 - 0 - 0;0: 9
2020;1;21;2;4;1;0;NOTE;?;05h40;Poissy;uic_87386573;?;?;normal;5;0;60;24;0;1 - 1 - 0 - 0 - 0;0: 3 - 1: 2
2020;1;21;2;4;1;0;NOTE;?;06h00;Poissy;uic_87386573;?;?;normal;5;0;0;0;0;0 - 0 - 0 - 0 - 0;0: 5
2020;1;21;2;4;1;0;NOTE;?;06h15;Poissy;uic_87386573;?;?;normal;5;0;0;0;0;0 - 0 - 0 - 0 - 0;0: 5
2020;1;21;2;4;1;0;NOTE;?;06h30;Poissy;uic_87386573;?;?;normal;5;0;60;24;0;1 - 1 - 0 - 0 - 0;0: 3 - 1: 2
2020;1;21;2;4;1;0;NOTE;?;06h45;Poissy;uic_87386573;?;?;normal;5;0;660;348;180;2 - 3 - 2 - 11 - 11;2: 2 - 3: 1 - 11: 2
2020;1;21;2;4;1;0;NOTE;?;06h59;Poissy;uic_87386573;?;?;normal;5;0;480;300;240;1 - 4 - 4 - 8 - 8;1: 1 - 4: 2 - 8: 2
2020;1;21;2;4;1;0;NOTE;?;07h13;Poissy;uic_87386573;?;?;normal;5;0;480;227;120;1 - 1 - 2 - 7 - 8;1: 2 - 2: 1 - 7: 1 - 8: 1
2020;1;21;2;4;1;0;NOTE;?;07h25;Poissy;uic_87386573;?;?;normal;5;0;480;275;240;0 - 4 - 4 - 8 - 7;0: 1 - 4: 2 - 7: 1 - 8: 1
2020;1;21;2;4;1;0;NOTE;?;07h37;Poissy;uic_87386573;?;?;normal;5;0;420;311;240;4 - 4 - 4 - 7 - 7;4: 3 - 7: 2
2020;1;21;2;4;1;0;NOTE;?;07h47;Poissy;uic_87386573;?;?;normal;5;0;180;120;120;2 - 1 - 1 - 3 - 3;1: 2 - 2: 1 - 3: 2
2020;1;21;2;4;1;0;NOTE;?;07h59;Poissy;uic_87386573;?;?;normal;5;0;180;132;120;2 - 2 - 2 - 3 - 2;2: 4 - 3: 1
2020;1;21;2;4;1;0;NOTE;?;08h11;Poissy;uic_87386573;?;?;normal;5;0;0;0;0;0 - 0 - 0 - 0 - 0;0: 5
2020;1;21;2;4;1;0;NOTE;?;08h22;Poissy;uic_87386573;?;?;normal;5;0;60;60;60;1 - 1 - 1 - 1 - 1;1: 5
2020;1;21;2;4;1;0;NOTE;?;08h34;Poissy;uic_87386573;?;?;normal;5;0;480;384;360;6 - 5 - 6 - 8 - 7;5: 1 - 6: 2 - 7: 1 - 8: 1
2020;1;21;2;4;1;0;NOTE;?;08h46;Poissy;uic_87386573;?;?;normal;5;0;840;780;840;10 - 14 - 13 - 14 - 14;10: 1 - 13: 1 - 14: 3
2020;1;21;2;4;1;0;NOTE;?;08h57;Poissy;uic_87386573;?;?;normal;5;0;360;288;240;4 - 6 - 6 - 4 - 4;4: 3 - 6: 2
2020;1;21;2;4;1;0;NOTE;?;09h09;Poissy;uic_87386573;?;?;normal;5;0;480;371;360;8 - 7 - 6 - 5 - 5;5: 2 - 6: 1 - 7: 1 - 8: 1
2020;1;21;2;4;1;0;NOTE;?;16h42;Poissy;uic_87386573;?;?;normal;5;0;0;0;0;0 - 0 - 0 - 0 - 0;0: 5
2020;1;21;2;4;1;0;NOTE;?;16h54;Poissy;uic_87386573;?;?;normal;5;0;60;60;60;1 - 1 - 1 - 1 - 1;1: 5
2020;1;21;2;4;1;0;NOTE;?;17h05;Poissy;uic_87386573;?;?;normal;5;0;0;0;0;0 - 0 - 0 - 0 - 0;0: 5
2020;1;21;2;4;1;0;NOTE;?;17h19;Poissy;uic_87386573;?;?;normal;5;0;0;0;0;0 - 0 - 0 - 0 - 0;0: 5
2020;1;21;2;4;1;0;NOTE;?;17h32;Poissy;uic_87386573;?;?;normal;5;0;60;12;0;0 - 1 - 0 - 0 - 0;0: 4 - 1: 1
2020;1;21;2;4;1;0;NOTE;?;17h44;Poissy;uic_87386573;?;?;normal;5;0;60;36;60;1 - 1 - 0 - 0 - 1;0: 2 - 1: 3
2020;1;21;2;4;1;0;NOTE;?;17h57;Poissy;uic_87386573;?;?;normal;5;0;0;0;0;0 - 0 - 0 - 0 - 0;0: 5
2020;1;21;2;4;1;0;NOTE;?;18h09;Poissy;uic_87386573;?;?;normal;5;0;0;0;0;0 - 0 - 0 - 0 - 0;0: 5
2020;1;21;2;4;1;0;NOTE;?;18h22;Poissy;uic_87386573;?;?;normal;5;0;180;83;60;1 - 3 - 1 - 1 - 1;1: 4 - 3: 1
2020;1;21;2;4;1;0;NOTE;?;18h34;Poissy;uic_87386573;?;?;normal;5;0;60;48;60;1 - 1 - 0 - 1 - 1;0: 1 - 1: 4
2020;1;21;2;4;1;0;NOTE;?;18h47;Poissy;uic_87386573;?;?;normal;5;0;60;24;0;0 - 1 - 0 - 0 - 1;0: 3 - 1: 2
2020;1;21;2;4;1;0;NOTE;?;18h59;Poissy;uic_87386573;?;?;normal;5;0;0;0;0;0 - 0 - 0 - 0 - 0;0: 5
2020;1;21;2;4;1;0;NOTE;?;19h12;Poissy;uic_87386573;?;?;normal;5;0;0;0;0;0 - 0 - 0 - 0 - 0;0: 5
2020;1;21;2;4;1;0;NOTE;?;19h24;Poissy;uic_87386573;?;?;normal;5;0;180;107;120;0 - 3 - 2 - 2 - 2;0: 1 - 2: 3 - 3: 1
2020;1;21;2;4;1;0;NOTE;?;19h39;Poissy;uic_87386573;?;?;normal;5;0;120;60;60;2 - 1 - 1 - 1 - 0;0: 1 - 1: 3 - 2: 1
2020;1;21;2;4;1;0;NOTE;?;20h04;Poissy;uic_87386573;?;?;normal;5;0;60;48;60;1 - 1 - 1 - 1 - 0;0: 1 - 1: 4
2020;1;21;2;4;1;0;NOTE;?;20h34;Poissy;uic_87386573;?;?;normal;5;0;0;0;0;0 - 0 - 0 - 0 - 0;0: 5
2020;1;21;2;4;1;0;NOTE;?;21h03;Poissy;uic_87386573;?;?;normal;5;0;0;0;0;0 - 0 - 0 - 0 - 0;0: 5
2020;1;21;2;4;1;0;NOTE;?;21h35;Poissy;uic_87386573;?;?;normal;5;0;120;107;120;2 - 2 - 2 - 2 - 1;1: 1 - 2: 4
2020;1;21;2;4;1;0;NOTE;?;22h03;Poissy;uic_87386573;?;?;normal;5;0;1740;768;420;0 - 0 - 7 - 28 - 29;0: 2 - 7: 1 - 28: 1 - 29: 1
2020;1;21;2;4;1;0;NOTE;?;22h33;Poissy;uic_87386573;?;?;normal;5;0;660;551;660;6 - 7 - 11 - 11 - 11;6: 1 - 7: 1 - 11: 3
2020;1;21;2;4;1;0;NOTE;?;23h03;Poissy;uic_87386573;?;?;normal;5;0;960;960;960;16 - 16 - 16 - 16 - 16;16: 5
2020;1;21;2;4;1;0;NOTE;?;23h33;Poissy;uic_87386573;?;?;normal;5;0;0;0;0;0 - 0 - 0 - 0 - 0;0: 5
2020;1;21;2;4;1;0;OKLA;?;09h20;Poissy;uic_87386573;?;?;normal;5;0;480;420;420;6 - 8 - 7 - 7 - 7;6: 1 - 7: 3 - 8: 1
2020;1;21;2;4;1;0;OKLA;?;09h40;Poissy;uic_87386573;?;?;normal;5;0;900;828;900;10 - 15 - 14 - 15 - 15;10: 1 - 14: 1 - 15: 3
2020;1;21;2;4;1;0;OKLA;?;09h55;Poissy;uic_87386573;?;?;normal;5;0;300;264;240;5 - 5 - 4 - 4 - 4;4: 3 - 5: 2
2020;1;21;2;4;1;0;OKLA;?;10h16;Poissy;uic_87386573;?;?;normal;5;0;240;204;180;4 - 4 - 3 - 3 - 3;3: 3 - 4: 2
2020;1;21;2;4;1;0;OKLA;?;10h40;Poissy;uic_87386573;?;?;normal;5;0;240;204;180;4 - 4 - 3 - 3 - 3;3: 3 - 4: 2
2020;1;21;2;4;1;0;OKLA;?;11h00;Poissy;uic_87386573;?;?;normal;5;0;180;132;120;2 - 3 - 2 - 2 - 2;2: 4 - 3: 1
2020;1;21;2;4;1;0;OKLA;?;11h20;Poissy;uic_87386573;?;?;annule;5;5;0;0;0;;
2020;1;21;2;4;1;0;OKLA;?;11h40;Poissy;uic_87386573;?;?;normal;5;0;60;48;60;1 - 1 - 1 - 1 - 0;0: 1 - 1: 4
2020;1;21;2;4;1;0;OKLA;?;12h00;Poissy;uic_87386573;?;?;annule;5;5;0;0;0;;
2020;1;21;2;4;1;0;OKLA;?;12h20;Poissy;uic_87386573;?;?;normal;5;0;180;120;120;1 - 2 - 1 - 3 - 3;1: 2 - 2: 1 - 3: 2
2020;1;21;2;4;1;0;OKLA;?;12h40;Poissy;uic_87386573;?;?;normal;5;0;0;0;0;0 - 0 - 0 - 0 - 0;0: 5
2020;1;21;2;4;1;0;OKLA;?;13h00;Poissy;uic_87386573;?;?;normal;5;0;120;120;120;2 - 2 - 2 - 2 - 2;2: 5
2020;1;21;2;4;1;0;OKLA;?;13h20;Poissy;uic_87386573;?;?;normal;5;0;60;36;60;1 - 1 - 0 - 0 - 1;0: 2 - 1: 3
2020;1;21;2;4;1;0;OKLA;?;13h40;Poissy;uic_87386573;?;?;normal;5;0;120;72;60;0 - 1 - 1 - 2 - 2;0: 1 - 1: 2 - 2: 2
2020;1;21;2;4;1;0;OKLA;?;14h00;Poissy;uic_87386573;?;?;normal;5;0;0;0;0;0 - 0 - 0 - 0 - 0;0: 5
2020;1;21;2;4;1;0;OKLA;?;14h20;Poissy;uic_87386573;?;?;normal;5;0;60;36;60;0 - 0 - 1 - 1 - 1;0: 2 - 1: 3
2020;1;21;2;4;1;0;OKRE;?;14h40;Poissy;uic_87386573;?;?;normal;5;0;0;0;0;0 - 0 - 0 - 0 - 0;0: 5
2020;1;21;2;4;1;0;OKRE;?;15h00;Poissy;uic_87386573;?;?;normal;5;0;120;72;60;1 - 2 - 1 - 1 - 1;1: 4 - 2: 1
2020;1;21;2;4;1;0;OKRE;?;15h20;Poissy;uic_87386573;?;?;normal;5;0;0;0;0;0 - 0 - 0 - 0 - 0;0: 5
2020;1;21;2;4;1;0;OKRE;?;15h40;Poissy;uic_87386573;?;?;normal;5;0;60;24;0;1 - 1 - 0 - 0 - 0;0: 3 - 1: 2
2020;1;21;2;4;1;0;OKRE;?;16h00;Poissy;uic_87386573;?;?;normal;5;0;0;0;0;0 - 0 - 0 - 0 - 0;0: 5
2020;1;21;2;4;1;0;OKRE;?;16h20;Poissy;uic_87386573;?;?;normal;5;0;0;0;0;0 - 0 - 0 - 0 - 0;0: 5
2020;1;21;2;4;1;0;OPEN;?;04h42;Cergy le Haut;uic_87382655;?;?;normal;9;0;0;0;0;0 - 0 - 0 - 0 - 0 - 0 - 0 - 0 - 0;0: 9
2020;1;21;2;4;1;0;OPUS;?;00h28;Sartrouville;uic_87386417;?;?;normal;2;0;0;0;0;0 - 0;0: 2
2020;1;21;2;4;1;0;OPUS;?;23h58;Sartrouville;uic_87386417;?;?;normal;2;0;0;0;0;0 - 0;0: 2
2020;1;21;2;4;1;0;QURI;?;00h05;Poissy;uic_87386573;?;?;normal;5;0;60;24;0;1 - 0 - 0 - 0 - 1;0: 3 - 1: 2
2020;1;21;2;4;1;0;QURI;?;05h10;Poissy;uic_87386573;?;?;normal;5;0;240;240;240;4 - 4 - 4 - 4 - 4;4: 5
2020;1;21;2;4;1;0;TAPI;?;00h31;Houilles - Carrières-sur-Seine;uic_87386409;?;?;normal;4;0;1080;1020;17;17 - 18 - 17 - 16;16: 1 - 17: 2 - 18: 1
2020;1;21;2;4;1;0;TAXE;?;00h03;Houilles - Carrières-sur-Seine;uic_87386409;?;?;normal;4;0;1320;1260;21;21 - 22 - 21 - 20;20: 1 - 21: 2 - 22: 1
2020;1;21;2;4;1;0;TAXE;?;06h35;Houilles - Carrières-sur-Seine;uic_87386409;?;?;normal;4;0;0;0;0;0 - 0 - 0 - 0;0: 4
2020;1;21;2;4;1;0;TAXE;?;07h06;Houilles - Carrières-sur-Seine;uic_87386409;?;?;normal;4;0;60;60;1;1 - 1 - 1 - 1;1: 4
2020;1;21;2;4;1;0;TAXE;?;07h21;Houilles - Carrières-sur-Seine;uic_87386409;?;?;normal;4;0;300;255;270;4 - 5 - 5 - 3;3: 1 - 4: 1 - 5: 2
2020;1;21;2;4;1;0;TAXE;?;07h37;Houilles - Carrières-sur-Seine;uic_87386409;?;?;normal;4;0;480;405;7;7 - 7 - 8 - 5;5: 1 - 7: 2 - 8: 1
2020;1;21;2;4;1;0;TAXE;?;07h50;Houilles - Carrières-sur-Seine;uic_87386409;?;?;normal;4;0;180;135;3;3 - 3 - 3 - 0;0: 1 - 3: 3
2020;1;21;2;4;1;0;TAXE;?;08h01;Houilles - Carrières-sur-Seine;uic_87386409;?;?;normal;4;0;900;675;750;5 - 13 - 15 - 12;5: 1 - 12: 1 - 13: 1 - 15: 1
2020;1;21;2;4;1;0;TAXE;?;08h13;Houilles - Carrières-sur-Seine;uic_87386409;?;?;normal;4;0;960;915;930;14 - 15 - 16 - 16;14: 1 - 15: 1 - 16: 2
2020;1;21;2;4;1;0;TAXE;?;08h25;Houilles - Carrières-sur-Seine;uic_87386409;?;?;normal;4;0;600;510;510;8 - 9 - 10 - 7;7: 1 - 8: 1 - 9: 1 - 10: 1
2020;1;21;2;4;1;0;TAXE;?;08h36;Houilles - Carrières-sur-Seine;uic_87386409;?;?;normal;4;0;780;675;11;10 - 10 - 12 - 13;10: 2 - 12: 1 - 13: 1
2020;1;21;2;4;1;0;TAXE;?;08h48;Houilles - Carrières-sur-Seine;uic_87386409;?;?;normal;4;0;960;840;14;12 - 13 - 15 - 16;12: 1 - 13: 1 - 15: 1 - 16: 1
2020;1;21;2;4;1;0;TAXE;?;09h00;Houilles - Carrières-sur-Seine;uic_87386409;?;?;normal;4;0;960;735;11;11 - 11 - 11 - 16;11: 3 - 16: 1
2020;1;21;2;4;1;0;TAXE;?;09h11;Houilles - Carrières-sur-Seine;uic_87386409;?;?;normal;4;0;600;510;510;7 - 8 - 9 - 10;7: 1 - 8: 1 - 9: 1 - 10: 1
2020;1;21;2;4;1;0;TAXE;?;09h23;Houilles - Carrières-sur-Seine;uic_87386409;?;?;normal;4;0;480;390;6;6 - 6 - 6 - 8;6: 3 - 8: 1
2020;1;21;2;4;1;0;TAXE;?;09h35;Houilles - Carrières-sur-Seine;uic_87386409;?;?;normal;4;0;660;600;10;10 - 11 - 10 - 9;9: 1 - 10: 2 - 11: 1
2020;1;21;2;4;1;0;TAXE;?;09h46;Houilles - Carrières-sur-Seine;uic_87386409;?;?;normal;4;0;600;525;510;8 - 8 - 10 - 9;8: 2 - 9: 1 - 10: 1
2020;1;21;2;4;1;0;TAXE;?;09h58;Houilles - Carrières-sur-Seine;uic_87386409;?;?;normal;4;0;420;360;6;6 - 6 - 7 - 5;5: 1 - 6: 2 - 7: 1
2020;1;21;2;4;1;0;TAXE;?;17h14;Houilles - Carrières-sur-Seine;uic_87386409;?;?;normal;4;0;60;15;0;0 - 1 - 0 - 0;0: 3 - 1: 1
2020;1;21;2;4;1;0;TAXE;?;17h26;Houilles - Carrières-sur-Seine;uic_87386409;?;?;normal;4;0;0;0;0;0 - 0 - 0 - 0;0: 4
2020;1;21;2;4;1;0;TAXE;?;17h39;Houilles - Carrières-sur-Seine;uic_87386409;?;?;normal;4;0;240;165;3;3 - 4 - 3 - 1;1: 1 - 3: 2 - 4: 1
2020;1;21;2;4;1;0;TAXE;?;17h51;Houilles - Carrières-sur-Seine;uic_87386409;?;?;normal;4;0;120;90;90;1 - 2 - 2 - 1;1: 2 - 2: 2
2020;1;21;2;4;1;0;TAXE;?;18h04;Houilles - Carrières-sur-Seine;uic_87386409;?;?;normal;4;0;300;240;4;4 - 5 - 4 - 3;3: 1 - 4: 2 - 5: 1
2020;1;21;2;4;1;0;TAXE;?;18h16;Houilles - Carrières-sur-Seine;uic_87386409;?;?;normal;4;0;120;90;90;1 - 2 - 2 - 1;1: 2 - 2: 2
2020;1;21;2;4;1;0;TAXE;?;18h29;Houilles - Carrières-sur-Seine;uic_87386409;?;?;normal;4;0;60;45;1;1 - 1 - 1 - 0;0: 1 - 1: 3
2020;1;21;2;4;1;0;TAXE;?;18h41;Houilles - Carrières-sur-Seine;uic_87386409;?;?;normal;4;0;60;45;1;1 - 1 - 1 - 0;0: 1 - 1: 3
2020;1;21;2;4;1;0;TAXE;?;18h54;Houilles - Carrières-sur-Seine;uic_87386409;?;?;normal;4;0;0;0;0;0 - 0 - 0 - 0;0: 4
2020;1;21;2;4;1;0;TAXE;?;19h06;Houilles - Carrières-sur-Seine;uic_87386409;?;?;normal;4;0;120;90;90;1 - 2 - 2 - 1;1: 2 - 2: 2
2020;1;21;2;4;1;0;TAXE;?;19h19;Houilles - Carrières-sur-Seine;uic_87386409;?;?;normal;4;0;60;45;1;1 - 1 - 1 - 0;0: 1 - 1: 3
2020;1;21;2;4;1;0;TAXE;?;19h31;Houilles - Carrières-sur-Seine;uic_87386409;?;?;normal;4;0;0;0;0;0 - 0 - 0 - 0;0: 4
2020;1;21;2;4;1;0;TAXE;?;19h44;Houilles - Carrières-sur-Seine;uic_87386409;?;?;normal;4;0;180;135;150;2 - 3 - 3 - 1;1: 1 - 2: 1 - 3: 2
2020;1;21;2;4;1;0;TAXE;?;19h56;Houilles - Carrières-sur-Seine;uic_87386409;?;?;normal;4;0;240;180;3;3 - 4 - 3 - 2;2: 1 - 3: 2 - 4: 1
2020;1;21;2;4;1;0;TAXE;?;20h17;Houilles - Carrières-sur-Seine;uic_87386409;?;?;normal;4;0;120;75;1;1 - 2 - 1 - 1;1: 3 - 2: 1
2020;1;21;2;4;1;0;TAXE;?;20h38;Houilles - Carrières-sur-Seine;uic_87386409;?;?;normal;4;0;240;210;210;3 - 4 - 4 - 3;3: 2 - 4: 2
2020;1;21;2;4;1;0;TAXE;?;20h58;Houilles - Carrières-sur-Seine;uic_87386409;?;?;normal;4;0;180;165;3;2 - 3 - 3 - 3;2: 1 - 3: 3
2020;1;21;2;4;1;0;TAXE;?;21h19;Houilles - Carrières-sur-Seine;uic_87386409;?;?;normal;4;0;240;135;2;1 - 3 - 4 - 1;1: 2 - 3: 1 - 4: 1
2020;1;21;2;4;1;0;TAXE;?;21h38;Houilles - Carrières-sur-Seine;uic_87386409;?;?;normal;4;0;60;45;1;1 - 1 - 1 - 0;0: 1 - 1: 3
2020;1;21;2;4;1;0;TAXE;?;22h03;Houilles - Carrières-sur-Seine;uic_87386409;?;?;normal;4;0;0;0;0;0 - 0 - 0 - 0;0: 4
2020;1;21;2;4;1;0;TAXE;?;22h33;Houilles - Carrières-sur-Seine;uic_87386409;?;?;normal;4;0;1440;1350;1410;19 - 24 - 24 - 23;19: 1 - 23: 1 - 24: 2
2020;1;21;2;4;1;0;TAXE;?;23h03;Houilles - Carrières-sur-Seine;uic_87386409;?;?;normal;4;0;360;315;5;5 - 6 - 5 - 5;5: 3 - 6: 1
2020;1;21;2;4;1;0;TAXE;?;23h33;Houilles - Carrières-sur-Seine;uic_87386409;?;?;normal;4;0;300;300;5;5 - 5 - 5 - 5;5: 4
2020;1;21;2;4;1;0;TEDI;?;00h58;Houilles - Carrières-sur-Seine;uic_87386409;?;?;normal;4;0;300;270;270;4 - 5 - 5 - 4;4: 2 - 5: 2
2020;1;21;2;4;1;0;TEDI;?;06h11;Houilles - Carrières-sur-Seine;uic_87386409;?;?;normal;4;0;240;105;1;1 - 1 - 1 - 4;1: 3 - 4: 1
2020;1;21;2;4;1;0;TRAM;?;15h53;Houilles - Carrières-sur-Seine;uic_87386409;?;?;normal;4;0;0;0;0;0 - 0 - 0 - 0;0: 4
2020;1;21;2;4;1;0;TRAM;?;16h13;Houilles - Carrières-sur-Seine;uic_87386409;?;?;normal;4;0;120;90;90;1 - 2 - 2 - 1;1: 2 - 2: 2
2020;1;21;2;4;1;0;TRAM;?;16h33;Houilles - Carrières-sur-Seine;uic_87386409;?;?;normal;4;0;0;0;0;0 - 0 - 0 - 0;0: 4
2020;1;21;2;4;1;0;TRAM;?;16h54;Houilles - Carrières-sur-Seine;uic_87386409;?;?;normal;4;0;60;15;0;0 - 1 - 0 - 0;0: 3 - 1: 1
2020;1;21;2;4;1;0;TROC;?;06h52;Houilles - Carrières-sur-Seine;uic_87386409;?;?;normal;4;0;60;15;0;0 - 1 - 0 - 0;0: 3 - 1: 1
2020;1;21;2;4;1;0;TROC;?;10h13;Houilles - Carrières-sur-Seine;uic_87386409;?;?;normal;4;0;480;435;450;6 - 8 - 8 - 7;6: 1 - 7: 1 - 8: 2
2020;1;21;2;4;1;0;TROC;?;10h33;Houilles - Carrières-sur-Seine;uic_87386409;?;?;normal;4;0;180;165;3;3 - 3 - 3 - 2;2: 1 - 3: 3
2020;1;21;2;4;1;0;TROC;?;10h53;Houilles - Carrières-sur-Seine;uic_87386409;?;?;normal;4;0;1020;975;990;15 - 16 - 17 - 17;15: 1 - 16: 1 - 17: 2
2020;1;21;2;4;1;0;TROC;?;11h13;Houilles - Carrières-sur-Seine;uic_87386409;?;?;annule;4;4;0;0;0;;
2020;1;21;2;4;1;0;TROC;?;11h33;Houilles - Carrières-sur-Seine;uic_87386409;?;?;normal;4;0;540;525;9;9 - 9 - 9 - 8;8: 1 - 9: 3
2020;1;21;2;4;1;0;TROC;?;11h53;Houilles - Carrières-sur-Seine;uic_87386409;?;?;normal;4;0;1080;1035;17;17 - 18 - 17 - 17;17: 3 - 18: 1
2020;1;21;2;4;1;0;TROC;?;12h13;Houilles - Carrières-sur-Seine;uic_87386409;?;?;normal;4;0;240;210;210;3 - 3 - 4 - 4;3: 2 - 4: 2
2020;1;21;2;4;1;0;TROC;?;12h33;Houilles - Carrières-sur-Seine;uic_87386409;?;?;normal;4;0;60;30;30;0 - 1 - 1 - 0;0: 2 - 1: 2
2020;1;21;2;4;1;0;TROC;?;12h53;Houilles - Carrières-sur-Seine;uic_87386409;?;?;normal;4;0;180;150;150;2 - 3 - 3 - 2;2: 2 - 3: 2
2020;1;21;2;4;1;0;TROC;?;13h13;Houilles - Carrières-sur-Seine;uic_87386409;?;?;normal;4;0;60;15;0;0 - 0 - 1 - 0;0: 3 - 1: 1
2020;1;21;2;4;1;0;TROC;?;13h33;Houilles - Carrières-sur-Seine;uic_87386409;?;?;normal;4;0;120;105;2;2 - 2 - 2 - 1;1: 1 - 2: 3
2020;1;21;2;4;1;0;TROC;?;13h53;Houilles - Carrières-sur-Seine;uic_87386409;?;?;normal;4;0;180;135;150;2 - 3 - 3 - 1;1: 1 - 2: 1 - 3: 2
2020;1;21;2;4;1;0;TROC;?;14h13;Houilles - Carrières-sur-Seine;uic_87386409;?;?;normal;4;0;60;45;1;0 - 1 - 1 - 1;0: 1 - 1: 3
2020;1;21;2;4;1;0;TROC;?;14h33;Houilles - Carrières-sur-Seine;uic_87386409;?;?;normal;4;0;0;0;0;0 - 0 - 0 - 0;0: 4
2020;1;21;2;4;1;0;TROC;?;14h53;Houilles - Carrières-sur-Seine;uic_87386409;?;?;normal;4;0;60;30;30;1 - 1 - 0 - 0;0: 2 - 1: 2
2020;1;21;2;4;1;0;TROC;?;15h13;Houilles - Carrières-sur-Seine;uic_87386409;?;?;normal;4;0;60;15;0;0 - 1 - 0 - 0;0: 3 - 1: 1
2020;1;21;2;4;1;0;TROC;?;15h33;Houilles - Carrières-sur-Seine;uic_87386409;?;?;normal;4;0;0;0;0;0 - 0 - 0 - 0;0: 4
2020;1;21;2;4;1;0;UBAL;?;05h56;Houilles - Carrières-sur-Seine;uic_87386409;?;?;normal;8;0;240;195;4;1 - 1 - 4 - 4 - 4 - 4 - 4 - 4;1: 2 - 4: 6
2020;1;21;2;4;1;0;UZAR;?;06h23;Houilles - Carrières-sur-Seine;uic_87386409;?;?;normal;8;0;0;0;0;0 - 0 - 0 - 0 - 0 - 0 - 0 - 0;0: 8
2020;1;21;2;4;1;0;UZAR;?;06h40;Houilles - Carrières-sur-Seine;uic_87386409;?;?;normal;8;0;60;30;30;0 - 0 - 0 - 0 - 1 - 1 - 1 - 1;0: 4 - 1: 4
2020;1;21;2;4;1;0;UZAR;?;06h56;Houilles - Carrières-sur-Seine;uic_87386409;?;?;normal;8;0;240;157;3;0 - 0 - 3 - 3 - 3 - 4 - 4 - 4;0: 2 - 3: 3 - 4: 3
2020;1;21;2;4;1;0;UZAR;?;07h11;Houilles - Carrières-sur-Seine;uic_87386409;?;?;normal;8;0;120;75;1;0 - 1 - 1 - 1 - 1 - 2 - 2 - 2;0: 1 - 1: 4 - 2: 3
2020;1;21;2;4;1;0;UZAR;?;07h25;Houilles - Carrières-sur-Seine;uic_87386409;?;?;normal;8;0;1140;1005;990;16 - 16 - 16 - 16 - 17 - 17 - 17 - 19;16: 4 - 17: 3 - 19: 1
2020;1;21;2;4;1;0;UZAR;?;07h46;Houilles - Carrières-sur-Seine;uic_87386409;?;?;normal;8;0;240;157;150;2 - 4 - 2 - 2 - 3 - 3 - 2 - 3;2: 4 - 3: 3 - 4: 1
2020;1;21;2;4;1;0;UZAR;?;07h57;Houilles - Carrières-sur-Seine;uic_87386409;?;?;normal;8;0;600;525;9;6 - 9 - 9 - 9 - 9 - 9 - 9 - 10;6: 1 - 9: 6 - 10: 1
2020;1;21;2;4;1;0;UZAR;?;08h09;Houilles - Carrières-sur-Seine;uic_87386409;?;?;normal;8;0;1500;1230;21;15 - 15 - 20 - 21 - 21 - 22 - 25 - 25;15: 2 - 20: 1 - 21: 2 - 22: 1 - 25: 2
2020;1;21;2;4;1;0;UZAR;?;08h21;Houilles - Carrières-sur-Seine;uic_87386409;?;?;normal;8;0;1020;802;810;9 - 9 - 13 - 14 - 13 - 15 - 17 - 17;9: 2 - 13: 2 - 14: 1 - 15: 1 - 17: 2
2020;1;21;2;4;1;0;UZAR;?;08h32;Houilles - Carrières-sur-Seine;uic_87386409;?;?;normal;8;0;720;690;690;11 - 12 - 12 - 12 - 12 - 11 - 11 - 11;11: 4 - 12: 4
2020;1;21;2;4;1;0;UZAR;?;08h44;Houilles - Carrières-sur-Seine;uic_87386409;?;?;normal;8;0;660;622;10;10 - 10 - 10 - 10 - 11 - 11 - 11 - 10;10: 5 - 11: 3
2020;1;21;2;4;1;0;UZAR;?;08h56;Houilles - Carrières-sur-Seine;uic_87386409;?;?;normal;8;0;660;645;11;11 - 11 - 10 - 11 - 10 - 11 - 11 - 11;10: 2 - 11: 6
2020;1;21;2;4;1;0;UZAR;?;09h07;Houilles - Carrières-sur-Seine;uic_87386409;?;?;normal;8;0;480;405;7;7 - 8 - 7 - 7 - 7 - 6 - 6 - 6;6: 3 - 7: 4 - 8: 1
2020;1;21;2;4;1;0;UZAR;?;09h19;Houilles - Carrières-sur-Seine;uic_87386409;?;?;normal;8;0;180;127;2;2 - 3 - 2 - 2 - 2 - 3 - 2 - 1;1: 1 - 2: 5 - 3: 2
2020;1;21;2;4;1;0;UZAR;?;09h31;Houilles - Carrières-sur-Seine;uic_87386409;?;?;normal;8;0;720;690;690;11 - 11 - 11 - 12 - 11 - 12 - 12 - 12;11: 4 - 12: 4
2020;1;21;2;4;1;0;UZAR;?;09h42;Houilles - Carrières-sur-Seine;uic_87386409;?;?;normal;8;0;480;427;7;7 - 7 - 7 - 7 - 8 - 7 - 7 - 7;7: 7 - 8: 1
2020;1;21;2;4;1;0;UZAR;?;09h54;Houilles - Carrières-sur-Seine;uic_87386409;?;?;normal;8;0;540;480;8;7 - 8 - 8 - 8 - 8 - 8 - 8 - 9;7: 1 - 8: 6 - 9: 1
2020;1;21;2;4;1;0;UZAR;?;10h07;Houilles - Carrières-sur-Seine;uic_87386409;?;?;normal;8;0;780;697;12;10 - 10 - 10 - 12 - 13 - 12 - 13 - 13;10: 3 - 12: 2 - 13: 3
2020;1;21;2;4;1;0;UZAR;?;10h18;Houilles - Carrières-sur-Seine;uic_87386409;?;?;normal;8;0;540;472;8;6 - 7 - 7 - 8 - 9 - 8 - 9 - 9;6: 1 - 7: 2 - 8: 2 - 9: 3
2020;1;21;2;4;1;0;UZAR;?;10h27;Houilles - Carrières-sur-Seine;uic_87386409;?;?;normal;8;0;300;165;3;1 - 1 - 1 - 3 - 4 - 3 - 4 - 5;1: 3 - 3: 2 - 4: 2 - 5: 1
2020;1;21;2;4;1;0;UZAR;?;10h38;Houilles - Carrières-sur-Seine;uic_87386409;?;?;normal;8;0;300;217;4;2 - 3 - 3 - 4 - 4 - 4 - 5 - 4;2: 1 - 3: 2 - 4: 4 - 5: 1
2020;1;21;2;4;1;0;UZAR;?;10h47;Houilles - Carrières-sur-Seine;uic_87386409;?;?;normal;8;0;420;367;6;7 - 7 - 5 - 6 - 6 - 6 - 6 - 6;5: 1 - 6: 5 - 7: 2
2020;1;21;2;4;1;0;UZAR;?;10h58;Houilles - Carrières-sur-Seine;uic_87386409;?;?;normal;8;0;60;7;0;0 - 0 - 0 - 0 - 0 - 0 - 0 - 1;0: 7 - 1: 1
2020;1;21;2;4;1;0;UZAR;?;11h07;Houilles - Carrières-sur-Seine;uic_87386409;?;?;normal;8;0;420;360;6;5 - 6 - 5 - 6 - 7 - 6 - 7 - 6;5: 2 - 6: 4 - 7: 2
2020;1;21;2;4;1;0;UZAR;?;11h18;Houilles - Carrières-sur-Seine;uic_87386409;?;?;normal;8;0;60;37;1;1 - 1 - 0 - 1 - 1 - 0 - 1 - 0;0: 3 - 1: 5
2020;1;21;2;4;1;0;UZAR;?;11h27;Houilles - Carrières-sur-Seine;uic_87386409;?;?;normal;8;0;300;195;4;1 - 1 - 3 - 4 - 4 - 4 - 5 - 4;1: 2 - 3: 1 - 4: 4 - 5: 1
2020;1;21;2;4;1;0;UZAR;?;11h38;Houilles - Carrières-sur-Seine;uic_87386409;?;?;annule;8;8;0;0;0;;
2020;1;21;2;4;1;0;UZAR;?;11h47;Houilles - Carrières-sur-Seine;uic_87386409;?;?;normal;8;0;60;15;0;0 - 0 - 0 - 0 - 1 - 0 - 1 - 0;0: 6 - 1: 2
2020;1;21;2;4;1;0;UZAR;?;11h58;Houilles - Carrières-sur-Seine;uic_87386409;?;?;normal;8;0;300;225;4;3 - 4 - 2 - 4 - 4 - 4 - 5 - 4;2: 1 - 3: 1 - 4: 5 - 5: 1
2020;1;21;2;4;1;0;UZAR;?;12h07;Houilles - Carrières-sur-Seine;uic_87386409;?;?;normal;8;0;120;60;1;1 - 1 - 0 - 1 - 1 - 1 - 2 - 1;0: 1 - 1: 6 - 2: 1
2020;1;21;2;4;1;0;UZAR;?;12h18;Houilles - Carrières-sur-Seine;uic_87386409;?;?;normal;8;0;240;180;3;2 - 3 - 2 - 3 - 4 - 3 - 4 - 3;2: 2 - 3: 4 - 4: 2
2020;1;21;2;4;1;0;UZAR;?;12h27;Houilles - Carrières-sur-Seine;uic_87386409;?;?;normal;8;0;0;0;0;0 - 0 - 0 - 0 - 0 - 0 - 0 - 0;0: 8
2020;1;21;2;4;1;0;UZAR;?;12h38;Houilles - Carrières-sur-Seine;uic_87386409;?;?;normal;8;0;0;0;0;0 - 0 - 0 - 0 - 0 - 0 - 0 - 0;0: 8
2020;1;21;2;4;1;0;UZAR;?;12h47;Houilles - Carrières-sur-Seine;uic_87386409;?;?;normal;8;0;420;352;6;6 - 6 - 5 - 6 - 6 - 5 - 6 - 7;5: 2 - 6: 5 - 7: 1
2020;1;21;2;4;1;0;UZAR;?;12h58;Houilles - Carrières-sur-Seine;uic_87386409;?;?;normal;8;0;300;210;4;2 - 3 - 2 - 4 - 4 - 4 - 5 - 4;2: 2 - 3: 1 - 4: 4 - 5: 1
2020;1;21;2;4;1;0;UZAR;?;13h07;Houilles - Carrières-sur-Seine;uic_87386409;?;?;normal;8;0;240;127;150;0 - 0 - 1 - 3 - 3 - 2 - 4 - 4;0: 2 - 1: 1 - 2: 1 - 3: 2 - 4: 2
2020;1;21;2;4;1;0;UZAR;?;13h18;Houilles - Carrières-sur-Seine;uic_87386409;?;?;normal;8;0;60;15;0;0 - 1 - 0 - 0 - 0 - 0 - 1 - 0;0: 6 - 1: 2
2020;1;21;2;4;1;0;UZAR;?;13h27;Houilles - Carrières-sur-Seine;uic_87386409;?;?;normal;8;0;60;7;0;0 - 0 - 0 - 0 - 1 - 0 - 0 - 0;0: 7 - 1: 1
2020;1;21;2;4;1;0;UZAR;?;13h38;Houilles - Carrières-sur-Seine;uic_87386409;?;?;normal;8;0;180;127;2;1 - 2 - 1 - 2 - 3 - 2 - 3 - 3;1: 2 - 2: 3 - 3: 3
2020;1;21;2;4;1;0;UZAR;?;13h47;Houilles - Carrières-sur-Seine;uic_87386409;?;?;normal;8;0;60;7;0;0 - 0 - 0 - 0 - 0 - 0 - 1 - 0;0: 7 - 1: 1
2020;1;21;2;4;1;0;UZAR;?;13h58;Houilles - Carrières-sur-Seine;uic_87386409;?;?;normal;8;0;240;142;150;1 - 2 - 1 - 2 - 3 - 3 - 4 - 3;1: 2 - 2: 2 - 3: 3 - 4: 1
2020;1;21;2;4;1;0;UZAR;?;14h07;Houilles - Carrières-sur-Seine;uic_87386409;?;?;normal;8;0;60;22;0;0 - 0 - 0 - 0 - 1 - 0 - 1 - 1;0: 5 - 1: 3
2020;1;21;2;4;1;0;UZAR;?;14h18;Houilles - Carrières-sur-Seine;uic_87386409;?;?;normal;8;0;60;37;1;0 - 1 - 0 - 1 - 1 - 0 - 1 - 1;0: 3 - 1: 5
2020;1;21;2;4;1;0;UZAR;?;14h27;Houilles - Carrières-sur-Seine;uic_87386409;?;?;normal;8;0;60;15;0;0 - 0 - 0 - 0 - 1 - 0 - 1 - 0;0: 6 - 1: 2
2020;1;21;2;4;1;0;UZAR;?;14h38;Houilles - Carrières-sur-Seine;uic_87386409;?;?;normal;8;0;60;7;0;0 - 1 - 0 - 0 - 0 - 0 - 0 - 0;0: 7 - 1: 1
2020;1;21;2;4;1;0;UZAR;?;14h47;Houilles - Carrières-sur-Seine;uic_87386409;?;?;normal;8;0;60;7;0;0 - 0 - 0 - 0 - 0 - 0 - 1 - 0;0: 7 - 1: 1
2020;1;21;2;4;1;0;UZAR;?;14h58;Houilles - Carrières-sur-Seine;uic_87386409;?;?;normal;8;0;300;195;4;0 - 1 - 3 - 4 - 5 - 4 - 5 - 4;0: 1 - 1: 1 - 3: 1 - 4: 3 - 5: 2
2020;1;21;2;4;1;0;UZAR;?;15h07;Houilles - Carrières-sur-Seine;uic_87386409;?;?;normal;8;0;480;210;210;0 - 0 - 2 - 4 - 4 - 3 - 8 - 7;0: 2 - 2: 1 - 3: 1 - 4: 2 - 7: 1 - 8: 1
2020;1;21;2;4;1;0;UZAR;?;15h18;Houilles - Carrières-sur-Seine;uic_87386409;?;?;normal;8;0;120;45;1;0 - 1 - 0 - 1 - 1 - 0 - 1 - 2;0: 3 - 1: 4 - 2: 1
2020;1;21;2;4;1;0;UZEL;?;15h47;Houilles - Carrières-sur-Seine;uic_87386409;?;?;normal;8;0;0;0;0;0 - 0 - 0 - 0 - 0 - 0 - 0 - 0;0: 8
2020;1;21;2;4;1;0;UZEL;?;15h58;Houilles - Carrières-sur-Seine;uic_87386409;?;?;normal;8;0;60;45;1;0 - 1 - 0 - 1 - 1 - 1 - 1 - 1;0: 2 - 1: 6
2020;1;21;2;4;1;0;UZEL;?;16h07;Houilles - Carrières-sur-Seine;uic_87386409;?;?;normal;8;0;300;195;4;1 - 1 - 1 - 4 - 5 - 4 - 5 - 5;1: 3 - 4: 2 - 5: 3
2020;1;21;2;4;1;0;UZEL;?;16h18;Houilles - Carrières-sur-Seine;uic_87386409;?;?;normal;8;0;180;135;150;1 - 2 - 1 - 3 - 3 - 2 - 3 - 3;1: 2 - 2: 2 - 3: 4
2020;1;21;2;4;1;0;UZEL;?;16h26;Houilles - Carrières-sur-Seine;uic_87386409;?;?;normal;8;0;120;37;30;0 - 1 - 0 - 0 - 1 - 0 - 1 - 2;0: 4 - 1: 3 - 2: 1
2020;1;21;2;4;1;0;UZEL;?;16h38;Houilles - Carrières-sur-Seine;uic_87386409;?;?;normal;8;0;120;97;2;2 - 2 - 1 - 2 - 2 - 1 - 2 - 1;1: 3 - 2: 5
2020;1;21;2;4;1;0;UZEL;?;16h46;Houilles - Carrières-sur-Seine;uic_87386409;?;?;normal;8;0;180;105;2;0 - 1 - 0 - 2 - 3 - 2 - 3 - 3;0: 2 - 1: 1 - 2: 2 - 3: 3
2020;1;21;2;4;1;0;UZEL;?;16h59;Houilles - Carrières-sur-Seine;uic_87386409;?;?;normal;8;0;0;0;0;0 - 0 - 0 - 0 - 0 - 0 - 0 - 0;0: 8
2020;1;21;2;4;1;0;UZEL;?;17h05;Houilles - Carrières-sur-Seine;uic_87386409;?;?;normal;8;0;60;22;0;0 - 1 - 0 - 0 - 0 - 1 - 0 - 1;0: 5 - 1: 3
2020;1;21;2;4;1;0;UZEL;?;17h18;Houilles - Carrières-sur-Seine;uic_87386409;?;?;normal;8;0;180;97;2;0 - 1 - 1 - 2 - 2 - 2 - 2 - 3;0: 1 - 1: 2 - 2: 4 - 3: 1
2020;1;21;2;4;1;0;UZEL;?;17h30;Houilles - Carrières-sur-Seine;uic_87386409;?;?;normal;8;0;360;277;270;4 - 4 - 4 - 4 - 5 - 5 - 5 - 6;4: 4 - 5: 3 - 6: 1
2020;1;21;2;4;1;0;UZEL;?;17h43;Houilles - Carrières-sur-Seine;uic_87386409;?;?;normal;8;0;360;217;3;3 - 3 - 3 - 4 - 4 - 3 - 3 - 6;3: 5 - 4: 2 - 6: 1
2020;1;21;2;4;1;0;UZEL;?;17h55;Houilles - Carrières-sur-Seine;uic_87386409;?;?;normal;8;0;420;315;5;4 - 5 - 4 - 5 - 5 - 6 - 6 - 7;4: 2 - 5: 3 - 6: 2 - 7: 1
2020;1;21;2;4;1;0;UZEL;?;18h08;Houilles - Carrières-sur-Seine;uic_87386409;?;?;normal;8;0;240;210;4;2 - 3 - 3 - 4 - 4 - 4 - 4 - 4;2: 1 - 3: 2 - 4: 5
2020;1;21;2;4;1;0;UZEL;?;18h20;Houilles - Carrières-sur-Seine;uic_87386409;?;?;normal;8;0;240;180;3;2 - 3 - 2 - 2 - 3 - 4 - 4 - 4;2: 3 - 3: 2 - 4: 3
2020;1;21;2;4;1;0;UZEL;?;18h33;Houilles - Carrières-sur-Seine;uic_87386409;?;?;normal;8;0;300;262;5;3 - 4 - 3 - 5 - 5 - 5 - 5 - 5;3: 2 - 4: 1 - 5: 5
2020;1;21;2;4;1;0;UZEL;?;18h45;Houilles - Carrières-sur-Seine;uic_87386409;?;?;normal;8;0;180;105;90;0 - 1 - 1 - 1 - 2 - 3 - 3 - 3;0: 1 - 1: 3 - 2: 1 - 3: 3
2020;1;21;2;4;1;0;UZEL;?;18h58;Houilles - Carrières-sur-Seine;uic_87386409;?;?;normal;8;0;180;90;2;0 - 0 - 0 - 3 - 3 - 2 - 2 - 2;0: 3 - 2: 3 - 3: 2
2020;1;21;2;4;1;0;UZEL;?;19h10;Houilles - Carrières-sur-Seine;uic_87386409;?;?;normal;8;0;180;112;2;1 - 2 - 1 - 2 - 2 - 2 - 2 - 3;1: 2 - 2: 5 - 3: 1
2020;1;21;2;4;1;0;UZEL;?;19h23;Houilles - Carrières-sur-Seine;uic_87386409;?;?;normal;8;0;60;7;0;0 - 0 - 0 - 0 - 1 - 0 - 0 - 0;0: 7 - 1: 1
2020;1;21;2;4;1;0;UZEL;?;19h35;Houilles - Carrières-sur-Seine;uic_87386409;?;?;normal;8;0;120;75;90;0 - 1 - 0 - 1 - 2 - 2 - 2 - 2;0: 2 - 1: 2 - 2: 4
2020;1;21;2;4;1;0;UZEL;?;19h48;Houilles - Carrières-sur-Seine;uic_87386409;?;?;normal;8;0;180;120;2;1 - 2 - 1 - 3 - 3 - 2 - 2 - 2;1: 2 - 2: 4 - 3: 2
2020;1;21;2;4;1;0;UZEL;?;20h00;Houilles - Carrières-sur-Seine;uic_87386409;?;?;normal;8;0;300;270;270;4 - 4 - 4 - 4 - 5 - 5 - 5 - 5;4: 4 - 5: 4
2020;1;21;2;4;1;0;UZEL;?;20h10;Houilles - Carrières-sur-Seine;uic_87386409;?;?;normal;8;0;240;165;3;2 - 2 - 2 - 3 - 3 - 3 - 3 - 4;2: 3 - 3: 4 - 4: 1
2020;1;21;2;4;1;0;UZEL;?;20h28;Houilles - Carrières-sur-Seine;uic_87386409;?;?;normal;8;0;180;67;1;0 - 0 - 0 - 1 - 1 - 2 - 2 - 3;0: 3 - 1: 2 - 2: 2 - 3: 1
2020;1;21;2;4;1;0;UZEL;?;20h49;Houilles - Carrières-sur-Seine;uic_87386409;?;?;normal;8;0;360;300;5;4 - 4 - 4 - 6 - 6 - 5 - 5 - 6;4: 3 - 5: 2 - 6: 3
2020;1;21;2;4;1;0;UZEL;?;21h08;Houilles - Carrières-sur-Seine;uic_87386409;?;?;normal;8;0;300;225;4;2 - 3 - 3 - 4 - 4 - 5 - 4 - 5;2: 1 - 3: 2 - 4: 3 - 5: 2
2020;1;21;2;4;1;0;UZEL;?;21h28;Houilles - Carrières-sur-Seine;uic_87386409;?;?;normal;8;0;240;202;210;2 - 3 - 3 - 3 - 4 - 4 - 4 - 4;2: 1 - 3: 3 - 4: 4
2020;1;21;2;4;1;0;UZEL;?;21h49;Houilles - Carrières-sur-Seine;uic_87386409;?;?;normal;8;0;300;262;270;3 - 4 - 4 - 5 - 5 - 5 - 4 - 5;3: 1 - 4: 3 - 5: 4
2020;1;21;2;4;1;0;UZIN;?;15h27;Houilles - Carrières-sur-Seine;uic_87386409;?;?;normal;8;0;0;0;0;0 - 0 - 0 - 0 - 0 - 0 - 0 - 0;0: 8
2020;1;21;2;4;1;0;UZIN;?;15h38;Houilles - Carrières-sur-Seine;uic_87386409;?;?;normal;8;0;60;30;30;0 - 1 - 0 - 0 - 1 - 0 - 1 - 1;0: 4 - 1: 4
2020;1;21;2;4;1;0;VELO;?;00h18;Houilles - Carrières-sur-Seine;uic_87386409;?;?;normal;1;0;1020;1020;1020;17;17: 1
2020;1;21;2;4;1;0;VELO;?;22h18;Houilles - Carrières-sur-Seine;uic_87386409;?;?;normal;1;0;1560;1560;1560;26;26: 1
2020;1;21;2;4;1;0;VELO;?;22h48;Houilles - Carrières-sur-Seine;uic_87386409;?;?;normal;1;0;840;840;840;14;14: 1
2020;1;21;2;4;1;0;VELO;?;23h18;Houilles - Carrières-sur-Seine;uic_87386409;?;?;normal;1;0;60;60;60;1;1: 1
2020;1;21;2;4;1;0;VELO;?;23h48;Houilles - Carrières-sur-Seine;uic_87386409;?;?;normal;1;0;0;0;0;0;0: 1
2020;1;21;2;4;1;0;VIDA;?;00h44;Houilles - Carrières-sur-Seine;uic_87386409;?;?;normal;1;0;0;0;0;0;0: 1
2020;1;21;2;4;1;0;VIRO;?;01h13;Houilles - Carrières-sur-Seine;uic_87386409;?;?;normal;1;0;240;240;240;4;4: 1
2020;1;22;3;4;1;0;NAJA;?;22h28;Sartrouville;uic_87386417;?;?;normal;2;0;180;150;150;2 - 3;2: 1 - 3: 1
2020;1;22;3;4;1;0;NAJA;?;22h58;Sartrouville;uic_87386417;?;?;normal;2;0;0;0;0;0 - 0;0: 2
2020;1;22;3;4;1;0;NAJA;?;23h28;Sartrouville;uic_87386417;?;?;normal;2;0;0;0;0;0 - 0;0: 2
2020;1;22;3;4;1;0;NANI;?;14h13;Cergy le Haut;uic_87382655;?;?;normal;9;0;480;320;300;2 - 3 - 4 - 5 - 5 - 7 - 7 - 8 - 7;2: 1 - 3: 1 - 4: 1 - 5: 2 - 7: 3 - 8: 1
2020;1;22;3;4;1;0;NANI;?;14h23;Cergy le Haut;uic_87382655;?;?;normal;9;0;300;220;240;0 - 4 - 5 - 4 - 4 - 4 - 4 - 4 - 4;0: 1 - 4: 7 - 5: 1
2020;1;22;3;4;1;0;NANI;?;14h33;Cergy le Haut;uic_87382655;?;?;normal;9;0;60;6;0;0 - 0 - 0 - 0 - 0 - 1 - 0 - 0 - 0;0: 8 - 1: 1
2020;1;22;3;4;1;0;NANI;?;14h43;Cergy le Haut;uic_87382655;?;?;normal;9;0;0;0;0;0 - 0 - 0 - 0 - 0 - 0 - 0 - 0 - 0;0: 9
2020;1;22;3;4;1;0;NANI;?;14h53;Cergy le Haut;uic_87382655;?;?;normal;9;0;0;0;0;0 - 0 - 0 - 0 - 0 - 0 - 0 - 0 - 0;0: 9
2020;1;22;3;4;1;0;NANI;?;15h03;Cergy le Haut;uic_87382655;?;?;normal;9;0;0;0;0;0 - 0 - 0 - 0 - 0 - 0 - 0 - 0 - 0;0: 9
2020;1;22;3;4;1;0;NANI;?;15h13;Cergy le Haut;uic_87382655;?;?;normal;9;0;60;13;0;0 - 0 - 0 - 1 - 0 - 1 - 0 - 0 - 0;0: 7 - 1: 2
2020;1;22;3;4;1;0;NANI;?;15h23;Cergy le Haut;uic_87382655;?;?;normal;9;0;60;6;0;0 - 0 - 0 - 0 - 0 - 1 - 0 - 0 - 0;0: 8 - 1: 1
2020;1;22;3;4;1;0;NANI;?;15h33;Cergy le Haut;uic_87382655;?;?;normal;9;0;240;146;120;1 - 1 - 2 - 2 - 2 - 4 - 4 - 4 - 2;1: 2 - 2: 4 - 4: 3
2020;1;22;3;4;1;0;NANI;?;15h43;Cergy le Haut;uic_87382655;?;?;normal;9;0;60;20;0;0 - 0 - 0 - 0 - 0 - 1 - 0 - 1 - 1;0: 6 - 1: 3
2020;1;22;3;4;1;0;NANI;?;15h53;Cergy le Haut;uic_87382655;?;?;normal;9;0;360;173;60;0 - 1 - 1 - 1 - 1 - 6 - 6 - 6 - 4;0: 1 - 1: 4 - 4: 1 - 6: 3
2020;1;22;3;4;1;0;NANI;?;16h03;Cergy le Haut;uic_87382655;?;?;normal;9;0;240;126;120;1 - 0 - 2 - 1 - 2 - 3 - 3 - 3 - 4;0: 1 - 1: 2 - 2: 2 - 3: 3 - 4: 1
2020;1;22;3;4;1;0;NANI;?;16h13;Cergy le Haut;uic_87382655;?;?;normal;9;0;60;20;0;0 - 0 - 0 - 0 - 0 - 1 - 1 - 1 - 0;0: 6 - 1: 3
2020;1;22;3;4;1;0;NANI;?;16h24;Cergy le Haut;uic_87382655;?;?;normal;9;0;0;0;0;0 - 0 - 0 - 0 - 0 - 0 - 0 - 0 - 0;0: 9
2020;1;22;3;4;1;0;NANI;?;16h36;Cergy le Haut;uic_87382655;?;?;normal;9;0;60;20;0;0 - 1 - 0 - 0 - 1 - 1 - 0 - 0 - 0;0: 6 - 1: 3
2020;1;22;3;4;1;0;NANI;?;16h49;Cergy le Haut;uic_87382655;?;?;normal;9;0;60;20;0;0 - 0 - 0 - 0 - 0 - 1 - 1 - 1 - 0;0: 6 - 1: 3
2020;1;22;3;4;1;0;NANI;?;17h01;Cergy le Haut;uic_87382655;?;?;normal;9;0;60;13;0;0 - 0 - 0 - 0 - 1 - 1 - 0 - 0 - 0;0: 7 - 1: 2
2020;1;22;3;4;1;0;NANI;?;17h14;Cergy le Haut;uic_87382655;?;?;normal;9;0;0;0;0;0 - 0 - 0 - 0 - 0 - 0 - 0 - 0 - 0;0: 9
2020;1;22;3;4;1;0;NANI;?;17h26;Cergy le Haut;uic_87382655;?;?;normal;9;0;60;6;0;0 - 0 - 0 - 0 - 0 - 1 - 0 - 0 - 0;0: 8 - 1: 1
2020;1;22;3;4;1;0;NANI;?;17h39;Cergy le Haut;uic_87382655;?;?;normal;9;0;120;73;60;0 - 0 - 2 - 1 - 1 - 2 - 1 - 2 - 2;0: 2 - 1: 3 - 2: 4
2020;1;22;3;4;1;0;NANI;?;17h51;Cergy le Haut;uic_87382655;?;?;normal;9;0;300;186;240;0 - 1 - 1 - 3 - 4 - 5 - 5 - 4 - 5;0: 1 - 1: 2 - 3: 1 - 4: 2 - 5: 3
2020;1;22;3;4;1;0;NANI;?;18h04;Cergy le Haut;uic_87382655;?;?;normal;9;0;240;139;120;1 - 1 - 2 - 2 - 2 - 3 - 3 - 3 - 4;1: 2 - 2: 3 - 3: 3 - 4: 1
2020;1;22;3;4;1;0;NANI;?;18h16;Cergy le Haut;uic_87382655;?;?;normal;9;0;120;26;0;0 - 0 - 0 - 0 - 0 - 2 - 1 - 0 - 1;0: 6 - 1: 2 - 2: 1
2020;1;22;3;4;1;0;NANI;?;18h29;Cergy le Haut;uic_87382655;?;?;normal;9;0;60;33;60;0 - 0 - 0 - 0 - 1 - 1 - 1 - 1 - 1;0: 4 - 1: 5
2020;1;22;3;4;1;0;NANI;?;18h41;Cergy le Haut;uic_87382655;?;?;normal;9;0;60;6;0;0 - 0 - 0 - 0 - 0 - 1 - 0 - 0 - 0;0: 8 - 1: 1
2020;1;22;3;4;1;0;NANI;?;18h54;Cergy le Haut;uic_87382655;?;?;normal;9;0;120;33;0;0 - 0 - 0 - 0 - 0 - 1 - 1 - 1 - 2;0: 5 - 1: 3 - 2: 1
2020;1;22;3;4;1;0;NANI;?;19h06;Cergy le Haut;uic_87382655;?;?;normal;9;0;60;26;0;0 - 0 - 0 - 0 - 1 - 1 - 1 - 0 - 1;0: 5 - 1: 4
2020;1;22;3;4;1;0;NANI;?;19h20;Cergy le Haut;uic_87382655;?;?;normal;9;0;180;106;120;0 - 0 - 0 - 2 - 3 - 3 - 3 - 3 - 2;0: 3 - 2: 2 - 3: 4
2020;1;22;3;4;1;0;NANI;?;19h39;Cergy le Haut;uic_87382655;?;?;normal;9;0;60;20;0;0 - 0 - 0 - 0 - 1 - 1 - 0 - 0 - 1;0: 6 - 1: 3
2020;1;22;3;4;1;0;NANI;?;20h05;Cergy le Haut;uic_87382655;?;?;normal;9;0;60;6;0;0 - 0 - 0 - 0 - 0 - 1 - 0 - 0 - 0;0: 8 - 1: 1
2020;1;22;3;4;1;0;NANI;?;20h35;Cergy le Haut;uic_87382655;?;?;normal;9;0;1500;480;0;0 - 0 - 0 - 0 - 0 - 0 - 25 - 24 - 23;0: 6 - 23: 1 - 24: 1 - 25: 1
2020;1;22;3;4;1;0;NANI;?;21h05;Cergy le Haut;uic_87382655;?;?;normal;9;0;120;73;60;0 - 0 - 1 - 1 - 1 - 2 - 2 - 2 - 2;0: 2 - 1: 3 - 2: 4
2020;1;22;3;4;1;0;NANI;?;21h33;Cergy le Haut;uic_87382655;?;?;normal;9;0;0;0;0;0 - 0 - 0 - 0 - 0 - 0 - 0 - 0 - 0;0: 9
2020;1;22;3;4;1;0;NATO;?;05h12;Cergy le Haut;uic_87382655;?;?;normal;9;0;180;106;60;0 - 1 - 1 - 1 - 1 - 3 - 3 - 3 - 3;0: 1 - 1: 4 - 3: 4
2020;1;22;3;4;1;0;NATO;?;05h42;Cergy le Haut;uic_87382655;?;?;normal;9;0;60;13;0;1 - 0 - 1 - 0 - 0 - 0 - 0 - 0 - 0;0: 7 - 1: 2
2020;1;22;3;4;1;0;NATO;?;05h57;Cergy le Haut;uic_87382655;?;?;normal;9;0;0;0;0;0 - 0 - 0 - 0 - 0 - 0 - 0 - 0 - 0;0: 9
2020;1;22;3;4;1;0;NATO;?;06h12;Cergy le Haut;uic_87382655;?;?;normal;9;0;180;66;0;0 - 0 - 0 - 0 - 0 - 2 - 2 - 3 - 3;0: 5 - 2: 2 - 3: 2
2020;1;22;3;4;1;0;NATO;?;06h27;Cergy le Haut;uic_87382655;?;?;normal;9;0;120;46;60;0 - 0 - 1 - 0 - 1 - 1 - 1 - 1 - 2;0: 3 - 1: 5 - 2: 1
2020;1;22;3;4;1;0;NATO;?;06h42;Cergy le Haut;uic_87382655;?;?;normal;9;0;180;80;60;0 - 0 - 1 - 1 - 1 - 2 - 2 - 2 - 3;0: 2 - 1: 3 - 2: 3 - 3: 1
2020;1;22;3;4;1;0;NATO;?;06h51;Cergy le Haut;uic_87382655;?;?;normal;9;0;60;13;0;0 - 0 - 0 - 0 - 0 - 0 - 0 - 1 - 1;0: 7 - 1: 2
2020;1;22;3;4;1;0;NATO;?;07h03;Cergy le Haut;uic_87382655;?;?;annule;9;9;0;0;0;;
2020;1;22;3;4;1;0;NATO;?;07h14;Cergy le Haut;uic_87382655;?;?;normal;9;0;120;40;0;0 - 0 - 0 - 0 - 0 - 1 - 1 - 2 - 2;0: 5 - 1: 2 - 2: 2
2020;1;22;3;4;1;0;NATO;?;07h26;Cergy le Haut;uic_87382655;?;?;normal;9;0;120;46;0;0 - 0 - 0 - 0 - 0 - 2 - 1 - 2 - 2;0: 5 - 1: 1 - 2: 3
2020;1;22;3;4;1;0;NATO;?;07h38;Cergy le Haut;uic_87382655;?;?;normal;9;0;60;6;0;0 - 0 - 0 - 0 - 0 - 0 - 0 - 0 - 1;0: 8 - 1: 1
2020;1;22;3;4;1;0;NATO;?;07h49;Cergy le Haut;uic_87382655;?;?;normal;9;0;180;66;0;0 - 0 - 0 - 0 - 0 - 2 - 2 - 3 - 3;0: 5 - 2: 2 - 3: 2
2020;1;22;3;4;1;0;NATO;?;08h01;Cergy le Haut;uic_87382655;?;?;normal;9;0;660;153;0;0 - 0 - 0 - 0 - 0 - 1 - 1 - 11 - 10;0: 5 - 1: 2 - 10: 1 - 11: 1
2020;1;22;3;4;1;0;NATO;?;08h13;Cergy le Haut;uic_87382655;?;?;normal;9;0;960;346;0;0 - 0 - 0 - 0 - 0 - 6 - 14 - 16 - 16;0: 5 - 6: 1 - 14: 1 - 16: 2
2020;1;22;3;4;1;0;NATO;?;08h24;Cergy le Haut;uic_87382655;?;?;normal;9;0;480;186;0;0 - 0 - 0 - 0 - 0 - 6 - 6 - 8 - 8;0: 5 - 6: 2 - 8: 2
2020;1;22;3;4;1;0;NATO;?;08h36;Cergy le Haut;uic_87382655;?;?;normal;9;0;420;180;60;0 - 0 - 0 - 1 - 1 - 6 - 6 - 7 - 6;0: 3 - 1: 2 - 6: 3 - 7: 1
2020;1;22;3;4;1;0;NATO;?;08h48;Cergy le Haut;uic_87382655;?;?;annule_partiellement;9;4;60;24;0;0 - 0 - 1 - 0 - 1 - / - / - / - /;0: 3 - 1: 2
2020;1;22;3;4;1;0;NATO;?;09h03;Cergy le Haut;uic_87382655;?;?;normal;9;0;360;139;0;0 - 0 - 0 - 0 - 0 - 3 - 6 - 6 - 6;0: 5 - 3: 1 - 6: 3
2020;1;22;3;4;1;0;NATO;?;09h14;Cergy le Haut;uic_87382655;?;?;normal;9;0;240;133;120;0 - 2 - 1 - 1 - 1 - 4 - 4 - 3 - 4;0: 1 - 1: 3 - 2: 1 - 3: 1 - 4: 3
2020;1;22;3;4;1;0;NATO;?;09h23;Cergy le Haut;uic_87382655;?;?;normal;9;0;0;0;0;0 - 0 - 0 - 0 - 0 - 0 - 0 - 0 - 0;0: 9
2020;1;22;3;4;1;0;NATO;?;09h33;Cergy le Haut;uic_87382655;?;?;normal;9;0;0;0;0;0 - 0 - 0 - 0 - 0 - 0 - 0 - 0 - 0;0: 9
2020;1;22;3;4;1;0;NATO;?;09h47;Cergy le Haut;uic_87382655;?;?;normal;9;0;60;6;0;0 - 0 - 1 - 0 - 0 - 0 - 0 - 0 - 0;0: 8 - 1: 1
2020;1;22;3;4;1;0;NATO;?;09h55;Cergy le Haut;uic_87382655;?;?;normal;9;0;120;33;0;0 - 0 - 0 - 0 - 0 - 2 - 1 - 1 - 1;0: 5 - 1: 3 - 2: 1
2020;1;22;3;4;1;0;NATO;?;10h07;Cergy le Haut;uic_87382655;?;?;normal;9;0;180;80;0;0 - 0 - 0 - 0 - 0 - 3 - 3 - 3 - 3;0: 5 - 3: 4
2020;1;22;3;4;1;0;NATO;?;10h13;Cergy le Haut;uic_87382655;?;?;normal;9;0;120;33;0;0 - 0 - 0 - 0 - 0 - 2 - 1 - 2 - 0;0: 6 - 1: 1 - 2: 2
2020;1;22;3;4;1;0;NATO;?;10h23;Cergy le Haut;uic_87382655;?;?;normal;9;0;780;353;60;0 - 0 - 1 - 1 - 1 - 13 - 12 - 12 - 13;0: 2 - 1: 3 - 12: 2 - 13: 2
2020;1;22;3;4;1;0;NATO;?;10h33;Cergy le Haut;uic_87382655;?;?;normal;9;0;660;279;0;0 - 0 - 0 - 0 - 0 - 11 - 11 - 11 - 9;0: 5 - 9: 1 - 11: 3
2020;1;22;3;4;1;0;NATO;?;10h43;Cergy le Haut;uic_87382655;?;?;normal;9;0;300;133;0;0 - 0 - 0 - 0 - 0 - 5 - 5 - 5 - 5;0: 5 - 5: 4
2020;1;22;3;4;1;0;NATO;?;10h53;Cergy le Haut;uic_87382655;?;?;normal;9;0;300;106;0;0 - 0 - 0 - 0 - 0 - 5 - 5 - 4 - 2;0: 5 - 2: 1 - 4: 1 - 5: 2
2020;1;22;3;4;1;0;NATO;?;11h03;Cergy le Haut;uic_87382655;?;?;annule_partiellement;9;4;60;36;60;0 - 0 - 1 - 1 - 1 - / - / - / - /;0: 2 - 1: 3
2020;1;22;3;4;1;0;NATO;?;11h13;Cergy le Haut;uic_87382655;?;?;annule_partiellement;9;5;1860;750;390;6 - 6 - 7 - 31 - / - / - / - / - /;6: 2 - 7: 1 - 31: 1
2020;1;22;3;4;1;0;NATO;?;11h23;Cergy le Haut;uic_87382655;?;?;annule;9;9;0;0;0;;
2020;1;22;3;4;1;0;NATO;?;11h33;Cergy le Haut;uic_87382655;?;?;normal;9;0;1320;679;360;0 - 2 - 4 - 5 - 6 - 22 - 21 - 22 - 20;0: 1 - 2: 1 - 4: 1 - 5: 1 - 6: 1 - 20: 1 - 21: 1 - 22: 2
2020;1;22;3;4;1;0;NATO;?;11h43;Cergy le Haut;uic_87382655;?;?;annule;9;9;0;0;0;;
2020;1;22;3;4;1;0;NATO;?;11h53;Cergy le Haut;uic_87382655;?;?;annule;9;9;0;0;0;;
2020;1;22;3;4;1;0;NATO;?;12h03;Cergy le Haut;uic_87382655;?;?;annule;9;9;0;0;0;;
2020;1;22;3;4;1;0;NATO;?;12h13;Cergy le Haut;uic_87382655;?;?;normal;9;0;720;346;120;2 - 2 - 2 - 2 - 1 - 12 - 11 - 11 - 9;1: 1 - 2: 4 - 9: 1 - 11: 2 - 12: 1
2020;1;22;3;4;1;0;NATO;?;12h23;Cergy le Haut;uic_87382655;?;?;normal;9;0;2520;1119;60;0 - 0 - 1 - 0 - 1 - 41 - 41 - 42 - 42;0: 3 - 1: 2 - 41: 2 - 42: 2
2020;1;22;3;4;1;0;NATO;?;12h33;Cergy le Haut;uic_87382655;?;?;annule;9;9;0;0;0;;
2020;1;22;3;4;1;0;NATO;?;12h43;Cergy le Haut;uic_87382655;?;?;normal;9;0;1140;640;720;0 - 0 - 3 - 7 - 12 - 18 - 18 - 19 - 19;0: 2 - 3: 1 - 7: 1 - 12: 1 - 18: 2 - 19: 2
2020;1;22;3;4;1;0;NATO;?;12h53;Cergy le Haut;uic_87382655;?;?;annule;9;9;0;0;0;;
2020;1;22;3;4;1;0;NATO;?;13h03;Cergy le Haut;uic_87382655;?;?;annule;9;9;0;0;0;;
2020;1;22;3;4;1;0;NATO;?;13h13;Cergy le Haut;uic_87382655;?;?;normal;9;0;60;20;0;0 - 0 - 1 - 1 - 0 - 1 - 0 - 0 - 0;0: 6 - 1: 3
2020;1;22;3;4;1;0;NATO;?;13h23;Cergy le Haut;uic_87382655;?;?;normal;9;0;0;0;0;0 - 0 - 0 - 0 - 0 - 0 - 0 - 0 - 0;0: 9
2020;1;22;3;4;1;0;NATO;?;13h33;Cergy le Haut;uic_87382655;?;?;normal;9;0;120;66;60;2 - 1 - 2 - 1 - 1 - 1 - 1 - 1 - 0;0: 1 - 1: 6 - 2: 2
2020;1;22;3;4;1;0;NATO;?;13h43;Cergy le Haut;uic_87382655;?;?;normal;9;0;0;0;0;0 - 0 - 0 - 0 - 0 - 0 - 0 - 0 - 0;0: 9
2020;1;22;3;4;1;0;NATO;?;13h53;Cergy le Haut;uic_87382655;?;?;normal;9;0;300;99;0;0 - 0 - 0 - 0 - 0 - 5 - 4 - 4 - 2;0: 5 - 2: 1 - 4: 2 - 5: 1
2020;1;22;3;4;1;0;NATO;?;14h03;Cergy le Haut;uic_87382655;?;?;normal;9;0;60;6;0;0 - 0 - 0 - 0 - 0 - 1 - 0 - 0 - 0;0: 8 - 1: 1
2020;1;22;3;4;1;0;NOTE;?;05h40;Poissy;uic_87386573;?;?;normal;5;0;60;12;0;0 - 1 - 0 - 0 - 0;0: 4 - 1: 1
2020;1;22;3;4;1;0;NOTE;?;06h00;Poissy;uic_87386573;?;?;normal;5;0;0;0;0;0 - 0 - 0 - 0 - 0;0: 5
2020;1;22;3;4;1;0;NOTE;?;06h15;Poissy;uic_87386573;?;?;normal;5;0;0;0;0;0 - 0 - 0 - 0 - 0;0: 5
2020;1;22;3;4;1;0;NOTE;?;06h30;Poissy;uic_87386573;?;?;normal;5;0;120;72;60;1 - 1 - 1 - 1 - 2;1: 4 - 2: 1
2020;1;22;3;4;1;0;NOTE;?;06h45;Poissy;uic_87386573;?;?;normal;5;0;60;60;60;1 - 1 - 1 - 1 - 1;1: 5
2020;1;22;3;4;1;0;NOTE;?;06h59;Poissy;uic_87386573;?;?;normal;5;0;120;48;60;0 - 1 - 0 - 2 - 1;0: 2 - 1: 2 - 2: 1
2020;1;22;3;4;1;0;NOTE;?;07h13;Poissy;uic_87386573;?;?;normal;5;0;180;155;180;3 - 3 - 3 - 2 - 2;2: 2 - 3: 3
2020;1;22;3;4;1;0;NOTE;?;07h25;Poissy;uic_87386573;?;?;normal;5;0;240;192;180;2 - 4 - 3 - 4 - 3;2: 1 - 3: 2 - 4: 2
2020;1;22;3;4;1;0;NOTE;?;07h37;Poissy;uic_87386573;?;?;normal;5;0;180;96;60;1 - 1 - 0 - 3 - 3;0: 1 - 1: 2 - 3: 2
2020;1;22;3;4;1;0;NOTE;?;07h47;Poissy;uic_87386573;?;?;normal;5;0;540;431;420;7 - 6 - 6 - 8 - 9;6: 2 - 7: 1 - 8: 1 - 9: 1
2020;1;22;3;4;1;0;NOTE;?;07h59;Poissy;uic_87386573;?;?;normal;5;0;300;167;120;1 - 2 - 2 - 5 - 4;1: 1 - 2: 2 - 4: 1 - 5: 1
2020;1;22;3;4;1;0;NOTE;?;08h11;Poissy;uic_87386573;?;?;normal;5;0;600;204;120;1 - 1 - 2 - 3 - 10;1: 2 - 2: 1 - 3: 1 - 10: 1
2020;1;22;3;4;1;0;NOTE;?;08h22;Poissy;uic_87386573;?;?;normal;5;0;960;551;480;1 - 5 - 8 - 16 - 16;1: 1 - 5: 1 - 8: 1 - 16: 2
2020;1;22;3;4;1;0;NOTE;?;08h34;Poissy;uic_87386573;?;?;annule;5;5;0;0;0;;
2020;1;22;3;4;1;0;NOTE;?;08h46;Poissy;uic_87386573;?;?;normal;5;0;480;348;420;1 - 5 - 7 - 8 - 8;1: 1 - 5: 1 - 7: 1 - 8: 2
2020;1;22;3;4;1;0;NOTE;?;08h57;Poissy;uic_87386573;?;?;normal;5;0;600;384;420;0 - 6 - 7 - 9 - 10;0: 1 - 6: 1 - 7: 1 - 9: 1 - 10: 1
2020;1;22;3;4;1;0;NOTE;?;09h09;Poissy;uic_87386573;?;?;normal;5;0;120;72;60;0 - 2 - 2 - 1 - 1;0: 1 - 1: 2 - 2: 2
2020;1;22;3;4;1;0;NOTE;?;16h42;Poissy;uic_87386573;?;?;normal;5;0;0;0;0;0 - 0 - 0 - 0 - 0;0: 5
2020;1;22;3;4;1;0;NOTE;?;16h54;Poissy;uic_87386573;?;?;normal;5;0;0;0;0;0 - 0 - 0 - 0 - 0;0: 5
2020;1;22;3;4;1;0;NOTE;?;17h05;Poissy;uic_87386573;?;?;normal;5;0;60;12;0;0 - 1 - 0 - 0 - 0;0: 4 - 1: 1
2020;1;22;3;4;1;0;NOTE;?;17h19;Poissy;uic_87386573;?;?;normal;5;0;120;72;60;1 - 2 - 1 - 1 - 1;1: 4 - 2: 1
2020;1;22;3;4;1;0;NOTE;?;17h32;Poissy;uic_87386573;?;?;normal;5;0;0;0;0;0 - 0 - 0 - 0 - 0;0: 5
2020;1;22;3;4;1;0;NOTE;?;17h44;Poissy;uic_87386573;?;?;normal;5;0;60;12;0;1 - 0 - 0 - 0 - 0;0: 4 - 1: 1
2020;1;22;3;4;1;0;NOTE;?;17h57;Poissy;uic_87386573;?;?;normal;5;0;120;36;0;0 - 2 - 0 - 0 - 1;0: 3 - 1: 1 - 2: 1
2020;1;22;3;4;1;0;NOTE;?;18h09;Poissy;uic_87386573;?;?;normal;5;0;300;204;240;1 - 3 - 4 - 4 - 5;1: 1 - 3: 1 - 4: 2 - 5: 1
2020;1;22;3;4;1;0;NOTE;?;18h22;Poissy;uic_87386573;?;?;normal;5;0;180;83;60;0 - 3 - 1 - 1 - 2;0: 1 - 1: 2 - 2: 1 - 3: 1
2020;1;22;3;4;1;0;NOTE;?;18h34;Poissy;uic_87386573;?;?;normal;5;0;0;0;0;0 - 0 - 0 - 0 - 0;0: 5
2020;1;22;3;4;1;0;NOTE;?;18h47;Poissy;uic_87386573;?;?;normal;5;0;120;72;60;1 - 2 - 1 - 1 - 1;1: 4 - 2: 1
2020;1;22;3;4;1;0;NOTE;?;18h59;Poissy;uic_87386573;?;?;normal;5;0;240;180;180;2 - 3 - 3 - 3 - 4;2: 1 - 3: 3 - 4: 1
2020;1;22;3;4;1;0;NOTE;?;19h12;Poissy;uic_87386573;?;?;normal;5;0;60;12;0;0 - 1 - 0 - 0 - 0;0: 4 - 1: 1
2020;1;22;3;4;1;0;NOTE;?;19h24;Poissy;uic_87386573;?;?;normal;5;0;60;48;60;1 - 1 - 0 - 1 - 1;0: 1 - 1: 4
2020;1;22;3;4;1;0;NOTE;?;19h39;Poissy;uic_87386573;?;?;normal;5;0;120;72;60;2 - 2 - 1 - 1 - 0;0: 1 - 1: 2 - 2: 2
2020;1;22;3;4;1;0;NOTE;?;20h04;Poissy;uic_87386573;?;?;normal;5;0;0;0;0;0 - 0 - 0 - 0 - 0;0: 5
2020;1;22;3;4;1;0;NOTE;?;20h34;Poissy;uic_87386573;?;?;normal;5;0;0;0;0;0 - 0 - 0 - 0 - 0;0: 5
2020;1;22;3;4;1;0;NOTE;?;21h03;Poissy;uic_87386573;?;?;normal;5;0;180;107;120;0 - 3 - 2 - 2 - 2;0: 1 - 2: 3 - 3: 1
2020;1;22;3;4;1;0;NOTE;?;21h35;Poissy;uic_87386573;?;?;normal;5;0;300;275;300;4 - 4 - 5 - 5 - 5;4: 2 - 5: 3
2020;1;22;3;4;1;0;NOTE;?;22h03;Poissy;uic_87386573;?;?;normal;5;0;120;83;60;2 - 2 - 1 - 1 - 1;1: 3 - 2: 2
2020;1;22;3;4;1;0;NOTE;?;22h33;Poissy;uic_87386573;?;?;normal;5;0;60;24;0;1 - 1 - 0 - 0 - 0;0: 3 - 1: 2
2020;1;22;3;4;1;0;NOTE;?;23h03;Poissy;uic_87386573;?;?;normal;5;0;0;0;0;0 - 0 - 0 - 0 - 0;0: 5
2020;1;22;3;4;1;0;NOTE;?;23h33;Poissy;uic_87386573;?;?;normal;5;0;0;0;0;0 - 0 - 0 - 0 - 0;0: 5
2020;1;22;3;4;1;0;OKLA;?;09h20;Poissy;uic_87386573;?;?;normal;5;0;300;180;300;0 - 0 - 5 - 5 - 5;0: 2 - 5: 3
2020;1;22;3;4;1;0;OKLA;?;09h40;Poissy;uic_87386573;?;?;normal;5;0;540;516;540;8 - 8 - 9 - 9 - 9;8: 2 - 9: 3
2020;1;22;3;4;1;0;OKLA;?;09h55;Poissy;uic_87386573;?;?;normal;5;0;0;0;0;0 - 0 - 0 - 0 - 0;0: 5
2020;1;22;3;4;1;0;OKLA;?;10h16;Poissy;uic_87386573;?;?;normal;5;0;180;180;180;3 - 3 - 3 - 3 - 3;3: 5
2020;1;22;3;4;1;0;OKLA;?;10h40;Poissy;uic_87386573;?;?;normal;5;0;120;83;120;0 - 1 - 2 - 2 - 2;0: 1 - 1: 1 - 2: 3
2020;1;22;3;4;1;0;OKLA;?;11h00;Poissy;uic_87386573;?;?;normal;5;0;240;120;60;1 - 1 - 1 - 4 - 3;1: 3 - 3: 1 - 4: 1
2020;1;22;3;4;1;0;OKLA;?;11h20;Poissy;uic_87386573;?;?;normal;5;0;600;468;600;0 - 10 - 9 - 10 - 10;0: 1 - 9: 1 - 10: 3
2020;1;22;3;4;1;0;OKLA;?;11h40;Poissy;uic_87386573;?;?;normal;5;0;180;144;120;2 - 3 - 3 - 2 - 2;2: 3 - 3: 2
2020;1;22;3;4;1;0;OKLA;?;12h00;Poissy;uic_87386573;?;?;normal;5;0;660;611;660;8 - 10 - 11 - 11 - 11;8: 1 - 10: 1 - 11: 3
2020;1;22;3;4;1;0;OKLA;?;12h20;Poissy;uic_87386573;?;?;normal;5;0;180;144;180;1 - 3 - 2 - 3 - 3;1: 1 - 2: 1 - 3: 3
2020;1;22;3;4;1;0;OKLA;?;12h40;Poissy;uic_87386573;?;?;normal;5;0;60;48;60;0 - 1 - 1 - 1 - 1;0: 1 - 1: 4
2020;1;22;3;4;1;0;OKLA;?;13h00;Poissy;uic_87386573;?;?;normal;5;0;180;132;120;1 - 2 - 3 - 3 - 2;1: 1 - 2: 2 - 3: 2
2020;1;22;3;4;1;0;OKLA;?;13h20;Poissy;uic_87386573;?;?;normal;5;0;180;144;120;3 - 3 - 2 - 2 - 2;2: 3 - 3: 2
2020;1;22;3;4;1;0;OKLA;?;13h40;Poissy;uic_87386573;?;?;normal;5;0;60;24;0;1 - 1 - 0 - 0 - 0;0: 3 - 1: 2
2020;1;22;3;4;1;0;OKLA;?;14h00;Poissy;uic_87386573;?;?;normal;5;0;420;384;360;7 - 7 - 6 - 6 - 6;6: 3 - 7: 2
2020;1;22;3;4;1;0;OKLA;?;14h20;Poissy;uic_87386573;?;?;normal;5;0;120;120;120;2 - 2 - 2 - 2 - 2;2: 5
2020;1;22;3;4;1;0;OKRE;?;14h40;Poissy;uic_87386573;?;?;normal;5;0;240;167;180;1 - 4 - 3 - 3 - 3;1: 1 - 3: 3 - 4: 1
2020;1;22;3;4;1;0;OKRE;?;15h00;Poissy;uic_87386573;?;?;normal;5;0;60;12;0;0 - 0 - 0 - 0 - 1;0: 4 - 1: 1
2020;1;22;3;4;1;0;OKRE;?;15h20;Poissy;uic_87386573;?;?;normal;5;0;0;0;0;0 - 0 - 0 - 0 - 0;0: 5
2020;1;22;3;4;1;0;OKRE;?;15h40;Poissy;uic_87386573;?;?;normal;5;0;60;60;60;1 - 1 - 1 - 1 - 1;1: 5
2020;1;22;3;4;1;0;OKRE;?;16h00;Poissy;uic_87386573;?;?;normal;5;0;60;12;0;0 - 0 - 0 - 0 - 1;0: 4 - 1: 1
2020;1;22;3;4;1;0;OKRE;?;16h20;Poissy;uic_87386573;?;?;normal;5;0;240;144;120;0 - 2 - 2 - 4 - 4;0: 1 - 2: 2 - 4: 2
2020;1;22;3;4;1;0;OPEN;?;04h42;Cergy le Haut;uic_87382655;?;?;normal;9;0;0;0;0;0 - 0 - 0 - 0 - 0 - 0 - 0 - 0 - 0;0: 9
2020;1;22;3;4;1;0;OPUS;?;00h28;Sartrouville;uic_87386417;?;?;normal;2;0;60;30;30;0 - 1;0: 1 - 1: 1
2020;1;22;3;4;1;0;OPUS;?;23h58;Sartrouville;uic_87386417;?;?;normal;2;0;0;0;0;0 - 0;0: 2
2020;1;22;3;4;1;0;QURI;?;00h05;Poissy;uic_87386573;?;?;normal;5;0;60;24;0;1 - 1 - 0 - 0 - 0;0: 3 - 1: 2
2020;1;22;3;4;1;0;QURI;?;05h10;Poissy;uic_87386573;?;?;normal;5;0;0;0;0;0 - 0 - 0 - 0 - 0;0: 5
2020;1;22;3;4;1;0;TAPI;?;00h31;Houilles - Carrières-sur-Seine;uic_87386409;?;?;normal;4;0;60;45;1;0 - 1 - 1 - 1;0: 1 - 1: 3
2020;1;22;3;4;1;0;TAXE;?;00h03;Houilles - Carrières-sur-Seine;uic_87386409;?;?;normal;4;0;60;15;0;0 - 1 - 0 - 0;0: 3 - 1: 1
2020;1;22;3;4;1;0;TAXE;?;06h35;Houilles - Carrières-sur-Seine;uic_87386409;?;?;normal;4;0;180;120;2;1 - 2 - 2 - 3;1: 1 - 2: 2 - 3: 1
2020;1;22;3;4;1;0;TAXE;?;07h06;Houilles - Carrières-sur-Seine;uic_87386409;?;?;normal;4;0;300;270;270;4 - 5 - 5 - 4;4: 2 - 5: 2
2020;1;22;3;4;1;0;TAXE;?;07h21;Houilles - Carrières-sur-Seine;uic_87386409;?;?;normal;4;0;60;30;30;0 - 1 - 1 - 0;0: 2 - 1: 2
2020;1;22;3;4;1;0;TAXE;?;07h37;Houilles - Carrières-sur-Seine;uic_87386409;?;?;normal;4;0;0;0;0;0 - 0 - 0 - 0;0: 4
2020;1;22;3;4;1;0;TAXE;?;07h50;Houilles - Carrières-sur-Seine;uic_87386409;?;?;normal;4;0;60;30;30;0 - 1 - 1 - 0;0: 2 - 1: 2
2020;1;22;3;4;1;0;TAXE;?;08h01;Houilles - Carrières-sur-Seine;uic_87386409;?;?;normal;4;0;300;240;270;4 - 5 - 5 - 2;2: 1 - 4: 1 - 5: 2
2020;1;22;3;4;1;0;TAXE;?;08h13;Houilles - Carrières-sur-Seine;uic_87386409;?;?;normal;4;0;240;180;3;3 - 4 - 3 - 2;2: 1 - 3: 2 - 4: 1
2020;1;22;3;4;1;0;TAXE;?;08h25;Houilles - Carrières-sur-Seine;uic_87386409;?;?;normal;4;0;360;330;330;5 - 6 - 6 - 5;5: 2 - 6: 2
2020;1;22;3;4;1;0;TAXE;?;08h36;Houilles - Carrières-sur-Seine;uic_87386409;?;?;normal;4;0;360;300;330;5 - 6 - 6 - 3;3: 1 - 5: 1 - 6: 2
2020;1;22;3;4;1;0;TAXE;?;08h48;Houilles - Carrières-sur-Seine;uic_87386409;?;?;normal;4;0;420;345;6;6 - 7 - 6 - 4;4: 1 - 6: 2 - 7: 1
2020;1;22;3;4;1;0;TAXE;?;09h00;Houilles - Carrières-sur-Seine;uic_87386409;?;?;normal;4;0;420;390;390;6 - 7 - 7 - 6;6: 2 - 7: 2
2020;1;22;3;4;1;0;TAXE;?;09h11;Houilles - Carrières-sur-Seine;uic_87386409;?;?;normal;4;0;240;195;210;3 - 4 - 4 - 2;2: 1 - 3: 1 - 4: 2
2020;1;22;3;4;1;0;TAXE;?;09h23;Houilles - Carrières-sur-Seine;uic_87386409;?;?;normal;4;0;60;60;1;1 - 1 - 1 - 1;1: 4
2020;1;22;3;4;1;0;TAXE;?;09h35;Houilles - Carrières-sur-Seine;uic_87386409;?;?;normal;4;0;180;165;3;2 - 3 - 3 - 3;2: 1 - 3: 3
2020;1;22;3;4;1;0;TAXE;?;09h46;Houilles - Carrières-sur-Seine;uic_87386409;?;?;normal;4;0;120;75;90;1 - 2 - 2 - 0;0: 1 - 1: 1 - 2: 2
2020;1;22;3;4;1;0;TAXE;?;09h58;Houilles - Carrières-sur-Seine;uic_87386409;?;?;normal;4;0;360;315;5;5 - 5 - 6 - 5;5: 3 - 6: 1
2020;1;22;3;4;1;0;TAXE;?;17h14;Houilles - Carrières-sur-Seine;uic_87386409;?;?;normal;4;0;60;30;30;0 - 1 - 1 - 0;0: 2 - 1: 2
2020;1;22;3;4;1;0;TAXE;?;17h26;Houilles - Carrières-sur-Seine;uic_87386409;?;?;normal;4;0;0;0;0;0 - 0 - 0 - 0;0: 4
2020;1;22;3;4;1;0;TAXE;?;17h39;Houilles - Carrières-sur-Seine;uic_87386409;?;?;normal;4;0;60;15;0;0 - 1 - 0 - 0;0: 3 - 1: 1
2020;1;22;3;4;1;0;TAXE;?;17h51;Houilles - Carrières-sur-Seine;uic_87386409;?;?;normal;4;0;120;75;90;1 - 2 - 2 - 0;0: 1 - 1: 1 - 2: 2
2020;1;22;3;4;1;0;TAXE;?;18h04;Houilles - Carrières-sur-Seine;uic_87386409;?;?;normal;4;0;60;15;0;0 - 1 - 0 - 0;0: 3 - 1: 1
2020;1;22;3;4;1;0;TAXE;?;18h16;Houilles - Carrières-sur-Seine;uic_87386409;?;?;normal;4;0;120;60;1;1 - 2 - 1 - 0;0: 1 - 1: 2 - 2: 1
2020;1;22;3;4;1;0;TAXE;?;18h29;Houilles - Carrières-sur-Seine;uic_87386409;?;?;normal;4;0;240;195;210;2 - 4 - 4 - 3;2: 1 - 3: 1 - 4: 2
2020;1;22;3;4;1;0;TAXE;?;18h41;Houilles - Carrières-sur-Seine;uic_87386409;?;?;normal;4;0;180;135;150;1 - 3 - 3 - 2;1: 1 - 2: 1 - 3: 2
2020;1;22;3;4;1;0;TAXE;?;18h54;Houilles - Carrières-sur-Seine;uic_87386409;?;?;normal;4;0;420;405;7;6 - 7 - 7 - 7;6: 1 - 7: 3
2020;1;22;3;4;1;0;TAXE;?;19h06;Houilles - Carrières-sur-Seine;uic_87386409;?;?;normal;4;0;540;525;9;8 - 9 - 9 - 9;8: 1 - 9: 3
2020;1;22;3;4;1;0;TAXE;?;19h19;Houilles - Carrières-sur-Seine;uic_87386409;?;?;normal;4;0;420;375;390;6 - 7 - 7 - 5;5: 1 - 6: 1 - 7: 2
2020;1;22;3;4;1;0;TAXE;?;19h31;Houilles - Carrières-sur-Seine;uic_87386409;?;?;normal;4;0;420;360;6;5 - 7 - 7 - 5;5: 2 - 7: 2
2020;1;22;3;4;1;0;TAXE;?;19h44;Houilles - Carrières-sur-Seine;uic_87386409;?;?;normal;4;0;120;75;90;1 - 2 - 2 - 0;0: 1 - 1: 1 - 2: 2
2020;1;22;3;4;1;0;TAXE;?;19h56;Houilles - Carrières-sur-Seine;uic_87386409;?;?;normal;4;0;180;135;150;2 - 3 - 3 - 1;1: 1 - 2: 1 - 3: 2
2020;1;22;3;4;1;0;TAXE;?;20h17;Houilles - Carrières-sur-Seine;uic_87386409;?;?;normal;4;0;240;180;3;3 - 4 - 3 - 2;2: 1 - 3: 2 - 4: 1
2020;1;22;3;4;1;0;TAXE;?;20h38;Houilles - Carrières-sur-Seine;uic_87386409;?;?;normal;4;0;180;150;150;3 - 3 - 2 - 2;2: 2 - 3: 2
2020;1;22;3;4;1;0;TAXE;?;20h58;Houilles - Carrières-sur-Seine;uic_87386409;?;?;normal;4;0;180;165;3;2 - 3 - 3 - 3;2: 1 - 3: 3
2020;1;22;3;4;1;0;TAXE;?;21h19;Houilles - Carrières-sur-Seine;uic_87386409;?;?;normal;4;0;300;195;210;1 - 4 - 5 - 3;1: 1 - 3: 1 - 4: 1 - 5: 1
2020;1;22;3;4;1;0;TAXE;?;21h38;Houilles - Carrières-sur-Seine;uic_87386409;?;?;normal;4;0;600;555;570;9 - 10 - 10 - 8;8: 1 - 9: 1 - 10: 2
2020;1;22;3;4;1;0;TAXE;?;22h03;Houilles - Carrières-sur-Seine;uic_87386409;?;?;normal;4;0;720;675;690;10 - 12 - 12 - 11;10: 1 - 11: 1 - 12: 2
2020;1;22;3;4;1;0;TAXE;?;22h33;Houilles - Carrières-sur-Seine;uic_87386409;?;?;normal;4;0;120;60;1;1 - 2 - 1 - 0;0: 1 - 1: 2 - 2: 1
2020;1;22;3;4;1;0;TAXE;?;23h03;Houilles - Carrières-sur-Seine;uic_87386409;?;?;normal;4;0;180;165;3;2 - 3 - 3 - 3;2: 1 - 3: 3
2020;1;22;3;4;1;0;TAXE;?;23h33;Houilles - Carrières-sur-Seine;uic_87386409;?;?;normal;4;0;120;120;2;2 - 2 - 2 - 2;2: 4
2020;1;22;3;4;1;0;TEDI;?;00h58;Houilles - Carrières-sur-Seine;uic_87386409;?;?;normal;4;0;120;90;90;1 - 2 - 2 - 1;1: 2 - 2: 2
2020;1;22;3;4;1;0;TEDI;?;06h11;Houilles - Carrières-sur-Seine;uic_87386409;?;?;annule;4;4;0;0;0;;
2020;1;22;3;4;1;0;TRAM;?;15h53;Houilles - Carrières-sur-Seine;uic_87386409;?;?;normal;4;0;60;45;1;1 - 1 - 1 - 0;0: 1 - 1: 3
2020;1;22;3;4;1;0;TRAM;?;16h13;Houilles - Carrières-sur-Seine;uic_87386409;?;?;normal;4;0;0;0;0;0 - 0 - 0 - 0;0: 4
2020;1;22;3;4;1;0;TRAM;?;16h33;Houilles - Carrières-sur-Seine;uic_87386409;?;?;normal;4;0;60;15;0;0 - 1 - 0 - 0;0: 3 - 1: 1
2020;1;22;3;4;1;0;TRAM;?;16h54;Houilles - Carrières-sur-Seine;uic_87386409;?;?;normal;4;0;0;0;0;0 - 0 - 0 - 0;0: 4
2020;1;22;3;4;1;0;TROC;?;06h52;Houilles - Carrières-sur-Seine;uic_87386409;?;?;normal;4;0;540;495;510;8 - 9 - 9 - 7;7: 1 - 8: 1 - 9: 2
2020;1;22;3;4;1;0;TROC;?;10h13;Houilles - Carrières-sur-Seine;uic_87386409;?;?;normal;4;0;540;525;9;9 - 9 - 9 - 8;8: 1 - 9: 3
2020;1;22;3;4;1;0;TROC;?;10h33;Houilles - Carrières-sur-Seine;uic_87386409;?;?;normal;4;0;300;240;4;4 - 5 - 4 - 3;3: 1 - 4: 2 - 5: 1
2020;1;22;3;4;1;0;TROC;?;10h53;Houilles - Carrières-sur-Seine;uic_87386409;?;?;normal;4;0;540;495;8;9 - 8 - 8 - 8;8: 3 - 9: 1
2020;1;22;3;4;1;0;TROC;?;11h13;Houilles - Carrières-sur-Seine;uic_87386409;?;?;annule;4;4;0;0;0;;
2020;1;22;3;4;1;0;TROC;?;11h33;Houilles - Carrières-sur-Seine;uic_87386409;?;?;normal;4;0;540;525;9;9 - 9 - 9 - 8;8: 1 - 9: 3
2020;1;22;3;4;1;0;TROC;?;11h53;Houilles - Carrières-sur-Seine;uic_87386409;?;?;normal;4;0;360;315;330;4 - 6 - 6 - 5;4: 1 - 5: 1 - 6: 2
2020;1;22;3;4;1;0;TROC;?;12h13;Houilles - Carrières-sur-Seine;uic_87386409;?;?;normal;4;0;60;45;1;1 - 1 - 1 - 0;0: 1 - 1: 3
2020;1;22;3;4;1;0;TROC;?;12h33;Houilles - Carrières-sur-Seine;uic_87386409;?;?;normal;4;0;0;0;0;0 - 0 - 0 - 0;0: 4
2020;1;22;3;4;1;0;TROC;?;12h53;Houilles - Carrières-sur-Seine;uic_87386409;?;?;normal;4;0;960;900;15;15 - 16 - 15 - 14;14: 1 - 15: 2 - 16: 1
2020;1;22;3;4;1;0;TROC;?;13h13;Houilles - Carrières-sur-Seine;uic_87386409;?;?;normal;4;0;360;195;150;2 - 3 - 2 - 6;2: 2 - 3: 1 - 6: 1
2020;1;22;3;4;1;0;TROC;?;13h33;Houilles - Carrières-sur-Seine;uic_87386409;?;?;normal;4;0;480;480;8;8 - 8 - 8 - 8;8: 4
2020;1;22;3;4;1;0;TROC;?;13h53;Houilles - Carrières-sur-Seine;uic_87386409;?;?;normal;4;0;540;180;1;1 - 1 - 1 - 9;1: 3 - 9: 1
2020;1;22;3;4;1;0;TROC;?;14h13;Houilles - Carrières-sur-Seine;uic_87386409;?;?;normal;4;0;60;30;30;0 - 1 - 1 - 0;0: 2 - 1: 2
2020;1;22;3;4;1;0;TROC;?;14h33;Houilles - Carrières-sur-Seine;uic_87386409;?;?;normal;4;0;0;0;0;0 - 0 - 0 - 0;0: 4
2020;1;22;3;4;1;0;TROC;?;14h53;Houilles - Carrières-sur-Seine;uic_87386409;?;?;normal;4;0;0;0;0;0 - 0 - 0 - 0;0: 4
2020;1;22;3;4;1;0;TROC;?;15h13;Houilles - Carrières-sur-Seine;uic_87386409;?;?;normal;4;0;60;30;30;0 - 1 - 1 - 0;0: 2 - 1: 2
2020;1;22;3;4;1;0;TROC;?;15h33;Houilles - Carrières-sur-Seine;uic_87386409;?;?;normal;4;0;0;0;0;0 - 0 - 0 - 0;0: 4
2020;1;22;3;4;1;0;UBAL;?;05h56;Houilles - Carrières-sur-Seine;uic_87386409;?;?;normal;8;0;540;510;9;7 - 7 - 9 - 9 - 9 - 9 - 9 - 9;7: 2 - 9: 6
2020;1;22;3;4;1;0;UZAR;?;06h23;Houilles - Carrières-sur-Seine;uic_87386409;?;?;normal;8;0;600;510;9;5 - 6 - 9 - 9 - 9 - 10 - 10 - 10;5: 1 - 6: 1 - 9: 3 - 10: 3
2020;1;22;3;4;1;0;UZAR;?;06h40;Houilles - Carrières-sur-Seine;uic_87386409;?;?;normal;8;0;360;180;2;2 - 2 - 2 - 2 - 2 - 3 - 5 - 6;2: 5 - 3: 1 - 5: 1 - 6: 1
2020;1;22;3;4;1;0;UZAR;?;06h56;Houilles - Carrières-sur-Seine;uic_87386409;?;?;normal;8;0;720;682;11;11 - 11 - 11 - 11 - 11 - 12 - 12 - 12;11: 5 - 12: 3
2020;1;22;3;4;1;0;UZAR;?;07h11;Houilles - Carrières-sur-Seine;uic_87386409;?;?;normal;8;0;300;225;4;2 - 3 - 4 - 4 - 4 - 4 - 4 - 5;2: 1 - 3: 1 - 4: 5 - 5: 1
2020;1;22;3;4;1;0;UZAR;?;07h25;Houilles - Carrières-sur-Seine;uic_87386409;?;?;normal;8;0;120;82;1;1 - 1 - 1 - 1 - 1 - 2 - 2 - 2;1: 5 - 2: 3
2020;1;22;3;4;1;0;UZAR;?;07h46;Houilles - Carrières-sur-Seine;uic_87386409;?;?;normal;8;0;60;22;0;0 - 0 - 0 - 0 - 1 - 1 - 1 - 0;0: 5 - 1: 3
2020;1;22;3;4;1;0;UZAR;?;07h57;Houilles - Carrières-sur-Seine;uic_87386409;?;?;normal;8;0;240;187;3;2 - 3 - 3 - 3 - 4 - 3 - 3 - 4;2: 1 - 3: 5 - 4: 2
2020;1;22;3;4;1;0;UZAR;?;08h09;Houilles - Carrières-sur-Seine;uic_87386409;?;?;normal;8;0;360;255;4;3 - 4 - 3 - 4 - 4 - 5 - 6 - 5;3: 2 - 4: 3 - 5: 2 - 6: 1
2020;1;22;3;4;1;0;UZAR;?;08h21;Houilles - Carrières-sur-Seine;uic_87386409;?;?;normal;8;0;240;202;210;4 - 4 - 2 - 3 - 3 - 3 - 4 - 4;2: 1 - 3: 3 - 4: 4
2020;1;22;3;4;1;0;UZAR;?;08h32;Houilles - Carrières-sur-Seine;uic_87386409;?;?;normal;8;0;360;315;5;5 - 5 - 5 - 5 - 6 - 5 - 5 - 6;5: 6 - 6: 2
2020;1;22;3;4;1;0;UZAR;?;08h44;Houilles - Carrières-sur-Seine;uic_87386409;?;?;normal;8;0;480;435;7;6 - 7 - 7 - 7 - 7 - 8 - 8 - 8;6: 1 - 7: 4 - 8: 3
2020;1;22;3;4;1;0;UZAR;?;08h56;Houilles - Carrières-sur-Seine;uic_87386409;?;?;normal;8;0;420;345;6;6 - 7 - 5 - 6 - 5 - 6 - 5 - 6;5: 3 - 6: 4 - 7: 1
2020;1;22;3;4;1;0;UZAR;?;09h07;Houilles - Carrières-sur-Seine;uic_87386409;?;?;normal;8;0;180;172;3;2 - 3 - 3 - 3 - 3 - 3 - 3 - 3;2: 1 - 3: 7
2020;1;22;3;4;1;0;UZAR;?;09h19;Houilles - Carrières-sur-Seine;uic_87386409;?;?;normal;8;0;120;97;2;1 - 1 - 2 - 2 - 2 - 2 - 2 - 1;1: 3 - 2: 5
2020;1;22;3;4;1;0;UZAR;?;09h31;Houilles - Carrières-sur-Seine;uic_87386409;?;?;normal;8;0;300;232;4;3 - 4 - 3 - 4 - 4 - 4 - 4 - 5;3: 2 - 4: 5 - 5: 1
2020;1;22;3;4;1;0;UZAR;?;09h42;Houilles - Carrières-sur-Seine;uic_87386409;?;?;normal;8;0;240;165;3;0 - 1 - 3 - 4 - 4 - 3 - 3 - 4;0: 1 - 1: 1 - 3: 3 - 4: 3
2020;1;22;3;4;1;0;UZAR;?;09h54;Houilles - Carrières-sur-Seine;uic_87386409;?;?;normal;8;0;240;187;3;3 - 3 - 3 - 3 - 3 - 3 - 3 - 4;3: 7 - 4: 1
2020;1;22;3;4;1;0;UZAR;?;10h07;Houilles - Carrières-sur-Seine;uic_87386409;?;?;normal;8;0;120;75;1;1 - 1 - 0 - 1 - 2 - 1 - 2 - 2;0: 1 - 1: 4 - 2: 3
2020;1;22;3;4;1;0;UZAR;?;10h18;Houilles - Carrières-sur-Seine;uic_87386409;?;?;normal;8;0;240;150;150;1 - 2 - 2 - 3 - 4 - 3 - 3 - 2;1: 1 - 2: 3 - 3: 3 - 4: 1
2020;1;22;3;4;1;0;UZAR;?;10h27;Houilles - Carrières-sur-Seine;uic_87386409;?;?;normal;8;0;0;0;0;0 - 0 - 0 - 0 - 0 - 0 - 0 - 0;0: 8
2020;1;22;3;4;1;0;UZAR;?;10h38;Houilles - Carrières-sur-Seine;uic_87386409;?;?;annule_partiellement;8;6;300;270;270;4 - 5 - / - / - / - / - / - /;4: 1 - 5: 1
2020;1;22;3;4;1;0;UZAR;?;10h47;Houilles - Carrières-sur-Seine;uic_87386409;?;?;normal;8;0;2880;2347;2850;1 - 26 - 47 - 48 - 48 - 47 - 48 - 48;1: 1 - 26: 1 - 47: 2 - 48: 4
2020;1;22;3;4;1;0;UZAR;?;10h58;Houilles - Carrières-sur-Seine;uic_87386409;?;?;normal;8;0;3840;3240;64;22 - 27 - 63 - 64 - 64 - 64 - 64 - 64;22: 1 - 27: 1 - 63: 1 - 64: 5
2020;1;22;3;4;1;0;UZAR;?;11h07;Houilles - Carrières-sur-Seine;uic_87386409;?;?;annule_partiellement;8;6;1680;1500;25;22 - 28 - / - / - / - / - / - /;22: 1 - 28: 1
2020;1;22;3;4;1;0;UZAR;?;11h18;Houilles - Carrières-sur-Seine;uic_87386409;?;?;annule;8;8;0;0;0;;
2020;1;22;3;4;1;0;UZAR;?;11h27;Houilles - Carrières-sur-Seine;uic_87386409;?;?;annule;8;8;0;0;0;;
2020;1;22;3;4;1;0;UZAR;?;11h38;Houilles - Carrières-sur-Seine;uic_87386409;?;?;annule_partiellement;8;4;360;345;6;/ - / - / - / - 6 - 5 - 6 - 6;5: 1 - 6: 3
2020;1;22;3;4;1;0;UZAR;?;11h47;Houilles - Carrières-sur-Seine;uic_87386409;?;?;annule;8;8;0;0;0;;
2020;1;22;3;4;1;0;UZAR;?;11h58;Houilles - Carrières-sur-Seine;uic_87386409;?;?;annule;8;8;0;0;0;;
2020;1;22;3;4;1;0;UZAR;?;12h07;Houilles - Carrières-sur-Seine;uic_87386409;?;?;annule;8;8;0;0;0;;
2020;1;22;3;4;1;0;UZAR;?;12h18;Houilles - Carrières-sur-Seine;uic_87386409;?;?;normal;8;0;300;232;4;2 - 3 - 3 - 4 - 5 - 4 - 5 - 5;2: 1 - 3: 2 - 4: 2 - 5: 3
2020;1;22;3;4;1;0;UZAR;?;12h27;Houilles - Carrières-sur-Seine;uic_87386409;?;?;normal;8;0;60;7;0;0 - 0 - 0 - 0 - 0 - 0 - 1 - 0;0: 7 - 1: 1
2020;1;22;3;4;1;0;UZAR;?;12h38;Houilles - Carrières-sur-Seine;uic_87386409;?;?;normal;8;0;60;7;0;0 - 1 - 0 - 0 - 0 - 0 - 0 - 0;0: 7 - 1: 1
2020;1;22;3;4;1;0;UZAR;?;12h47;Houilles - Carrières-sur-Seine;uic_87386409;?;?;annule;8;8;0;0;0;;
2020;1;22;3;4;1;0;UZAR;?;12h58;Houilles - Carrières-sur-Seine;uic_87386409;?;?;normal;8;0;480;375;7;3 - 4 - 6 - 7 - 8 - 7 - 8 - 7;3: 1 - 4: 1 - 6: 1 - 7: 3 - 8: 2
2020;1;22;3;4;1;0;UZAR;?;13h07;Houilles - Carrières-sur-Seine;uic_87386409;?;?;normal;8;0;360;315;5;5 - 5 - 4 - 5 - 6 - 5 - 6 - 6;4: 1 - 5: 4 - 6: 3
2020;1;22;3;4;1;0;UZAR;?;13h18;Houilles - Carrières-sur-Seine;uic_87386409;?;?;normal;8;0;720;495;510;5 - 6 - 6 - 8 - 9 - 9 - 11 - 12;5: 1 - 6: 2 - 8: 1 - 9: 2 - 11: 1 - 12: 1
2020;1;22;3;4;1;0;UZAR;?;13h27;Houilles - Carrières-sur-Seine;uic_87386409;?;?;normal;8;0;300;180;3;3 - 3 - 1 - 2 - 3 - 3 - 5 - 4;1: 1 - 2: 1 - 3: 4 - 4: 1 - 5: 1
2020;1;22;3;4;1;0;UZAR;?;13h38;Houilles - Carrières-sur-Seine;uic_87386409;?;?;normal;8;0;60;7;0;0 - 0 - 0 - 0 - 0 - 0 - 1 - 0;0: 7 - 1: 1
2020;1;22;3;4;1;0;UZAR;?;13h47;Houilles - Carrières-sur-Seine;uic_87386409;?;?;normal;8;0;360;240;4;2 - 2 - 2 - 3 - 6 - 5 - 6 - 6;2: 3 - 3: 1 - 5: 1 - 6: 3
2020;1;22;3;4;1;0;UZAR;?;13h58;Houilles - Carrières-sur-Seine;uic_87386409;?;?;normal;8;0;180;105;2;1 - 2 - 0 - 2 - 2 - 2 - 3 - 2;0: 1 - 1: 1 - 2: 5 - 3: 1
2020;1;22;3;4;1;0;UZAR;?;14h07;Houilles - Carrières-sur-Seine;uic_87386409;?;?;normal;8;0;60;22;0;0 - 0 - 0 - 1 - 1 - 0 - 1 - 0;0: 5 - 1: 3
2020;1;22;3;4;1;0;UZAR;?;14h18;Houilles - Carrières-sur-Seine;uic_87386409;?;?;normal;8;0;120;60;1;0 - 1 - 0 - 1 - 2 - 1 - 2 - 1;0: 2 - 1: 4 - 2: 2
2020;1;22;3;4;1;0;UZAR;?;14h27;Houilles - Carrières-sur-Seine;uic_87386409;?;?;normal;8;0;60;15;0;0 - 0 - 0 - 0 - 1 - 0 - 1 - 0;0: 6 - 1: 2
2020;1;22;3;4;1;0;UZAR;?;14h38;Houilles - Carrières-sur-Seine;uic_87386409;?;?;normal;8;0;180;127;2;1 - 2 - 1 - 2 - 3 - 2 - 3 - 3;1: 2 - 2: 3 - 3: 3
2020;1;22;3;4;1;0;UZAR;?;14h47;Houilles - Carrières-sur-Seine;uic_87386409;?;?;normal;8;0;0;0;0;0 - 0 - 0 - 0 - 0 - 0 - 0 - 0;0: 8
2020;1;22;3;4;1;0;UZAR;?;14h58;Houilles - Carrières-sur-Seine;uic_87386409;?;?;normal;8;0;60;30;30;0 - 1 - 0 - 0 - 1 - 0 - 1 - 1;0: 4 - 1: 4
2020;1;22;3;4;1;0;UZAR;?;15h07;Houilles - Carrières-sur-Seine;uic_87386409;?;?;normal;8;0;0;0;0;0 - 0 - 0 - 0 - 0 - 0 - 0 - 0;0: 8
2020;1;22;3;4;1;0;UZAR;?;15h18;Houilles - Carrières-sur-Seine;uic_87386409;?;?;normal;8;0;120;75;1;1 - 1 - 0 - 1 - 2 - 1 - 2 - 2;0: 1 - 1: 4 - 2: 3
2020;1;22;3;4;1;0;UZEL;?;15h47;Houilles - Carrières-sur-Seine;uic_87386409;?;?;normal;8;0;0;0;0;0 - 0 - 0 - 0 - 0 - 0 - 0 - 0;0: 8
2020;1;22;3;4;1;0;UZEL;?;15h58;Houilles - Carrières-sur-Seine;uic_87386409;?;?;normal;8;0;300;202;4;1 - 2 - 3 - 4 - 4 - 4 - 5 - 4;1: 1 - 2: 1 - 3: 1 - 4: 4 - 5: 1
2020;1;22;3;4;1;0;UZEL;?;16h07;Houilles - Carrières-sur-Seine;uic_87386409;?;?;normal;8;0;360;135;2;0 - 0 - 0 - 2 - 2 - 2 - 6 - 6;0: 3 - 2: 3 - 6: 2
2020;1;22;3;4;1;0;UZEL;?;16h18;Houilles - Carrières-sur-Seine;uic_87386409;?;?;normal;8;0;180;82;1;1 - 1 - 0 - 1 - 1 - 1 - 3 - 3;0: 1 - 1: 5 - 3: 2
2020;1;22;3;4;1;0;UZEL;?;16h26;Houilles - Carrières-sur-Seine;uic_87386409;?;?;normal;8;0;180;120;2;1 - 2 - 1 - 2 - 3 - 2 - 3 - 2;1: 2 - 2: 4 - 3: 2
2020;1;22;3;4;1;0;UZEL;?;16h38;Houilles - Carrières-sur-Seine;uic_87386409;?;?;normal;8;0;900;690;810;4 - 5 - 12 - 13 - 14 - 14 - 15 - 15;4: 1 - 5: 1 - 12: 1 - 13: 1 - 14: 2 - 15: 2
2020;1;22;3;4;1;0;UZEL;?;16h46;Houilles - Carrières-sur-Seine;uic_87386409;?;?;normal;8;0;900;637;13;2 - 3 - 11 - 13 - 13 - 13 - 15 - 15;2: 1 - 3: 1 - 11: 1 - 13: 3 - 15: 2
2020;1;22;3;4;1;0;UZEL;?;16h59;Houilles - Carrières-sur-Seine;uic_87386409;?;?;normal;8;0;480;270;5;1 - 1 - 3 - 5 - 5 - 6 - 8 - 7;1: 2 - 3: 1 - 5: 2 - 6: 1 - 7: 1 - 8: 1
2020;1;22;3;4;1;0;UZEL;?;17h05;Houilles - Carrières-sur-Seine;uic_87386409;?;?;normal;8;0;540;187;2;1 - 1 - 1 - 2 - 2 - 4 - 5 - 9;1: 3 - 2: 2 - 4: 1 - 5: 1 - 9: 1
2020;1;22;3;4;1;0;UZEL;?;17h18;Houilles - Carrières-sur-Seine;uic_87386409;?;?;normal;8;0;360;82;0;0 - 0 - 0 - 0 - 1 - 0 - 4 - 6;0: 5 - 1: 1 - 4: 1 - 6: 1
2020;1;22;3;4;1;0;UZEL;?;17h30;Houilles - Carrières-sur-Seine;uic_87386409;?;?;normal;8;0;60;22;0;0 - 0 - 0 - 0 - 0 - 1 - 1 - 1;0: 5 - 1: 3
2020;1;22;3;4;1;0;UZEL;?;17h43;Houilles - Carrières-sur-Seine;uic_87386409;?;?;normal;8;0;60;7;0;0 - 0 - 0 - 0 - 1 - 0 - 0 - 0;0: 7 - 1: 1
2020;1;22;3;4;1;0;UZEL;?;17h55;Houilles - Carrières-sur-Seine;uic_87386409;?;?;normal;8;0;180;97;2;0 - 1 - 1 - 2 - 2 - 2 - 2 - 3;0: 1 - 1: 2 - 2: 4 - 3: 1
2020;1;22;3;4;1;0;UZEL;?;18h08;Houilles - Carrières-sur-Seine;uic_87386409;?;?;normal;8;0;180;142;3;1 - 2 - 1 - 3 - 3 - 3 - 3 - 3;1: 2 - 2: 1 - 3: 5
2020;1;22;3;4;1;0;UZEL;?;18h20;Houilles - Carrières-sur-Seine;uic_87386409;?;?;normal;8;0;300;255;4;3 - 4 - 4 - 4 - 4 - 5 - 5 - 5;3: 1 - 4: 4 - 5: 3
2020;1;22;3;4;1;0;UZEL;?;18h33;Houilles - Carrières-sur-Seine;uic_87386409;?;?;normal;8;0;300;187;210;1 - 2 - 2 - 3 - 4 - 4 - 4 - 5;1: 1 - 2: 2 - 3: 1 - 4: 3 - 5: 1
2020;1;22;3;4;1;0;UZEL;?;18h45;Houilles - Carrières-sur-Seine;uic_87386409;?;?;normal;8;0;840;742;750;11 - 12 - 11 - 12 - 13 - 13 - 13 - 14;11: 2 - 12: 2 - 13: 3 - 14: 1
2020;1;22;3;4;1;0;UZEL;?;18h58;Houilles - Carrières-sur-Seine;uic_87386409;?;?;normal;8;0;660;607;11;8 - 9 - 9 - 11 - 11 - 11 - 11 - 11;8: 1 - 9: 2 - 11: 5
2020;1;22;3;4;1;0;UZEL;?;19h10;Houilles - Carrières-sur-Seine;uic_87386409;?;?;normal;8;0;900;780;13;11 - 12 - 12 - 13 - 13 - 14 - 14 - 15;11: 1 - 12: 2 - 13: 2 - 14: 2 - 15: 1
2020;1;22;3;4;1;0;UZEL;?;19h23;Houilles - Carrières-sur-Seine;uic_87386409;?;?;normal;8;0;1140;960;18;10 - 11 - 16 - 18 - 18 - 18 - 18 - 19;10: 1 - 11: 1 - 16: 1 - 18: 4 - 19: 1
2020;1;22;3;4;1;0;UZEL;?;19h35;Houilles - Carrières-sur-Seine;uic_87386409;?;?;normal;8;0;720;510;510;5 - 6 - 8 - 8 - 9 - 9 - 11 - 12;5: 1 - 6: 1 - 8: 2 - 9: 2 - 11: 1 - 12: 1
2020;1;22;3;4;1;0;UZEL;?;19h48;Houilles - Carrières-sur-Seine;uic_87386409;?;?;normal;8;0;360;270;5;3 - 3 - 3 - 5 - 6 - 5 - 5 - 6;3: 3 - 5: 3 - 6: 2
2020;1;22;3;4;1;0;UZEL;?;20h00;Houilles - Carrières-sur-Seine;uic_87386409;?;?;normal;8;0;840;720;750;10 - 10 - 11 - 12 - 13 - 13 - 13 - 14;10: 2 - 11: 1 - 12: 1 - 13: 3 - 14: 1
2020;1;22;3;4;1;0;UZEL;?;20h10;Houilles - Carrières-sur-Seine;uic_87386409;?;?;normal;8;0;480;360;390;4 - 4 - 5 - 6 - 7 - 7 - 7 - 8;4: 2 - 5: 1 - 6: 1 - 7: 3 - 8: 1
2020;1;22;3;4;1;0;UZEL;?;20h28;Houilles - Carrières-sur-Seine;uic_87386409;?;?;normal;8;0;180;142;2;2 - 3 - 2 - 2 - 2 - 3 - 2 - 3;2: 5 - 3: 3
2020;1;22;3;4;1;0;UZEL;?;20h49;Houilles - Carrières-sur-Seine;uic_87386409;?;?;normal;8;0;480;420;7;5 - 6 - 7 - 8 - 8 - 7 - 7 - 8;5: 1 - 6: 1 - 7: 3 - 8: 3
2020;1;22;3;4;1;0;UZEL;?;21h08;Houilles - Carrières-sur-Seine;uic_87386409;?;?;normal;8;0;60;15;0;0 - 1 - 0 - 0 - 0 - 0 - 0 - 1;0: 6 - 1: 2
2020;1;22;3;4;1;0;UZEL;?;21h28;Houilles - Carrières-sur-Seine;uic_87386409;?;?;normal;8;0;840;810;810;13 - 14 - 13 - 13 - 13 - 14 - 14 - 14;13: 4 - 14: 4
2020;1;22;3;4;1;0;UZEL;?;21h49;Houilles - Carrières-sur-Seine;uic_87386409;?;?;normal;8;0;240;165;3;1 - 2 - 2 - 3 - 4 - 3 - 3 - 4;1: 1 - 2: 2 - 3: 3 - 4: 2
2020;1;22;3;4;1;0;UZIN;?;15h27;Houilles - Carrières-sur-Seine;uic_87386409;?;?;normal;8;0;0;0;0;0 - 0 - 0 - 0 - 0 - 0 - 0 - 0;0: 8
2020;1;22;3;4;1;0;UZIN;?;15h38;Houilles - Carrières-sur-Seine;uic_87386409;?;?;normal;8;0;240;120;2;0 - 1 - 1 - 2 - 3 - 2 - 3 - 4;0: 1 - 1: 2 - 2: 2 - 3: 2 - 4: 1
2020;1;22;3;4;1;0;VELO;?;00h18;Houilles - Carrières-sur-Seine;uic_87386409;?;?;normal;1;0;60;60;60;1;1: 1
2020;1;22;3;4;1;0;VELO;?;22h18;Houilles - Carrières-sur-Seine;uic_87386409;?;?;normal;1;0;120;120;120;2;2: 1
2020;1;22;3;4;1;0;VELO;?;22h48;Houilles - Carrières-sur-Seine;uic_87386409;?;?;normal;1;0;120;120;120;2;2: 1
2020;1;22;3;4;1;0;VELO;?;23h18;Houilles - Carrières-sur-Seine;uic_87386409;?;?;normal;1;0;120;120;120;2;2: 1
2020;1;22;3;4;1;0;VELO;?;23h48;Houilles - Carrières-sur-Seine;uic_87386409;?;?;normal;1;0;0;0;0;0;0: 1
2020;1;22;3;4;1;0;VIDA;?;00h44;Houilles - Carrières-sur-Seine;uic_87386409;?;?;normal;1;0;0;0;0;0;0: 1
2020;1;22;3;4;1;0;VIRO;?;01h13;Houilles - Carrières-sur-Seine;uic_87386409;?;?;normal;1;0;60;60;60;1;1: 1
2020;1;23;4;4;1;0;NAJA;?;22h28;Sartrouville;uic_87386417;?;?;normal;2;0;0;0;0;0 - 0;0: 2
2020;1;23;4;4;1;0;NAJA;?;22h58;Sartrouville;uic_87386417;?;?;normal;2;0;0;0;0;0 - 0;0: 2
2020;1;23;4;4;1;0;NAJA;?;23h28;Sartrouville;uic_87386417;?;?;normal;2;0;0;0;0;0 - 0;0: 2
2020;1;23;4;4;1;0;NANI;?;14h13;Cergy le Haut;uic_87382655;?;?;normal;9;0;0;0;0;0 - 0 - 0 - 0 - 0 - 0 - 0 - 0 - 0;0: 9
2020;1;23;4;4;1;0;NANI;?;14h23;Cergy le Haut;uic_87382655;?;?;normal;9;0;240;120;120;0 - 0 - 1 - 2 - 2 - 3 - 2 - 4 - 4;0: 2 - 1: 1 - 2: 3 - 3: 1 - 4: 2
2020;1;23;4;4;1;0;NANI;?;14h33;Cergy le Haut;uic_87382655;?;?;normal;9;0;360;266;240;3 - 3 - 4 - 4 - 4 - 6 - 6 - 6 - 4;3: 2 - 4: 4 - 6: 3
2020;1;23;4;4;1;0;NANI;?;14h43;Cergy le Haut;uic_87382655;?;?;normal;9;0;120;40;60;0 - 0 - 1 - 0 - 0 - 2 - 1 - 1 - 1;0: 4 - 1: 4 - 2: 1
2020;1;23;4;4;1;0;NANI;?;14h53;Cergy le Haut;uic_87382655;?;?;normal;9;0;300;160;120;1 - 1 - 1 - 2 - 1 - 5 - 5 - 5 - 3;1: 4 - 2: 1 - 3: 1 - 5: 3
2020;1;23;4;4;1;0;NANI;?;15h03;Cergy le Haut;uic_87382655;?;?;normal;9;0;360;160;60;0 - 0 - 1 - 1 - 1 - 5 - 5 - 5 - 6;0: 2 - 1: 3 - 5: 3 - 6: 1
2020;1;23;4;4;1;0;NANI;?;15h13;Cergy le Haut;uic_87382655;?;?;normal;9;0;120;60;60;0 - 0 - 1 - 1 - 1 - 2 - 1 - 2 - 1;0: 2 - 1: 5 - 2: 2
2020;1;23;4;4;1;0;NANI;?;15h23;Cergy le Haut;uic_87382655;?;?;normal;9;0;300;93;0;0 - 0 - 0 - 0 - 0 - 0 - 4 - 5 - 5;0: 6 - 4: 1 - 5: 2
2020;1;23;4;4;1;0;NANI;?;15h33;Cergy le Haut;uic_87382655;?;?;normal;9;0;180;160;180;3 - 2 - 3 - 3 - 3 - 3 - 3 - 3 - 1;1: 1 - 2: 1 - 3: 7
2020;1;23;4;4;1;0;NANI;?;15h43;Cergy le Haut;uic_87382655;?;?;normal;9;0;0;0;0;0 - 0 - 0 - 0 - 0 - 0 - 0 - 0 - 0;0: 9
2020;1;23;4;4;1;0;NANI;?;15h53;Cergy le Haut;uic_87382655;?;?;normal;9;0;0;0;0;0 - 0 - 0 - 0 - 0 - 0 - 0 - 0 - 0;0: 9
2020;1;23;4;4;1;0;NANI;?;16h03;Cergy le Haut;uic_87382655;?;?;normal;9;0;60;20;0;0 - 0 - 0 - 1 - 0 - 1 - 0 - 0 - 1;0: 6 - 1: 3
2020;1;23;4;4;1;0;NANI;?;16h13;Cergy le Haut;uic_87382655;?;?;normal;9;0;0;0;0;0 - 0 - 0 - 0 - 0 - 0 - 0 - 0 - 0;0: 9
2020;1;23;4;4;1;0;NANI;?;16h24;Cergy le Haut;uic_87382655;?;?;normal;9;0;240;106;60;0 - 0 - 1 - 1 - 1 - 4 - 3 - 3 - 3;0: 2 - 1: 3 - 3: 3 - 4: 1
2020;1;23;4;4;1;0;NANI;?;16h36;Cergy le Haut;uic_87382655;?;?;normal;9;0;120;60;60;0 - 1 - 1 - 0 - 2 - 2 - 1 - 1 - 1;0: 2 - 1: 5 - 2: 2
2020;1;23;4;4;1;0;NANI;?;16h49;Cergy le Haut;uic_87382655;?;?;normal;9;0;0;0;0;0 - 0 - 0 - 0 - 0 - 0 - 0 - 0 - 0;0: 9
2020;1;23;4;4;1;0;NANI;?;17h01;Cergy le Haut;uic_87382655;?;?;normal;9;0;0;0;0;0 - 0 - 0 - 0 - 0 - 0 - 0 - 0 - 0;0: 9
2020;1;23;4;4;1;0;NANI;?;17h14;Cergy le Haut;uic_87382655;?;?;normal;9;0;0;0;0;0 - 0 - 0 - 0 - 0 - 0 - 0 - 0 - 0;0: 9
2020;1;23;4;4;1;0;NANI;?;17h26;Cergy le Haut;uic_87382655;?;?;normal;9;0;1080;246;0;0 - 0 - 0 - 0 - 0 - 0 - 1 - 18 - 18;0: 6 - 1: 1 - 18: 2
2020;1;23;4;4;1;0;NANI;?;17h39;Cergy le Haut;uic_87382655;?;?;normal;9;0;1080;693;720;6 - 5 - 6 - 9 - 12 - 15 - 16 - 17 - 18;5: 1 - 6: 2 - 9: 1 - 12: 1 - 15: 1 - 16: 1 - 17: 1 - 18: 1
2020;1;23;4;4;1;0;NANI;?;17h51;Cergy le Haut;uic_87382655;?;?;normal;9;0;720;660;660;10 - 11 - 10 - 10 - 11 - 12 - 12 - 11 - 12;10: 3 - 11: 3 - 12: 3
2020;1;23;4;4;1;0;NANI;?;18h04;Cergy le Haut;uic_87382655;?;?;normal;9;0;720;533;480;4 - 6 - 8 - 8 - 8 - 12 - 11 - 11 - 12;4: 1 - 6: 1 - 8: 3 - 11: 2 - 12: 2
2020;1;23;4;4;1;0;NANI;?;18h16;Cergy le Haut;uic_87382655;?;?;normal;9;0;660;426;360;1 - 6 - 5 - 5 - 6 - 11 - 10 - 9 - 11;1: 1 - 5: 2 - 6: 2 - 9: 1 - 10: 1 - 11: 2
2020;1;23;4;4;1;0;NANI;?;18h29;Cergy le Haut;uic_87382655;?;?;normal;9;0;180;60;0;0 - 0 - 0 - 0 - 0 - 2 - 2 - 2 - 3;0: 5 - 2: 3 - 3: 1
2020;1;23;4;4;1;0;NANI;?;18h41;Cergy le Haut;uic_87382655;?;?;normal;9;0;60;13;0;0 - 0 - 0 - 0 - 0 - 1 - 0 - 0 - 1;0: 7 - 1: 2
2020;1;23;4;4;1;0;NANI;?;18h54;Cergy le Haut;uic_87382655;?;?;normal;9;0;300;66;0;0 - 0 - 0 - 0 - 0 - 2 - 1 - 2 - 5;0: 5 - 1: 1 - 2: 2 - 5: 1
2020;1;23;4;4;1;0;NANI;?;19h06;Cergy le Haut;uic_87382655;?;?;normal;9;0;60;33;60;0 - 0 - 0 - 0 - 1 - 1 - 1 - 1 - 1;0: 4 - 1: 5
2020;1;23;4;4;1;0;NANI;?;19h20;Cergy le Haut;uic_87382655;?;?;normal;9;0;240;93;0;0 - 0 - 0 - 0 - 0 - 4 - 3 - 4 - 3;0: 5 - 3: 2 - 4: 2
2020;1;23;4;4;1;0;NANI;?;19h39;Cergy le Haut;uic_87382655;?;?;normal;9;0;180;146;120;3 - 3 - 2 - 2 - 2 - 3 - 2 - 2 - 3;2: 5 - 3: 4
2020;1;23;4;4;1;0;NANI;?;20h05;Cergy le Haut;uic_87382655;?;?;normal;9;0;120;80;120;0 - 0 - 2 - 1 - 2 - 2 - 1 - 2 - 2;0: 2 - 1: 2 - 2: 5
2020;1;23;4;4;1;0;NANI;?;20h35;Cergy le Haut;uic_87382655;?;?;normal;9;0;240;160;120;1 - 1 - 2 - 2 - 2 - 4 - 4 - 4 - 4;1: 2 - 2: 3 - 4: 4
2020;1;23;4;4;1;0;NANI;?;21h05;Cergy le Haut;uic_87382655;?;?;normal;9;0;180;80;60;0 - 0 - 1 - 1 - 1 - 2 - 2 - 2 - 3;0: 2 - 1: 3 - 2: 3 - 3: 1
2020;1;23;4;4;1;0;NANI;?;21h33;Cergy le Haut;uic_87382655;?;?;normal;9;0;0;0;0;0 - 0 - 0 - 0 - 0 - 0 - 0 - 0 - 0;0: 9
2020;1;23;4;4;1;0;NATO;?;05h12;Cergy le Haut;uic_87382655;?;?;normal;9;0;0;0;0;0 - 0 - 0 - 0 - 0 - 0 - 0 - 0 - 0;0: 9
2020;1;23;4;4;1;0;NATO;?;05h42;Cergy le Haut;uic_87382655;?;?;normal;9;0;480;413;420;5 - 6 - 7 - 6 - 6 - 8 - 8 - 8 - 8;5: 1 - 6: 3 - 7: 1 - 8: 4
2020;1;23;4;4;1;0;NATO;?;05h57;Cergy le Haut;uic_87382655;?;?;normal;9;0;60;60;60;1 - 1 - 1 - 1 - 1 - 1 - 1 - 1 - 1;1: 9
2020;1;23;4;4;1;0;NATO;?;06h12;Cergy le Haut;uic_87382655;?;?;normal;9;0;180;80;0;0 - 0 - 0 - 0 - 0 - 3 - 3 - 3 - 3;0: 5 - 3: 4
2020;1;23;4;4;1;0;NATO;?;06h27;Cergy le Haut;uic_87382655;?;?;normal;9;0;120;53;0;0 - 0 - 0 - 0 - 0 - 2 - 2 - 2 - 2;0: 5 - 2: 4
2020;1;23;4;4;1;0;NATO;?;06h42;Cergy le Haut;uic_87382655;?;?;normal;9;0;240;106;60;0 - 0 - 0 - 1 - 1 - 3 - 3 - 4 - 4;0: 3 - 1: 2 - 3: 2 - 4: 2
2020;1;23;4;4;1;0;NATO;?;06h51;Cergy le Haut;uic_87382655;?;?;normal;9;0;180;73;0;0 - 0 - 0 - 0 - 0 - 3 - 3 - 3 - 2;0: 5 - 2: 1 - 3: 3
2020;1;23;4;4;1;0;NATO;?;07h03;Cergy le Haut;uic_87382655;?;?;normal;9;0;120;46;60;0 - 0 - 1 - 0 - 0 - 1 - 1 - 2 - 2;0: 4 - 1: 3 - 2: 2
2020;1;23;4;4;1;0;NATO;?;07h14;Cergy le Haut;uic_87382655;?;?;normal;9;0;60;20;0;0 - 0 - 0 - 0 - 0 - 1 - 1 - 0 - 1;0: 6 - 1: 3
2020;1;23;4;4;1;0;NATO;?;07h26;Cergy le Haut;uic_87382655;?;?;normal;9;0;0;0;0;0 - 0 - 0 - 0 - 0 - 0 - 0 - 0 - 0;0: 9
2020;1;23;4;4;1;0;NATO;?;07h38;Cergy le Haut;uic_87382655;?;?;normal;9;0;360;153;120;0 - 0 - 2 - 1 - 1 - 4 - 4 - 5 - 6;0: 2 - 1: 2 - 2: 1 - 4: 2 - 5: 1 - 6: 1
2020;1;23;4;4;1;0;NATO;?;07h49;Cergy le Haut;uic_87382655;?;?;normal;9;0;60;20;0;0 - 0 - 1 - 0 - 0 - 0 - 0 - 1 - 1;0: 6 - 1: 3
2020;1;23;4;4;1;0;NATO;?;08h01;Cergy le Haut;uic_87382655;?;?;normal;9;0;0;0;0;0 - 0 - 0 - 0 - 0 - 0 - 0 - 0 - 0;0: 9
2020;1;23;4;4;1;0;NATO;?;08h13;Cergy le Haut;uic_87382655;?;?;normal;9;0;60;6;0;0 - 0 - 1 - 0 - 0 - 0 - 0 - 0 - 0;0: 8 - 1: 1
2020;1;23;4;4;1;0;NATO;?;08h24;Cergy le Haut;uic_87382655;?;?;normal;9;0;0;0;0;0 - 0 - 0 - 0 - 0 - 0 - 0 - 0 - 0;0: 9
2020;1;23;4;4;1;0;NATO;?;08h36;Cergy le Haut;uic_87382655;?;?;normal;9;0;60;20;0;0 - 0 - 0 - 0 - 0 - 1 - 0 - 1 - 1;0: 6 - 1: 3
2020;1;23;4;4;1;0;NATO;?;08h48;Cergy le Haut;uic_87382655;?;?;normal;9;0;0;0;0;0 - 0 - 0 - 0 - 0 - 0 - 0 - 0 - 0;0: 9
2020;1;23;4;4;1;0;NATO;?;09h03;Cergy le Haut;uic_87382655;?;?;normal;9;0;360;160;120;0 - 0 - 0 - 2 - 2 - 5 - 4 - 5 - 6;0: 3 - 2: 2 - 4: 1 - 5: 2 - 6: 1
2020;1;23;4;4;1;0;NATO;?;09h14;Cergy le Haut;uic_87382655;?;?;normal;9;0;240;73;0;0 - 0 - 0 - 0 - 0 - 1 - 2 - 4 - 4;0: 5 - 1: 1 - 2: 1 - 4: 2
2020;1;23;4;4;1;0;NATO;?;09h23;Cergy le Haut;uic_87382655;?;?;normal;9;0;60;13;0;0 - 0 - 0 - 0 - 0 - 1 - 0 - 0 - 1;0: 7 - 1: 2
2020;1;23;4;4;1;0;NATO;?;09h33;Cergy le Haut;uic_87382655;?;?;normal;9;0;120;60;60;0 - 0 - 1 - 1 - 0 - 2 - 1 - 2 - 2;0: 3 - 1: 3 - 2: 3
2020;1;23;4;4;1;0;NATO;?;09h47;Cergy le Haut;uic_87382655;?;?;normal;9;0;60;6;0;0 - 0 - 0 - 0 - 0 - 1 - 0 - 0 - 0;0: 8 - 1: 1
2020;1;23;4;4;1;0;NATO;?;09h55;Cergy le Haut;uic_87382655;?;?;normal;9;0;120;106;120;1 - 1 - 2 - 2 - 2 - 2 - 2 - 2 - 2;1: 2 - 2: 7
2020;1;23;4;4;1;0;NATO;?;10h07;Cergy le Haut;uic_87382655;?;?;normal;9;0;300;206;180;3 - 2 - 3 - 3 - 3 - 4 - 4 - 4 - 5;2: 1 - 3: 4 - 4: 3 - 5: 1
2020;1;23;4;4;1;0;NATO;?;10h13;Cergy le Haut;uic_87382655;?;?;normal;9;0;120;60;60;0 - 1 - 1 - 1 - 0 - 2 - 2 - 2 - 0;0: 3 - 1: 3 - 2: 3
2020;1;23;4;4;1;0;NATO;?;10h23;Cergy le Haut;uic_87382655;?;?;normal;9;0;60;20;0;0 - 0 - 0 - 0 - 0 - 1 - 0 - 1 - 1;0: 6 - 1: 3
2020;1;23;4;4;1;0;NATO;?;10h33;Cergy le Haut;uic_87382655;?;?;normal;9;0;420;173;0;0 - 0 - 0 - 0 - 0 - 7 - 7 - 7 - 5;0: 5 - 5: 1 - 7: 3
2020;1;23;4;4;1;0;NATO;?;10h43;Cergy le Haut;uic_87382655;?;?;normal;9;0;60;13;0;0 - 0 - 0 - 0 - 0 - 1 - 0 - 0 - 1;0: 7 - 1: 2
2020;1;23;4;4;1;0;NATO;?;10h53;Cergy le Haut;uic_87382655;?;?;normal;9;0;0;0;0;0 - 0 - 0 - 0 - 0 - 0 - 0 - 0 - 0;0: 9
2020;1;23;4;4;1;0;NATO;?;11h03;Cergy le Haut;uic_87382655;?;?;normal;9;0;0;0;0;0 - 0 - 0 - 0 - 0 - 0 - 0 - 0 - 0;0: 9
2020;1;23;4;4;1;0;NATO;?;11h13;Cergy le Haut;uic_87382655;?;?;normal;9;0;0;0;0;0 - 0 - 0 - 0 - 0 - 0 - 0 - 0 - 0;0: 9
2020;1;23;4;4;1;0;NATO;?;11h23;Cergy le Haut;uic_87382655;?;?;normal;9;0;120;73;60;0 - 0 - 1 - 1 - 1 - 2 - 2 - 2 - 2;0: 2 - 1: 3 - 2: 4
2020;1;23;4;4;1;0;NATO;?;11h33;Cergy le Haut;uic_87382655;?;?;normal;9;0;60;6;0;0 - 0 - 0 - 0 - 0 - 1 - 0 - 0 - 0;0: 8 - 1: 1
2020;1;23;4;4;1;0;NATO;?;11h43;Cergy le Haut;uic_87382655;?;?;normal;9;0;180;80;60;0 - 0 - 1 - 1 - 1 - 2 - 2 - 2 - 3;0: 2 - 1: 3 - 2: 3 - 3: 1
2020;1;23;4;4;1;0;NATO;?;11h53;Cergy le Haut;uic_87382655;?;?;normal;9;0;180;60;60;0 - 0 - 0 - 1 - 1 - 1 - 1 - 2 - 3;0: 3 - 1: 4 - 2: 1 - 3: 1
2020;1;23;4;4;1;0;NATO;?;12h03;Cergy le Haut;uic_87382655;?;?;normal;9;0;240;220;240;3 - 3 - 3 - 4 - 4 - 4 - 4 - 4 - 4;3: 3 - 4: 6
2020;1;23;4;4;1;0;NATO;?;12h13;Cergy le Haut;uic_87382655;?;?;normal;9;0;0;0;0;0 - 0 - 0 - 0 - 0 - 0 - 0 - 0 - 0;0: 9
2020;1;23;4;4;1;0;NATO;?;12h23;Cergy le Haut;uic_87382655;?;?;normal;9;0;0;0;0;0 - 0 - 0 - 0 - 0 - 0 - 0 - 0 - 0;0: 9
2020;1;23;4;4;1;0;NATO;?;12h33;Cergy le Haut;uic_87382655;?;?;normal;9;0;0;0;0;0 - 0 - 0 - 0 - 0 - 0 - 0 - 0 - 0;0: 9
2020;1;23;4;4;1;0;NATO;?;12h43;Cergy le Haut;uic_87382655;?;?;normal;9;0;240;106;120;0 - 0 - 1 - 1 - 2 - 3 - 2 - 3 - 4;0: 2 - 1: 2 - 2: 2 - 3: 2 - 4: 1
2020;1;23;4;4;1;0;NATO;?;12h53;Cergy le Haut;uic_87382655;?;?;normal;9;0;60;13;0;0 - 0 - 0 - 0 - 0 - 1 - 0 - 1 - 0;0: 7 - 1: 2
2020;1;23;4;4;1;0;NATO;?;13h03;Cergy le Haut;uic_87382655;?;?;normal;9;0;0;0;0;0 - 0 - 0 - 0 - 0 - 0 - 0 - 0 - 0;0: 9
2020;1;23;4;4;1;0;NATO;?;13h13;Cergy le Haut;uic_87382655;?;?;normal;9;0;120;46;0;0 - 0 - 1 - 0 - 0 - 2 - 2 - 2 - 0;0: 5 - 1: 1 - 2: 3
2020;1;23;4;4;1;0;NATO;?;13h23;Cergy le Haut;uic_87382655;?;?;normal;9;0;0;0;0;0 - 0 - 0 - 0 - 0 - 0 - 0 - 0 - 0;0: 9
2020;1;23;4;4;1;0;NATO;?;13h33;Cergy le Haut;uic_87382655;?;?;normal;9;0;0;0;0;0 - 0 - 0 - 0 - 0 - 0 - 0 - 0 - 0;0: 9
2020;1;23;4;4;1;0;NATO;?;13h43;Cergy le Haut;uic_87382655;?;?;normal;9;0;0;0;0;0 - 0 - 0 - 0 - 0 - 0 - 0 - 0 - 0;0: 9
2020;1;23;4;4;1;0;NATO;?;13h53;Cergy le Haut;uic_87382655;?;?;normal;9;0;60;26;0;0 - 0 - 1 - 0 - 0 - 1 - 1 - 1 - 0;0: 5 - 1: 4
2020;1;23;4;4;1;0;NATO;?;14h03;Cergy le Haut;uic_87382655;?;?;normal;9;0;0;0;0;0 - 0 - 0 - 0 - 0 - 0 - 0 - 0 - 0;0: 9
2020;1;23;4;4;1;0;NOTE;?;05h40;Poissy;uic_87386573;?;?;normal;5;0;60;60;60;1 - 1 - 1 - 1 - 1;1: 5
2020;1;23;4;4;1;0;NOTE;?;06h00;Poissy;uic_87386573;?;?;normal;5;0;0;0;0;0 - 0 - 0 - 0 - 0;0: 5
2020;1;23;4;4;1;0;NOTE;?;06h15;Poissy;uic_87386573;?;?;normal;5;0;120;72;60;1 - 2 - 1 - 1 - 1;1: 4 - 2: 1
2020;1;23;4;4;1;0;NOTE;?;06h30;Poissy;uic_87386573;?;?;normal;5;0;180;120;120;1 - 2 - 2 - 2 - 3;1: 1 - 2: 3 - 3: 1
2020;1;23;4;4;1;0;NOTE;?;06h45;Poissy;uic_87386573;?;?;normal;5;0;60;48;60;0 - 1 - 1 - 1 - 1;0: 1 - 1: 4
2020;1;23;4;4;1;0;NOTE;?;06h59;Poissy;uic_87386573;?;?;normal;5;0;180;132;180;0 - 3 - 3 - 3 - 2;0: 1 - 2: 1 - 3: 3
2020;1;23;4;4;1;0;NOTE;?;07h13;Poissy;uic_87386573;?;?;normal;5;0;180;132;180;0 - 3 - 2 - 3 - 3;0: 1 - 2: 1 - 3: 3
2020;1;23;4;4;1;0;NOTE;?;07h25;Poissy;uic_87386573;?;?;normal;5;0;120;48;60;0 - 2 - 1 - 1 - 0;0: 2 - 1: 2 - 2: 1
2020;1;23;4;4;1;0;NOTE;?;07h37;Poissy;uic_87386573;?;?;normal;5;0;60;36;60;0 - 1 - 0 - 1 - 1;0: 2 - 1: 3
2020;1;23;4;4;1;0;NOTE;?;07h47;Poissy;uic_87386573;?;?;normal;5;0;120;83;120;0 - 2 - 2 - 1 - 2;0: 1 - 1: 1 - 2: 3
2020;1;23;4;4;1;0;NOTE;?;07h59;Poissy;uic_87386573;?;?;normal;5;0;120;72;60;1 - 1 - 0 - 2 - 2;0: 1 - 1: 2 - 2: 2
2020;1;23;4;4;1;0;NOTE;?;08h11;Poissy;uic_87386573;?;?;normal;5;0;120;36;0;0 - 0 - 0 - 1 - 2;0: 3 - 1: 1 - 2: 1
2020;1;23;4;4;1;0;NOTE;?;08h22;Poissy;uic_87386573;?;?;normal;5;0;60;12;0;1 - 0 - 0 - 0 - 0;0: 4 - 1: 1
2020;1;23;4;4;1;0;NOTE;?;08h34;Poissy;uic_87386573;?;?;normal;5;0;120;24;0;2 - 0 - 0 - 0 - 0;0: 4 - 2: 1
2020;1;23;4;4;1;0;NOTE;?;08h46;Poissy;uic_87386573;?;?;normal;5;0;0;0;0;0 - 0 - 0 - 0 - 0;0: 5
2020;1;23;4;4;1;0;NOTE;?;08h57;Poissy;uic_87386573;?;?;annule_partiellement;5;3;480;480;8;/ - / - / - 8 - 8;8: 2
2020;1;23;4;4;1;0;NOTE;?;09h09;Poissy;uic_87386573;?;?;annule;5;5;0;0;0;;
2020;1;23;4;4;1;0;NOTE;?;16h42;Poissy;uic_87386573;?;?;normal;5;0;180;120;120;0 - 3 - 2 - 2 - 3;0: 1 - 2: 2 - 3: 2
2020;1;23;4;4;1;0;NOTE;?;16h54;Poissy;uic_87386573;?;?;normal;5;0;120;96;120;1 - 1 - 2 - 2 - 2;1: 2 - 2: 3
2020;1;23;4;4;1;0;NOTE;?;17h05;Poissy;uic_87386573;?;?;normal;5;0;240;96;0;0 - 0 - 0 - 4 - 4;0: 3 - 4: 2
2020;1;23;4;4;1;0;NOTE;?;17h19;Poissy;uic_87386573;?;?;normal;5;0;120;72;60;1 - 1 - 1 - 1 - 2;1: 4 - 2: 1
2020;1;23;4;4;1;0;NOTE;?;17h32;Poissy;uic_87386573;?;?;normal;5;0;0;0;0;0 - 0 - 0 - 0 - 0;0: 5
2020;1;23;4;4;1;0;NOTE;?;17h44;Poissy;uic_87386573;?;?;normal;5;0;1080;528;180;3 - 3 - 3 - 17 - 18;3: 3 - 17: 1 - 18: 1
2020;1;23;4;4;1;0;NOTE;?;17h57;Poissy;uic_87386573;?;?;normal;5;0;540;408;480;2 - 8 - 6 - 9 - 9;2: 1 - 6: 1 - 8: 1 - 9: 2
2020;1;23;4;4;1;0;NOTE;?;18h09;Poissy;uic_87386573;?;?;normal;5;0;240;167;180;1 - 3 - 3 - 3 - 4;1: 1 - 3: 3 - 4: 1
2020;1;23;4;4;1;0;NOTE;?;18h22;Poissy;uic_87386573;?;?;normal;5;0;60;24;0;0 - 1 - 0 - 0 - 1;0: 3 - 1: 2
2020;1;23;4;4;1;0;NOTE;?;18h34;Poissy;uic_87386573;?;?;normal;5;0;120;83;60;1 - 2 - 1 - 1 - 2;1: 3 - 2: 2
2020;1;23;4;4;1;0;NOTE;?;18h47;Poissy;uic_87386573;?;?;normal;5;0;120;60;60;0 - 2 - 1 - 1 - 1;0: 1 - 1: 3 - 2: 1
2020;1;23;4;4;1;0;NOTE;?;18h59;Poissy;uic_87386573;?;?;annule_partiellement;5;2;60;20;0;/ - / - 0 - 0 - 1;0: 2 - 1: 1
2020;1;23;4;4;1;0;NOTE;?;19h12;Poissy;uic_87386573;?;?;normal;5;0;240;180;180;3 - 4 - 2 - 3 - 3;2: 1 - 3: 3 - 4: 1
2020;1;23;4;4;1;0;NOTE;?;19h24;Poissy;uic_87386573;?;?;normal;5;0;660;600;600;9 - 10 - 10 - 10 - 11;9: 1 - 10: 3 - 11: 1
2020;1;23;4;4;1;0;NOTE;?;19h39;Poissy;uic_87386573;?;?;normal;5;0;120;120;120;2 - 2 - 2 - 2 - 2;2: 5
2020;1;23;4;4;1;0;NOTE;?;20h04;Poissy;uic_87386573;?;?;normal;5;0;60;24;0;0 - 1 - 0 - 1 - 0;0: 3 - 1: 2
2020;1;23;4;4;1;0;NOTE;?;20h34;Poissy;uic_87386573;?;?;normal;5;0;900;840;840;12 - 15 - 14 - 15 - 14;12: 1 - 14: 2 - 15: 2
2020;1;23;4;4;1;0;NOTE;?;21h03;Poissy;uic_87386573;?;?;normal;5;0;420;395;420;7 - 7 - 6 - 6 - 7;6: 2 - 7: 3
2020;1;23;4;4;1;0;NOTE;?;21h35;Poissy;uic_87386573;?;?;normal;5;0;60;48;60;1 - 1 - 1 - 1 - 0;0: 1 - 1: 4
2020;1;23;4;4;1;0;NOTE;?;22h03;Poissy;uic_87386573;?;?;normal;5;0;0;0;0;0 - 0 - 0 - 0 - 0;0: 5
2020;1;23;4;4;1;0;NOTE;?;22h33;Poissy;uic_87386573;?;?;normal;5;0;60;48;60;1 - 1 - 0 - 1 - 1;0: 1 - 1: 4
2020;1;23;4;4;1;0;NOTE;?;23h03;Poissy;uic_87386573;?;?;normal;5;0;420;408;420;7 - 7 - 7 - 7 - 6;6: 1 - 7: 4
2020;1;23;4;4;1;0;NOTE;?;23h33;Poissy;uic_87386573;?;?;normal;5;0;0;0;0;0 - 0 - 0 - 0 - 0;0: 5
2020;1;23;4;4;1;0;OKLA;?;09h20;Poissy;uic_87386573;?;?;annule_partiellement;5;2;300;300;300;/ - / - 5 - 5 - 5;5: 3
2020;1;23;4;4;1;0;OKLA;?;09h40;Poissy;uic_87386573;?;?;annule;5;5;0;0;0;;
2020;1;23;4;4;1;0;OKLA;?;09h55;Poissy;uic_87386573;?;?;normal;5;0;120;107;120;2 - 2 - 2 - 2 - 1;1: 1 - 2: 4
2020;1;23;4;4;1;0;OKLA;?;10h16;Poissy;uic_87386573;?;?;normal;5;0;0;0;0;0 - 0 - 0 - 0 - 0;0: 5
2020;1;23;4;4;1;0;OKLA;?;10h40;Poissy;uic_87386573;?;?;normal;5;0;0;0;0;0 - 0 - 0 - 0 - 0;0: 5
2020;1;23;4;4;1;0;OKLA;?;11h00;Poissy;uic_87386573;?;?;normal;5;0;60;24;0;1 - 1 - 0 - 0 - 0;0: 3 - 1: 2
2020;1;23;4;4;1;0;OKLA;?;11h20;Poissy;uic_87386573;?;?;normal;5;0;120;83;60;2 - 2 - 1 - 1 - 1;1: 3 - 2: 2
2020;1;23;4;4;1;0;OKLA;?;11h40;Poissy;uic_87386573;?;?;normal;5;0;120;72;60;1 - 1 - 1 - 1 - 2;1: 4 - 2: 1
2020;1;23;4;4;1;0;OKLA;?;12h00;Poissy;uic_87386573;?;?;normal;5;0;120;72;60;0 - 2 - 1 - 1 - 2;0: 1 - 1: 2 - 2: 2
2020;1;23;4;4;1;0;OKLA;?;12h20;Poissy;uic_87386573;?;?;normal;5;0;180;167;180;2 - 3 - 3 - 3 - 3;2: 1 - 3: 4
2020;1;23;4;4;1;0;OKLA;?;12h40;Poissy;uic_87386573;?;?;normal;5;0;60;24;0;0 - 1 - 0 - 0 - 1;0: 3 - 1: 2
2020;1;23;4;4;1;0;OKLA;?;13h00;Poissy;uic_87386573;?;?;normal;5;0;180;155;180;1 - 3 - 3 - 3 - 3;1: 1 - 3: 4
2020;1;23;4;4;1;0;OKLA;?;13h20;Poissy;uic_87386573;?;?;normal;5;0;0;0;0;0 - 0 - 0 - 0 - 0;0: 5
2020;1;23;4;4;1;0;OKLA;?;13h40;Poissy;uic_87386573;?;?;normal;5;0;0;0;0;0 - 0 - 0 - 0 - 0;0: 5
2020;1;23;4;4;1;0;OKLA;?;14h00;Poissy;uic_87386573;?;?;normal;5;0;120;83;60;2 - 2 - 1 - 1 - 1;1: 3 - 2: 2
2020;1;23;4;4;1;0;OKLA;?;14h20;Poissy;uic_87386573;?;?;normal;5;0;180;83;60;1 - 1 - 1 - 1 - 3;1: 4 - 3: 1
2020;1;23;4;4;1;0;OKRE;?;14h40;Poissy;uic_87386573;?;?;normal;5;0;360;348;360;6 - 6 - 5 - 6 - 6;5: 1 - 6: 4
2020;1;23;4;4;1;0;OKRE;?;15h00;Poissy;uic_87386573;?;?;normal;5;0;900;816;840;10 - 15 - 14 - 14 - 15;10: 1 - 14: 2 - 15: 2
2020;1;23;4;4;1;0;OKRE;?;15h20;Poissy;uic_87386573;?;?;normal;5;0;300;227;240;1 - 4 - 4 - 5 - 5;1: 1 - 4: 2 - 5: 2
2020;1;23;4;4;1;0;OKRE;?;15h40;Poissy;uic_87386573;?;?;normal;5;0;240;204;240;1 - 4 - 4 - 4 - 4;1: 1 - 4: 4
2020;1;23;4;4;1;0;OKRE;?;16h00;Poissy;uic_87386573;?;?;normal;5;0;0;0;0;0 - 0 - 0 - 0 - 0;0: 5
2020;1;23;4;4;1;0;OKRE;?;16h20;Poissy;uic_87386573;?;?;normal;5;0;180;155;180;2 - 3 - 2 - 3 - 3;2: 2 - 3: 3
2020;1;23;4;4;1;0;OPEN;?;04h42;Cergy le Haut;uic_87382655;?;?;normal;9;0;780;226;60;0 - 0 - 1 - 1 - 1 - 3 - 2 - 13 - 13;0: 2 - 1: 3 - 2: 1 - 3: 1 - 13: 2
2020;1;23;4;4;1;0;OPUS;?;00h28;Sartrouville;uic_87386417;?;?;normal;2;0;0;0;0;0 - 0;0: 2
2020;1;23;4;4;1;0;OPUS;?;23h58;Sartrouville;uic_87386417;?;?;normal;2;0;0;0;0;0 - 0;0: 2
2020;1;23;4;4;1;0;QURI;?;00h05;Poissy;uic_87386573;?;?;normal;5;0;0;0;0;0 - 0 - 0 - 0 - 0;0: 5
2020;1;23;4;4;1;0;QURI;?;05h10;Poissy;uic_87386573;?;?;normal;5;0;300;215;300;0 - 3 - 5 - 5 - 5;0: 1 - 3: 1 - 5: 3
2020;1;23;4;4;1;0;TAPI;?;00h31;Houilles - Carrières-sur-Seine;uic_87386409;?;?;normal;4;0;60;30;30;0 - 1 - 1 - 0;0: 2 - 1: 2
2020;1;23;4;4;1;0;TAXE;?;00h03;Houilles - Carrières-sur-Seine;uic_87386409;?;?;normal;4;0;60;45;1;1 - 1 - 1 - 0;0: 1 - 1: 3
2020;1;23;4;4;1;0;TAXE;?;06h35;Houilles - Carrières-sur-Seine;uic_87386409;?;?;normal;4;0;180;90;90;1 - 3 - 2 - 0;0: 1 - 1: 1 - 2: 1 - 3: 1
2020;1;23;4;4;1;0;TAXE;?;07h06;Houilles - Carrières-sur-Seine;uic_87386409;?;?;normal;4;0;0;0;0;0 - 0 - 0 - 0;0: 4
2020;1;23;4;4;1;0;TAXE;?;07h21;Houilles - Carrières-sur-Seine;uic_87386409;?;?;normal;4;0;120;60;1;1 - 2 - 1 - 0;0: 1 - 1: 2 - 2: 1
2020;1;23;4;4;1;0;TAXE;?;07h37;Houilles - Carrières-sur-Seine;uic_87386409;?;?;normal;4;0;0;0;0;0 - 0 - 0 - 0;0: 4
2020;1;23;4;4;1;0;TAXE;?;07h50;Houilles - Carrières-sur-Seine;uic_87386409;?;?;normal;4;0;180;120;150;3 - 3 - 2 - 0;0: 1 - 2: 1 - 3: 2
2020;1;23;4;4;1;0;TAXE;?;08h01;Houilles - Carrières-sur-Seine;uic_87386409;?;?;normal;4;0;360;285;330;5 - 6 - 6 - 2;2: 1 - 5: 1 - 6: 2
2020;1;23;4;4;1;0;TAXE;?;08h13;Houilles - Carrières-sur-Seine;uic_87386409;?;?;normal;4;0;240;210;4;4 - 4 - 4 - 2;2: 1 - 4: 3
2020;1;23;4;4;1;0;TAXE;?;08h25;Houilles - Carrières-sur-Seine;uic_87386409;?;?;normal;4;0;240;180;4;4 - 4 - 4 - 0;0: 1 - 4: 3
2020;1;23;4;4;1;0;TAXE;?;08h36;Houilles - Carrières-sur-Seine;uic_87386409;?;?;normal;4;0;3240;945;3;3 - 3 - 3 - 54;3: 3 - 54: 1
2020;1;23;4;4;1;0;TAXE;?;08h48;Houilles - Carrières-sur-Seine;uic_87386409;?;?;annule_partiellement;4;3;180;180;180;3 - / - / - /;3: 1
2020;1;23;4;4;1;0;TAXE;?;09h00;Houilles - Carrières-sur-Seine;uic_87386409;?;?;annule_partiellement;4;2;660;630;630;10 - 11 - / - /;10: 1 - 11: 1
2020;1;23;4;4;1;0;TAXE;?;09h11;Houilles - Carrières-sur-Seine;uic_87386409;?;?;annule_partiellement;4;2;540;510;510;8 - 9 - / - /;8: 1 - 9: 1
2020;1;23;4;4;1;0;TAXE;?;09h23;Houilles - Carrières-sur-Seine;uic_87386409;?;?;annule;4;4;0;0;0;;
2020;1;23;4;4;1;0;TAXE;?;09h35;Houilles - Carrières-sur-Seine;uic_87386409;?;?;annule_partiellement;4;2;240;210;210;3 - 4 - / - /;3: 1 - 4: 1
2020;1;23;4;4;1;0;TAXE;?;09h46;Houilles - Carrières-sur-Seine;uic_87386409;?;?;normal;4;0;420;405;7;6 - 7 - 7 - 7;6: 1 - 7: 3
2020;1;23;4;4;1;0;TAXE;?;09h58;Houilles - Carrières-sur-Seine;uic_87386409;?;?;annule_partiellement;4;2;120;90;90;1 - 2 - / - /;1: 1 - 2: 1
2020;1;23;4;4;1;0;TAXE;?;17h14;Houilles - Carrières-sur-Seine;uic_87386409;?;?;normal;4;0;420;405;7;6 - 7 - 7 - 7;6: 1 - 7: 3
2020;1;23;4;4;1;0;TAXE;?;17h26;Houilles - Carrières-sur-Seine;uic_87386409;?;?;normal;4;0;300;255;270;4 - 5 - 5 - 3;3: 1 - 4: 1 - 5: 2
2020;1;23;4;4;1;0;TAXE;?;17h39;Houilles - Carrières-sur-Seine;uic_87386409;?;?;normal;4;0;360;285;5;3 - 5 - 6 - 5;3: 1 - 5: 2 - 6: 1
2020;1;23;4;4;1;0;TAXE;?;17h51;Houilles - Carrières-sur-Seine;uic_87386409;?;?;normal;4;0;180;150;150;2 - 3 - 3 - 2;2: 2 - 3: 2
2020;1;23;4;4;1;0;TAXE;?;18h04;Houilles - Carrières-sur-Seine;uic_87386409;?;?;normal;4;0;180;135;150;1 - 3 - 3 - 2;1: 1 - 2: 1 - 3: 2
2020;1;23;4;4;1;0;TAXE;?;18h16;Houilles - Carrières-sur-Seine;uic_87386409;?;?;normal;4;0;60;30;30;0 - 1 - 1 - 0;0: 2 - 1: 2
2020;1;23;4;4;1;0;TAXE;?;18h29;Houilles - Carrières-sur-Seine;uic_87386409;?;?;annule;4;4;0;0;0;;
2020;1;23;4;4;1;0;TAXE;?;18h41;Houilles - Carrières-sur-Seine;uic_87386409;?;?;normal;4;0;540;495;510;8 - 9 - 9 - 7;7: 1 - 8: 1 - 9: 2
2020;1;23;4;4;1;0;TAXE;?;18h54;Houilles - Carrières-sur-Seine;uic_87386409;?;?;normal;4;0;840;810;810;13 - 14 - 14 - 13;13: 2 - 14: 2
2020;1;23;4;4;1;0;TAXE;?;19h06;Houilles - Carrières-sur-Seine;uic_87386409;?;?;normal;4;0;600;570;570;9 - 10 - 10 - 9;9: 2 - 10: 2
2020;1;23;4;4;1;0;TAXE;?;19h19;Houilles - Carrières-sur-Seine;uic_87386409;?;?;normal;4;0;540;480;8;8 - 9 - 8 - 7;7: 1 - 8: 2 - 9: 1
2020;1;23;4;4;1;0;TAXE;?;19h31;Houilles - Carrières-sur-Seine;uic_87386409;?;?;normal;4;0;240;225;4;4 - 4 - 4 - 3;3: 1 - 4: 3
2020;1;23;4;4;1;0;TAXE;?;19h44;Houilles - Carrières-sur-Seine;uic_87386409;?;?;normal;4;0;180;105;2;2 - 3 - 2 - 0;0: 1 - 2: 2 - 3: 1
2020;1;23;4;4;1;0;TAXE;?;19h56;Houilles - Carrières-sur-Seine;uic_87386409;?;?;normal;4;0;600;570;570;9 - 10 - 10 - 9;9: 2 - 10: 2
2020;1;23;4;4;1;0;TAXE;?;20h17;Houilles - Carrières-sur-Seine;uic_87386409;?;?;normal;4;0;960;915;15;15 - 16 - 15 - 15;15: 3 - 16: 1
2020;1;23;4;4;1;0;TAXE;?;20h38;Houilles - Carrières-sur-Seine;uic_87386409;?;?;normal;4;0;720;660;11;11 - 12 - 11 - 10;10: 1 - 11: 2 - 12: 1
2020;1;23;4;4;1;0;TAXE;?;20h58;Houilles - Carrières-sur-Seine;uic_87386409;?;?;normal;4;0;0;0;0;0 - 0 - 0 - 0;0: 4
2020;1;23;4;4;1;0;TAXE;?;21h19;Houilles - Carrières-sur-Seine;uic_87386409;?;?;normal;4;0;240;135;2;1 - 3 - 4 - 1;1: 2 - 3: 1 - 4: 1
2020;1;23;4;4;1;0;TAXE;?;21h38;Houilles - Carrières-sur-Seine;uic_87386409;?;?;normal;4;0;300;255;270;3 - 5 - 5 - 4;3: 1 - 4: 1 - 5: 2
2020;1;23;4;4;1;0;TAXE;?;22h03;Houilles - Carrières-sur-Seine;uic_87386409;?;?;normal;4;0;180;135;2;2 - 3 - 2 - 2;2: 3 - 3: 1
2020;1;23;4;4;1;0;TAXE;?;22h33;Houilles - Carrières-sur-Seine;uic_87386409;?;?;normal;4;0;900;855;870;13 - 15 - 15 - 14;13: 1 - 14: 1 - 15: 2
2020;1;23;4;4;1;0;TAXE;?;23h03;Houilles - Carrières-sur-Seine;uic_87386409;?;?;normal;4;0;0;0;0;0 - 0 - 0 - 0;0: 4
2020;1;23;4;4;1;0;TAXE;?;23h33;Houilles - Carrières-sur-Seine;uic_87386409;?;?;normal;4;0;60;45;1;1 - 1 - 1 - 0;0: 1 - 1: 3
2020;1;23;4;4;1;0;TEDI;?;00h58;Houilles - Carrières-sur-Seine;uic_87386409;?;?;normal;4;0;0;0;0;0 - 0 - 0 - 0;0: 4
2020;1;23;4;4;1;0;TEDI;?;06h11;Houilles - Carrières-sur-Seine;uic_87386409;?;?;normal;4;0;180;135;2;2 - 2 - 2 - 3;2: 3 - 3: 1
2020;1;23;4;4;1;0;TRAM;?;15h53;Houilles - Carrières-sur-Seine;uic_87386409;?;?;normal;4;0;420;390;390;6 - 7 - 7 - 6;6: 2 - 7: 2
2020;1;23;4;4;1;0;TRAM;?;16h13;Houilles - Carrières-sur-Seine;uic_87386409;?;?;normal;4;0;0;0;0;0 - 0 - 0 - 0;0: 4
2020;1;23;4;4;1;0;TRAM;?;16h33;Houilles - Carrières-sur-Seine;uic_87386409;?;?;normal;4;0;360;300;330;5 - 6 - 6 - 3;3: 1 - 5: 1 - 6: 2
2020;1;23;4;4;1;0;TRAM;?;16h54;Houilles - Carrières-sur-Seine;uic_87386409;?;?;normal;4;0;60;15;0;0 - 1 - 0 - 0;0: 3 - 1: 1
2020;1;23;4;4;1;0;TROC;?;06h52;Houilles - Carrières-sur-Seine;uic_87386409;?;?;normal;4;0;0;0;0;0 - 0 - 0 - 0;0: 4
2020;1;23;4;4;1;0;TROC;?;10h13;Houilles - Carrières-sur-Seine;uic_87386409;?;?;normal;4;0;180;165;3;2 - 3 - 3 - 3;2: 1 - 3: 3
2020;1;23;4;4;1;0;TROC;?;10h33;Houilles - Carrières-sur-Seine;uic_87386409;?;?;normal;4;0;120;60;1;1 - 2 - 1 - 0;0: 1 - 1: 2 - 2: 1
2020;1;23;4;4;1;0;TROC;?;10h53;Houilles - Carrières-sur-Seine;uic_87386409;?;?;normal;4;0;1260;990;1230;4 - 21 - 21 - 20;4: 1 - 20: 1 - 21: 2
2020;1;23;4;4;1;0;TROC;?;11h13;Houilles - Carrières-sur-Seine;uic_87386409;?;?;normal;4;0;960;945;16;15 - 16 - 16 - 16;15: 1 - 16: 3
2020;1;23;4;4;1;0;TROC;?;11h33;Houilles - Carrières-sur-Seine;uic_87386409;?;?;normal;4;0;480;480;8;8 - 8 - 8 - 8;8: 4
2020;1;23;4;4;1;0;TROC;?;11h53;Houilles - Carrières-sur-Seine;uic_87386409;?;?;normal;4;0;720;675;690;10 - 12 - 12 - 11;10: 1 - 11: 1 - 12: 2
2020;1;23;4;4;1;0;TROC;?;12h13;Houilles - Carrières-sur-Seine;uic_87386409;?;?;normal;4;0;180;150;150;2 - 3 - 3 - 2;2: 2 - 3: 2
2020;1;23;4;4;1;0;TROC;?;12h33;Houilles - Carrières-sur-Seine;uic_87386409;?;?;normal;4;0;60;30;30;0 - 1 - 1 - 0;0: 2 - 1: 2
2020;1;23;4;4;1;0;TROC;?;12h53;Houilles - Carrières-sur-Seine;uic_87386409;?;?;normal;4;0;720;690;690;11 - 12 - 12 - 11;11: 2 - 12: 2
2020;1;23;4;4;1;0;TROC;?;13h13;Houilles - Carrières-sur-Seine;uic_87386409;?;?;normal;4;0;0;0;0;0 - 0 - 0 - 0;0: 4
2020;1;23;4;4;1;0;TROC;?;13h33;Houilles - Carrières-sur-Seine;uic_87386409;?;?;normal;4;0;840;780;13;12 - 13 - 13 - 14;12: 1 - 13: 2 - 14: 1
2020;1;23;4;4;1;0;TROC;?;13h53;Houilles - Carrières-sur-Seine;uic_87386409;?;?;normal;4;0;1020;885;14;14 - 14 - 14 - 17;14: 3 - 17: 1
2020;1;23;4;4;1;0;TROC;?;14h13;Houilles - Carrières-sur-Seine;uic_87386409;?;?;normal;4;0;360;330;330;5 - 6 - 6 - 5;5: 2 - 6: 2
2020;1;23;4;4;1;0;TROC;?;14h33;Houilles - Carrières-sur-Seine;uic_87386409;?;?;normal;4;0;180;165;3;2 - 3 - 3 - 3;2: 1 - 3: 3
2020;1;23;4;4;1;0;TROC;?;14h53;Houilles - Carrières-sur-Seine;uic_87386409;?;?;normal;4;0;540;195;90;1 - 2 - 1 - 9;1: 2 - 2: 1 - 9: 1
2020;1;23;4;4;1;0;TROC;?;15h13;Houilles - Carrières-sur-Seine;uic_87386409;?;?;normal;4;0;60;30;30;0 - 1 - 1 - 0;0: 2 - 1: 2
2020;1;23;4;4;1;0;TROC;?;15h33;Houilles - Carrières-sur-Seine;uic_87386409;?;?;normal;4;0;60;60;1;1 - 1 - 1 - 1;1: 4
2020;1;23;4;4;1;0;UBAL;?;05h56;Houilles - Carrières-sur-Seine;uic_87386409;?;?;normal;8;0;120;82;90;0 - 1 - 1 - 1 - 2 - 2 - 2 - 2;0: 1 - 1: 3 - 2: 4
2020;1;23;4;4;1;0;UZAR;?;06h23;Houilles - Carrières-sur-Seine;uic_87386409;?;?;normal;8;0;300;195;3;2 - 3 - 2 - 3 - 3 - 4 - 4 - 5;2: 2 - 3: 3 - 4: 2 - 5: 1
2020;1;23;4;4;1;0;UZAR;?;06h40;Houilles - Carrières-sur-Seine;uic_87386409;?;?;normal;8;0;180;142;150;1 - 2 - 2 - 2 - 3 - 3 - 3 - 3;1: 1 - 2: 3 - 3: 4
2020;1;23;4;4;1;0;UZAR;?;06h56;Houilles - Carrières-sur-Seine;uic_87386409;?;?;normal;8;0;120;90;90;1 - 1 - 1 - 1 - 2 - 2 - 2 - 2;1: 4 - 2: 4
2020;1;23;4;4;1;0;UZAR;?;07h11;Houilles - Carrières-sur-Seine;uic_87386409;?;?;normal;8;0;120;97;2;1 - 2 - 1 - 1 - 2 - 2 - 2 - 2;1: 3 - 2: 5
2020;1;23;4;4;1;0;UZAR;?;07h25;Houilles - Carrières-sur-Seine;uic_87386409;?;?;normal;8;0;240;172;3;2 - 3 - 2 - 3 - 3 - 3 - 3 - 4;2: 2 - 3: 5 - 4: 1
2020;1;23;4;4;1;0;UZAR;?;07h46;Houilles - Carrières-sur-Seine;uic_87386409;?;?;normal;8;0;180;112;2;2 - 2 - 1 - 1 - 2 - 2 - 3 - 2;1: 2 - 2: 5 - 3: 1
2020;1;23;4;4;1;0;UZAR;?;07h57;Houilles - Carrières-sur-Seine;uic_87386409;?;?;normal;8;0;0;0;0;0 - 0 - 0 - 0 - 0 - 0 - 0 - 0;0: 8
2020;1;23;4;4;1;0;UZAR;?;08h09;Houilles - Carrières-sur-Seine;uic_87386409;?;?;normal;8;0;480;375;6;5 - 5 - 5 - 6 - 6 - 7 - 8 - 8;5: 3 - 6: 2 - 7: 1 - 8: 2
2020;1;23;4;4;1;0;UZAR;?;08h21;Houilles - Carrières-sur-Seine;uic_87386409;?;?;normal;8;0;240;52;30;1 - 1 - 0 - 1 - 0 - 0 - 0 - 4;0: 4 - 1: 3 - 4: 1
2020;1;23;4;4;1;0;UZAR;?;08h32;Houilles - Carrières-sur-Seine;uic_87386409;?;?;normal;8;0;300;240;4;3 - 4 - 3 - 4 - 5 - 4 - 4 - 5;3: 2 - 4: 4 - 5: 2
2020;1;23;4;4;1;0;UZAR;?;08h44;Houilles - Carrières-sur-Seine;uic_87386409;?;?;normal;8;0;180;180;3;3 - 3 - 3 - 3 - 3 - 3 - 3 - 3;3: 8
2020;1;23;4;4;1;0;UZAR;?;08h56;Houilles - Carrières-sur-Seine;uic_87386409;?;?;normal;8;0;420;405;7;6 - 7 - 6 - 7 - 7 - 7 - 7 - 7;6: 2 - 7: 6
2020;1;23;4;4;1;0;UZAR;?;09h07;Houilles - Carrières-sur-Seine;uic_87386409;?;?;normal;8;0;840;562;9;8 - 9 - 9 - 9 - 9 - 8 - 9 - 14;8: 2 - 9: 5 - 14: 1
2020;1;23;4;4;1;0;UZAR;?;09h19;Houilles - Carrières-sur-Seine;uic_87386409;?;?;normal;8;0;420;307;330;2 - 3 - 5 - 5 - 6 - 6 - 7 - 7;2: 1 - 3: 1 - 5: 2 - 6: 2 - 7: 2
2020;1;23;4;4;1;0;UZAR;?;09h31;Houilles - Carrières-sur-Seine;uic_87386409;?;?;normal;8;0;660;472;8;5 - 6 - 7 - 8 - 8 - 9 - 9 - 11;5: 1 - 6: 1 - 7: 1 - 8: 2 - 9: 2 - 11: 1
2020;1;23;4;4;1;0;UZAR;?;09h42;Houilles - Carrières-sur-Seine;uic_87386409;?;?;normal;8;0;240;52;0;0 - 0 - 0 - 0 - 1 - 0 - 2 - 4;0: 5 - 1: 1 - 2: 1 - 4: 1
2020;1;23;4;4;1;0;UZAR;?;09h54;Houilles - Carrières-sur-Seine;uic_87386409;?;?;normal;8;0;240;217;4;3 - 4 - 3 - 3 - 4 - 4 - 4 - 4;3: 3 - 4: 5
2020;1;23;4;4;1;0;UZAR;?;10h07;Houilles - Carrières-sur-Seine;uic_87386409;?;?;normal;8;0;480;360;390;4 - 4 - 5 - 6 - 7 - 7 - 8 - 7;4: 2 - 5: 1 - 6: 1 - 7: 3 - 8: 1
2020;1;23;4;4;1;0;UZAR;?;10h18;Houilles - Carrières-sur-Seine;uic_87386409;?;?;normal;8;0;180;90;90;1 - 2 - 0 - 1 - 2 - 1 - 2 - 3;0: 1 - 1: 3 - 2: 3 - 3: 1
2020;1;23;4;4;1;0;UZAR;?;10h27;Houilles - Carrières-sur-Seine;uic_87386409;?;?;normal;8;0;300;240;4;4 - 4 - 3 - 4 - 4 - 4 - 5 - 4;3: 1 - 4: 6 - 5: 1
2020;1;23;4;4;1;0;UZAR;?;10h38;Houilles - Carrières-sur-Seine;uic_87386409;?;?;normal;8;0;120;82;1;1 - 1 - 1 - 1 - 2 - 1 - 2 - 2;1: 5 - 2: 3
2020;1;23;4;4;1;0;UZAR;?;10h47;Houilles - Carrières-sur-Seine;uic_87386409;?;?;normal;8;0;480;330;7;0 - 0 - 6 - 7 - 8 - 7 - 8 - 8;0: 2 - 6: 1 - 7: 2 - 8: 3
2020;1;23;4;4;1;0;UZAR;?;10h58;Houilles - Carrières-sur-Seine;uic_87386409;?;?;normal;8;0;240;225;4;4 - 4 - 3 - 4 - 4 - 3 - 4 - 4;3: 2 - 4: 6
2020;1;23;4;4;1;0;UZAR;?;11h07;Houilles - Carrières-sur-Seine;uic_87386409;?;?;normal;8;0;420;202;3;3 - 3 - 1 - 3 - 3 - 3 - 4 - 7;1: 1 - 3: 5 - 4: 1 - 7: 1
2020;1;23;4;4;1;0;UZAR;?;11h18;Houilles - Carrières-sur-Seine;uic_87386409;?;?;normal;8;0;60;22;0;0 - 1 - 0 - 0 - 1 - 0 - 1 - 0;0: 5 - 1: 3
2020;1;23;4;4;1;0;UZAR;?;11h27;Houilles - Carrières-sur-Seine;uic_87386409;?;?;normal;8;0;0;0;0;0 - 0 - 0 - 0 - 0 - 0 - 0 - 0;0: 8
2020;1;23;4;4;1;0;UZAR;?;11h38;Houilles - Carrières-sur-Seine;uic_87386409;?;?;normal;8;0;60;15;0;0 - 1 - 0 - 0 - 0 - 0 - 0 - 1;0: 6 - 1: 2
2020;1;23;4;4;1;0;UZAR;?;11h47;Houilles - Carrières-sur-Seine;uic_87386409;?;?;normal;8;0;180;82;90;0 - 0 - 0 - 1 - 2 - 2 - 3 - 3;0: 3 - 1: 1 - 2: 2 - 3: 2
2020;1;23;4;4;1;0;UZAR;?;11h58;Houilles - Carrières-sur-Seine;uic_87386409;?;?;normal;8;0;120;45;1;0 - 0 - 0 - 1 - 1 - 1 - 2 - 1;0: 3 - 1: 4 - 2: 1
2020;1;23;4;4;1;0;UZAR;?;12h07;Houilles - Carrières-sur-Seine;uic_87386409;?;?;normal;8;0;60;22;0;1 - 1 - 0 - 0 - 1 - 0 - 0 - 0;0: 5 - 1: 3
2020;1;23;4;4;1;0;UZAR;?;12h18;Houilles - Carrières-sur-Seine;uic_87386409;?;?;normal;8;0;180;135;2;2 - 3 - 1 - 2 - 3 - 2 - 3 - 2;1: 1 - 2: 4 - 3: 3
2020;1;23;4;4;1;0;UZAR;?;12h27;Houilles - Carrières-sur-Seine;uic_87386409;?;?;normal;8;0;60;7;0;0 - 0 - 0 - 0 - 1 - 0 - 0 - 0;0: 7 - 1: 1
2020;1;23;4;4;1;0;UZAR;?;12h38;Houilles - Carrières-sur-Seine;uic_87386409;?;?;normal;8;0;60;15;0;1 - 1 - 0 - 0 - 0 - 0 - 0 - 0;0: 6 - 1: 2
2020;1;23;4;4;1;0;UZAR;?;12h47;Houilles - Carrières-sur-Seine;uic_87386409;?;?;normal;8;0;60;22;0;0 - 0 - 0 - 1 - 1 - 0 - 1 - 0;0: 5 - 1: 3
2020;1;23;4;4;1;0;UZAR;?;12h58;Houilles - Carrières-sur-Seine;uic_87386409;?;?;normal;8;0;60;37;1;0 - 1 - 0 - 1 - 1 - 0 - 1 - 1;0: 3 - 1: 5
2020;1;23;4;4;1;0;UZAR;?;13h07;Houilles - Carrières-sur-Seine;uic_87386409;?;?;normal;8;0;120;60;1;2 - 2 - 0 - 1 - 1 - 1 - 1 - 0;0: 2 - 1: 4 - 2: 2
2020;1;23;4;4;1;0;UZAR;?;13h18;Houilles - Carrières-sur-Seine;uic_87386409;?;?;normal;8;0;0;0;0;0 - 0 - 0 - 0 - 0 - 0 - 0 - 0;0: 8
2020;1;23;4;4;1;0;UZAR;?;13h27;Houilles - Carrières-sur-Seine;uic_87386409;?;?;normal;8;0;180;135;2;3 - 2 - 1 - 2 - 3 - 2 - 3 - 2;1: 1 - 2: 4 - 3: 3
2020;1;23;4;4;1;0;UZAR;?;13h38;Houilles - Carrières-sur-Seine;uic_87386409;?;?;normal;8;0;300;247;4;3 - 4 - 3 - 4 - 5 - 4 - 5 - 5;3: 2 - 4: 3 - 5: 3
2020;1;23;4;4;1;0;UZAR;?;13h47;Houilles - Carrières-sur-Seine;uic_87386409;?;?;normal;8;0;540;232;3;3 - 3 - 2 - 3 - 4 - 3 - 4 - 9;2: 1 - 3: 4 - 4: 2 - 9: 1
2020;1;23;4;4;1;0;UZAR;?;13h58;Houilles - Carrières-sur-Seine;uic_87386409;?;?;normal;8;0;960;855;14;13 - 14 - 13 - 14 - 15 - 14 - 15 - 16;13: 2 - 14: 3 - 15: 2 - 16: 1
2020;1;23;4;4;1;0;UZAR;?;14h07;Houilles - Carrières-sur-Seine;uic_87386409;?;?;normal;8;0;600;510;510;8 - 8 - 7 - 8 - 9 - 9 - 10 - 9;7: 1 - 8: 3 - 9: 3 - 10: 1
2020;1;23;4;4;1;0;UZAR;?;14h18;Houilles - Carrières-sur-Seine;uic_87386409;?;?;normal;8;0;360;300;5;4 - 5 - 4 - 5 - 6 - 5 - 6 - 5;4: 2 - 5: 4 - 6: 2
2020;1;23;4;4;1;0;UZAR;?;14h27;Houilles - Carrières-sur-Seine;uic_87386409;?;?;normal;8;0;0;0;0;0 - 0 - 0 - 0 - 0 - 0 - 0 - 0;0: 8
2020;1;23;4;4;1;0;UZAR;?;14h38;Houilles - Carrières-sur-Seine;uic_87386409;?;?;normal;8;0;480;360;6;4 - 6 - 5 - 6 - 6 - 6 - 7 - 8;4: 1 - 5: 1 - 6: 4 - 7: 1 - 8: 1
2020;1;23;4;4;1;0;UZAR;?;14h47;Houilles - Carrières-sur-Seine;uic_87386409;?;?;normal;8;0;180;37;0;0 - 0 - 0 - 0 - 0 - 0 - 3 - 2;0: 6 - 2: 1 - 3: 1
2020;1;23;4;4;1;0;UZAR;?;14h58;Houilles - Carrières-sur-Seine;uic_87386409;?;?;normal;8;0;180;120;2;1 - 2 - 1 - 2 - 3 - 2 - 3 - 2;1: 2 - 2: 4 - 3: 2
2020;1;23;4;4;1;0;UZAR;?;15h07;Houilles - Carrières-sur-Seine;uic_87386409;?;?;normal;8;0;300;180;3;1 - 2 - 1 - 3 - 3 - 4 - 5 - 5;1: 2 - 2: 1 - 3: 2 - 4: 1 - 5: 2
2020;1;23;4;4;1;0;UZAR;?;15h18;Houilles - Carrières-sur-Seine;uic_87386409;?;?;normal;8;0;60;30;30;0 - 1 - 0 - 0 - 1 - 0 - 1 - 1;0: 4 - 1: 4
2020;1;23;4;4;1;0;UZEL;?;15h47;Houilles - Carrières-sur-Seine;uic_87386409;?;?;normal;8;0;0;0;0;0 - 0 - 0 - 0 - 0 - 0 - 0 - 0;0: 8
2020;1;23;4;4;1;0;UZEL;?;15h58;Houilles - Carrières-sur-Seine;uic_87386409;?;?;normal;8;0;420;375;6;6 - 6 - 5 - 6 - 7 - 6 - 7 - 7;5: 1 - 6: 4 - 7: 3
2020;1;23;4;4;1;0;UZEL;?;16h07;Houilles - Carrières-sur-Seine;uic_87386409;?;?;normal;8;0;60;7;0;0 - 0 - 0 - 0 - 0 - 0 - 1 - 0;0: 7 - 1: 1
2020;1;23;4;4;1;0;UZEL;?;16h18;Houilles - Carrières-sur-Seine;uic_87386409;?;?;normal;8;0;180;135;2;2 - 3 - 1 - 2 - 3 - 2 - 3 - 2;1: 1 - 2: 4 - 3: 3
2020;1;23;4;4;1;0;UZEL;?;16h26;Houilles - Carrières-sur-Seine;uic_87386409;?;?;normal;8;0;120;15;0;0 - 0 - 0 - 0 - 0 - 0 - 0 - 2;0: 7 - 2: 1
2020;1;23;4;4;1;0;UZEL;?;16h38;Houilles - Carrières-sur-Seine;uic_87386409;?;?;normal;8;0;780;645;12;6 - 8 - 10 - 12 - 12 - 12 - 13 - 13;6: 1 - 8: 1 - 10: 1 - 12: 3 - 13: 2
2020;1;23;4;4;1;0;UZEL;?;16h46;Houilles - Carrières-sur-Seine;uic_87386409;?;?;normal;8;0;540;382;450;1 - 4 - 5 - 7 - 8 - 8 - 9 - 9;1: 1 - 4: 1 - 5: 1 - 7: 1 - 8: 2 - 9: 2
2020;1;23;4;4;1;0;UZEL;?;16h59;Houilles - Carrières-sur-Seine;uic_87386409;?;?;normal;8;0;60;22;0;0 - 1 - 0 - 0 - 1 - 0 - 1 - 0;0: 5 - 1: 3
2020;1;23;4;4;1;0;UZEL;?;17h05;Houilles - Carrières-sur-Seine;uic_87386409;?;?;normal;8;0;180;90;1;1 - 1 - 1 - 1 - 1 - 2 - 2 - 3;1: 5 - 2: 2 - 3: 1
2020;1;23;4;4;1;0;UZEL;?;17h18;Houilles - Carrières-sur-Seine;uic_87386409;?;?;normal;8;0;540;435;8;5 - 6 - 6 - 8 - 8 - 8 - 8 - 9;5: 1 - 6: 2 - 8: 4 - 9: 1
2020;1;23;4;4;1;0;UZEL;?;17h30;Houilles - Carrières-sur-Seine;uic_87386409;?;?;normal;8;0;540;307;5;4 - 5 - 4 - 4 - 5 - 5 - 5 - 9;4: 3 - 5: 4 - 9: 1
2020;1;23;4;4;1;0;UZEL;?;17h43;Houilles - Carrières-sur-Seine;uic_87386409;?;?;normal;8;0;360;270;5;2 - 4 - 3 - 5 - 6 - 5 - 5 - 6;2: 1 - 3: 1 - 4: 1 - 5: 3 - 6: 2
2020;1;23;4;4;1;0;UZEL;?;17h55;Houilles - Carrières-sur-Seine;uic_87386409;?;?;normal;8;0;300;240;4;2 - 4 - 3 - 4 - 4 - 5 - 5 - 5;2: 1 - 3: 1 - 4: 3 - 5: 3
2020;1;23;4;4;1;0;UZEL;?;18h08;Houilles - Carrières-sur-Seine;uic_87386409;?;?;normal;8;0;360;292;330;3 - 3 - 4 - 5 - 6 - 6 - 6 - 6;3: 2 - 4: 1 - 5: 1 - 6: 4
2020;1;23;4;4;1;0;UZEL;?;18h20;Houilles - Carrières-sur-Seine;uic_87386409;?;?;annule;8;8;0;0;0;;
2020;1;23;4;4;1;0;UZEL;?;18h33;Houilles - Carrières-sur-Seine;uic_87386409;?;?;normal;8;0;660;472;8;5 - 7 - 7 - 8 - 9 - 8 - 8 - 11;5: 1 - 7: 2 - 8: 3 - 9: 1 - 11: 1
2020;1;23;4;4;1;0;UZEL;?;18h45;Houilles - Carrières-sur-Seine;uic_87386409;?;?;normal;8;0;1320;1132;19;15 - 16 - 18 - 19 - 19 - 21 - 21 - 22;15: 1 - 16: 1 - 18: 1 - 19: 2 - 21: 2 - 22: 1
2020;1;23;4;4;1;0;UZEL;?;18h58;Houilles - Carrières-sur-Seine;uic_87386409;?;?;normal;8;0;1020;930;17;11 - 12 - 16 - 17 - 17 - 17 - 17 - 17;11: 1 - 12: 1 - 16: 1 - 17: 5
2020;1;23;4;4;1;0;UZEL;?;19h10;Houilles - Carrières-sur-Seine;uic_87386409;?;?;normal;8;0;840;735;750;10 - 11 - 12 - 12 - 13 - 13 - 13 - 14;10: 1 - 11: 1 - 12: 2 - 13: 3 - 14: 1
2020;1;23;4;4;1;0;UZEL;?;19h23;Houilles - Carrières-sur-Seine;uic_87386409;?;?;normal;8;0;480;412;7;6 - 7 - 6 - 7 - 8 - 7 - 7 - 7;6: 2 - 7: 5 - 8: 1
2020;1;23;4;4;1;0;UZEL;?;19h35;Houilles - Carrières-sur-Seine;uic_87386409;?;?;normal;8;0;660;487;510;5 - 6 - 7 - 8 - 9 - 9 - 10 - 11;5: 1 - 6: 1 - 7: 1 - 8: 1 - 9: 2 - 10: 1 - 11: 1
2020;1;23;4;4;1;0;UZEL;?;19h48;Houilles - Carrières-sur-Seine;uic_87386409;?;?;normal;8;0;360;330;6;4 - 5 - 5 - 6 - 6 - 6 - 6 - 6;4: 1 - 5: 2 - 6: 5
2020;1;23;4;4;1;0;UZEL;?;20h00;Houilles - Carrières-sur-Seine;uic_87386409;?;?;normal;8;0;720;667;11;10 - 11 - 11 - 11 - 11 - 12 - 11 - 12;10: 1 - 11: 5 - 12: 2
2020;1;23;4;4;1;0;UZEL;?;20h10;Houilles - Carrières-sur-Seine;uic_87386409;?;?;normal;8;0;720;622;10;9 - 10 - 10 - 10 - 10 - 11 - 11 - 12;9: 1 - 10: 4 - 11: 2 - 12: 1
2020;1;23;4;4;1;0;UZEL;?;20h28;Houilles - Carrières-sur-Seine;uic_87386409;?;?;normal;8;0;720;667;11;10 - 10 - 11 - 11 - 11 - 12 - 12 - 12;10: 2 - 11: 3 - 12: 3
2020;1;23;4;4;1;0;UZEL;?;20h49;Houilles - Carrières-sur-Seine;uic_87386409;?;?;normal;8;0;240;195;3;3 - 3 - 3 - 4 - 4 - 3 - 3 - 3;3: 6 - 4: 2
2020;1;23;4;4;1;0;UZEL;?;21h08;Houilles - Carrières-sur-Seine;uic_87386409;?;?;normal;8;0;0;0;0;0 - 0 - 0 - 0 - 0 - 0 - 0 - 0;0: 8
2020;1;23;4;4;1;0;UZEL;?;21h28;Houilles - Carrières-sur-Seine;uic_87386409;?;?;normal;8;0;120;52;1;0 - 1 - 0 - 1 - 1 - 2 - 1 - 1;0: 2 - 1: 5 - 2: 1
2020;1;23;4;4;1;0;UZEL;?;21h49;Houilles - Carrières-sur-Seine;uic_87386409;?;?;normal;8;0;120;60;1;0 - 0 - 0 - 1 - 2 - 2 - 1 - 2;0: 3 - 1: 2 - 2: 3
2020;1;23;4;4;1;0;UZIN;?;15h27;Houilles - Carrières-sur-Seine;uic_87386409;?;?;normal;8;0;120;45;1;0 - 0 - 0 - 1 - 1 - 1 - 2 - 1;0: 3 - 1: 4 - 2: 1
2020;1;23;4;4;1;0;UZIN;?;15h38;Houilles - Carrières-sur-Seine;uic_87386409;?;?;normal;8;0;60;30;30;0 - 1 - 0 - 0 - 1 - 0 - 1 - 1;0: 4 - 1: 4
2020;1;23;4;4;1;0;VELO;?;00h18;Houilles - Carrières-sur-Seine;uic_87386409;?;?;normal;1;0;0;0;0;0;0: 1
2020;1;23;4;4;1;0;VELO;?;22h18;Houilles - Carrières-sur-Seine;uic_87386409;?;?;normal;1;0;120;120;120;2;2: 1
2020;1;23;4;4;1;0;VELO;?;22h48;Houilles - Carrières-sur-Seine;uic_87386409;?;?;normal;1;0;120;120;120;2;2: 1
2020;1;23;4;4;1;0;VELO;?;23h18;Houilles - Carrières-sur-Seine;uic_87386409;?;?;normal;1;0;60;60;60;1;1: 1
2020;1;23;4;4;1;0;VELO;?;23h48;Houilles - Carrières-sur-Seine;uic_87386409;?;?;normal;1;0;0;0;0;0;0: 1
2020;1;23;4;4;1;0;VIDA;?;00h44;Houilles - Carrières-sur-Seine;uic_87386409;?;?;normal;1;0;0;0;0;0;0: 1
2020;1;23;4;4;1;0;VIRO;?;01h13;Houilles - Carrières-sur-Seine;uic_87386409;?;?;normal;1;0;0;0;0;0;0: 1
2020;1;24;5;4;1;0;NAJA;?;22h28;Sartrouville;uic_87386417;?;?;normal;2;0;0;0;0;0 - 0;0: 2
2020;1;24;5;4;1;0;NAJA;?;22h58;Sartrouville;uic_87386417;?;?;normal;2;0;720;720;12;12 - 12;12: 2
2020;1;24;5;4;1;0;NAJA;?;23h28;Sartrouville;uic_87386417;?;?;normal;2;0;0;0;0;0 - 0;0: 2
2020;1;24;5;4;1;0;NANI;?;14h13;Cergy le Haut;uic_87382655;?;?;normal;9;0;0;0;0;0 - 0 - 0 - 0 - 0 - 0 - 0 - 0 - 0;0: 9
2020;1;24;5;4;1;0;NANI;?;14h33;Cergy le Haut;uic_87382655;?;?;normal;9;0;60;20;0;0 - 0 - 0 - 0 - 0 - 1 - 1 - 1 - 0;0: 6 - 1: 3
2020;1;24;5;4;1;0;NANI;?;14h53;Cergy le Haut;uic_87382655;?;?;normal;9;0;0;0;0;0 - 0 - 0 - 0 - 0 - 0 - 0 - 0 - 0;0: 9
2020;1;24;5;4;1;0;NANI;?;15h13;Cergy le Haut;uic_87382655;?;?;normal;9;0;0;0;0;0 - 0 - 0 - 0 - 0 - 0 - 0 - 0 - 0;0: 9
2020;1;24;5;4;1;0;NANI;?;15h33;Cergy le Haut;uic_87382655;?;?;normal;9;0;0;0;0;0 - 0 - 0 - 0 - 0 - 0 - 0 - 0 - 0;0: 9
2020;1;24;5;4;1;0;NANI;?;15h53;Cergy le Haut;uic_87382655;?;?;normal;9;0;0;0;0;0 - 0 - 0 - 0 - 0 - 0 - 0 - 0 - 0;0: 9
2020;1;24;5;4;1;0;NANI;?;16h13;Cergy le Haut;uic_87382655;?;?;normal;9;0;60;6;0;0 - 0 - 1 - 0 - 0 - 0 - 0 - 0 - 0;0: 8 - 1: 1
2020;1;24;5;4;1;0;NANI;?;16h24;Cergy le Haut;uic_87382655;?;?;normal;9;0;0;0;0;0 - 0 - 0 - 0 - 0 - 0 - 0 - 0 - 0;0: 9
2020;1;24;5;4;1;0;NANI;?;16h36;Cergy le Haut;uic_87382655;?;?;normal;9;0;120;46;60;0 - 0 - 0 - 0 - 1 - 2 - 2 - 1 - 1;0: 4 - 1: 3 - 2: 2
2020;1;24;5;4;1;0;NANI;?;16h49;Cergy le Haut;uic_87382655;?;?;normal;9;0;0;0;0;0 - 0 - 0 - 0 - 0 - 0 - 0 - 0 - 0;0: 9
2020;1;24;5;4;1;0;NANI;?;17h01;Cergy le Haut;uic_87382655;?;?;normal;9;0;60;20;0;0 - 1 - 0 - 0 - 1 - 1 - 0 - 0 - 0;0: 6 - 1: 3
2020;1;24;5;4;1;0;NANI;?;17h14;Cergy le Haut;uic_87382655;?;?;normal;9;0;0;0;0;0 - 0 - 0 - 0 - 0 - 0 - 0 - 0 - 0;0: 9
2020;1;24;5;4;1;0;NANI;?;17h26;Cergy le Haut;uic_87382655;?;?;normal;9;0;60;6;0;0 - 0 - 0 - 0 - 0 - 1 - 0 - 0 - 0;0: 8 - 1: 1
2020;1;24;5;4;1;0;NANI;?;17h39;Cergy le Haut;uic_87382655;?;?;normal;9;0;0;0;0;0 - 0 - 0 - 0 - 0 - 0 - 0 - 0 - 0;0: 9
2020;1;24;5;4;1;0;NANI;?;17h51;Cergy le Haut;uic_87382655;?;?;normal;9;0;0;0;0;0 - 0 - 0 - 0 - 0 - 0 - 0 - 0 - 0;0: 9
2020;1;24;5;4;1;0;NANI;?;18h04;Cergy le Haut;uic_87382655;?;?;normal;9;0;0;0;0;0 - 0 - 0 - 0 - 0 - 0 - 0 - 0 - 0;0: 9
2020;1;24;5;4;1;0;NANI;?;18h16;Cergy le Haut;uic_87382655;?;?;normal;9;0;60;13;0;0 - 0 - 0 - 0 - 0 - 1 - 1 - 0 - 0;0: 7 - 1: 2
2020;1;24;5;4;1;0;NANI;?;18h29;Cergy le Haut;uic_87382655;?;?;normal;9;0;60;6;0;0 - 0 - 0 - 0 - 0 - 1 - 0 - 0 - 0;0: 8 - 1: 1
2020;1;24;5;4;1;0;NANI;?;18h41;Cergy le Haut;uic_87382655;?;?;normal;9;0;300;40;0;0 - 0 - 0 - 0 - 0 - 1 - 0 - 0 - 5;0: 7 - 1: 1 - 5: 1
2020;1;24;5;4;1;0;NANI;?;18h54;Cergy le Haut;uic_87382655;?;?;normal;9;0;120;26;0;0 - 0 - 0 - 0 - 0 - 0 - 0 - 2 - 2;0: 7 - 2: 2
2020;1;24;5;4;1;0;NANI;?;19h06;Cergy le Haut;uic_87382655;?;?;normal;9;0;120;53;60;0 - 0 - 0 - 1 - 2 - 2 - 1 - 1 - 1;0: 3 - 1: 4 - 2: 2
2020;1;24;5;4;1;0;NANI;?;19h20;Cergy le Haut;uic_87382655;?;?;normal;9;0;60;13;0;0 - 0 - 0 - 0 - 0 - 1 - 0 - 1 - 0;0: 7 - 1: 2
2020;1;24;5;4;1;0;NANI;?;19h39;Cergy le Haut;uic_87382655;?;?;normal;9;0;120;73;60;1 - 0 - 1 - 1 - 0 - 2 - 2 - 2 - 2;0: 2 - 1: 3 - 2: 4
2020;1;24;5;4;1;0;NANI;?;20h05;Cergy le Haut;uic_87382655;?;?;normal;9;0;0;0;0;0 - 0 - 0 - 0 - 0 - 0 - 0 - 0 - 0;0: 9
2020;1;24;5;4;1;0;NANI;?;20h35;Cergy le Haut;uic_87382655;?;?;normal;9;0;0;0;0;0 - 0 - 0 - 0 - 0 - 0 - 0 - 0 - 0;0: 9
2020;1;24;5;4;1;0;NANI;?;21h05;Cergy le Haut;uic_87382655;?;?;normal;9;0;0;0;0;0 - 0 - 0 - 0 - 0 - 0 - 0 - 0 - 0;0: 9
2020;1;24;5;4;1;0;NANI;?;21h33;Cergy le Haut;uic_87382655;?;?;normal;9;0;120;66;60;1 - 1 - 2 - 1 - 1 - 1 - 1 - 1 - 1;1: 8 - 2: 1
2020;1;24;5;4;1;0;NATO;?;05h12;Cergy le Haut;uic_87382655;?;?;normal;9;0;0;0;0;0 - 0 - 0 - 0 - 0 - 0 - 0 - 0 - 0;0: 9
2020;1;24;5;4;1;0;NATO;?;05h42;Cergy le Haut;uic_87382655;?;?;normal;9;0;60;60;60;1 - 1 - 1 - 1 - 1 - 1 - 1 - 1 - 1;1: 9
2020;1;24;5;4;1;0;NATO;?;05h57;Cergy le Haut;uic_87382655;?;?;normal;9;0;180;60;0;0 - 0 - 0 - 0 - 0 - 3 - 2 - 2 - 2;0: 5 - 2: 3 - 3: 1
2020;1;24;5;4;1;0;NATO;?;06h12;Cergy le Haut;uic_87382655;?;?;normal;9;0;300;286;300;5 - 4 - 5 - 5 - 4 - 5 - 5 - 5 - 5;4: 2 - 5: 7
2020;1;24;5;4;1;0;NATO;?;06h27;Cergy le Haut;uic_87382655;?;?;normal;9;0;120;93;120;2 - 1 - 2 - 2 - 2 - 2 - 1 - 1 - 1;1: 4 - 2: 5
2020;1;24;5;4;1;0;NATO;?;06h42;Cergy le Haut;uic_87382655;?;?;normal;9;0;0;0;0;0 - 0 - 0 - 0 - 0 - 0 - 0 - 0 - 0;0: 9
2020;1;24;5;4;1;0;NATO;?;06h51;Cergy le Haut;uic_87382655;?;?;normal;9;0;0;0;0;0 - 0 - 0 - 0 - 0 - 0 - 0 - 0 - 0;0: 9
2020;1;24;5;4;1;0;NATO;?;07h03;Cergy le Haut;uic_87382655;?;?;normal;9;0;300;106;0;0 - 0 - 0 - 0 - 0 - 3 - 3 - 5 - 5;0: 5 - 3: 2 - 5: 2
2020;1;24;5;4;1;0;NATO;?;07h14;Cergy le Haut;uic_87382655;?;?;normal;9;0;0;0;0;0 - 0 - 0 - 0 - 0 - 0 - 0 - 0 - 0;0: 9
2020;1;24;5;4;1;0;NATO;?;07h26;Cergy le Haut;uic_87382655;?;?;normal;9;0;120;46;0;0 - 0 - 0 - 0 - 0 - 2 - 2 - 2 - 1;0: 5 - 1: 1 - 2: 3
2020;1;24;5;4;1;0;NATO;?;07h38;Cergy le Haut;uic_87382655;?;?;normal;9;0;60;6;0;0 - 0 - 1 - 0 - 0 - 0 - 0 - 0 - 0;0: 8 - 1: 1
2020;1;24;5;4;1;0;NATO;?;07h49;Cergy le Haut;uic_87382655;?;?;normal;9;0;60;6;0;0 - 0 - 0 - 0 - 0 - 1 - 0 - 0 - 0;0: 8 - 1: 1
2020;1;24;5;4;1;0;NATO;?;08h01;Cergy le Haut;uic_87382655;?;?;normal;9;0;0;0;0;0 - 0 - 0 - 0 - 0 - 0 - 0 - 0 - 0;0: 9
2020;1;24;5;4;1;0;NATO;?;08h13;Cergy le Haut;uic_87382655;?;?;normal;9;0;60;6;0;0 - 0 - 1 - 0 - 0 - 0 - 0 - 0 - 0;0: 8 - 1: 1
2020;1;24;5;4;1;0;NATO;?;08h24;Cergy le Haut;uic_87382655;?;?;normal;9;0;0;0;0;0 - 0 - 0 - 0 - 0 - 0 - 0 - 0 - 0;0: 9
2020;1;24;5;4;1;0;NATO;?;08h36;Cergy le Haut;uic_87382655;?;?;normal;9;0;0;0;0;0 - 0 - 0 - 0 - 0 - 0 - 0 - 0 - 0;0: 9
2020;1;24;5;4;1;0;NATO;?;08h48;Cergy le Haut;uic_87382655;?;?;normal;9;0;60;6;0;0 - 0 - 1 - 0 - 0 - 0 - 0 - 0 - 0;0: 8 - 1: 1
2020;1;24;5;4;1;0;NATO;?;09h03;Cergy le Haut;uic_87382655;?;?;normal;9;0;240;173;180;2 - 2 - 3 - 3 - 3 - 4 - 3 - 3 - 3;2: 2 - 3: 6 - 4: 1
2020;1;24;5;4;1;0;NATO;?;09h14;Cergy le Haut;uic_87382655;?;?;normal;9;0;120;20;0;0 - 0 - 0 - 0 - 0 - 2 - 1 - 0 - 0;0: 7 - 1: 1 - 2: 1
2020;1;24;5;4;1;0;NATO;?;09h33;Cergy le Haut;uic_87382655;?;?;normal;9;0;0;0;0;0 - 0 - 0 - 0 - 0 - 0 - 0 - 0 - 0;0: 9
2020;1;24;5;4;1;0;NATO;?;09h55;Cergy le Haut;uic_87382655;?;?;normal;9;0;180;66;60;0 - 0 - 1 - 1 - 0 - 1 - 2 - 2 - 3;0: 3 - 1: 3 - 2: 2 - 3: 1
2020;1;24;5;4;1;0;NATO;?;10h13;Cergy le Haut;uic_87382655;?;?;normal;9;0;60;13;0;0 - 0 - 0 - 0 - 0 - 1 - 0 - 1 - 0;0: 7 - 1: 2
2020;1;24;5;4;1;0;NATO;?;10h33;Cergy le Haut;uic_87382655;?;?;normal;9;0;60;20;0;0 - 0 - 0 - 0 - 0 - 1 - 1 - 1 - 0;0: 6 - 1: 3
2020;1;24;5;4;1;0;NATO;?;10h53;Cergy le Haut;uic_87382655;?;?;normal;9;0;0;0;0;0 - 0 - 0 - 0 - 0 - 0 - 0 - 0 - 0;0: 9
2020;1;24;5;4;1;0;NATO;?;11h13;Cergy le Haut;uic_87382655;?;?;normal;9;0;0;0;0;0 - 0 - 0 - 0 - 0 - 0 - 0 - 0 - 0;0: 9
2020;1;24;5;4;1;0;NATO;?;11h33;Cergy le Haut;uic_87382655;?;?;normal;9;0;0;0;0;0 - 0 - 0 - 0 - 0 - 0 - 0 - 0 - 0;0: 9
2020;1;24;5;4;1;0;NATO;?;11h53;Cergy le Haut;uic_87382655;?;?;normal;9;0;60;20;0;0 - 0 - 1 - 1 - 0 - 1 - 0 - 0 - 0;0: 6 - 1: 3
2020;1;24;5;4;1;0;NATO;?;12h13;Cergy le Haut;uic_87382655;?;?;normal;9;0;0;0;0;0 - 0 - 0 - 0 - 0 - 0 - 0 - 0 - 0;0: 9
2020;1;24;5;4;1;0;NATO;?;12h33;Cergy le Haut;uic_87382655;?;?;normal;9;0;0;0;0;0 - 0 - 0 - 0 - 0 - 0 - 0 - 0 - 0;0: 9
2020;1;24;5;4;1;0;NATO;?;12h53;Cergy le Haut;uic_87382655;?;?;normal;9;0;60;13;0;0 - 0 - 0 - 0 - 0 - 1 - 0 - 1 - 0;0: 7 - 1: 2
2020;1;24;5;4;1;0;NATO;?;13h13;Cergy le Haut;uic_87382655;?;?;normal;9;0;0;0;0;0 - 0 - 0 - 0 - 0 - 0 - 0 - 0 - 0;0: 9
2020;1;24;5;4;1;0;NATO;?;13h33;Cergy le Haut;uic_87382655;?;?;normal;9;0;240;139;120;0 - 0 - 2 - 2 - 3 - 4 - 4 - 4 - 2;0: 2 - 2: 3 - 3: 1 - 4: 3
2020;1;24;5;4;1;0;NATO;?;13h53;Cergy le Haut;uic_87382655;?;?;normal;9;0;0;0;0;0 - 0 - 0 - 0 - 0 - 0 - 0 - 0 - 0;0: 9
2020;1;24;5;4;1;0;NOTE;?;05h40;Poissy;uic_87386573;?;?;normal;5;0;60;48;60;1 - 1 - 0 - 1 - 1;0: 1 - 1: 4
2020;1;24;5;4;1;0;NOTE;?;06h15;Poissy;uic_87386573;?;?;normal;5;0;60;36;60;0 - 1 - 0 - 1 - 1;0: 2 - 1: 3
2020;1;24;5;4;1;0;NOTE;?;06h45;Poissy;uic_87386573;?;?;normal;5;0;60;36;60;1 - 1 - 0 - 0 - 1;0: 2 - 1: 3
2020;1;24;5;4;1;0;NOTE;?;07h13;Poissy;uic_87386573;?;?;normal;5;0;300;240;300;0 - 5 - 5 - 5 - 5;0: 1 - 5: 4
2020;1;24;5;4;1;0;NOTE;?;07h37;Poissy;uic_87386573;?;?;normal;5;0;180;132;180;0 - 3 - 2 - 3 - 3;0: 1 - 2: 1 - 3: 3
2020;1;24;5;4;1;0;NOTE;?;07h59;Poissy;uic_87386573;?;?;normal;5;0;60;12;0;1 - 0 - 0 - 0 - 0;0: 4 - 1: 1
2020;1;24;5;4;1;0;NOTE;?;08h22;Poissy;uic_87386573;?;?;normal;5;0;0;0;0;0 - 0 - 0 - 0 - 0;0: 5
2020;1;24;5;4;1;0;NOTE;?;08h46;Poissy;uic_87386573;?;?;normal;5;0;0;0;0;0 - 0 - 0 - 0 - 0;0: 5
2020;1;24;5;4;1;0;NOTE;?;09h09;Poissy;uic_87386573;?;?;normal;5;0;60;12;0;1 - 0 - 0 - 0 - 0;0: 4 - 1: 1
2020;1;24;5;4;1;0;NOTE;?;16h42;Poissy;uic_87386573;?;?;normal;5;0;60;12;0;0 - 1 - 0 - 0 - 0;0: 4 - 1: 1
2020;1;24;5;4;1;0;NOTE;?;16h54;Poissy;uic_87386573;?;?;normal;5;0;0;0;0;0 - 0 - 0 - 0 - 0;0: 5
2020;1;24;5;4;1;0;NOTE;?;17h19;Poissy;uic_87386573;?;?;normal;5;0;60;12;0;0 - 0 - 0 - 0 - 1;0: 4 - 1: 1
2020;1;24;5;4;1;0;NOTE;?;17h44;Poissy;uic_87386573;?;?;normal;5;0;0;0;0;0 - 0 - 0 - 0 - 0;0: 5
2020;1;24;5;4;1;0;NOTE;?;18h09;Poissy;uic_87386573;?;?;normal;5;0;0;0;0;0 - 0 - 0 - 0 - 0;0: 5
2020;1;24;5;4;1;0;NOTE;?;18h34;Poissy;uic_87386573;?;?;normal;5;0;0;0;0;0 - 0 - 0 - 0 - 0;0: 5
2020;1;24;5;4;1;0;NOTE;?;18h59;Poissy;uic_87386573;?;?;normal;5;0;240;83;0;0 - 0 - 0 - 3 - 4;0: 3 - 3: 1 - 4: 1
2020;1;24;5;4;1;0;NOTE;?;19h24;Poissy;uic_87386573;?;?;normal;5;0;0;0;0;0 - 0 - 0 - 0 - 0;0: 5
2020;1;24;5;4;1;0;NOTE;?;19h39;Poissy;uic_87386573;?;?;normal;5;0;240;192;180;4 - 4 - 3 - 3 - 2;2: 1 - 3: 2 - 4: 2
2020;1;24;5;4;1;0;NOTE;?;20h04;Poissy;uic_87386573;?;?;normal;5;0;60;48;60;1 - 1 - 1 - 1 - 0;0: 1 - 1: 4
2020;1;24;5;4;1;0;NOTE;?;20h34;Poissy;uic_87386573;?;?;normal;5;0;180;180;180;3 - 3 - 3 - 3 - 3;3: 5
2020;1;24;5;4;1;0;NOTE;?;21h35;Poissy;uic_87386573;?;?;normal;5;0;0;0;0;0 - 0 - 0 - 0 - 0;0: 5
2020;1;24;5;4;1;0;NOTE;?;22h03;Poissy;uic_87386573;?;?;normal;5;0;0;0;0;0 - 0 - 0 - 0 - 0;0: 5
2020;1;24;5;4;1;0;NOTE;?;23h03;Poissy;uic_87386573;?;?;normal;5;0;240;240;240;4 - 4 - 4 - 4 - 4;4: 5
2020;1;24;5;4;1;0;OKLA;?;09h40;Poissy;uic_87386573;?;?;normal;5;0;0;0;0;0 - 0 - 0 - 0 - 0;0: 5
2020;1;24;5;4;1;0;OKLA;?;09h55;Poissy;uic_87386573;?;?;normal;5;0;0;0;0;0 - 0 - 0 - 0 - 0;0: 5
2020;1;24;5;4;1;0;OKLA;?;10h16;Poissy;uic_87386573;?;?;normal;5;0;60;60;60;1 - 1 - 1 - 1 - 1;1: 5
2020;1;24;5;4;1;0;OKLA;?;10h40;Poissy;uic_87386573;?;?;normal;5;0;0;0;0;0 - 0 - 0 - 0 - 0;0: 5
2020;1;24;5;4;1;0;OKLA;?;11h00;Poissy;uic_87386573;?;?;normal;5;0;60;36;60;0 - 1 - 0 - 1 - 1;0: 2 - 1: 3
2020;1;24;5;4;1;0;OKLA;?;11h20;Poissy;uic_87386573;?;?;normal;5;0;60;36;60;1 - 1 - 1 - 0 - 0;0: 2 - 1: 3
2020;1;24;5;4;1;0;OKLA;?;11h40;Poissy;uic_87386573;?;?;normal;5;0;60;24;0;0 - 1 - 0 - 0 - 1;0: 3 - 1: 2
2020;1;24;5;4;1;0;OKLA;?;12h00;Poissy;uic_87386573;?;?;normal;5;0;0;0;0;0 - 0 - 0 - 0 - 0;0: 5
2020;1;24;5;4;1;0;OKLA;?;12h20;Poissy;uic_87386573;?;?;normal;5;0;0;0;0;0 - 0 - 0 - 0 - 0;0: 5
2020;1;24;5;4;1;0;OKLA;?;12h40;Poissy;uic_87386573;?;?;normal;5;0;60;24;0;1 - 0 - 0 - 0 - 1;0: 3 - 1: 2
2020;1;24;5;4;1;0;OKLA;?;13h00;Poissy;uic_87386573;?;?;normal;5;0;60;24;0;1 - 1 - 0 - 0 - 0;0: 3 - 1: 2
2020;1;24;5;4;1;0;OKLA;?;13h20;Poissy;uic_87386573;?;?;normal;5;0;0;0;0;0 - 0 - 0 - 0 - 0;0: 5
2020;1;24;5;4;1;0;OKLA;?;13h40;Poissy;uic_87386573;?;?;normal;5;0;0;0;0;0 - 0 - 0 - 0 - 0;0: 5
2020;1;24;5;4;1;0;OKLA;?;14h00;Poissy;uic_87386573;?;?;normal;5;0;0;0;0;0 - 0 - 0 - 0 - 0;0: 5
2020;1;24;5;4;1;0;OKLA;?;14h20;Poissy;uic_87386573;?;?;normal;5;0;60;36;60;1 - 1 - 0 - 0 - 1;0: 2 - 1: 3
2020;1;24;5;4;1;0;OKRE;?;14h40;Poissy;uic_87386573;?;?;normal;5;0;0;0;0;0 - 0 - 0 - 0 - 0;0: 5
2020;1;24;5;4;1;0;OKRE;?;15h00;Poissy;uic_87386573;?;?;normal;5;0;60;12;0;0 - 1 - 0 - 0 - 0;0: 4 - 1: 1
2020;1;24;5;4;1;0;OKRE;?;15h20;Poissy;uic_87386573;?;?;normal;5;0;0;0;0;0 - 0 - 0 - 0 - 0;0: 5
2020;1;24;5;4;1;0;OKRE;?;15h40;Poissy;uic_87386573;?;?;normal;5;0;60;24;0;1 - 1 - 0 - 0 - 0;0: 3 - 1: 2
2020;1;24;5;4;1;0;OKRE;?;16h00;Poissy;uic_87386573;?;?;normal;5;0;0;0;0;0 - 0 - 0 - 0 - 0;0: 5
2020;1;24;5;4;1;0;OKRE;?;16h20;Poissy;uic_87386573;?;?;normal;5;0;0;0;0;0 - 0 - 0 - 0 - 0;0: 5
2020;1;24;5;4;1;0;OPEN;?;04h42;Cergy le Haut;uic_87382655;?;?;normal;9;0;0;0;0;0 - 0 - 0 - 0 - 0 - 0 - 0 - 0 - 0;0: 9
2020;1;24;5;4;1;0;OPUS;?;00h28;Sartrouville;uic_87386417;?;?;normal;2;0;0;0;0;0 - 0;0: 2
2020;1;24;5;4;1;0;OPUS;?;23h58;Sartrouville;uic_87386417;?;?;normal;2;0;0;0;0;0 - 0;0: 2
2020;1;24;5;4;1;0;QURI;?;00h05;Poissy;uic_87386573;?;?;normal;5;0;0;0;0;0 - 0 - 0 - 0 - 0;0: 5
2020;1;24;5;4;1;0;QURI;?;05h10;Poissy;uic_87386573;?;?;normal;5;0;0;0;0;0 - 0 - 0 - 0 - 0;0: 5
2020;1;24;5;4;1;0;TAPI;?;00h31;Houilles - Carrières-sur-Seine;uic_87386409;?;?;normal;4;0;0;0;0;0 - 0 - 0 - 0;0: 4
2020;1;24;5;4;1;0;TAXE;?;06h35;Houilles - Carrières-sur-Seine;uic_87386409;?;?;normal;4;0;0;0;0;0 - 0 - 0 - 0;0: 4
2020;1;24;5;4;1;0;TAXE;?;07h06;Houilles - Carrières-sur-Seine;uic_87386409;?;?;normal;4;0;0;0;0;0 - 0 - 0 - 0;0: 4
2020;1;24;5;4;1;0;TAXE;?;07h37;Houilles - Carrières-sur-Seine;uic_87386409;?;?;normal;4;0;0;0;0;0 - 0 - 0 - 0;0: 4
2020;1;24;5;4;1;0;TAXE;?;08h01;Houilles - Carrières-sur-Seine;uic_87386409;?;?;normal;4;0;60;45;1;1 - 1 - 1 - 0;0: 1 - 1: 3
2020;1;24;5;4;1;0;TAXE;?;08h25;Houilles - Carrières-sur-Seine;uic_87386409;?;?;normal;4;0;300;255;5;5 - 5 - 5 - 2;2: 1 - 5: 3
2020;1;24;5;4;1;0;TAXE;?;08h48;Houilles - Carrières-sur-Seine;uic_87386409;?;?;normal;4;0;480;420;7;7 - 8 - 7 - 6;6: 1 - 7: 2 - 8: 1
2020;1;24;5;4;1;0;TAXE;?;09h11;Houilles - Carrières-sur-Seine;uic_87386409;?;?;normal;4;0;0;0;0;0 - 0 - 0 - 0;0: 4
2020;1;24;5;4;1;0;TAXE;?;09h35;Houilles - Carrières-sur-Seine;uic_87386409;?;?;normal;4;0;60;15;0;0 - 1 - 0 - 0;0: 3 - 1: 1
2020;1;24;5;4;1;0;TAXE;?;09h58;Houilles - Carrières-sur-Seine;uic_87386409;?;?;normal;4;0;240;195;210;3 - 4 - 4 - 2;2: 1 - 3: 1 - 4: 2
2020;1;24;5;4;1;0;TAXE;?;17h14;Houilles - Carrières-sur-Seine;uic_87386409;?;?;normal;4;0;0;0;0;0 - 0 - 0 - 0;0: 4
2020;1;24;5;4;1;0;TAXE;?;17h39;Houilles - Carrières-sur-Seine;uic_87386409;?;?;normal;4;0;60;15;0;0 - 1 - 0 - 0;0: 3 - 1: 1
2020;1;24;5;4;1;0;TAXE;?;18h04;Houilles - Carrières-sur-Seine;uic_87386409;?;?;normal;4;0;120;75;90;1 - 2 - 2 - 0;0: 1 - 1: 1 - 2: 2
2020;1;24;5;4;1;0;TAXE;?;18h29;Houilles - Carrières-sur-Seine;uic_87386409;?;?;normal;4;0;120;60;1;1 - 2 - 1 - 0;0: 1 - 1: 2 - 2: 1
2020;1;24;5;4;1;0;TAXE;?;18h54;Houilles - Carrières-sur-Seine;uic_87386409;?;?;normal;4;0;60;30;30;0 - 1 - 1 - 0;0: 2 - 1: 2
2020;1;24;5;4;1;0;TAXE;?;19h19;Houilles - Carrières-sur-Seine;uic_87386409;?;?;normal;4;0;120;75;90;1 - 2 - 2 - 0;0: 1 - 1: 1 - 2: 2
2020;1;24;5;4;1;0;TAXE;?;19h44;Houilles - Carrières-sur-Seine;uic_87386409;?;?;normal;4;0;660;480;8;5 - 8 - 8 - 11;5: 1 - 8: 2 - 11: 1
2020;1;24;5;4;1;0;TAXE;?;20h17;Houilles - Carrières-sur-Seine;uic_87386409;?;?;normal;4;0;0;0;0;0 - 0 - 0 - 0;0: 4
2020;1;24;5;4;1;0;TAXE;?;20h38;Houilles - Carrières-sur-Seine;uic_87386409;?;?;normal;4;0;60;45;1;1 - 1 - 1 - 0;0: 1 - 1: 3
2020;1;24;5;4;1;0;TAXE;?;20h58;Houilles - Carrières-sur-Seine;uic_87386409;?;?;normal;4;0;540;525;9;9 - 9 - 9 - 8;8: 1 - 9: 3
2020;1;24;5;4;1;0;TAXE;?;21h38;Houilles - Carrières-sur-Seine;uic_87386409;?;?;normal;4;0;60;15;0;0 - 0 - 0 - 1;0: 3 - 1: 1
2020;1;24;5;4;1;0;TAXE;?;22h33;Houilles - Carrières-sur-Seine;uic_87386409;?;?;normal;4;0;300;270;5;5 - 5 - 5 - 3;3: 1 - 5: 3
2020;1;24;5;4;1;0;TAXE;?;23h33;Houilles - Carrières-sur-Seine;uic_87386409;?;?;normal;4;0;0;0;0;0 - 0 - 0 - 0;0: 4
2020;1;24;5;4;1;0;TEDI;?;00h58;Houilles - Carrières-sur-Seine;uic_87386409;?;?;normal;4;0;60;45;1;1 - 1 - 1 - 0;0: 1 - 1: 3
2020;1;24;5;4;1;0;TEDI;?;06h11;Houilles - Carrières-sur-Seine;uic_87386409;?;?;normal;4;0;0;0;0;0 - 0 - 0 - 0;0: 4
2020;1;24;5;4;1;0;TRAM;?;15h53;Houilles - Carrières-sur-Seine;uic_87386409;?;?;normal;4;0;60;45;1;1 - 1 - 1 - 0;0: 1 - 1: 3
2020;1;24;5;4;1;0;TRAM;?;16h13;Houilles - Carrières-sur-Seine;uic_87386409;?;?;normal;4;0;0;0;0;0 - 0 - 0 - 0;0: 4
2020;1;24;5;4;1;0;TRAM;?;16h33;Houilles - Carrières-sur-Seine;uic_87386409;?;?;normal;4;0;240;195;210;3 - 4 - 4 - 2;2: 1 - 3: 1 - 4: 2
2020;1;24;5;4;1;0;TRAM;?;16h54;Houilles - Carrières-sur-Seine;uic_87386409;?;?;normal;4;0;60;15;0;0 - 1 - 0 - 0;0: 3 - 1: 1
2020;1;24;5;4;1;0;TROC;?;10h13;Houilles - Carrières-sur-Seine;uic_87386409;?;?;normal;4;0;540;480;8;8 - 9 - 8 - 7;7: 1 - 8: 2 - 9: 1
2020;1;24;5;4;1;0;TROC;?;10h33;Houilles - Carrières-sur-Seine;uic_87386409;?;?;normal;4;0;60;15;0;0 - 0 - 1 - 0;0: 3 - 1: 1
2020;1;24;5;4;1;0;TROC;?;10h53;Houilles - Carrières-sur-Seine;uic_87386409;?;?;normal;4;0;240;210;210;3 - 4 - 4 - 3;3: 2 - 4: 2
2020;1;24;5;4;1;0;TROC;?;11h13;Houilles - Carrières-sur-Seine;uic_87386409;?;?;normal;4;0;0;0;0;0 - 0 - 0 - 0;0: 4
2020;1;24;5;4;1;0;TROC;?;11h33;Houilles - Carrières-sur-Seine;uic_87386409;?;?;normal;4;0;120;75;1;1 - 2 - 1 - 1;1: 3 - 2: 1
2020;1;24;5;4;1;0;TROC;?;11h53;Houilles - Carrières-sur-Seine;uic_87386409;?;?;normal;4;0;300;75;0;0 - 0 - 0 - 5;0: 3 - 5: 1
2020;1;24;5;4;1;0;TROC;?;12h13;Houilles - Carrières-sur-Seine;uic_87386409;?;?;normal;4;0;0;0;0;0 - 0 - 0 - 0;0: 4
2020;1;24;5;4;1;0;TROC;?;12h33;Houilles - Carrières-sur-Seine;uic_87386409;?;?;normal;4;0;120;60;1;1 - 2 - 1 - 0;0: 1 - 1: 2 - 2: 1
2020;1;24;5;4;1;0;TROC;?;12h53;Houilles - Carrières-sur-Seine;uic_87386409;?;?;normal;4;0;0;0;0;0 - 0 - 0 - 0;0: 4
2020;1;24;5;4;1;0;TROC;?;13h13;Houilles - Carrières-sur-Seine;uic_87386409;?;?;normal;4;0;60;15;0;0 - 1 - 0 - 0;0: 3 - 1: 1
2020;1;24;5;4;1;0;TROC;?;13h33;Houilles - Carrières-sur-Seine;uic_87386409;?;?;normal;4;0;120;120;2;2 - 2 - 2 - 2;2: 4
2020;1;24;5;4;1;0;TROC;?;13h53;Houilles - Carrières-sur-Seine;uic_87386409;?;?;normal;4;0;120;105;2;2 - 2 - 2 - 1;1: 1 - 2: 3
2020;1;24;5;4;1;0;TROC;?;14h13;Houilles - Carrières-sur-Seine;uic_87386409;?;?;normal;4;0;0;0;0;0 - 0 - 0 - 0;0: 4
2020;1;24;5;4;1;0;TROC;?;14h33;Houilles - Carrières-sur-Seine;uic_87386409;?;?;normal;4;0;60;30;30;0 - 1 - 1 - 0;0: 2 - 1: 2
2020;1;24;5;4;1;0;TROC;?;14h53;Houilles - Carrières-sur-Seine;uic_87386409;?;?;normal;4;0;60;30;30;0 - 1 - 1 - 0;0: 2 - 1: 2
2020;1;24;5;4;1;0;TROC;?;15h13;Houilles - Carrières-sur-Seine;uic_87386409;?;?;normal;4;0;0;0;0;0 - 0 - 0 - 0;0: 4
2020;1;24;5;4;1;0;TROC;?;15h33;Houilles - Carrières-sur-Seine;uic_87386409;?;?;normal;4;0;60;15;0;0 - 1 - 0 - 0;0: 3 - 1: 1
2020;1;24;5;4;1;0;UBAL;?;05h56;Houilles - Carrières-sur-Seine;uic_87386409;?;?;normal;8;0;480;360;8;0 - 1 - 7 - 8 - 8 - 8 - 8 - 8;0: 1 - 1: 1 - 7: 1 - 8: 5
2020;1;24;5;4;1;0;UZAR;?;06h23;Houilles - Carrières-sur-Seine;uic_87386409;?;?;normal;8;0;720;502;11;0 - 1 - 8 - 11 - 11 - 12 - 12 - 12;0: 1 - 1: 1 - 8: 1 - 11: 2 - 12: 3
2020;1;24;5;4;1;0;UZAR;?;06h40;Houilles - Carrières-sur-Seine;uic_87386409;?;?;normal;8;0;420;367;6;5 - 5 - 6 - 6 - 6 - 7 - 7 - 7;5: 2 - 6: 3 - 7: 3
2020;1;24;5;4;1;0;UZAR;?;06h56;Houilles - Carrières-sur-Seine;uic_87386409;?;?;normal;8;0;120;75;1;0 - 1 - 1 - 1 - 1 - 2 - 2 - 2;0: 1 - 1: 4 - 2: 3
2020;1;24;5;4;1;0;UZAR;?;07h11;Houilles - Carrières-sur-Seine;uic_87386409;?;?;normal;8;0;240;150;150;1 - 2 - 2 - 2 - 3 - 3 - 3 - 4;1: 1 - 2: 3 - 3: 3 - 4: 1
2020;1;24;5;4;1;0;UZAR;?;07h25;Houilles - Carrières-sur-Seine;uic_87386409;?;?;normal;8;0;240;142;150;1 - 2 - 1 - 2 - 3 - 3 - 3 - 4;1: 2 - 2: 2 - 3: 3 - 4: 1
2020;1;24;5;4;1;0;UZAR;?;07h46;Houilles - Carrières-sur-Seine;uic_87386409;?;?;normal;8;0;120;105;2;2 - 2 - 1 - 1 - 2 - 2 - 2 - 2;1: 2 - 2: 6
2020;1;24;5;4;1;0;UZAR;?;07h57;Houilles - Carrières-sur-Seine;uic_87386409;?;?;normal;8;0;120;90;2;0 - 1 - 1 - 2 - 2 - 2 - 2 - 2;0: 1 - 1: 2 - 2: 5
2020;1;24;5;4;1;0;UZAR;?;08h09;Houilles - Carrières-sur-Seine;uic_87386409;?;?;normal;8;0;0;0;0;0 - 0 - 0 - 0 - 0 - 0 - 0 - 0;0: 8
2020;1;24;5;4;1;0;UZAR;?;08h21;Houilles - Carrières-sur-Seine;uic_87386409;?;?;normal;8;0;60;22;0;0 - 1 - 0 - 0 - 0 - 1 - 0 - 1;0: 5 - 1: 3
2020;1;24;5;4;1;0;UZAR;?;08h32;Houilles - Carrières-sur-Seine;uic_87386409;?;?;normal;8;0;360;307;5;4 - 5 - 5 - 5 - 6 - 5 - 5 - 6;4: 1 - 5: 5 - 6: 2
2020;1;24;5;4;1;0;UZAR;?;08h44;Houilles - Carrières-sur-Seine;uic_87386409;?;?;normal;8;0;360;285;5;3 - 4 - 4 - 5 - 5 - 6 - 6 - 5;3: 1 - 4: 2 - 5: 3 - 6: 2
2020;1;24;5;4;1;0;UZAR;?;08h56;Houilles - Carrières-sur-Seine;uic_87386409;?;?;normal;8;0;300;240;4;4 - 5 - 3 - 4 - 4 - 4 - 4 - 4;3: 1 - 4: 6 - 5: 1
2020;1;24;5;4;1;0;UZAR;?;09h07;Houilles - Carrières-sur-Seine;uic_87386409;?;?;normal;8;0;180;37;0;0 - 1 - 0 - 0 - 1 - 0 - 0 - 3;0: 5 - 1: 2 - 3: 1
2020;1;24;5;4;1;0;UZAR;?;09h19;Houilles - Carrières-sur-Seine;uic_87386409;?;?;normal;8;0;0;0;0;0 - 0 - 0 - 0 - 0 - 0 - 0 - 0;0: 8
2020;1;24;5;4;1;0;UZAR;?;09h31;Houilles - Carrières-sur-Seine;uic_87386409;?;?;normal;8;0;180;75;1;0 - 1 - 0 - 1 - 1 - 2 - 2 - 3;0: 2 - 1: 3 - 2: 2 - 3: 1
2020;1;24;5;4;1;0;UZAR;?;09h54;Houilles - Carrières-sur-Seine;uic_87386409;?;?;normal;8;0;300;262;4;4 - 4 - 4 - 4 - 4 - 5 - 5 - 5;4: 5 - 5: 3
2020;1;24;5;4;1;0;UZAR;?;10h07;Houilles - Carrières-sur-Seine;uic_87386409;?;?;normal;8;0;60;22;0;1 - 0 - 0 - 0 - 0 - 0 - 1 - 1;0: 5 - 1: 3
2020;1;24;5;4;1;0;UZAR;?;10h27;Houilles - Carrières-sur-Seine;uic_87386409;?;?;normal;8;0;120;15;0;0 - 0 - 0 - 0 - 0 - 0 - 0 - 2;0: 7 - 2: 1
2020;1;24;5;4;1;0;UZAR;?;10h47;Houilles - Carrières-sur-Seine;uic_87386409;?;?;normal;8;0;120;15;0;0 - 0 - 0 - 0 - 0 - 0 - 0 - 2;0: 7 - 2: 1
2020;1;24;5;4;1;0;UZAR;?;11h07;Houilles - Carrières-sur-Seine;uic_87386409;?;?;normal;8;0;60;15;0;0 - 0 - 0 - 0 - 0 - 0 - 1 - 1;0: 6 - 1: 2
2020;1;24;5;4;1;0;UZAR;?;11h27;Houilles - Carrières-sur-Seine;uic_87386409;?;?;normal;8;0;120;15;0;0 - 0 - 0 - 0 - 0 - 0 - 0 - 2;0: 7 - 2: 1
2020;1;24;5;4;1;0;UZAR;?;11h47;Houilles - Carrières-sur-Seine;uic_87386409;?;?;normal;8;0;60;7;0;0 - 0 - 0 - 0 - 0 - 0 - 0 - 1;0: 7 - 1: 1
2020;1;24;5;4;1;0;UZAR;?;12h07;Houilles - Carrières-sur-Seine;uic_87386409;?;?;normal;8;0;120;45;30;0 - 0 - 0 - 0 - 1 - 1 - 2 - 2;0: 4 - 1: 2 - 2: 2
2020;1;24;5;4;1;0;UZAR;?;12h27;Houilles - Carrières-sur-Seine;uic_87386409;?;?;normal;8;0;60;15;0;0 - 0 - 0 - 0 - 0 - 0 - 1 - 1;0: 6 - 1: 2
2020;1;24;5;4;1;0;UZAR;?;12h47;Houilles - Carrières-sur-Seine;uic_87386409;?;?;normal;8;0;180;75;90;0 - 0 - 0 - 1 - 2 - 2 - 3 - 2;0: 3 - 1: 1 - 2: 3 - 3: 1
2020;1;24;5;4;1;0;UZAR;?;13h07;Houilles - Carrières-sur-Seine;uic_87386409;?;?;normal;8;0;180;97;2;2 - 2 - 0 - 1 - 2 - 1 - 2 - 3;0: 1 - 1: 2 - 2: 4 - 3: 1
2020;1;24;5;4;1;0;UZAR;?;13h27;Houilles - Carrières-sur-Seine;uic_87386409;?;?;normal;8;0;120;30;0;0 - 0 - 0 - 0 - 1 - 0 - 1 - 2;0: 5 - 1: 2 - 2: 1
2020;1;24;5;4;1;0;UZAR;?;13h47;Houilles - Carrières-sur-Seine;uic_87386409;?;?;normal;8;0;120;67;1;1 - 1 - 0 - 1 - 1 - 1 - 2 - 2;0: 1 - 1: 5 - 2: 2
2020;1;24;5;4;1;0;UZAR;?;14h07;Houilles - Carrières-sur-Seine;uic_87386409;?;?;normal;8;0;120;22;0;0 - 0 - 0 - 0 - 0 - 0 - 1 - 2;0: 6 - 1: 1 - 2: 1
2020;1;24;5;4;1;0;UZAR;?;14h27;Houilles - Carrières-sur-Seine;uic_87386409;?;?;normal;8;0;60;22;0;0 - 0 - 0 - 1 - 1 - 0 - 0 - 1;0: 5 - 1: 3
2020;1;24;5;4;1;0;UZAR;?;14h47;Houilles - Carrières-sur-Seine;uic_87386409;?;?;normal;8;0;120;22;0;0 - 0 - 0 - 0 - 0 - 0 - 1 - 2;0: 6 - 1: 1 - 2: 1
2020;1;24;5;4;1;0;UZAR;?;15h07;Houilles - Carrières-sur-Seine;uic_87386409;?;?;normal;8;0;120;30;0;0 - 0 - 0 - 0 - 1 - 0 - 1 - 2;0: 5 - 1: 2 - 2: 1
2020;1;24;5;4;1;0;UZEL;?;15h47;Houilles - Carrières-sur-Seine;uic_87386409;?;?;normal;8;0;180;22;0;0 - 0 - 0 - 0 - 0 - 0 - 0 - 3;0: 7 - 3: 1
2020;1;24;5;4;1;0;UZEL;?;16h07;Houilles - Carrières-sur-Seine;uic_87386409;?;?;normal;8;0;0;0;0;0 - 0 - 0 - 0 - 0 - 0 - 0 - 0;0: 8
2020;1;24;5;4;1;0;UZEL;?;16h26;Houilles - Carrières-sur-Seine;uic_87386409;?;?;normal;8;0;540;495;8;8 - 8 - 7 - 8 - 9 - 8 - 9 - 9;7: 1 - 8: 4 - 9: 3
2020;1;24;5;4;1;0;UZEL;?;16h46;Houilles - Carrières-sur-Seine;uic_87386409;?;?;normal;8;0;60;15;0;0 - 1 - 0 - 0 - 0 - 0 - 1 - 0;0: 6 - 1: 2
2020;1;24;5;4;1;0;UZEL;?;17h05;Houilles - Carrières-sur-Seine;uic_87386409;?;?;normal;8;0;60;7;0;0 - 0 - 0 - 0 - 0 - 0 - 0 - 1;0: 7 - 1: 1
2020;1;24;5;4;1;0;UZEL;?;17h18;Houilles - Carrières-sur-Seine;uic_87386409;?;?;normal;8;0;60;7;0;0 - 0 - 0 - 0 - 1 - 0 - 0 - 0;0: 7 - 1: 1
2020;1;24;5;4;1;0;UZEL;?;17h30;Houilles - Carrières-sur-Seine;uic_87386409;?;?;normal;8;0;300;112;90;0 - 0 - 0 - 1 - 2 - 3 - 4 - 5;0: 3 - 1: 1 - 2: 1 - 3: 1 - 4: 1 - 5: 1
2020;1;24;5;4;1;0;UZEL;?;17h43;Houilles - Carrières-sur-Seine;uic_87386409;?;?;normal;8;0;60;37;1;0 - 0 - 0 - 1 - 1 - 1 - 1 - 1;0: 3 - 1: 5
2020;1;24;5;4;1;0;UZEL;?;17h55;Houilles - Carrières-sur-Seine;uic_87386409;?;?;normal;8;0;240;150;150;1 - 2 - 2 - 2 - 3 - 3 - 3 - 4;1: 1 - 2: 3 - 3: 3 - 4: 1
2020;1;24;5;4;1;0;UZEL;?;18h08;Houilles - Carrières-sur-Seine;uic_87386409;?;?;normal;8;0;480;412;8;4 - 5 - 6 - 8 - 8 - 8 - 8 - 8;4: 1 - 5: 1 - 6: 1 - 8: 5
2020;1;24;5;4;1;0;UZEL;?;18h20;Houilles - Carrières-sur-Seine;uic_87386409;?;?;normal;8;0;360;270;270;2 - 3 - 4 - 4 - 5 - 6 - 6 - 6;2: 1 - 3: 1 - 4: 2 - 5: 1 - 6: 3
2020;1;24;5;4;1;0;UZEL;?;18h33;Houilles - Carrières-sur-Seine;uic_87386409;?;?;normal;8;0;180;112;2;1 - 1 - 1 - 2 - 3 - 2 - 2 - 3;1: 3 - 2: 3 - 3: 2
2020;1;24;5;4;1;0;UZEL;?;18h45;Houilles - Carrières-sur-Seine;uic_87386409;?;?;normal;8;0;120;90;90;1 - 2 - 1 - 1 - 1 - 2 - 2 - 2;1: 4 - 2: 4
2020;1;24;5;4;1;0;UZEL;?;18h58;Houilles - Carrières-sur-Seine;uic_87386409;?;?;normal;8;0;60;7;0;0 - 0 - 0 - 0 - 1 - 0 - 0 - 0;0: 7 - 1: 1
2020;1;24;5;4;1;0;UZEL;?;19h10;Houilles - Carrières-sur-Seine;uic_87386409;?;?;normal;8;0;60;37;1;0 - 1 - 0 - 0 - 1 - 1 - 1 - 1;0: 3 - 1: 5
2020;1;24;5;4;1;0;UZEL;?;19h23;Houilles - Carrières-sur-Seine;uic_87386409;?;?;normal;8;0;300;232;4;3 - 4 - 3 - 4 - 5 - 4 - 4 - 4;3: 2 - 4: 5 - 5: 1
2020;1;24;5;4;1;0;UZEL;?;19h35;Houilles - Carrières-sur-Seine;uic_87386409;?;?;normal;8;0;0;0;0;0 - 0 - 0 - 0 - 0 - 0 - 0 - 0;0: 8
2020;1;24;5;4;1;0;UZEL;?;19h48;Houilles - Carrières-sur-Seine;uic_87386409;?;?;normal;8;0;480;412;7;5 - 6 - 7 - 8 - 8 - 7 - 7 - 7;5: 1 - 6: 1 - 7: 4 - 8: 2
2020;1;24;5;4;1;0;UZEL;?;20h00;Houilles - Carrières-sur-Seine;uic_87386409;?;?;normal;8;0;420;352;6;3 - 6 - 6 - 6 - 6 - 7 - 6 - 7;3: 1 - 6: 5 - 7: 2
2020;1;24;5;4;1;0;UZEL;?;20h10;Houilles - Carrières-sur-Seine;uic_87386409;?;?;normal;8;0;300;232;4;2 - 3 - 4 - 4 - 4 - 5 - 4 - 5;2: 1 - 3: 1 - 4: 4 - 5: 2
2020;1;24;5;4;1;0;UZEL;?;20h28;Houilles - Carrières-sur-Seine;uic_87386409;?;?;normal;8;0;480;345;6;3 - 4 - 5 - 6 - 6 - 7 - 7 - 8;3: 1 - 4: 1 - 5: 1 - 6: 2 - 7: 2 - 8: 1
2020;1;24;5;4;1;0;UZEL;?;20h49;Houilles - Carrières-sur-Seine;uic_87386409;?;?;normal;8;0;60;37;1;0 - 0 - 0 - 1 - 1 - 1 - 1 - 1;0: 3 - 1: 5
2020;1;24;5;4;1;0;UZEL;?;21h08;Houilles - Carrières-sur-Seine;uic_87386409;?;?;normal;8;0;300;247;4;3 - 4 - 4 - 4 - 4 - 5 - 4 - 5;3: 1 - 4: 5 - 5: 2
2020;1;24;5;4;1;0;UZEL;?;21h28;Houilles - Carrières-sur-Seine;uic_87386409;?;?;normal;8;0;240;142;2;1 - 2 - 2 - 2 - 2 - 3 - 3 - 4;1: 1 - 2: 4 - 3: 2 - 4: 1
2020;1;24;5;4;1;0;UZEL;?;21h49;Houilles - Carrières-sur-Seine;uic_87386409;?;?;normal;8;0;0;0;0;0 - 0 - 0 - 0 - 0 - 0 - 0 - 0;0: 8
2020;1;24;5;4;1;0;UZIN;?;15h27;Houilles - Carrières-sur-Seine;uic_87386409;?;?;normal;8;0;60;15;0;0 - 0 - 0 - 0 - 0 - 0 - 1 - 1;0: 6 - 1: 2
2020;1;24;5;4;1;0;VELO;?;00h18;Houilles - Carrières-sur-Seine;uic_87386409;?;?;normal;1;0;0;0;0;0;0: 1
2020;1;24;5;4;1;0;VELO;?;22h18;Houilles - Carrières-sur-Seine;uic_87386409;?;?;normal;1;0;180;180;180;3;3: 1
2020;1;24;5;4;1;0;VELO;?;22h48;Houilles - Carrières-sur-Seine;uic_87386409;?;?;normal;1;0;60;60;60;1;1: 1
2020;1;24;5;4;1;0;VELO;?;23h18;Houilles - Carrières-sur-Seine;uic_87386409;?;?;normal;1;0;60;60;60;1;1: 1
2020;1;24;5;4;1;0;VELO;?;23h48;Houilles - Carrières-sur-Seine;uic_87386409;?;?;normal;1;0;0;0;0;0;0: 1
2020;1;24;5;4;1;0;VIDA;?;00h44;Houilles - Carrières-sur-Seine;uic_87386409;?;?;normal;1;0;60;60;60;1;1: 1
2020;1;24;5;4;1;0;VIRO;?;01h13;Houilles - Carrières-sur-Seine;uic_87386409;?;?;normal;1;0;360;360;360;6;6: 1
2020;1;25;6;4;0;1;OKRE;?;19h07;Poissy;uic_87386573;?;?;normal;5;0;0;0;0;0 - 0 - 0 - 0 - 0;0: 5
2020;1;25;6;4;0;1;OKRE;?;19h27;Poissy;uic_87386573;?;?;normal;5;0;600;576;600;10 - 10 - 9 - 10 - 9;9: 2 - 10: 3
2020;1;25;6;4;0;1;OPEN;?;19h34;Cergy le Haut;uic_87382655;?;?;normal;9;0;60;40;60;1 - 1 - 0 - 0 - 1 - 1 - 1 - 1 - 0;0: 3 - 1: 6
2020;1;25;6;4;0;1;OPPE;?;04h41;Cergy le Haut;uic_87382655;?;?;normal;9;0;300;186;180;2 - 2 - 2 - 2 - 3 - 5 - 4 - 4 - 4;2: 4 - 3: 1 - 4: 3 - 5: 1
2020;1;25;6;4;0;1;OPPE;?;05h11;Cergy le Haut;uic_87382655;?;?;normal;9;0;1140;1066;1080;16 - 17 - 17 - 17 - 18 - 19 - 19 - 18 - 19;16: 1 - 17: 3 - 18: 2 - 19: 3
2020;1;25;6;4;0;1;OPPE;?;05h41;Cergy le Haut;uic_87382655;?;?;normal;9;0;120;73;60;1 - 1 - 1 - 1 - 1 - 2 - 2 - 1 - 1;1: 7 - 2: 2
2020;1;25;6;4;0;1;OPPE;?;06h11;Cergy le Haut;uic_87382655;?;?;normal;9;0;180;73;60;0 - 0 - 0 - 0 - 1 - 3 - 3 - 2 - 2;0: 4 - 1: 1 - 2: 2 - 3: 2
2020;1;25;6;4;0;1;OPUS;?;00h05;Cergy le Haut;uic_87382655;?;?;normal;9;0;60;13;0;0 - 0 - 0 - 0 - 0 - 1 - 1 - 0 - 0;0: 7 - 1: 2
2020;1;25;6;4;0;1;OPUS;?;20h04;Cergy le Haut;uic_87382655;?;?;normal;9;0;120;40;60;0 - 0 - 0 - 0 - 1 - 2 - 1 - 1 - 1;0: 4 - 1: 4 - 2: 1
2020;1;25;6;4;0;1;OPUS;?;20h34;Cergy le Haut;uic_87382655;?;?;normal;9;0;0;0;0;0 - 0 - 0 - 0 - 0 - 0 - 0 - 0 - 0;0: 9
2020;1;25;6;4;0;1;OPUS;?;21h04;Cergy le Haut;uic_87382655;?;?;normal;9;0;0;0;0;0 - 0 - 0 - 0 - 0 - 0 - 0 - 0 - 0;0: 9
2020;1;25;6;4;0;1;OPUS;?;21h34;Cergy le Haut;uic_87382655;?;?;normal;9;0;60;6;0;0 - 0 - 0 - 0 - 0 - 1 - 0 - 0 - 0;0: 8 - 1: 1
2020;1;25;6;4;0;1;OPUS;?;22h04;Cergy le Haut;uic_87382655;?;?;normal;9;0;60;13;0;0 - 0 - 0 - 0 - 0 - 1 - 1 - 0 - 0;0: 7 - 1: 2
2020;1;25;6;4;0;1;OPUS;?;22h34;Cergy le Haut;uic_87382655;?;?;normal;9;0;0;0;0;0 - 0 - 0 - 0 - 0 - 0 - 0 - 0 - 0;0: 9
2020;1;25;6;4;0;1;OPUS;?;23h04;Cergy le Haut;uic_87382655;?;?;normal;9;0;0;0;0;0 - 0 - 0 - 0 - 0 - 0 - 0 - 0 - 0;0: 9
2020;1;25;6;4;0;1;OPUS;?;23h34;Cergy le Haut;uic_87382655;?;?;normal;9;0;0;0;0;0 - 0 - 0 - 0 - 0 - 0 - 0 - 0 - 0;0: 9
2020;1;25;6;4;0;1;QUDO;?;12h07;Poissy;uic_87386573;?;?;normal;5;0;0;0;0;0 - 0 - 0 - 0 - 0;0: 5
2020;1;25;6;4;0;1;QUDO;?;12h27;Poissy;uic_87386573;?;?;normal;5;0;0;0;0;0 - 0 - 0 - 0 - 0;0: 5
2020;1;25;6;4;0;1;QUDO;?;12h47;Poissy;uic_87386573;?;?;normal;5;0;0;0;0;0 - 0 - 0 - 0 - 0;0: 5
2020;1;25;6;4;0;1;QUDO;?;13h07;Poissy;uic_87386573;?;?;normal;5;0;180;96;120;0 - 0 - 3 - 3 - 2;0: 2 - 2: 1 - 3: 2
2020;1;25;6;4;0;1;QUDO;?;13h27;Poissy;uic_87386573;?;?;normal;5;0;300;240;240;3 - 4 - 4 - 5 - 4;3: 1 - 4: 3 - 5: 1
2020;1;25;6;4;0;1;QUDO;?;13h47;Poissy;uic_87386573;?;?;normal;5;0;0;0;0;0 - 0 - 0 - 0 - 0;0: 5
2020;1;25;6;4;0;1;QUDO;?;14h07;Poissy;uic_87386573;?;?;normal;5;0;0;0;0;0 - 0 - 0 - 0 - 0;0: 5
2020;1;25;6;4;0;1;QUDO;?;14h27;Poissy;uic_87386573;?;?;normal;5;0;120;72;60;1 - 1 - 1 - 2 - 1;1: 4 - 2: 1
2020;1;25;6;4;0;1;QUDO;?;14h47;Poissy;uic_87386573;?;?;normal;5;0;0;0;0;0 - 0 - 0 - 0 - 0;0: 5
2020;1;25;6;4;0;1;QUDO;?;15h07;Poissy;uic_87386573;?;?;normal;5;0;0;0;0;0 - 0 - 0 - 0 - 0;0: 5
2020;1;25;6;4;0;1;QUDO;?;15h27;Poissy;uic_87386573;?;?;normal;5;0;60;12;0;0 - 1 - 0 - 0 - 0;0: 4 - 1: 1
2020;1;25;6;4;0;1;QUDO;?;15h47;Poissy;uic_87386573;?;?;normal;5;0;0;0;0;0 - 0 - 0 - 0 - 0;0: 5
2020;1;25;6;4;0;1;QUDO;?;16h07;Poissy;uic_87386573;?;?;normal;5;0;0;0;0;0 - 0 - 0 - 0 - 0;0: 5
2020;1;25;6;4;0;1;QUDO;?;16h27;Poissy;uic_87386573;?;?;normal;5;0;60;12;0;0 - 0 - 0 - 1 - 0;0: 4 - 1: 1
2020;1;25;6;4;0;1;QUDO;?;16h47;Poissy;uic_87386573;?;?;normal;5;0;0;0;0;0 - 0 - 0 - 0 - 0;0: 5
2020;1;25;6;4;0;1;QUDO;?;17h07;Poissy;uic_87386573;?;?;normal;5;0;0;0;0;0 - 0 - 0 - 0 - 0;0: 5
2020;1;25;6;4;0;1;QUDO;?;17h27;Poissy;uic_87386573;?;?;normal;5;0;120;60;60;2 - 1 - 1 - 1 - 0;0: 1 - 1: 3 - 2: 1
2020;1;25;6;4;0;1;QUDO;?;17h47;Poissy;uic_87386573;?;?;normal;5;0;0;0;0;0 - 0 - 0 - 0 - 0;0: 5
2020;1;25;6;4;0;1;QUDO;?;18h07;Poissy;uic_87386573;?;?;normal;5;0;0;0;0;0 - 0 - 0 - 0 - 0;0: 5
2020;1;25;6;4;0;1;QUDO;?;18h27;Poissy;uic_87386573;?;?;normal;5;0;0;0;0;0 - 0 - 0 - 0 - 0;0: 5
2020;1;25;6;4;0;1;QUDO;?;18h47;Poissy;uic_87386573;?;?;normal;5;0;0;0;0;0 - 0 - 0 - 0 - 0;0: 5
2020;1;25;6;4;0;1;QUDO;?;20h02;Poissy;uic_87386573;?;?;normal;5;0;60;12;0;0 - 1 - 0 - 0 - 0;0: 4 - 1: 1
2020;1;25;6;4;0;1;QURE;?;00h04;Poissy;uic_87386573;?;?;normal;5;0;60;12;0;0 - 1 - 0 - 0 - 0;0: 4 - 1: 1
2020;1;25;6;4;0;1;QURE;?;20h32;Poissy;uic_87386573;?;?;normal;5;0;120;83;120;0 - 2 - 2 - 2 - 1;0: 1 - 1: 1 - 2: 3
2020;1;25;6;4;0;1;QURE;?;21h02;Poissy;uic_87386573;?;?;normal;5;0;60;12;0;0 - 1 - 0 - 0 - 0;0: 4 - 1: 1
2020;1;25;6;4;0;1;QURE;?;21h32;Poissy;uic_87386573;?;?;normal;5;0;60;24;0;1 - 1 - 0 - 0 - 0;0: 3 - 1: 2
2020;1;25;6;4;0;1;QURE;?;22h02;Poissy;uic_87386573;?;?;normal;5;0;0;0;0;0 - 0 - 0 - 0 - 0;0: 5
2020;1;25;6;4;0;1;QURE;?;22h32;Poissy;uic_87386573;?;?;normal;5;0;120;60;60;1 - 2 - 1 - 1 - 0;0: 1 - 1: 3 - 2: 1
2020;1;25;6;4;0;1;QURE;?;23h02;Poissy;uic_87386573;?;?;normal;5;0;60;12;0;0 - 1 - 0 - 0 - 0;0: 4 - 1: 1
2020;1;25;6;4;0;1;QURE;?;23h32;Poissy;uic_87386573;?;?;normal;5;0;0;0;0;0 - 0 - 0 - 0 - 0;0: 5
2020;1;25;6;4;0;1;QURI;?;05h09;Poissy;uic_87386573;?;?;normal;5;0;60;12;0;0 - 1 - 0 - 0 - 0;0: 4 - 1: 1
2020;1;25;6;4;0;1;QURI;?;05h39;Poissy;uic_87386573;?;?;normal;5;0;60;24;0;1 - 1 - 0 - 0 - 0;0: 3 - 1: 2
2020;1;25;6;4;0;1;QURI;?;06h09;Poissy;uic_87386573;?;?;normal;5;0;120;72;60;1 - 2 - 1 - 1 - 1;1: 4 - 2: 1
2020;1;25;6;4;0;1;QURI;?;06h39;Poissy;uic_87386573;?;?;normal;5;0;900;803;840;9 - 14 - 15 - 15 - 14;9: 1 - 14: 2 - 15: 2
2020;1;25;6;4;0;1;QURI;?;07h09;Poissy;uic_87386573;?;?;normal;5;0;0;0;0;0 - 0 - 0 - 0 - 0;0: 5
2020;1;25;6;4;0;1;QURI;?;07h37;Poissy;uic_87386573;?;?;normal;5;0;0;0;0;0 - 0 - 0 - 0 - 0;0: 5
2020;1;25;6;4;0;1;QURI;?;07h57;Poissy;uic_87386573;?;?;normal;5;0;60;12;0;0 - 1 - 0 - 0 - 0;0: 4 - 1: 1
2020;1;25;6;4;0;1;QURI;?;08h07;Poissy;uic_87386573;?;?;normal;5;0;180;167;180;3 - 3 - 3 - 3 - 2;2: 1 - 3: 4
2020;1;25;6;4;0;1;QURI;?;08h27;Poissy;uic_87386573;?;?;normal;5;0;180;167;180;3 - 3 - 3 - 3 - 2;2: 1 - 3: 4
2020;1;25;6;4;0;1;QURI;?;08h47;Poissy;uic_87386573;?;?;normal;5;0;0;0;0;0 - 0 - 0 - 0 - 0;0: 5
2020;1;25;6;4;0;1;QURI;?;09h07;Poissy;uic_87386573;?;?;normal;5;0;0;0;0;0 - 0 - 0 - 0 - 0;0: 5
2020;1;25;6;4;0;1;QURI;?;09h27;Poissy;uic_87386573;?;?;normal;5;0;180;120;120;2 - 3 - 2 - 2 - 1;1: 1 - 2: 3 - 3: 1
2020;1;25;6;4;0;1;QURI;?;09h47;Poissy;uic_87386573;?;?;normal;5;0;0;0;0;0 - 0 - 0 - 0 - 0;0: 5
2020;1;25;6;4;0;1;QURI;?;10h07;Poissy;uic_87386573;?;?;normal;5;0;0;0;0;0 - 0 - 0 - 0 - 0;0: 5
2020;1;25;6;4;0;1;QURI;?;10h27;Poissy;uic_87386573;?;?;normal;5;0;60;36;60;1 - 1 - 1 - 0 - 0;0: 2 - 1: 3
2020;1;25;6;4;0;1;QURI;?;10h47;Poissy;uic_87386573;?;?;normal;5;0;0;0;0;0 - 0 - 0 - 0 - 0;0: 5
2020;1;25;6;4;0;1;QURI;?;11h07;Poissy;uic_87386573;?;?;normal;5;0;0;0;0;0 - 0 - 0 - 0 - 0;0: 5
2020;1;25;6;4;0;1;QURI;?;11h27;Poissy;uic_87386573;?;?;normal;5;0;0;0;0;0 - 0 - 0 - 0 - 0;0: 5
2020;1;25;6;4;0;1;QURI;?;11h47;Poissy;uic_87386573;?;?;normal;5;0;0;0;0;0 - 0 - 0 - 0 - 0;0: 5
2020;1;25;6;4;0;1;QYAN;?;12h04;Cergy le Haut;uic_87382655;?;?;normal;9;0;120;53;60;0 - 1 - 1 - 1 - 1 - 2 - 1 - 1 - 0;0: 2 - 1: 6 - 2: 1
2020;1;25;6;4;0;1;QYAN;?;12h24;Cergy le Haut;uic_87382655;?;?;normal;9;0;0;0;0;0 - 0 - 0 - 0 - 0 - 0 - 0 - 0 - 0;0: 9
2020;1;25;6;4;0;1;QYAN;?;12h44;Cergy le Haut;uic_87382655;?;?;normal;9;0;0;0;0;0 - 0 - 0 - 0 - 0 - 0 - 0 - 0 - 0;0: 9
2020;1;25;6;4;0;1;QYAN;?;13h04;Cergy le Haut;uic_87382655;?;?;normal;9;0;60;6;0;0 - 0 - 0 - 0 - 0 - 1 - 0 - 0 - 0;0: 8 - 1: 1
2020;1;25;6;4;0;1;QYAN;?;13h24;Cergy le Haut;uic_87382655;?;?;normal;9;0;0;0;0;0 - 0 - 0 - 0 - 0 - 0 - 0 - 0 - 0;0: 9
2020;1;25;6;4;0;1;QYAN;?;13h44;Cergy le Haut;uic_87382655;?;?;normal;9;0;0;0;0;0 - 0 - 0 - 0 - 0 - 0 - 0 - 0 - 0;0: 9
2020;1;25;6;4;0;1;QYAN;?;14h04;Cergy le Haut;uic_87382655;?;?;normal;9;0;60;20;0;1 - 1 - 0 - 0 - 0 - 1 - 0 - 0 - 0;0: 6 - 1: 3
2020;1;25;6;4;0;1;QYAN;?;14h24;Cergy le Haut;uic_87382655;?;?;normal;9;0;60;26;0;0 - 0 - 0 - 0 - 1 - 1 - 1 - 1 - 0;0: 5 - 1: 4
2020;1;25;6;4;0;1;QYAN;?;14h44;Cergy le Haut;uic_87382655;?;?;normal;9;0;60;20;0;1 - 1 - 0 - 0 - 0 - 1 - 0 - 0 - 0;0: 6 - 1: 3
2020;1;25;6;4;0;1;QYAN;?;15h04;Cergy le Haut;uic_87382655;?;?;normal;9;0;60;26;0;0 - 0 - 0 - 0 - 1 - 1 - 1 - 1 - 0;0: 5 - 1: 4
2020;1;25;6;4;0;1;QYAN;?;15h24;Cergy le Haut;uic_87382655;?;?;normal;9;0;0;0;0;0 - 0 - 0 - 0 - 0 - 0 - 0 - 0 - 0;0: 9
2020;1;25;6;4;0;1;QYAN;?;15h44;Cergy le Haut;uic_87382655;?;?;normal;9;0;180;99;120;3 - 2 - 2 - 1 - 2 - 2 - 1 - 2 - 0;0: 1 - 1: 2 - 2: 5 - 3: 1
2020;1;25;6;4;0;1;QYAN;?;16h04;Cergy le Haut;uic_87382655;?;?;normal;9;0;60;13;0;1 - 1 - 0 - 0 - 0 - 0 - 0 - 0 - 0;0: 7 - 1: 2
2020;1;25;6;4;0;1;QYAN;?;16h24;Cergy le Haut;uic_87382655;?;?;normal;9;0;60;20;0;0 - 0 - 0 - 0 - 1 - 1 - 0 - 1 - 0;0: 6 - 1: 3
2020;1;25;6;4;0;1;QYAN;?;16h44;Cergy le Haut;uic_87382655;?;?;normal;9;0;60;6;0;0 - 0 - 0 - 0 - 0 - 1 - 0 - 0 - 0;0: 8 - 1: 1
2020;1;25;6;4;0;1;QYAN;?;17h04;Cergy le Haut;uic_87382655;?;?;normal;9;0;120;53;60;1 - 1 - 1 - 0 - 1 - 2 - 1 - 1 - 0;0: 2 - 1: 6 - 2: 1
2020;1;25;6;4;0;1;QYAN;?;17h24;Cergy le Haut;uic_87382655;?;?;normal;9;0;60;6;0;0 - 0 - 0 - 0 - 0 - 1 - 0 - 0 - 0;0: 8 - 1: 1
2020;1;25;6;4;0;1;QYAN;?;17h44;Cergy le Haut;uic_87382655;?;?;normal;9;0;120;66;60;2 - 2 - 1 - 1 - 1 - 1 - 1 - 1 - 0;0: 1 - 1: 6 - 2: 2
2020;1;25;6;4;0;1;QYAN;?;18h04;Cergy le Haut;uic_87382655;?;?;normal;9;0;180;113;120;1 - 2 - 2 - 2 - 2 - 3 - 2 - 2 - 1;1: 2 - 2: 6 - 3: 1
2020;1;25;6;4;0;1;QYAN;?;18h24;Cergy le Haut;uic_87382655;?;?;normal;9;0;0;0;0;0 - 0 - 0 - 0 - 0 - 0 - 0 - 0 - 0;0: 9
2020;1;25;6;4;0;1;QYAN;?;18h44;Cergy le Haut;uic_87382655;?;?;normal;9;0;180;60;60;0 - 0 - 0 - 0 - 1 - 3 - 2 - 2 - 1;0: 4 - 1: 2 - 2: 2 - 3: 1
2020;1;25;6;4;0;1;QYAN;?;19h04;Cergy le Haut;uic_87382655;?;?;normal;9;0;60;6;0;0 - 0 - 0 - 0 - 0 - 1 - 0 - 0 - 0;0: 8 - 1: 1
2020;1;25;6;4;0;1;QYAN;?;19h24;Cergy le Haut;uic_87382655;?;?;normal;9;0;180;40;0;0 - 0 - 0 - 0 - 0 - 1 - 0 - 3 - 2;0: 6 - 1: 1 - 2: 1 - 3: 1
2020;1;25;6;4;0;1;QYRO;?;06h41;Cergy le Haut;uic_87382655;?;?;normal;9;0;180;66;0;0 - 0 - 0 - 0 - 0 - 3 - 3 - 2 - 2;0: 5 - 2: 2 - 3: 2
2020;1;25;6;4;0;1;QYRO;?;07h11;Cergy le Haut;uic_87382655;?;?;normal;9;0;60;6;0;0 - 0 - 0 - 0 - 0 - 1 - 0 - 0 - 0;0: 8 - 1: 1
2020;1;25;6;4;0;1;QYRO;?;07h34;Cergy le Haut;uic_87382655;?;?;normal;9;0;60;26;0;0 - 0 - 0 - 0 - 1 - 1 - 1 - 1 - 0;0: 5 - 1: 4
2020;1;25;6;4;0;1;QYRO;?;08h04;Cergy le Haut;uic_87382655;?;?;normal;9;0;180;106;120;2 - 2 - 1 - 1 - 2 - 3 - 2 - 2 - 1;1: 3 - 2: 5 - 3: 1
2020;1;25;6;4;0;1;QYRO;?;08h24;Cergy le Haut;uic_87382655;?;?;normal;9;0;0;0;0;0 - 0 - 0 - 0 - 0 - 0 - 0 - 0 - 0;0: 9
2020;1;25;6;4;0;1;QYRO;?;08h44;Cergy le Haut;uic_87382655;?;?;normal;9;0;0;0;0;0 - 0 - 0 - 0 - 0 - 0 - 0 - 0 - 0;0: 9
2020;1;25;6;4;0;1;QYRO;?;09h04;Cergy le Haut;uic_87382655;?;?;normal;9;0;60;13;0;0 - 0 - 0 - 0 - 0 - 1 - 0 - 1 - 0;0: 7 - 1: 2
2020;1;25;6;4;0;1;QYRO;?;09h24;Cergy le Haut;uic_87382655;?;?;normal;9;0;60;26;0;0 - 0 - 0 - 0 - 1 - 1 - 1 - 1 - 0;0: 5 - 1: 4
2020;1;25;6;4;0;1;QYRO;?;09h44;Cergy le Haut;uic_87382655;?;?;normal;9;0;180;60;60;0 - 0 - 0 - 0 - 1 - 3 - 2 - 2 - 1;0: 4 - 1: 2 - 2: 2 - 3: 1
2020;1;25;6;4;0;1;QYRO;?;10h04;Cergy le Haut;uic_87382655;?;?;normal;9;0;60;13;0;0 - 0 - 0 - 0 - 1 - 1 - 0 - 0 - 0;0: 7 - 1: 2
2020;1;25;6;4;0;1;QYRO;?;10h24;Cergy le Haut;uic_87382655;?;?;normal;9;0;60;6;0;0 - 0 - 0 - 0 - 0 - 1 - 0 - 0 - 0;0: 8 - 1: 1
2020;1;25;6;4;0;1;QYRO;?;10h44;Cergy le Haut;uic_87382655;?;?;normal;9;0;60;13;0;0 - 0 - 0 - 0 - 0 - 1 - 0 - 1 - 0;0: 7 - 1: 2
2020;1;25;6;4;0;1;QYRO;?;11h04;Cergy le Haut;uic_87382655;?;?;normal;9;0;0;0;0;0 - 0 - 0 - 0 - 0 - 0 - 0 - 0 - 0;0: 9
2020;1;25;6;4;0;1;QYRO;?;11h24;Cergy le Haut;uic_87382655;?;?;normal;9;0;0;0;0;0 - 0 - 0 - 0 - 0 - 0 - 0 - 0 - 0;0: 9
2020;1;25;6;4;0;1;QYRO;?;11h44;Cergy le Haut;uic_87382655;?;?;normal;9;0;60;6;0;0 - 0 - 0 - 0 - 0 - 1 - 0 - 0 - 0;0: 8 - 1: 1
2020;1;25;6;4;0;1;TEDI;?;06h12;Houilles - Carrières-sur-Seine;uic_87386409;?;?;normal;4;0;780;705;690;11 - 13 - 12 - 11;11: 2 - 12: 1 - 13: 1
2020;1;25;6;4;0;1;TEDI;?;06h42;Houilles - Carrières-sur-Seine;uic_87386409;?;?;normal;4;0;0;0;0;0 - 0 - 0 - 0;0: 4
2020;1;25;6;4;0;1;TEDI;?;07h12;Houilles - Carrières-sur-Seine;uic_87386409;?;?;normal;4;0;60;45;1;1 - 1 - 1 - 0;0: 1 - 1: 3
2020;1;25;6;4;0;1;TEDI;?;07h41;Houilles - Carrières-sur-Seine;uic_87386409;?;?;normal;4;0;480;435;450;7 - 8 - 8 - 6;6: 1 - 7: 1 - 8: 2
2020;1;25;6;4;0;1;TEDI;?;08h05;Houilles - Carrières-sur-Seine;uic_87386409;?;?;normal;4;0;300;255;270;4 - 5 - 5 - 3;3: 1 - 4: 1 - 5: 2
2020;1;25;6;4;0;1;TEDI;?;08h25;Houilles - Carrières-sur-Seine;uic_87386409;?;?;normal;4;0;60;30;30;0 - 1 - 1 - 0;0: 2 - 1: 2
2020;1;25;6;4;0;1;TEDI;?;08h45;Houilles - Carrières-sur-Seine;uic_87386409;?;?;normal;4;0;0;0;0;0 - 0 - 0 - 0;0: 4
2020;1;25;6;4;0;1;TEDI;?;09h05;Houilles - Carrières-sur-Seine;uic_87386409;?;?;normal;4;0;60;30;30;0 - 1 - 1 - 0;0: 2 - 1: 2
2020;1;25;6;4;0;1;TEDI;?;09h25;Houilles - Carrières-sur-Seine;uic_87386409;?;?;normal;4;0;0;0;0;0 - 0 - 0 - 0;0: 4
2020;1;25;6;4;0;1;TEDI;?;09h45;Houilles - Carrières-sur-Seine;uic_87386409;?;?;normal;4;0;0;0;0;0 - 0 - 0 - 0;0: 4
2020;1;25;6;4;0;1;TEDI;?;10h05;Houilles - Carrières-sur-Seine;uic_87386409;?;?;normal;4;0;0;0;0;0 - 0 - 0 - 0;0: 4
2020;1;25;6;4;0;1;TEDI;?;10h25;Houilles - Carrières-sur-Seine;uic_87386409;?;?;normal;4;0;120;60;1;1 - 2 - 1 - 0;0: 1 - 1: 2 - 2: 1
2020;1;25;6;4;0;1;TEDI;?;10h45;Houilles - Carrières-sur-Seine;uic_87386409;?;?;normal;4;0;60;15;0;0 - 1 - 0 - 0;0: 3 - 1: 1
2020;1;25;6;4;0;1;TEDI;?;11h05;Houilles - Carrières-sur-Seine;uic_87386409;?;?;normal;4;0;0;0;0;0 - 0 - 0 - 0;0: 4
2020;1;25;6;4;0;1;TEDI;?;11h25;Houilles - Carrières-sur-Seine;uic_87386409;?;?;normal;4;0;0;0;0;0 - 0 - 0 - 0;0: 4
2020;1;25;6;4;0;1;TEDI;?;11h45;Houilles - Carrières-sur-Seine;uic_87386409;?;?;normal;4;0;60;15;0;0 - 1 - 0 - 0;0: 3 - 1: 1
2020;1;25;6;4;0;1;TEDI;?;12h05;Houilles - Carrières-sur-Seine;uic_87386409;?;?;normal;4;0;120;45;30;0 - 2 - 1 - 0;0: 2 - 1: 1 - 2: 1
2020;1;25;6;4;0;1;TEDI;?;12h25;Houilles - Carrières-sur-Seine;uic_87386409;?;?;normal;4;0;0;0;0;0 - 0 - 0 - 0;0: 4
2020;1;25;6;4;0;1;TERI;?;12h45;Houilles - Carrières-sur-Seine;uic_87386409;?;?;normal;4;0;0;0;0;0 - 0 - 0 - 0;0: 4
2020;1;25;6;4;0;1;TERI;?;13h05;Houilles - Carrières-sur-Seine;uic_87386409;?;?;normal;4;0;300;165;150;1 - 2 - 5 - 3;1: 1 - 2: 1 - 3: 1 - 5: 1
2020;1;25;6;4;0;1;TERI;?;13h25;Houilles - Carrières-sur-Seine;uic_87386409;?;?;normal;4;0;0;0;0;0 - 0 - 0 - 0;0: 4
2020;1;25;6;4;0;1;TERI;?;13h45;Houilles - Carrières-sur-Seine;uic_87386409;?;?;normal;4;0;60;15;0;0 - 1 - 0 - 0;0: 3 - 1: 1
2020;1;25;6;4;0;1;TERI;?;14h05;Houilles - Carrières-sur-Seine;uic_87386409;?;?;normal;4;0;240;180;210;3 - 4 - 4 - 1;1: 1 - 3: 1 - 4: 2
2020;1;25;6;4;0;1;TERI;?;14h25;Houilles - Carrières-sur-Seine;uic_87386409;?;?;normal;4;0;0;0;0;0 - 0 - 0 - 0;0: 4
2020;1;25;6;4;0;1;TERI;?;14h45;Houilles - Carrières-sur-Seine;uic_87386409;?;?;normal;4;0;0;0;0;0 - 0 - 0 - 0;0: 4
2020;1;25;6;4;0;1;TERI;?;15h05;Houilles - Carrières-sur-Seine;uic_87386409;?;?;normal;4;0;120;90;2;2 - 2 - 2 - 0;0: 1 - 2: 3
2020;1;25;6;4;0;1;TERI;?;15h25;Houilles - Carrières-sur-Seine;uic_87386409;?;?;normal;4;0;120;60;1;1 - 2 - 1 - 0;0: 1 - 1: 2 - 2: 1
2020;1;25;6;4;0;1;TERI;?;15h45;Houilles - Carrières-sur-Seine;uic_87386409;?;?;normal;4;0;0;0;0;0 - 0 - 0 - 0;0: 4
2020;1;25;6;4;0;1;TERI;?;16h05;Houilles - Carrières-sur-Seine;uic_87386409;?;?;normal;4;0;60;45;1;1 - 1 - 1 - 0;0: 1 - 1: 3
2020;1;25;6;4;0;1;TERI;?;16h25;Houilles - Carrières-sur-Seine;uic_87386409;?;?;normal;4;0;0;0;0;0 - 0 - 0 - 0;0: 4
2020;1;25;6;4;0;1;TERI;?;16h45;Houilles - Carrières-sur-Seine;uic_87386409;?;?;normal;4;0;60;15;0;0 - 1 - 0 - 0;0: 3 - 1: 1
2020;1;25;6;4;0;1;TERI;?;17h05;Houilles - Carrières-sur-Seine;uic_87386409;?;?;normal;4;0;0;0;0;0 - 0 - 0 - 0;0: 4
2020;1;25;6;4;0;1;TERI;?;17h25;Houilles - Carrières-sur-Seine;uic_87386409;?;?;normal;4;0;0;0;0;0 - 0 - 0 - 0;0: 4
2020;1;25;6;4;0;1;TERI;?;17h45;Houilles - Carrières-sur-Seine;uic_87386409;?;?;normal;4;0;0;0;0;0 - 0 - 0 - 0;0: 4
2020;1;25;6;4;0;1;TERI;?;18h05;Houilles - Carrières-sur-Seine;uic_87386409;?;?;normal;4;0;120;60;1;1 - 2 - 1 - 0;0: 1 - 1: 2 - 2: 1
2020;1;25;6;4;0;1;TERI;?;18h25;Houilles - Carrières-sur-Seine;uic_87386409;?;?;normal;4;0;60;15;0;0 - 1 - 0 - 0;0: 3 - 1: 1
2020;1;25;6;4;0;1;TERI;?;18h45;Houilles - Carrières-sur-Seine;uic_87386409;?;?;normal;4;0;120;90;2;2 - 2 - 2 - 0;0: 1 - 2: 3
2020;1;25;6;4;0;1;TERI;?;19h05;Houilles - Carrières-sur-Seine;uic_87386409;?;?;normal;4;0;720;630;630;9 - 12 - 12 - 9;9: 2 - 12: 2
2020;1;25;6;4;0;1;TERI;?;19h25;Houilles - Carrières-sur-Seine;uic_87386409;?;?;normal;4;0;240;195;4;4 - 4 - 4 - 1;1: 1 - 4: 3
2020;1;25;6;4;0;1;TERI;?;19h45;Houilles - Carrières-sur-Seine;uic_87386409;?;?;normal;4;0;480;450;8;8 - 8 - 8 - 6;6: 1 - 8: 3
2020;1;25;6;4;0;1;TERI;?;20h05;Houilles - Carrières-sur-Seine;uic_87386409;?;?;normal;4;0;0;0;0;0 - 0 - 0 - 0;0: 4
2020;1;25;6;4;0;1;TERI;?;20h30;Houilles - Carrières-sur-Seine;uic_87386409;?;?;normal;4;0;60;30;30;0 - 1 - 1 - 0;0: 2 - 1: 2
2020;1;25;6;4;0;1;TETE;?;00h29;Houilles - Carrières-sur-Seine;uic_87386409;?;?;normal;4;0;120;75;90;1 - 2 - 2 - 0;0: 1 - 1: 1 - 2: 2
2020;1;25;6;4;0;1;TETE;?;00h58;Houilles - Carrières-sur-Seine;uic_87386409;?;?;normal;4;0;60;45;1;1 - 1 - 1 - 0;0: 1 - 1: 3
2020;1;25;6;4;0;1;TETE;?;20h59;Houilles - Carrières-sur-Seine;uic_87386409;?;?;normal;4;0;60;15;0;0 - 1 - 0 - 0;0: 3 - 1: 1
2020;1;25;6;4;0;1;TETE;?;21h29;Houilles - Carrières-sur-Seine;uic_87386409;?;?;normal;4;0;120;75;90;1 - 2 - 2 - 0;0: 1 - 1: 1 - 2: 2
2020;1;25;6;4;0;1;TETE;?;21h59;Houilles - Carrières-sur-Seine;uic_87386409;?;?;normal;4;0;120;75;1;1 - 1 - 2 - 1;1: 3 - 2: 1
2020;1;25;6;4;0;1;TETE;?;22h29;Houilles - Carrières-sur-Seine;uic_87386409;?;?;normal;4;0;60;45;1;1 - 1 - 1 - 0;0: 1 - 1: 3
2020;1;25;6;4;0;1;TETE;?;22h59;Houilles - Carrières-sur-Seine;uic_87386409;?;?;normal;4;0;60;45;1;1 - 1 - 1 - 0;0: 1 - 1: 3
2020;1;25;6;4;0;1;TETE;?;23h29;Houilles - Carrières-sur-Seine;uic_87386409;?;?;normal;4;0;120;90;2;2 - 2 - 2 - 0;0: 1 - 2: 3
2020;1;25;6;4;0;1;TETE;?;23h59;Houilles - Carrières-sur-Seine;uic_87386409;?;?;normal;4;0;60;30;30;0 - 1 - 1 - 0;0: 2 - 1: 2
2020;1;25;6;4;0;1;UBOS;?;05h57;Houilles - Carrières-sur-Seine;uic_87386409;?;?;normal;8;0;180;120;2;2 - 2 - 1 - 2 - 2 - 2 - 3 - 2;1: 1 - 2: 6 - 3: 1
2020;1;25;6;4;0;1;UBOS;?;06h26;Houilles - Carrières-sur-Seine;uic_87386409;?;?;normal;8;0;180;150;3;0 - 3 - 2 - 3 - 3 - 3 - 3 - 3;0: 1 - 2: 1 - 3: 6
2020;1;25;6;4;0;1;UBOS;?;06h57;Houilles - Carrières-sur-Seine;uic_87386409;?;?;normal;8;0;180;112;2;0 - 1 - 1 - 2 - 3 - 2 - 3 - 3;0: 1 - 1: 2 - 2: 2 - 3: 3
2020;1;25;6;4;0;1;UBOS;?;07h27;Houilles - Carrières-sur-Seine;uic_87386409;?;?;normal;8;0;1200;1072;18;17 - 18 - 16 - 18 - 18 - 18 - 18 - 20;16: 1 - 17: 1 - 18: 5 - 20: 1
2020;1;25;6;4;0;1;UBOS;?;07h55;Houilles - Carrières-sur-Seine;uic_87386409;?;?;normal;8;0;120;75;90;0 - 2 - 0 - 2 - 2 - 1 - 2 - 1;0: 2 - 1: 2 - 2: 4
2020;1;25;6;4;0;1;UBOS;?;08h15;Houilles - Carrières-sur-Seine;uic_87386409;?;?;normal;8;0;180;82;1;1 - 1 - 0 - 1 - 2 - 1 - 2 - 3;0: 1 - 1: 4 - 2: 2 - 3: 1
2020;1;25;6;4;0;1;UBOS;?;08h35;Houilles - Carrières-sur-Seine;uic_87386409;?;?;normal;8;0;60;30;30;0 - 0 - 0 - 0 - 1 - 1 - 1 - 1;0: 4 - 1: 4
2020;1;25;6;4;0;1;UBOS;?;08h55;Houilles - Carrières-sur-Seine;uic_87386409;?;?;normal;8;0;60;22;0;0 - 0 - 0 - 0 - 0 - 1 - 1 - 1;0: 5 - 1: 3
2020;1;25;6;4;0;1;UBOS;?;09h15;Houilles - Carrières-sur-Seine;uic_87386409;?;?;normal;8;0;180;90;1;0 - 1 - 1 - 1 - 1 - 3 - 3 - 2;0: 1 - 1: 4 - 2: 1 - 3: 2
2020;1;25;6;4;0;1;UPAC;?;09h35;Houilles - Carrières-sur-Seine;uic_87386409;?;?;normal;8;0;120;105;2;1 - 2 - 1 - 2 - 2 - 2 - 2 - 2;1: 2 - 2: 6
2020;1;25;6;4;0;1;UPAC;?;09h55;Houilles - Carrières-sur-Seine;uic_87386409;?;?;normal;8;0;60;15;0;0 - 0 - 0 - 0 - 0 - 1 - 1 - 0;0: 6 - 1: 2
2020;1;25;6;4;0;1;UPAC;?;10h15;Houilles - Carrières-sur-Seine;uic_87386409;?;?;normal;8;0;360;277;5;0 - 5 - 4 - 5 - 5 - 6 - 6 - 6;0: 1 - 4: 1 - 5: 3 - 6: 3
2020;1;25;6;4;0;1;UPAC;?;10h35;Houilles - Carrières-sur-Seine;uic_87386409;?;?;normal;8;0;60;15;0;0 - 0 - 0 - 0 - 0 - 1 - 1 - 0;0: 6 - 1: 2
2020;1;25;6;4;0;1;UPAC;?;10h55;Houilles - Carrières-sur-Seine;uic_87386409;?;?;normal;8;0;60;22;0;0 - 0 - 0 - 0 - 0 - 1 - 1 - 1;0: 5 - 1: 3
2020;1;25;6;4;0;1;UPAC;?;11h15;Houilles - Carrières-sur-Seine;uic_87386409;?;?;normal;8;0;60;7;0;0 - 0 - 0 - 0 - 0 - 1 - 0 - 0;0: 7 - 1: 1
2020;1;25;6;4;0;1;UPAC;?;11h35;Houilles - Carrières-sur-Seine;uic_87386409;?;?;normal;8;0;60;15;0;0 - 0 - 0 - 0 - 0 - 1 - 0 - 1;0: 6 - 1: 2
2020;1;25;6;4;0;1;UPAC;?;11h55;Houilles - Carrières-sur-Seine;uic_87386409;?;?;normal;8;0;0;0;0;0 - 0 - 0 - 0 - 0 - 0 - 0 - 0;0: 8
2020;1;25;6;4;0;1;UPAC;?;12h15;Houilles - Carrières-sur-Seine;uic_87386409;?;?;normal;8;0;0;0;0;0 - 0 - 0 - 0 - 0 - 0 - 0 - 0;0: 8
2020;1;25;6;4;0;1;UPAC;?;12h35;Houilles - Carrières-sur-Seine;uic_87386409;?;?;normal;8;0;0;0;0;0 - 0 - 0 - 0 - 0 - 0 - 0 - 0;0: 8
2020;1;25;6;4;0;1;UPIR;?;00h14;Houilles - Carrières-sur-Seine;uic_87386409;?;?;normal;8;0;0;0;0;0 - 0 - 0 - 0 - 0 - 0 - 0 - 0;0: 8
2020;1;25;6;4;0;1;UPIR;?;00h44;Houilles - Carrières-sur-Seine;uic_87386409;?;?;normal;8;0;180;127;2;2 - 2 - 1 - 2 - 3 - 2 - 3 - 2;1: 1 - 2: 5 - 3: 2
2020;1;25;6;4;0;1;UPIR;?;01h13;Houilles - Carrières-sur-Seine;uic_87386409;?;?;normal;8;0;120;60;1;0 - 1 - 0 - 1 - 2 - 1 - 2 - 1;0: 2 - 1: 4 - 2: 2
2020;1;25;6;4;0;1;UPIR;?;21h14;Houilles - Carrières-sur-Seine;uic_87386409;?;?;normal;8;0;0;0;0;0 - 0 - 0 - 0 - 0 - 0 - 0 - 0;0: 8
2020;1;25;6;4;0;1;UPIR;?;21h44;Houilles - Carrières-sur-Seine;uic_87386409;?;?;normal;8;0;60;52;1;1 - 1 - 0 - 1 - 1 - 1 - 1 - 1;0: 1 - 1: 7
2020;1;25;6;4;0;1;UPIR;?;22h14;Houilles - Carrières-sur-Seine;uic_87386409;?;?;normal;8;0;0;0;0;0 - 0 - 0 - 0 - 0 - 0 - 0 - 0;0: 8
2020;1;25;6;4;0;1;UPIR;?;22h44;Houilles - Carrières-sur-Seine;uic_87386409;?;?;normal;8;0;60;30;30;0 - 0 - 0 - 1 - 1 - 0 - 1 - 1;0: 4 - 1: 4
2020;1;25;6;4;0;1;UPIR;?;23h14;Houilles - Carrières-sur-Seine;uic_87386409;?;?;normal;8;0;120;52;1;0 - 1 - 0 - 1 - 1 - 1 - 2 - 1;0: 2 - 1: 5 - 2: 1
2020;1;25;6;4;0;1;UPIR;?;23h44;Houilles - Carrières-sur-Seine;uic_87386409;?;?;normal;8;0;60;45;1;1 - 1 - 0 - 1 - 1 - 0 - 1 - 1;0: 2 - 1: 6
2020;1;25;6;4;0;1;UPUS;?;12h55;Houilles - Carrières-sur-Seine;uic_87386409;?;?;normal;8;0;60;60;1;1 - 1 - 1 - 1 - 1 - 1 - 1 - 1;1: 8
2020;1;25;6;4;0;1;UPUS;?;13h15;Houilles - Carrières-sur-Seine;uic_87386409;?;?;normal;8;0;240;187;210;0 - 3 - 3 - 4 - 4 - 4 - 4 - 3;0: 1 - 3: 3 - 4: 4
2020;1;25;6;4;0;1;UPUS;?;13h35;Houilles - Carrières-sur-Seine;uic_87386409;?;?;normal;8;0;120;52;1;0 - 1 - 0 - 1 - 1 - 1 - 1 - 2;0: 2 - 1: 5 - 2: 1
2020;1;25;6;4;0;1;UPUS;?;13h55;Houilles - Carrières-sur-Seine;uic_87386409;?;?;normal;8;0;0;0;0;0 - 0 - 0 - 0 - 0 - 0 - 0 - 0;0: 8
2020;1;25;6;4;0;1;UPUS;?;14h15;Houilles - Carrières-sur-Seine;uic_87386409;?;?;normal;8;0;420;337;5;5 - 5 - 5 - 5 - 5 - 6 - 7 - 7;5: 5 - 6: 1 - 7: 2
2020;1;25;6;4;0;1;UPUS;?;14h35;Houilles - Carrières-sur-Seine;uic_87386409;?;?;normal;8;0;120;30;0;0 - 0 - 0 - 0 - 0 - 1 - 2 - 1;0: 5 - 1: 2 - 2: 1
2020;1;25;6;4;0;1;UPUS;?;14h55;Houilles - Carrières-sur-Seine;uic_87386409;?;?;normal;8;0;1200;712;450;7 - 8 - 7 - 7 - 7 - 19 - 20 - 20;7: 4 - 8: 1 - 19: 1 - 20: 2
2020;1;25;6;4;0;1;UPUS;?;15h15;Houilles - Carrières-sur-Seine;uic_87386409;?;?;normal;8;0;300;105;30;0 - 0 - 0 - 0 - 1 - 4 - 5 - 4;0: 4 - 1: 1 - 4: 2 - 5: 1
2020;1;25;6;4;0;1;UPUS;?;15h35;Houilles - Carrières-sur-Seine;uic_87386409;?;?;normal;8;0;360;120;0;0 - 0 - 0 - 0 - 0 - 5 - 5 - 6;0: 5 - 5: 2 - 6: 1
2020;1;25;6;4;0;1;UPUS;?;15h55;Houilles - Carrières-sur-Seine;uic_87386409;?;?;normal;8;0;60;7;0;0 - 0 - 0 - 0 - 0 - 0 - 1 - 0;0: 7 - 1: 1
2020;1;25;6;4;0;1;UPUS;?;16h15;Houilles - Carrières-sur-Seine;uic_87386409;?;?;normal;8;0;60;22;0;0 - 0 - 0 - 0 - 0 - 1 - 1 - 1;0: 5 - 1: 3
2020;1;25;6;4;0;1;UPUS;?;16h35;Houilles - Carrières-sur-Seine;uic_87386409;?;?;normal;8;0;120;45;30;0 - 0 - 0 - 0 - 1 - 1 - 2 - 2;0: 4 - 1: 2 - 2: 2
2020;1;25;6;4;0;1;UPUS;?;16h55;Houilles - Carrières-sur-Seine;uic_87386409;?;?;normal;8;0;120;37;0;0 - 0 - 0 - 0 - 0 - 1 - 2 - 2;0: 5 - 1: 1 - 2: 2
2020;1;25;6;4;0;1;UPUS;?;17h15;Houilles - Carrières-sur-Seine;uic_87386409;?;?;normal;8;0;480;307;270;3 - 4 - 4 - 4 - 5 - 6 - 8 - 7;3: 1 - 4: 3 - 5: 1 - 6: 1 - 7: 1 - 8: 1
2020;1;25;6;4;0;1;UPUS;?;17h35;Houilles - Carrières-sur-Seine;uic_87386409;?;?;normal;8;0;60;45;1;0 - 0 - 1 - 1 - 1 - 1 - 1 - 1;0: 2 - 1: 6
2020;1;25;6;4;0;1;UPUS;?;17h55;Houilles - Carrières-sur-Seine;uic_87386409;?;?;normal;8;0;180;67;1;0 - 1 - 0 - 0 - 1 - 2 - 3 - 2;0: 3 - 1: 2 - 2: 2 - 3: 1
2020;1;25;6;4;0;1;UPUS;?;18h15;Houilles - Carrières-sur-Seine;uic_87386409;?;?;normal;8;0;120;30;0;0 - 0 - 0 - 0 - 0 - 1 - 1 - 2;0: 5 - 1: 2 - 2: 1
2020;1;25;6;4;0;1;UPUS;?;18h35;Houilles - Carrières-sur-Seine;uic_87386409;?;?;normal;8;0;300;90;0;0 - 0 - 0 - 0 - 0 - 3 - 5 - 4;0: 5 - 3: 1 - 4: 1 - 5: 1
2020;1;25;6;4;0;1;UPUS;?;18h55;Houilles - Carrières-sur-Seine;uic_87386409;?;?;normal;8;0;240;157;150;2 - 2 - 2 - 2 - 3 - 3 - 4 - 3;2: 4 - 3: 3 - 4: 1
2020;1;25;6;4;0;1;UPUS;?;19h15;Houilles - Carrières-sur-Seine;uic_87386409;?;?;normal;8;0;360;292;5;3 - 5 - 4 - 5 - 5 - 6 - 6 - 5;3: 1 - 4: 1 - 5: 4 - 6: 2
2020;1;25;6;4;0;1;UPUS;?;19h35;Houilles - Carrières-sur-Seine;uic_87386409;?;?;normal;8;0;60;7;0;0 - 0 - 0 - 0 - 0 - 1 - 0 - 0;0: 7 - 1: 1
2020;1;25;6;4;0;1;UPUS;?;19h55;Houilles - Carrières-sur-Seine;uic_87386409;?;?;normal;8;0;180;135;2;2 - 2 - 2 - 2 - 2 - 3 - 3 - 2;2: 6 - 3: 2
2020;1;25;6;4;0;1;UPUS;?;20h16;Houilles - Carrières-sur-Seine;uic_87386409;?;?;normal;8;0;360;330;330;5 - 6 - 5 - 5 - 6 - 6 - 6 - 5;5: 4 - 6: 4
2020;1;25;6;4;0;1;UPUS;?;20h44;Houilles - Carrières-sur-Seine;uic_87386409;?;?;normal;8;0;180;97;90;1 - 2 - 0 - 1 - 2 - 1 - 3 - 3;0: 1 - 1: 3 - 2: 2 - 3: 2
2020;1;26;7;4;0;1;OKRE;?;19h07;Poissy;uic_87386573;?;?;normal;5;0;0;0;0;0 - 0 - 0 - 0 - 0;0: 5
2020;1;26;7;4;0;1;OKRE;?;19h27;Poissy;uic_87386573;?;?;normal;5;0;0;0;0;0 - 0 - 0 - 0 - 0;0: 5
2020;1;26;7;4;0;1;OPEN;?;19h34;Cergy le Haut;uic_87382655;?;?;normal;9;0;780;706;720;12 - 12 - 11 - 11 - 12 - 13 - 12 - 12 - 11;11: 3 - 12: 5 - 13: 1
2020;1;26;7;4;0;1;OPPE;?;04h41;Cergy le Haut;uic_87382655;?;?;normal;9;0;120;66;60;1 - 1 - 0 - 1 - 1 - 2 - 2 - 1 - 1;0: 1 - 1: 6 - 2: 2
2020;1;26;7;4;0;1;OPPE;?;05h11;Cergy le Haut;uic_87382655;?;?;normal;9;0;180;113;120;2 - 2 - 2 - 2 - 2 - 3 - 2 - 1 - 1;1: 2 - 2: 6 - 3: 1
2020;1;26;7;4;0;1;OPPE;?;05h41;Cergy le Haut;uic_87382655;?;?;normal;9;0;360;333;360;6 - 6 - 5 - 5 - 6 - 6 - 6 - 5 - 5;5: 4 - 6: 5
2020;1;26;7;4;0;1;OPPE;?;06h11;Cergy le Haut;uic_87382655;?;?;normal;9;0;60;6;0;0 - 0 - 0 - 0 - 0 - 1 - 0 - 0 - 0;0: 8 - 1: 1
2020;1;26;7;4;0;1;OPUS;?;00h05;Cergy le Haut;uic_87382655;?;?;normal;9;0;660;266;0;0 - 0 - 0 - 0 - 0 - 9 - 9 - 11 - 11;0: 5 - 9: 2 - 11: 2
2020;1;26;7;4;0;1;OPUS;?;20h04;Cergy le Haut;uic_87382655;?;?;normal;9;0;60;6;0;0 - 0 - 0 - 0 - 0 - 1 - 0 - 0 - 0;0: 8 - 1: 1
2020;1;26;7;4;0;1;OPUS;?;20h34;Cergy le Haut;uic_87382655;?;?;normal;9;0;60;6;0;0 - 0 - 0 - 0 - 0 - 1 - 0 - 0 - 0;0: 8 - 1: 1
2020;1;26;7;4;0;1;OPUS;?;21h04;Cergy le Haut;uic_87382655;?;?;normal;9;0;120;46;60;0 - 0 - 0 - 0 - 1 - 2 - 2 - 1 - 1;0: 4 - 1: 3 - 2: 2
2020;1;26;7;4;0;1;OPUS;?;21h34;Cergy le Haut;uic_87382655;?;?;normal;9;0;60;20;0;0 - 0 - 0 - 0 - 1 - 1 - 1 - 0 - 0;0: 6 - 1: 3
2020;1;26;7;4;0;1;OPUS;?;22h04;Cergy le Haut;uic_87382655;?;?;normal;9;0;60;26;0;1 - 0 - 0 - 0 - 1 - 1 - 1 - 0 - 0;0: 5 - 1: 4
2020;1;26;7;4;0;1;OPUS;?;22h34;Cergy le Haut;uic_87382655;?;?;normal;9;0;60;6;0;0 - 0 - 0 - 0 - 0 - 1 - 0 - 0 - 0;0: 8 - 1: 1
2020;1;26;7;4;0;1;OPUS;?;23h04;Cergy le Haut;uic_87382655;?;?;normal;9;0;120;26;0;0 - 0 - 0 - 0 - 1 - 2 - 1 - 0 - 0;0: 6 - 1: 2 - 2: 1
2020;1;26;7;4;0;1;OPUS;?;23h34;Cergy le Haut;uic_87382655;?;?;normal;9;0;60;26;0;1 - 0 - 0 - 0 - 1 - 1 - 1 - 0 - 0;0: 5 - 1: 4
2020;1;26;7;4;0;1;QUDO;?;12h07;Poissy;uic_87386573;?;?;normal;5;0;0;0;0;0 - 0 - 0 - 0 - 0;0: 5
2020;1;26;7;4;0;1;QUDO;?;12h27;Poissy;uic_87386573;?;?;normal;5;0;0;0;0;0 - 0 - 0 - 0 - 0;0: 5
2020;1;26;7;4;0;1;QUDO;?;12h47;Poissy;uic_87386573;?;?;normal;5;0;0;0;0;0 - 0 - 0 - 0 - 0;0: 5
2020;1;26;7;4;0;1;QUDO;?;13h07;Poissy;uic_87386573;?;?;normal;5;0;0;0;0;0 - 0 - 0 - 0 - 0;0: 5
2020;1;26;7;4;0;1;QUDO;?;13h27;Poissy;uic_87386573;?;?;normal;5;0;240;180;180;3 - 4 - 3 - 3 - 2;2: 1 - 3: 3 - 4: 1
2020;1;26;7;4;0;1;QUDO;?;13h47;Poissy;uic_87386573;?;?;normal;5;0;60;24;0;0 - 1 - 0 - 1 - 0;0: 3 - 1: 2
2020;1;26;7;4;0;1;QUDO;?;14h07;Poissy;uic_87386573;?;?;normal;5;0;0;0;0;0 - 0 - 0 - 0 - 0;0: 5
2020;1;26;7;4;0;1;QUDO;?;14h27;Poissy;uic_87386573;?;?;normal;5;0;60;12;0;0 - 1 - 0 - 0 - 0;0: 4 - 1: 1
2020;1;26;7;4;0;1;QUDO;?;14h47;Poissy;uic_87386573;?;?;normal;5;0;0;0;0;0 - 0 - 0 - 0 - 0;0: 5
2020;1;26;7;4;0;1;QUDO;?;15h07;Poissy;uic_87386573;?;?;normal;5;0;0;0;0;0 - 0 - 0 - 0 - 0;0: 5
2020;1;26;7;4;0;1;QUDO;?;15h27;Poissy;uic_87386573;?;?;normal;5;0;0;0;0;0 - 0 - 0 - 0 - 0;0: 5
2020;1;26;7;4;0;1;QUDO;?;15h47;Poissy;uic_87386573;?;?;normal;5;0;180;167;180;3 - 3 - 3 - 3 - 2;2: 1 - 3: 4
2020;1;26;7;4;0;1;QUDO;?;16h07;Poissy;uic_87386573;?;?;normal;5;0;0;0;0;0 - 0 - 0 - 0 - 0;0: 5
2020;1;26;7;4;0;1;QUDO;?;16h27;Poissy;uic_87386573;?;?;normal;5;0;0;0;0;0 - 0 - 0 - 0 - 0;0: 5
2020;1;26;7;4;0;1;QUDO;?;16h47;Poissy;uic_87386573;?;?;normal;5;0;0;0;0;0 - 0 - 0 - 0 - 0;0: 5
2020;1;26;7;4;0;1;QUDO;?;17h07;Poissy;uic_87386573;?;?;normal;5;0;0;0;0;0 - 0 - 0 - 0 - 0;0: 5
2020;1;26;7;4;0;1;QUDO;?;17h27;Poissy;uic_87386573;?;?;normal;5;0;0;0;0;0 - 0 - 0 - 0 - 0;0: 5
2020;1;26;7;4;0;1;QUDO;?;17h47;Poissy;uic_87386573;?;?;normal;5;0;180;107;120;0 - 2 - 2 - 3 - 2;0: 1 - 2: 3 - 3: 1
2020;1;26;7;4;0;1;QUDO;?;18h07;Poissy;uic_87386573;?;?;normal;5;0;0;0;0;0 - 0 - 0 - 0 - 0;0: 5
2020;1;26;7;4;0;1;QUDO;?;18h27;Poissy;uic_87386573;?;?;normal;5;0;0;0;0;0 - 0 - 0 - 0 - 0;0: 5
2020;1;26;7;4;0;1;QUDO;?;18h47;Poissy;uic_87386573;?;?;normal;5;0;0;0;0;0 - 0 - 0 - 0 - 0;0: 5
2020;1;26;7;4;0;1;QUDO;?;20h02;Poissy;uic_87386573;?;?;normal;5;0;0;0;0;0 - 0 - 0 - 0 - 0;0: 5
2020;1;26;7;4;0;1;QURE;?;00h04;Poissy;uic_87386573;?;?;normal;5;0;0;0;0;0 - 0 - 0 - 0 - 0;0: 5
2020;1;26;7;4;0;1;QURE;?;20h32;Poissy;uic_87386573;?;?;normal;5;0;240;167;180;1 - 3 - 4 - 3 - 3;1: 1 - 3: 3 - 4: 1
2020;1;26;7;4;0;1;QURE;?;21h02;Poissy;uic_87386573;?;?;normal;5;0;0;0;0;0 - 0 - 0 - 0 - 0;0: 5
2020;1;26;7;4;0;1;QURE;?;21h32;Poissy;uic_87386573;?;?;normal;5;0;180;167;180;2 - 3 - 3 - 3 - 3;2: 1 - 3: 4
2020;1;26;7;4;0;1;QURE;?;22h02;Poissy;uic_87386573;?;?;normal;5;0;0;0;0;0 - 0 - 0 - 0 - 0;0: 5
2020;1;26;7;4;0;1;QURE;?;22h32;Poissy;uic_87386573;?;?;normal;5;0;120;72;60;1 - 2 - 1 - 1 - 1;1: 4 - 2: 1
2020;1;26;7;4;0;1;QURE;?;23h02;Poissy;uic_87386573;?;?;normal;5;0;60;48;60;1 - 1 - 1 - 1 - 0;0: 1 - 1: 4
2020;1;26;7;4;0;1;QURE;?;23h32;Poissy;uic_87386573;?;?;normal;5;0;0;0;0;0 - 0 - 0 - 0 - 0;0: 5
2020;1;26;7;4;0;1;QURI;?;05h09;Poissy;uic_87386573;?;?;normal;5;0;60;60;60;1 - 1 - 1 - 1 - 1;1: 5
2020;1;26;7;4;0;1;QURI;?;05h39;Poissy;uic_87386573;?;?;normal;5;0;60;12;0;0 - 1 - 0 - 0 - 0;0: 4 - 1: 1
2020;1;26;7;4;0;1;QURI;?;06h09;Poissy;uic_87386573;?;?;normal;5;0;0;0;0;0 - 0 - 0 - 0 - 0;0: 5
2020;1;26;7;4;0;1;QURI;?;06h39;Poissy;uic_87386573;?;?;normal;5;0;0;0;0;0 - 0 - 0 - 0 - 0;0: 5
2020;1;26;7;4;0;1;QURI;?;07h09;Poissy;uic_87386573;?;?;normal;5;0;0;0;0;0 - 0 - 0 - 0 - 0;0: 5
2020;1;26;7;4;0;1;QURI;?;07h37;Poissy;uic_87386573;?;?;normal;5;0;180;83;60;1 - 1 - 0 - 3 - 2;0: 1 - 1: 2 - 2: 1 - 3: 1
2020;1;26;7;4;0;1;QURI;?;07h57;Poissy;uic_87386573;?;?;normal;5;0;0;0;0;0 - 0 - 0 - 0 - 0;0: 5
2020;1;26;7;4;0;1;QURI;?;08h07;Poissy;uic_87386573;?;?;normal;5;0;0;0;0;0 - 0 - 0 - 0 - 0;0: 5
2020;1;26;7;4;0;1;QURI;?;08h27;Poissy;uic_87386573;?;?;normal;5;0;0;0;0;0 - 0 - 0 - 0 - 0;0: 5
2020;1;26;7;4;0;1;QURI;?;08h47;Poissy;uic_87386573;?;?;normal;5;0;0;0;0;0 - 0 - 0 - 0 - 0;0: 5
2020;1;26;7;4;0;1;QURI;?;09h07;Poissy;uic_87386573;?;?;normal;5;0;0;0;0;0 - 0 - 0 - 0 - 0;0: 5
2020;1;26;7;4;0;1;QURI;?;09h27;Poissy;uic_87386573;?;?;normal;5;0;0;0;0;0 - 0 - 0 - 0 - 0;0: 5
2020;1;26;7;4;0;1;QURI;?;09h47;Poissy;uic_87386573;?;?;normal;5;0;60;12;0;0 - 1 - 0 - 0 - 0;0: 4 - 1: 1
2020;1;26;7;4;0;1;QURI;?;10h07;Poissy;uic_87386573;?;?;normal;5;0;60;48;60;1 - 1 - 1 - 1 - 0;0: 1 - 1: 4
2020;1;26;7;4;0;1;QURI;?;10h27;Poissy;uic_87386573;?;?;normal;5;0;0;0;0;0 - 0 - 0 - 0 - 0;0: 5
2020;1;26;7;4;0;1;QURI;?;10h47;Poissy;uic_87386573;?;?;normal;5;0;60;12;0;0 - 1 - 0 - 0 - 0;0: 4 - 1: 1
2020;1;26;7;4;0;1;QURI;?;11h07;Poissy;uic_87386573;?;?;normal;5;0;60;12;0;0 - 1 - 0 - 0 - 0;0: 4 - 1: 1
2020;1;26;7;4;0;1;QURI;?;11h27;Poissy;uic_87386573;?;?;normal;5;0;0;0;0;0 - 0 - 0 - 0 - 0;0: 5
2020;1;26;7;4;0;1;QURI;?;11h47;Poissy;uic_87386573;?;?;normal;5;0;180;96;120;0 - 2 - 3 - 2 - 1;0: 1 - 1: 1 - 2: 2 - 3: 1
2020;1;26;7;4;0;1;QYAN;?;12h04;Cergy le Haut;uic_87382655;?;?;normal;9;0;0;0;0;0 - 0 - 0 - 0 - 0 - 0 - 0 - 0 - 0;0: 9
2020;1;26;7;4;0;1;QYAN;?;12h24;Cergy le Haut;uic_87382655;?;?;normal;9;0;0;0;0;0 - 0 - 0 - 0 - 0 - 0 - 0 - 0 - 0;0: 9
2020;1;26;7;4;0;1;QYAN;?;12h44;Cergy le Haut;uic_87382655;?;?;annule_partiellement;9;5;120;105;2;/ - / - / - / - / - 2 - 2 - 2 - 1;1: 1 - 2: 3
2020;1;26;7;4;0;1;QYAN;?;13h04;Cergy le Haut;uic_87382655;?;?;normal;9;0;0;0;0;0 - 0 - 0 - 0 - 0 - 0 - 0 - 0 - 0;0: 9
2020;1;26;7;4;0;1;QYAN;?;13h24;Cergy le Haut;uic_87382655;?;?;normal;9;0;0;0;0;0 - 0 - 0 - 0 - 0 - 0 - 0 - 0 - 0;0: 9
2020;1;26;7;4;0;1;QYAN;?;13h44;Cergy le Haut;uic_87382655;?;?;normal;9;0;0;0;0;0 - 0 - 0 - 0 - 0 - 0 - 0 - 0 - 0;0: 9
2020;1;26;7;4;0;1;QYAN;?;14h04;Cergy le Haut;uic_87382655;?;?;normal;9;0;0;0;0;0 - 0 - 0 - 0 - 0 - 0 - 0 - 0 - 0;0: 9
2020;1;26;7;4;0;1;QYAN;?;14h24;Cergy le Haut;uic_87382655;?;?;normal;9;0;60;6;0;0 - 0 - 0 - 0 - 0 - 1 - 0 - 0 - 0;0: 8 - 1: 1
2020;1;26;7;4;0;1;QYAN;?;14h44;Cergy le Haut;uic_87382655;?;?;normal;9;0;60;6;0;0 - 0 - 0 - 0 - 0 - 1 - 0 - 0 - 0;0: 8 - 1: 1
2020;1;26;7;4;0;1;QYAN;?;15h04;Cergy le Haut;uic_87382655;?;?;normal;9;0;60;20;0;0 - 0 - 0 - 0 - 0 - 1 - 1 - 1 - 0;0: 6 - 1: 3
2020;1;26;7;4;0;1;QYAN;?;15h24;Cergy le Haut;uic_87382655;?;?;normal;9;0;120;40;60;0 - 0 - 0 - 0 - 1 - 2 - 1 - 1 - 1;0: 4 - 1: 4 - 2: 1
2020;1;26;7;4;0;1;QYAN;?;15h44;Cergy le Haut;uic_87382655;?;?;normal;9;0;60;20;0;0 - 0 - 0 - 0 - 0 - 1 - 1 - 1 - 0;0: 6 - 1: 3
2020;1;26;7;4;0;1;QYAN;?;16h04;Cergy le Haut;uic_87382655;?;?;normal;9;0;0;0;0;0 - 0 - 0 - 0 - 0 - 0 - 0 - 0 - 0;0: 9
2020;1;26;7;4;0;1;QYAN;?;16h24;Cergy le Haut;uic_87382655;?;?;normal;9;0;60;6;0;0 - 0 - 0 - 0 - 0 - 1 - 0 - 0 - 0;0: 8 - 1: 1
2020;1;26;7;4;0;1;QYAN;?;16h44;Cergy le Haut;uic_87382655;?;?;normal;9;0;0;0;0;0 - 0 - 0 - 0 - 0 - 0 - 0 - 0 - 0;0: 9
2020;1;26;7;4;0;1;QYAN;?;17h04;Cergy le Haut;uic_87382655;?;?;normal;9;0;120;60;60;0 - 0 - 0 - 0 - 2 - 2 - 2 - 2 - 1;0: 4 - 1: 1 - 2: 4
2020;1;26;7;4;0;1;QYAN;?;17h24;Cergy le Haut;uic_87382655;?;?;normal;9;0;120;53;60;0 - 0 - 0 - 0 - 1 - 2 - 2 - 2 - 1;0: 4 - 1: 2 - 2: 3
2020;1;26;7;4;0;1;QYAN;?;17h44;Cergy le Haut;uic_87382655;?;?;normal;9;0;120;26;0;0 - 0 - 0 - 0 - 0 - 2 - 1 - 1 - 0;0: 6 - 1: 2 - 2: 1
2020;1;26;7;4;0;1;QYAN;?;18h04;Cergy le Haut;uic_87382655;?;?;normal;9;0;120;33;0;0 - 0 - 0 - 0 - 0 - 2 - 1 - 1 - 1;0: 5 - 1: 3 - 2: 1
2020;1;26;7;4;0;1;QYAN;?;18h24;Cergy le Haut;uic_87382655;?;?;normal;9;0;60;6;0;0 - 0 - 0 - 0 - 0 - 1 - 0 - 0 - 0;0: 8 - 1: 1
2020;1;26;7;4;0;1;QYAN;?;18h44;Cergy le Haut;uic_87382655;?;?;normal;9;0;0;0;0;0 - 0 - 0 - 0 - 0 - 0 - 0 - 0 - 0;0: 9
2020;1;26;7;4;0;1;QYAN;?;19h04;Cergy le Haut;uic_87382655;?;?;normal;9;0;180;60;60;0 - 0 - 0 - 0 - 1 - 3 - 2 - 2 - 1;0: 4 - 1: 2 - 2: 2 - 3: 1
2020;1;26;7;4;0;1;QYAN;?;19h24;Cergy le Haut;uic_87382655;?;?;normal;9;0;120;60;60;0 - 1 - 1 - 1 - 2 - 2 - 1 - 1 - 0;0: 2 - 1: 5 - 2: 2
2020;1;26;7;4;0;1;QYRO;?;06h41;Cergy le Haut;uic_87382655;?;?;normal;9;0;0;0;0;0 - 0 - 0 - 0 - 0 - 0 - 0 - 0 - 0;0: 9
2020;1;26;7;4;0;1;QYRO;?;07h11;Cergy le Haut;uic_87382655;?;?;normal;9;0;60;6;0;0 - 0 - 0 - 0 - 0 - 1 - 0 - 0 - 0;0: 8 - 1: 1
2020;1;26;7;4;0;1;QYRO;?;07h34;Cergy le Haut;uic_87382655;?;?;normal;9;0;0;0;0;0 - 0 - 0 - 0 - 0 - 0 - 0 - 0 - 0;0: 9
2020;1;26;7;4;0;1;QYRO;?;08h04;Cergy le Haut;uic_87382655;?;?;normal;9;0;0;0;0;0 - 0 - 0 - 0 - 0 - 0 - 0 - 0 - 0;0: 9
2020;1;26;7;4;0;1;QYRO;?;08h24;Cergy le Haut;uic_87382655;?;?;normal;9;0;0;0;0;0 - 0 - 0 - 0 - 0 - 0 - 0 - 0 - 0;0: 9
2020;1;26;7;4;0;1;QYRO;?;08h44;Cergy le Haut;uic_87382655;?;?;normal;9;0;0;0;0;0 - 0 - 0 - 0 - 0 - 0 - 0 - 0 - 0;0: 9
2020;1;26;7;4;0;1;QYRO;?;09h04;Cergy le Haut;uic_87382655;?;?;normal;9;0;0;0;0;0 - 0 - 0 - 0 - 0 - 0 - 0 - 0 - 0;0: 9
2020;1;26;7;4;0;1;QYRO;?;09h24;Cergy le Haut;uic_87382655;?;?;normal;9;0;0;0;0;0 - 0 - 0 - 0 - 0 - 0 - 0 - 0 - 0;0: 9
2020;1;26;7;4;0;1;QYRO;?;09h44;Cergy le Haut;uic_87382655;?;?;normal;9;0;0;0;0;0 - 0 - 0 - 0 - 0 - 0 - 0 - 0 - 0;0: 9
2020;1;26;7;4;0;1;QYRO;?;10h04;Cergy le Haut;uic_87382655;?;?;normal;9;0;0;0;0;0 - 0 - 0 - 0 - 0 - 0 - 0 - 0 - 0;0: 9
2020;1;26;7;4;0;1;QYRO;?;10h24;Cergy le Haut;uic_87382655;?;?;normal;9;0;0;0;0;0 - 0 - 0 - 0 - 0 - 0 - 0 - 0 - 0;0: 9
2020;1;26;7;4;0;1;QYRO;?;10h44;Cergy le Haut;uic_87382655;?;?;normal;9;0;180;66;60;1 - 0 - 0 - 0 - 1 - 3 - 2 - 2 - 1;0: 3 - 1: 3 - 2: 2 - 3: 1
2020;1;26;7;4;0;1;QYRO;?;11h04;Cergy le Haut;uic_87382655;?;?;normal;9;0;0;0;0;0 - 0 - 0 - 0 - 0 - 0 - 0 - 0 - 0;0: 9
2020;1;26;7;4;0;1;QYRO;?;11h24;Cergy le Haut;uic_87382655;?;?;normal;9;0;300;240;240;0 - 4 - 4 - 4 - 5 - 5 - 5 - 5 - 4;0: 1 - 4: 4 - 5: 4
2020;1;26;7;4;0;1;QYRO;?;11h44;Cergy le Haut;uic_87382655;?;?;normal;9;0;0;0;0;0 - 0 - 0 - 0 - 0 - 0 - 0 - 0 - 0;0: 9
2020;1;26;7;4;0;1;TEDI;?;06h12;Houilles - Carrières-sur-Seine;uic_87386409;?;?;normal;4;0;0;0;0;0 - 0 - 0 - 0;0: 4
2020;1;26;7;4;0;1;TEDI;?;06h42;Houilles - Carrières-sur-Seine;uic_87386409;?;?;normal;4;0;60;15;0;0 - 0 - 1 - 0;0: 3 - 1: 1
2020;1;26;7;4;0;1;TEDI;?;07h12;Houilles - Carrières-sur-Seine;uic_87386409;?;?;normal;4;0;420;345;6;6 - 7 - 6 - 4;4: 1 - 6: 2 - 7: 1
2020;1;26;7;4;0;1;TEDI;?;07h41;Houilles - Carrières-sur-Seine;uic_87386409;?;?;normal;4;0;60;15;0;0 - 1 - 0 - 0;0: 3 - 1: 1
2020;1;26;7;4;0;1;TEDI;?;08h05;Houilles - Carrières-sur-Seine;uic_87386409;?;?;normal;4;0;0;0;0;0 - 0 - 0 - 0;0: 4
2020;1;26;7;4;0;1;TEDI;?;08h25;Houilles - Carrières-sur-Seine;uic_87386409;?;?;normal;4;0;0;0;0;0 - 0 - 0 - 0;0: 4
2020;1;26;7;4;0;1;TEDI;?;08h45;Houilles - Carrières-sur-Seine;uic_87386409;?;?;normal;4;0;60;15;0;0 - 1 - 0 - 0;0: 3 - 1: 1
2020;1;26;7;4;0;1;TEDI;?;09h05;Houilles - Carrières-sur-Seine;uic_87386409;?;?;normal;4;0;60;30;30;0 - 1 - 1 - 0;0: 2 - 1: 2
2020;1;26;7;4;0;1;TEDI;?;09h25;Houilles - Carrières-sur-Seine;uic_87386409;?;?;normal;4;0;0;0;0;0 - 0 - 0 - 0;0: 4
2020;1;26;7;4;0;1;TEDI;?;09h45;Houilles - Carrières-sur-Seine;uic_87386409;?;?;normal;4;0;0;0;0;0 - 0 - 0 - 0;0: 4
2020;1;26;7;4;0;1;TEDI;?;10h05;Houilles - Carrières-sur-Seine;uic_87386409;?;?;normal;4;0;60;15;0;0 - 1 - 0 - 0;0: 3 - 1: 1
2020;1;26;7;4;0;1;TEDI;?;10h25;Houilles - Carrières-sur-Seine;uic_87386409;?;?;normal;4;0;60;15;0;0 - 1 - 0 - 0;0: 3 - 1: 1
2020;1;26;7;4;0;1;TEDI;?;10h45;Houilles - Carrières-sur-Seine;uic_87386409;?;?;normal;4;0;0;0;0;0 - 0 - 0 - 0;0: 4
2020;1;26;7;4;0;1;TEDI;?;11h05;Houilles - Carrières-sur-Seine;uic_87386409;?;?;normal;4;0;0;0;0;0 - 0 - 0 - 0;0: 4
2020;1;26;7;4;0;1;TEDI;?;11h25;Houilles - Carrières-sur-Seine;uic_87386409;?;?;normal;4;0;60;15;0;0 - 0 - 1 - 0;0: 3 - 1: 1
2020;1;26;7;4;0;1;TEDI;?;11h45;Houilles - Carrières-sur-Seine;uic_87386409;?;?;normal;4;0;60;15;0;0 - 1 - 0 - 0;0: 3 - 1: 1
2020;1;26;7;4;0;1;TEDI;?;12h05;Houilles - Carrières-sur-Seine;uic_87386409;?;?;normal;4;0;0;0;0;0 - 0 - 0 - 0;0: 4
2020;1;26;7;4;0;1;TEDI;?;12h25;Houilles - Carrières-sur-Seine;uic_87386409;?;?;normal;4;0;0;0;0;0 - 0 - 0 - 0;0: 4
2020;1;26;7;4;0;1;TERI;?;12h45;Houilles - Carrières-sur-Seine;uic_87386409;?;?;normal;4;0;60;30;30;0 - 1 - 1 - 0;0: 2 - 1: 2
2020;1;26;7;4;0;1;TERI;?;13h05;Houilles - Carrières-sur-Seine;uic_87386409;?;?;normal;4;0;0;0;0;0 - 0 - 0 - 0;0: 4
2020;1;26;7;4;0;1;TERI;?;13h25;Houilles - Carrières-sur-Seine;uic_87386409;?;?;normal;4;0;60;15;0;0 - 0 - 1 - 0;0: 3 - 1: 1
2020;1;26;7;4;0;1;TERI;?;13h45;Houilles - Carrières-sur-Seine;uic_87386409;?;?;normal;4;0;60;15;0;0 - 1 - 0 - 0;0: 3 - 1: 1
2020;1;26;7;4;0;1;TERI;?;14h05;Houilles - Carrières-sur-Seine;uic_87386409;?;?;normal;4;0;60;15;0;0 - 0 - 1 - 0;0: 3 - 1: 1
2020;1;26;7;4;0;1;TERI;?;14h25;Houilles - Carrières-sur-Seine;uic_87386409;?;?;normal;4;0;0;0;0;0 - 0 - 0 - 0;0: 4
2020;1;26;7;4;0;1;TERI;?;14h45;Houilles - Carrières-sur-Seine;uic_87386409;?;?;normal;4;0;60;15;0;0 - 0 - 1 - 0;0: 3 - 1: 1
2020;1;26;7;4;0;1;TERI;?;15h05;Houilles - Carrières-sur-Seine;uic_87386409;?;?;normal;4;0;180;90;90;0 - 3 - 3 - 0;0: 2 - 3: 2
2020;1;26;7;4;0;1;TERI;?;15h25;Houilles - Carrières-sur-Seine;uic_87386409;?;?;normal;4;0;300;225;4;4 - 5 - 4 - 2;2: 1 - 4: 2 - 5: 1
2020;1;26;7;4;0;1;TERI;?;15h45;Houilles - Carrières-sur-Seine;uic_87386409;?;?;normal;4;0;0;0;0;0 - 0 - 0 - 0;0: 4
2020;1;26;7;4;0;1;TERI;?;16h05;Houilles - Carrières-sur-Seine;uic_87386409;?;?;normal;4;0;0;0;0;0 - 0 - 0 - 0;0: 4
2020;1;26;7;4;0;1;TERI;?;16h25;Houilles - Carrières-sur-Seine;uic_87386409;?;?;normal;4;0;120;75;90;1 - 2 - 2 - 0;0: 1 - 1: 1 - 2: 2
2020;1;26;7;4;0;1;TERI;?;16h45;Houilles - Carrières-sur-Seine;uic_87386409;?;?;normal;4;0;0;0;0;0 - 0 - 0 - 0;0: 4
2020;1;26;7;4;0;1;TERI;?;17h05;Houilles - Carrières-sur-Seine;uic_87386409;?;?;normal;4;0;0;0;0;0 - 0 - 0 - 0;0: 4
2020;1;26;7;4;0;1;TERI;?;17h25;Houilles - Carrières-sur-Seine;uic_87386409;?;?;normal;4;0;0;0;0;0 - 0 - 0 - 0;0: 4
2020;1;26;7;4;0;1;TERI;?;17h45;Houilles - Carrières-sur-Seine;uic_87386409;?;?;normal;4;0;0;0;0;0 - 0 - 0 - 0;0: 4
2020;1;26;7;4;0;1;TERI;?;18h05;Houilles - Carrières-sur-Seine;uic_87386409;?;?;normal;4;0;60;15;0;0 - 1 - 0 - 0;0: 3 - 1: 1
2020;1;26;7;4;0;1;TERI;?;18h25;Houilles - Carrières-sur-Seine;uic_87386409;?;?;normal;4;0;60;15;0;0 - 1 - 0 - 0;0: 3 - 1: 1
2020;1;26;7;4;0;1;TERI;?;18h45;Houilles - Carrières-sur-Seine;uic_87386409;?;?;normal;4;0;120;90;2;2 - 2 - 2 - 0;0: 1 - 2: 3
2020;1;26;7;4;0;1;TERI;?;19h05;Houilles - Carrières-sur-Seine;uic_87386409;?;?;normal;4;0;240;195;4;4 - 4 - 4 - 1;1: 1 - 4: 3
2020;1;26;7;4;0;1;TERI;?;19h25;Houilles - Carrières-sur-Seine;uic_87386409;?;?;normal;4;0;0;0;0;0 - 0 - 0 - 0;0: 4
2020;1;26;7;4;0;1;TERI;?;19h45;Houilles - Carrières-sur-Seine;uic_87386409;?;?;normal;4;0;0;0;0;0 - 0 - 0 - 0;0: 4
2020;1;26;7;4;0;1;TERI;?;20h05;Houilles - Carrières-sur-Seine;uic_87386409;?;?;normal;4;0;180;150;150;2 - 3 - 3 - 2;2: 2 - 3: 2
2020;1;26;7;4;0;1;TERI;?;20h30;Houilles - Carrières-sur-Seine;uic_87386409;?;?;normal;4;0;60;15;0;0 - 1 - 0 - 0;0: 3 - 1: 1
2020;1;26;7;4;0;1;TETE;?;00h29;Houilles - Carrières-sur-Seine;uic_87386409;?;?;normal;4;0;60;60;1;1 - 1 - 1 - 1;1: 4
2020;1;26;7;4;0;1;TETE;?;00h58;Houilles - Carrières-sur-Seine;uic_87386409;?;?;normal;4;0;120;120;2;2 - 2 - 2 - 2;2: 4
2020;1;26;7;4;0;1;TETE;?;20h59;Houilles - Carrières-sur-Seine;uic_87386409;?;?;normal;4;0;0;0;0;0 - 0 - 0 - 0;0: 4
2020;1;26;7;4;0;1;TETE;?;21h29;Houilles - Carrières-sur-Seine;uic_87386409;?;?;normal;4;0;60;30;30;0 - 1 - 1 - 0;0: 2 - 1: 2
2020;1;26;7;4;0;1;TETE;?;21h59;Houilles - Carrières-sur-Seine;uic_87386409;?;?;normal;4;0;60;30;30;0 - 1 - 1 - 0;0: 2 - 1: 2
2020;1;26;7;4;0;1;TETE;?;22h29;Houilles - Carrières-sur-Seine;uic_87386409;?;?;normal;4;0;180;135;150;2 - 3 - 3 - 1;1: 1 - 2: 1 - 3: 2
2020;1;26;7;4;0;1;TETE;?;22h59;Houilles - Carrières-sur-Seine;uic_87386409;?;?;normal;4;0;300;225;4;4 - 5 - 4 - 2;2: 1 - 4: 2 - 5: 1
2020;1;26;7;4;0;1;TETE;?;23h29;Houilles - Carrières-sur-Seine;uic_87386409;?;?;normal;4;0;60;45;1;1 - 1 - 1 - 0;0: 1 - 1: 3
2020;1;26;7;4;0;1;TETE;?;23h59;Houilles - Carrières-sur-Seine;uic_87386409;?;?;normal;4;0;720;675;690;11 - 12 - 12 - 10;10: 1 - 11: 1 - 12: 2
2020;1;26;7;4;0;1;UBOS;?;05h57;Houilles - Carrières-sur-Seine;uic_87386409;?;?;normal;8;0;180;105;2;1 - 1 - 0 - 2 - 2 - 2 - 3 - 3;0: 1 - 1: 2 - 2: 3 - 3: 2
2020;1;26;7;4;0;1;UBOS;?;06h26;Houilles - Carrières-sur-Seine;uic_87386409;?;?;normal;8;0;60;22;0;0 - 0 - 0 - 0 - 1 - 0 - 1 - 1;0: 5 - 1: 3
2020;1;26;7;4;0;1;UBOS;?;06h57;Houilles - Carrières-sur-Seine;uic_87386409;?;?;normal;8;0;120;60;1;0 - 1 - 0 - 1 - 2 - 1 - 2 - 1;0: 2 - 1: 4 - 2: 2
2020;1;26;7;4;0;1;UBOS;?;07h27;Houilles - Carrières-sur-Seine;uic_87386409;?;?;normal;8;0;60;15;0;0 - 1 - 0 - 0 - 0 - 0 - 0 - 1;0: 6 - 1: 2
2020;1;26;7;4;0;1;UBOS;?;07h55;Houilles - Carrières-sur-Seine;uic_87386409;?;?;normal;8;0;60;22;0;0 - 0 - 0 - 0 - 1 - 0 - 1 - 1;0: 5 - 1: 3
2020;1;26;7;4;0;1;UBOS;?;08h15;Houilles - Carrières-sur-Seine;uic_87386409;?;?;normal;8;0;60;7;0;0 - 0 - 0 - 0 - 0 - 0 - 0 - 1;0: 7 - 1: 1
2020;1;26;7;4;0;1;UBOS;?;08h35;Houilles - Carrières-sur-Seine;uic_87386409;?;?;normal;8;0;0;0;0;0 - 0 - 0 - 0 - 0 - 0 - 0 - 0;0: 8
2020;1;26;7;4;0;1;UBOS;?;08h55;Houilles - Carrières-sur-Seine;uic_87386409;?;?;normal;8;0;60;37;1;1 - 1 - 0 - 0 - 0 - 1 - 1 - 1;0: 3 - 1: 5
2020;1;26;7;4;0;1;UBOS;?;09h15;Houilles - Carrières-sur-Seine;uic_87386409;?;?;normal;8;0;0;0;0;0 - 0 - 0 - 0 - 0 - 0 - 0 - 0;0: 8
2020;1;26;7;4;0;1;UPAC;?;09h35;Houilles - Carrières-sur-Seine;uic_87386409;?;?;normal;8;0;60;7;0;0 - 0 - 0 - 0 - 0 - 1 - 0 - 0;0: 7 - 1: 1
2020;1;26;7;4;0;1;UPAC;?;09h55;Houilles - Carrières-sur-Seine;uic_87386409;?;?;normal;8;0;120;60;1;0 - 1 - 0 - 1 - 1 - 1 - 2 - 2;0: 2 - 1: 4 - 2: 2
2020;1;26;7;4;0;1;UPAC;?;10h15;Houilles - Carrières-sur-Seine;uic_87386409;?;?;normal;8;0;120;75;1;0 - 1 - 1 - 1 - 2 - 2 - 2 - 1;0: 1 - 1: 4 - 2: 3
2020;1;26;7;4;0;1;UPAC;?;10h35;Houilles - Carrières-sur-Seine;uic_87386409;?;?;normal;8;0;60;7;0;0 - 0 - 0 - 0 - 0 - 1 - 0 - 0;0: 7 - 1: 1
2020;1;26;7;4;0;1;UPAC;?;10h55;Houilles - Carrières-sur-Seine;uic_87386409;?;?;normal;8;0;180;120;2;0 - 2 - 1 - 2 - 2 - 3 - 3 - 3;0: 1 - 1: 1 - 2: 3 - 3: 3
2020;1;26;7;4;0;1;UPAC;?;11h15;Houilles - Carrières-sur-Seine;uic_87386409;?;?;normal;8;0;120;82;90;0 - 1 - 1 - 1 - 2 - 2 - 2 - 2;0: 1 - 1: 3 - 2: 4
2020;1;26;7;4;0;1;UPAC;?;11h35;Houilles - Carrières-sur-Seine;uic_87386409;?;?;normal;8;0;60;22;0;0 - 0 - 0 - 0 - 0 - 1 - 1 - 1;0: 5 - 1: 3
2020;1;26;7;4;0;1;UPAC;?;11h55;Houilles - Carrières-sur-Seine;uic_87386409;?;?;normal;8;0;60;22;0;0 - 0 - 0 - 0 - 1 - 1 - 1 - 0;0: 5 - 1: 3
2020;1;26;7;4;0;1;UPAC;?;12h15;Houilles - Carrières-sur-Seine;uic_87386409;?;?;normal;8;0;0;0;0;0 - 0 - 0 - 0 - 0 - 0 - 0 - 0;0: 8
2020;1;26;7;4;0;1;UPAC;?;12h35;Houilles - Carrières-sur-Seine;uic_87386409;?;?;normal;8;0;60;22;0;0 - 0 - 0 - 0 - 1 - 1 - 1 - 0;0: 5 - 1: 3
2020;1;26;7;4;0;1;UPIR;?;00h14;Houilles - Carrières-sur-Seine;uic_87386409;?;?;normal;8;0;240;150;150;2 - 3 - 1 - 2 - 3 - 2 - 4 - 3;1: 1 - 2: 3 - 3: 3 - 4: 1
2020;1;26;7;4;0;1;UPIR;?;00h44;Houilles - Carrières-sur-Seine;uic_87386409;?;?;normal;8;0;540;525;9;9 - 9 - 8 - 9 - 9 - 8 - 9 - 9;8: 2 - 9: 6
2020;1;26;7;4;0;1;UPIR;?;01h13;Houilles - Carrières-sur-Seine;uic_87386409;?;?;normal;8;0;120;60;1;0 - 1 - 0 - 1 - 2 - 1 - 2 - 1;0: 2 - 1: 4 - 2: 2
2020;1;26;7;4;0;1;UPIR;?;21h14;Houilles - Carrières-sur-Seine;uic_87386409;?;?;normal;8;0;240;172;3;2 - 2 - 2 - 3 - 4 - 3 - 4 - 3;2: 3 - 3: 3 - 4: 2
2020;1;26;7;4;0;1;UPIR;?;21h44;Houilles - Carrières-sur-Seine;uic_87386409;?;?;normal;8;0;60;37;1;0 - 1 - 0 - 1 - 1 - 0 - 1 - 1;0: 3 - 1: 5
2020;1;26;7;4;0;1;UPIR;?;22h14;Houilles - Carrières-sur-Seine;uic_87386409;?;?;normal;8;0;300;232;4;2 - 3 - 3 - 4 - 5 - 4 - 5 - 5;2: 1 - 3: 2 - 4: 2 - 5: 3
2020;1;26;7;4;0;1;UPIR;?;22h44;Houilles - Carrières-sur-Seine;uic_87386409;?;?;normal;8;0;420;352;6;5 - 6 - 5 - 6 - 6 - 6 - 7 - 6;5: 2 - 6: 5 - 7: 1
2020;1;26;7;4;0;1;UPIR;?;23h14;Houilles - Carrières-sur-Seine;uic_87386409;?;?;normal;8;0;120;67;1;1 - 1 - 0 - 1 - 2 - 1 - 2 - 1;0: 1 - 1: 5 - 2: 2
2020;1;26;7;4;0;1;UPIR;?;23h44;Houilles - Carrières-sur-Seine;uic_87386409;?;?;normal;8;0;300;240;4;4 - 4 - 3 - 4 - 4 - 4 - 5 - 4;3: 1 - 4: 6 - 5: 1
2020;1;26;7;4;0;1;UPUS;?;12h55;Houilles - Carrières-sur-Seine;uic_87386409;?;?;normal;8;0;60;7;0;0 - 0 - 0 - 0 - 0 - 0 - 0 - 1;0: 7 - 1: 1
2020;1;26;7;4;0;1;UPUS;?;13h15;Houilles - Carrières-sur-Seine;uic_87386409;?;?;normal;8;0;60;15;0;0 - 0 - 0 - 0 - 0 - 1 - 1 - 0;0: 6 - 1: 2
2020;1;26;7;4;0;1;UPUS;?;13h35;Houilles - Carrières-sur-Seine;uic_87386409;?;?;normal;8;0;60;22;0;0 - 0 - 0 - 0 - 0 - 1 - 1 - 1;0: 5 - 1: 3
2020;1;26;7;4;0;1;UPUS;?;13h55;Houilles - Carrières-sur-Seine;uic_87386409;?;?;normal;8;0;300;157;3;0 - 1 - 2 - 3 - 3 - 4 - 3 - 5;0: 1 - 1: 1 - 2: 1 - 3: 3 - 4: 1 - 5: 1
2020;1;26;7;4;0;1;UPUS;?;14h15;Houilles - Carrières-sur-Seine;uic_87386409;?;?;normal;8;0;180;135;2;3 - 3 - 2 - 2 - 2 - 2 - 2 - 2;2: 6 - 3: 2
2020;1;26;7;4;0;1;UPUS;?;14h35;Houilles - Carrières-sur-Seine;uic_87386409;?;?;normal;8;0;120;60;1;0 - 1 - 0 - 1 - 1 - 2 - 2 - 1;0: 2 - 1: 4 - 2: 2
2020;1;26;7;4;0;1;UPUS;?;14h55;Houilles - Carrières-sur-Seine;uic_87386409;?;?;normal;8;0;600;495;9;5 - 6 - 9 - 9 - 9 - 9 - 9 - 10;5: 1 - 6: 1 - 9: 5 - 10: 1
2020;1;26;7;4;0;1;UPUS;?;15h15;Houilles - Carrières-sur-Seine;uic_87386409;?;?;normal;8;0;480;360;390;1 - 5 - 6 - 6 - 7 - 8 - 8 - 7;1: 1 - 5: 1 - 6: 2 - 7: 2 - 8: 2
2020;1;26;7;4;0;1;UPUS;?;15h35;Houilles - Carrières-sur-Seine;uic_87386409;?;?;normal;8;0;120;82;1;1 - 1 - 1 - 1 - 1 - 2 - 2 - 2;1: 5 - 2: 3
2020;1;26;7;4;0;1;UPUS;?;15h55;Houilles - Carrières-sur-Seine;uic_87386409;?;?;normal;8;0;60;7;0;0 - 0 - 0 - 0 - 0 - 1 - 0 - 0;0: 7 - 1: 1
2020;1;26;7;4;0;1;UPUS;?;16h15;Houilles - Carrières-sur-Seine;uic_87386409;?;?;normal;8;0;240;90;90;0 - 1 - 0 - 1 - 2 - 2 - 2 - 4;0: 2 - 1: 2 - 2: 3 - 4: 1
2020;1;26;7;4;0;1;UPUS;?;16h35;Houilles - Carrières-sur-Seine;uic_87386409;?;?;normal;8;0;240;112;2;1 - 1 - 1 - 2 - 2 - 2 - 2 - 4;1: 3 - 2: 4 - 4: 1
2020;1;26;7;4;0;1;UPUS;?;16h55;Houilles - Carrières-sur-Seine;uic_87386409;?;?;normal;8;0;0;0;0;0 - 0 - 0 - 0 - 0 - 0 - 0 - 0;0: 8
2020;1;26;7;4;0;1;UPUS;?;17h15;Houilles - Carrières-sur-Seine;uic_87386409;?;?;normal;8;0;180;127;2;0 - 2 - 2 - 2 - 3 - 3 - 3 - 2;0: 1 - 2: 4 - 3: 3
2020;1;26;7;4;0;1;UPUS;?;17h35;Houilles - Carrières-sur-Seine;uic_87386409;?;?;normal;8;0;0;0;0;0 - 0 - 0 - 0 - 0 - 0 - 0 - 0;0: 8
2020;1;26;7;4;0;1;UPUS;?;17h55;Houilles - Carrières-sur-Seine;uic_87386409;?;?;normal;8;0;60;37;1;1 - 1 - 0 - 0 - 1 - 1 - 1 - 0;0: 3 - 1: 5
2020;1;26;7;4;0;1;UPUS;?;18h15;Houilles - Carrières-sur-Seine;uic_87386409;?;?;normal;8;0;240;120;2;0 - 1 - 1 - 2 - 2 - 3 - 3 - 4;0: 1 - 1: 2 - 2: 2 - 3: 2 - 4: 1
2020;1;26;7;4;0;1;UPUS;?;18h35;Houilles - Carrières-sur-Seine;uic_87386409;?;?;normal;8;0;0;0;0;0 - 0 - 0 - 0 - 0 - 0 - 0 - 0;0: 8
2020;1;26;7;4;0;1;UPUS;?;18h55;Houilles - Carrières-sur-Seine;uic_87386409;?;?;normal;8;0;540;322;5;3 - 4 - 4 - 5 - 5 - 5 - 8 - 9;3: 1 - 4: 2 - 5: 3 - 8: 1 - 9: 1
2020;1;26;7;4;0;1;UPUS;?;19h15;Houilles - Carrières-sur-Seine;uic_87386409;?;?;normal;8;0;240;135;150;0 - 1 - 2 - 2 - 3 - 3 - 4 - 3;0: 1 - 1: 1 - 2: 2 - 3: 3 - 4: 1
2020;1;26;7;4;0;1;UPUS;?;19h35;Houilles - Carrières-sur-Seine;uic_87386409;?;?;normal;8;0;0;0;0;0 - 0 - 0 - 0 - 0 - 0 - 0 - 0;0: 8
2020;1;26;7;4;0;1;UPUS;?;19h55;Houilles - Carrières-sur-Seine;uic_87386409;?;?;normal;8;0;120;60;1;0 - 1 - 0 - 1 - 1 - 2 - 2 - 1;0: 2 - 1: 4 - 2: 2
2020;1;26;7;4;0;1;UPUS;?;20h16;Houilles - Carrières-sur-Seine;uic_87386409;?;?;normal;8;0;240;225;4;2 - 4 - 4 - 4 - 4 - 4 - 4 - 4;2: 1 - 4: 7
2020;1;26;7;4;0;1;UPUS;?;20h44;Houilles - Carrières-sur-Seine;uic_87386409;?;?;normal;8;0;180;135;2;2 - 2 - 1 - 3 - 3 - 2 - 3 - 2;1: 1 - 2: 4 - 3: 3
2020;1;27;1;5;1;0;NAJA;?;22h28;Sartrouville;uic_87386417;?;?;normal;2;0;180;180;3;3 - 3;3: 2
2020;1;27;1;5;1;0;NAJA;?;22h58;Sartrouville;uic_87386417;?;?;normal;2;0;540;540;9;9 - 9;9: 2
2020;1;27;1;5;1;0;NAJA;?;23h28;Sartrouville;uic_87386417;?;?;normal;2;0;60;60;1;1 - 1;1: 2
2020;1;27;1;5;1;0;NANI;?;14h13;Cergy le Haut;uic_87382655;?;?;normal;9;0;0;0;0;0 - 0 - 0 - 0 - 0 - 0 - 0 - 0 - 0;0: 9
2020;1;27;1;5;1;0;NANI;?;14h23;Cergy le Haut;uic_87382655;?;?;normal;9;0;120;33;0;0 - 0 - 0 - 0 - 0 - 2 - 1 - 1 - 1;0: 5 - 1: 3 - 2: 1
2020;1;27;1;5;1;0;NANI;?;14h33;Cergy le Haut;uic_87382655;?;?;normal;9;0;0;0;0;0 - 0 - 0 - 0 - 0 - 0 - 0 - 0 - 0;0: 9
2020;1;27;1;5;1;0;NANI;?;14h43;Cergy le Haut;uic_87382655;?;?;normal;9;0;0;0;0;0 - 0 - 0 - 0 - 0 - 0 - 0 - 0 - 0;0: 9
2020;1;27;1;5;1;0;NANI;?;14h53;Cergy le Haut;uic_87382655;?;?;normal;9;0;0;0;0;0 - 0 - 0 - 0 - 0 - 0 - 0 - 0 - 0;0: 9
2020;1;27;1;5;1;0;NANI;?;15h03;Cergy le Haut;uic_87382655;?;?;normal;9;0;840;193;0;0 - 0 - 0 - 0 - 0 - 1 - 1 - 13 - 14;0: 5 - 1: 2 - 13: 1 - 14: 1
2020;1;27;1;5;1;0;NANI;?;15h13;Cergy le Haut;uic_87382655;?;?;normal;9;0;480;226;60;0 - 0 - 1 - 0 - 1 - 8 - 8 - 8 - 8;0: 3 - 1: 2 - 8: 4
2020;1;27;1;5;1;0;NANI;?;15h23;Cergy le Haut;uic_87382655;?;?;normal;9;0;780;679;660;10 - 10 - 11 - 11 - 11 - 12 - 12 - 12 - 13;10: 2 - 11: 3 - 12: 3 - 13: 1
2020;1;27;1;5;1;0;NANI;?;15h33;Cergy le Haut;uic_87382655;?;?;annule;9;9;0;0;0;;
2020;1;27;1;5;1;0;NANI;?;15h43;Cergy le Haut;uic_87382655;?;?;normal;9;0;300;160;120;0 - 0 - 2 - 2 - 2 - 5 - 4 - 4 - 5;0: 2 - 2: 3 - 4: 2 - 5: 2
2020;1;27;1;5;1;0;NANI;?;15h53;Cergy le Haut;uic_87382655;?;?;annule;9;9;0;0;0;;
2020;1;27;1;5;1;0;NANI;?;16h03;Cergy le Haut;uic_87382655;?;?;normal;9;0;60;60;60;1 - 1 - 1 - 1 - 1 - 1 - 1 - 1 - 1;1: 9
2020;1;27;1;5;1;0;NANI;?;16h13;Cergy le Haut;uic_87382655;?;?;annule;9;9;0;0;0;;
2020;1;27;1;5;1;0;NANI;?;16h24;Cergy le Haut;uic_87382655;?;?;normal;9;0;120;40;60;0 - 0 - 1 - 1 - 0 - 1 - 0 - 1 - 2;0: 4 - 1: 4 - 2: 1
2020;1;27;1;5;1;0;NANI;?;16h36;Cergy le Haut;uic_87382655;?;?;normal;9;0;300;220;240;3 - 4 - 4 - 3 - 4 - 5 - 4 - 3 - 3;3: 4 - 4: 4 - 5: 1
2020;1;27;1;5;1;0;NANI;?;16h49;Cergy le Haut;uic_87382655;?;?;normal;9;0;60;26;0;0 - 0 - 0 - 0 - 0 - 1 - 1 - 1 - 1;0: 5 - 1: 4
2020;1;27;1;5;1;0;NANI;?;17h01;Cergy le Haut;uic_87382655;?;?;normal;9;0;180;99;120;0 - 2 - 2 - 2 - 2 - 3 - 2 - 1 - 1;0: 1 - 1: 2 - 2: 5 - 3: 1
2020;1;27;1;5;1;0;NANI;?;17h14;Cergy le Haut;uic_87382655;?;?;normal;9;0;120;80;60;1 - 1 - 2 - 2 - 1 - 2 - 1 - 1 - 1;1: 6 - 2: 3
2020;1;27;1;5;1;0;NANI;?;17h26;Cergy le Haut;uic_87382655;?;?;normal;9;0;0;0;0;0 - 0 - 0 - 0 - 0 - 0 - 0 - 0 - 0;0: 9
2020;1;27;1;5;1;0;NANI;?;17h39;Cergy le Haut;uic_87382655;?;?;normal;9;0;3060;806;180;3 - 3 - 3 - 3 - 3 - 3 - 3 - 49 - 51;3: 7 - 49: 1 - 51: 1
2020;1;27;1;5;1;0;NANI;?;17h51;Cergy le Haut;uic_87382655;?;?;normal;9;0;360;240;180;2 - 3 - 2 - 2 - 3 - 6 - 6 - 6 - 6;2: 3 - 3: 2 - 6: 4
2020;1;27;1;5;1;0;NANI;?;18h04;Cergy le Haut;uic_87382655;?;?;normal;9;0;2040;1933;1920;30 - 30 - 31 - 32 - 31 - 34 - 34 - 34 - 34;30: 2 - 31: 2 - 32: 1 - 34: 4
2020;1;27;1;5;1;0;NANI;?;18h16;Cergy le Haut;uic_87382655;?;?;annule;9;9;0;0;0;;
2020;1;27;1;5;1;0;NANI;?;18h29;Cergy le Haut;uic_87382655;?;?;normal;9;0;1860;1426;1260;20 - 20 - 21 - 21 - 21 - 25 - 27 - 28 - 31;20: 2 - 21: 3 - 25: 1 - 27: 1 - 28: 1 - 31: 1
2020;1;27;1;5;1;0;NANI;?;18h41;Cergy le Haut;uic_87382655;?;?;normal;9;0;1620;1560;1560;25 - 26 - 25 - 25 - 26 - 27 - 27 - 26 - 27;25: 3 - 26: 3 - 27: 3
2020;1;27;1;5;1;0;NANI;?;18h54;Cergy le Haut;uic_87382655;?;?;annule;9;9;0;0;0;;
2020;1;27;1;5;1;0;NANI;?;19h06;Cergy le Haut;uic_87382655;?;?;annule;9;9;0;0;0;;
2020;1;27;1;5;1;0;NANI;?;19h20;Cergy le Haut;uic_87382655;?;?;annule;9;9;0;0;0;;
2020;1;27;1;5;1;0;NANI;?;19h39;Cergy le Haut;uic_87382655;?;?;normal;9;0;120;66;60;1 - 1 - 1 - 1 - 1 - 1 - 1 - 1 - 2;1: 8 - 2: 1
2020;1;27;1;5;1;0;NANI;?;20h05;Cergy le Haut;uic_87382655;?;?;normal;9;0;60;20;0;1 - 0 - 1 - 0 - 0 - 0 - 0 - 0 - 1;0: 6 - 1: 3
2020;1;27;1;5;1;0;NANI;?;20h35;Cergy le Haut;uic_87382655;?;?;normal;9;0;0;0;0;0 - 0 - 0 - 0 - 0 - 0 - 0 - 0 - 0;0: 9
2020;1;27;1;5;1;0;NANI;?;21h05;Cergy le Haut;uic_87382655;?;?;normal;9;0;120;53;0;0 - 0 - 0 - 0 - 0 - 2 - 2 - 2 - 2;0: 5 - 2: 4
2020;1;27;1;5;1;0;NANI;?;21h33;Cergy le Haut;uic_87382655;?;?;normal;9;0;900;840;840;14 - 14 - 15 - 14 - 14 - 14 - 14 - 13 - 14;13: 1 - 14: 7 - 15: 1
2020;1;27;1;5;1;0;NATO;?;05h12;Cergy le Haut;uic_87382655;?;?;normal;9;0;120;26;0;0 - 0 - 0 - 0 - 0 - 0 - 0 - 2 - 2;0: 7 - 2: 2
2020;1;27;1;5;1;0;NATO;?;05h42;Cergy le Haut;uic_87382655;?;?;normal;9;0;60;33;60;0 - 0 - 0 - 0 - 1 - 1 - 1 - 1 - 1;0: 4 - 1: 5
2020;1;27;1;5;1;0;NATO;?;05h57;Cergy le Haut;uic_87382655;?;?;normal;9;0;0;0;0;0 - 0 - 0 - 0 - 0 - 0 - 0 - 0 - 0;0: 9
2020;1;27;1;5;1;0;NATO;?;06h12;Cergy le Haut;uic_87382655;?;?;normal;9;0;0;0;0;0 - 0 - 0 - 0 - 0 - 0 - 0 - 0 - 0;0: 9
2020;1;27;1;5;1;0;NATO;?;06h27;Cergy le Haut;uic_87382655;?;?;normal;9;0;60;40;60;1 - 1 - 1 - 1 - 1 - 1 - 0 - 0 - 0;0: 3 - 1: 6
2020;1;27;1;5;1;0;NATO;?;06h42;Cergy le Haut;uic_87382655;?;?;normal;9;0;120;66;60;0 - 0 - 1 - 1 - 1 - 2 - 1 - 2 - 2;0: 2 - 1: 4 - 2: 3
2020;1;27;1;5;1;0;NATO;?;06h51;Cergy le Haut;uic_87382655;?;?;normal;9;0;180;80;0;0 - 0 - 0 - 0 - 0 - 3 - 3 - 3 - 3;0: 5 - 3: 4
2020;1;27;1;5;1;0;NATO;?;07h03;Cergy le Haut;uic_87382655;?;?;normal;9;0;120;60;60;0 - 0 - 1 - 0 - 0 - 2 - 2 - 2 - 2;0: 4 - 1: 1 - 2: 4
2020;1;27;1;5;1;0;NATO;?;07h14;Cergy le Haut;uic_87382655;?;?;normal;9;0;60;13;0;0 - 0 - 0 - 0 - 0 - 1 - 1 - 0 - 0;0: 7 - 1: 2
2020;1;27;1;5;1;0;NATO;?;07h26;Cergy le Haut;uic_87382655;?;?;normal;9;0;120;46;0;0 - 0 - 0 - 0 - 0 - 2 - 2 - 2 - 1;0: 5 - 1: 1 - 2: 3
2020;1;27;1;5;1;0;NATO;?;07h38;Cergy le Haut;uic_87382655;?;?;normal;9;0;120;53;60;0 - 0 - 1 - 0 - 0 - 1 - 2 - 2 - 2;0: 4 - 1: 2 - 2: 3
2020;1;27;1;5;1;0;NATO;?;07h49;Cergy le Haut;uic_87382655;?;?;normal;9;0;60;20;0;0 - 0 - 0 - 0 - 0 - 1 - 1 - 0 - 1;0: 6 - 1: 3
2020;1;27;1;5;1;0;NATO;?;08h01;Cergy le Haut;uic_87382655;?;?;normal;9;0;240;46;0;0 - 0 - 0 - 0 - 0 - 0 - 0 - 4 - 3;0: 7 - 3: 1 - 4: 1
2020;1;27;1;5;1;0;NATO;?;08h13;Cergy le Haut;uic_87382655;?;?;normal;9;0;180;93;120;0 - 0 - 0 - 3 - 3 - 2 - 2 - 2 - 2;0: 3 - 2: 4 - 3: 2
2020;1;27;1;5;1;0;NATO;?;08h24;Cergy le Haut;uic_87382655;?;?;normal;9;0;240;93;0;0 - 0 - 0 - 0 - 0 - 4 - 4 - 3 - 3;0: 5 - 3: 2 - 4: 2
2020;1;27;1;5;1;0;NATO;?;08h36;Cergy le Haut;uic_87382655;?;?;normal;9;0;120;53;0;0 - 0 - 0 - 0 - 0 - 2 - 2 - 2 - 2;0: 5 - 2: 4
2020;1;27;1;5;1;0;NATO;?;08h48;Cergy le Haut;uic_87382655;?;?;normal;9;0;60;26;0;0 - 0 - 0 - 0 - 0 - 1 - 1 - 1 - 1;0: 5 - 1: 4
2020;1;27;1;5;1;0;NATO;?;09h03;Cergy le Haut;uic_87382655;?;?;annule;9;9;0;0;0;;
2020;1;27;1;5;1;0;NATO;?;09h14;Cergy le Haut;uic_87382655;?;?;normal;9;0;120;46;60;0 - 0 - 0 - 0 - 1 - 2 - 2 - 1 - 1;0: 4 - 1: 3 - 2: 2
2020;1;27;1;5;1;0;NATO;?;09h23;Cergy le Haut;uic_87382655;?;?;normal;9;0;0;0;0;0 - 0 - 0 - 0 - 0 - 0 - 0 - 0 - 0;0: 9
2020;1;27;1;5;1;0;NATO;?;09h33;Cergy le Haut;uic_87382655;?;?;normal;9;0;120;60;60;0 - 0 - 1 - 1 - 1 - 2 - 1 - 1 - 2;0: 2 - 1: 5 - 2: 2
2020;1;27;1;5;1;0;NATO;?;09h47;Cergy le Haut;uic_87382655;?;?;normal;9;0;360;306;300;4 - 4 - 5 - 5 - 5 - 6 - 5 - 6 - 6;4: 2 - 5: 4 - 6: 3
2020;1;27;1;5;1;0;NATO;?;09h55;Cergy le Haut;uic_87382655;?;?;annule_partiellement;9;6;60;60;60;/ - / - / - / - / - / - 1 - 1 - 1;1: 3
2020;1;27;1;5;1;0;NATO;?;10h07;Cergy le Haut;uic_87382655;?;?;normal;9;0;0;0;0;0 - 0 - 0 - 0 - 0 - 0 - 0 - 0 - 0;0: 9
2020;1;27;1;5;1;0;NATO;?;10h13;Cergy le Haut;uic_87382655;?;?;normal;9;0;360;293;300;5 - 5 - 6 - 5 - 5 - 5 - 5 - 5 - 3;3: 1 - 5: 7 - 6: 1
2020;1;27;1;5;1;0;NATO;?;10h23;Cergy le Haut;uic_87382655;?;?;normal;9;0;420;306;240;4 - 3 - 4 - 4 - 4 - 6 - 7 - 7 - 7;3: 1 - 4: 4 - 6: 1 - 7: 3
2020;1;27;1;5;1;0;NATO;?;10h33;Cergy le Haut;uic_87382655;?;?;normal;9;0;180;93;60;0 - 0 - 1 - 1 - 2 - 3 - 3 - 3 - 1;0: 2 - 1: 3 - 2: 1 - 3: 3
2020;1;27;1;5;1;0;NATO;?;10h43;Cergy le Haut;uic_87382655;?;?;normal;9;0;120;53;0;0 - 0 - 0 - 0 - 0 - 2 - 2 - 2 - 2;0: 5 - 2: 4
2020;1;27;1;5;1;0;NATO;?;10h53;Cergy le Haut;uic_87382655;?;?;normal;9;0;60;46;60;1 - 1 - 1 - 1 - 1 - 1 - 1 - 0 - 0;0: 2 - 1: 7
2020;1;27;1;5;1;0;NATO;?;11h03;Cergy le Haut;uic_87382655;?;?;normal;9;0;420;393;420;7 - 7 - 7 - 7 - 6 - 7 - 6 - 6 - 6;6: 4 - 7: 5
2020;1;27;1;5;1;0;NATO;?;11h13;Cergy le Haut;uic_87382655;?;?;normal;9;0;180;106;60;1 - 1 - 2 - 1 - 1 - 3 - 3 - 3 - 1;1: 5 - 2: 1 - 3: 3
2020;1;27;1;5;1;0;NATO;?;11h23;Cergy le Haut;uic_87382655;?;?;normal;9;0;120;93;120;2 - 2 - 2 - 2 - 1 - 2 - 1 - 1 - 1;1: 4 - 2: 5
2020;1;27;1;5;1;0;NATO;?;11h33;Cergy le Haut;uic_87382655;?;?;normal;9;0;660;533;600;2 - 7 - 11 - 11 - 11 - 11 - 10 - 10 - 7;2: 1 - 7: 2 - 10: 2 - 11: 4
2020;1;27;1;5;1;0;NATO;?;11h43;Cergy le Haut;uic_87382655;?;?;normal;9;0;960;700;600;3 - 9 - 10 - 10 - 10 - 16 - 15 - 16 - 16;3: 1 - 9: 1 - 10: 3 - 15: 1 - 16: 3
2020;1;27;1;5;1;0;NATO;?;11h53;Cergy le Haut;uic_87382655;?;?;normal;9;0;540;353;420;2 - 2 - 3 - 4 - 8 - 9 - 9 - 9 - 7;2: 2 - 3: 1 - 4: 1 - 7: 1 - 8: 1 - 9: 3
2020;1;27;1;5;1;0;NATO;?;12h03;Cergy le Haut;uic_87382655;?;?;normal;9;0;180;99;120;0 - 0 - 0 - 2 - 2 - 3 - 3 - 2 - 3;0: 3 - 2: 3 - 3: 3
2020;1;27;1;5;1;0;NATO;?;12h13;Cergy le Haut;uic_87382655;?;?;normal;9;0;0;0;0;0 - 0 - 0 - 0 - 0 - 0 - 0 - 0 - 0;0: 9
2020;1;27;1;5;1;0;NATO;?;12h23;Cergy le Haut;uic_87382655;?;?;normal;9;0;0;0;0;0 - 0 - 0 - 0 - 0 - 0 - 0 - 0 - 0;0: 9
2020;1;27;1;5;1;0;NATO;?;12h33;Cergy le Haut;uic_87382655;?;?;normal;9;0;0;0;0;0 - 0 - 0 - 0 - 0 - 0 - 0 - 0 - 0;0: 9
2020;1;27;1;5;1;0;NATO;?;12h43;Cergy le Haut;uic_87382655;?;?;normal;9;0;60;46;60;0 - 0 - 1 - 1 - 1 - 1 - 1 - 1 - 1;0: 2 - 1: 7
2020;1;27;1;5;1;0;NATO;?;12h53;Cergy le Haut;uic_87382655;?;?;normal;9;0;0;0;0;0 - 0 - 0 - 0 - 0 - 0 - 0 - 0 - 0;0: 9
2020;1;27;1;5;1;0;NATO;?;13h03;Cergy le Haut;uic_87382655;?;?;normal;9;0;0;0;0;0 - 0 - 0 - 0 - 0 - 0 - 0 - 0 - 0;0: 9
2020;1;27;1;5;1;0;NATO;?;13h13;Cergy le Haut;uic_87382655;?;?;normal;9;0;0;0;0;0 - 0 - 0 - 0 - 0 - 0 - 0 - 0 - 0;0: 9
2020;1;27;1;5;1;0;NATO;?;13h23;Cergy le Haut;uic_87382655;?;?;normal;9;0;120;99;120;2 - 2 - 2 - 2 - 2 - 2 - 1 - 1 - 1;1: 3 - 2: 6
2020;1;27;1;5;1;0;NATO;?;13h33;Cergy le Haut;uic_87382655;?;?;normal;9;0;120;40;0;0 - 0 - 0 - 0 - 1 - 2 - 1 - 2 - 0;0: 5 - 1: 2 - 2: 2
2020;1;27;1;5;1;0;NATO;?;13h43;Cergy le Haut;uic_87382655;?;?;normal;9;0;60;33;60;0 - 0 - 1 - 0 - 0 - 1 - 1 - 1 - 1;0: 4 - 1: 5
2020;1;27;1;5;1;0;NATO;?;13h53;Cergy le Haut;uic_87382655;?;?;normal;9;0;0;0;0;0 - 0 - 0 - 0 - 0 - 0 - 0 - 0 - 0;0: 9
2020;1;27;1;5;1;0;NATO;?;14h03;Cergy le Haut;uic_87382655;?;?;normal;9;0;0;0;0;0 - 0 - 0 - 0 - 0 - 0 - 0 - 0 - 0;0: 9
2020;1;27;1;5;1;0;NOTE;?;05h40;Poissy;uic_87386573;?;?;normal;5;0;180;132;120;3 - 2 - 2 - 2 - 2;2: 4 - 3: 1
2020;1;27;1;5;1;0;NOTE;?;06h00;Poissy;uic_87386573;?;?;normal;5;0;0;0;0;0 - 0 - 0 - 0 - 0;0: 5
2020;1;27;1;5;1;0;NOTE;?;06h15;Poissy;uic_87386573;?;?;normal;5;0;60;12;0;0 - 0 - 0 - 0 - 1;0: 4 - 1: 1
2020;1;27;1;5;1;0;NOTE;?;06h30;Poissy;uic_87386573;?;?;normal;5;0;0;0;0;0 - 0 - 0 - 0 - 0;0: 5
2020;1;27;1;5;1;0;NOTE;?;06h45;Poissy;uic_87386573;?;?;normal;5;0;0;0;0;0 - 0 - 0 - 0 - 0;0: 5
2020;1;27;1;5;1;0;NOTE;?;06h59;Poissy;uic_87386573;?;?;normal;5;0;60;36;60;1 - 1 - 0 - 1 - 0;0: 2 - 1: 3
2020;1;27;1;5;1;0;NOTE;?;07h13;Poissy;uic_87386573;?;?;normal;5;0;240;155;180;1 - 4 - 3 - 2 - 3;1: 1 - 2: 1 - 3: 2 - 4: 1
2020;1;27;1;5;1;0;NOTE;?;07h25;Poissy;uic_87386573;?;?;normal;5;0;120;60;60;0 - 1 - 1 - 2 - 1;0: 1 - 1: 3 - 2: 1
2020;1;27;1;5;1;0;NOTE;?;07h37;Poissy;uic_87386573;?;?;normal;5;0;180;120;120;1 - 2 - 2 - 2 - 3;1: 1 - 2: 3 - 3: 1
2020;1;27;1;5;1;0;NOTE;?;07h47;Poissy;uic_87386573;?;?;normal;5;0;180;132;180;0 - 3 - 3 - 2 - 3;0: 1 - 2: 1 - 3: 3
2020;1;27;1;5;1;0;NOTE;?;07h59;Poissy;uic_87386573;?;?;normal;5;0;120;96;120;1 - 2 - 2 - 2 - 1;1: 2 - 2: 3
2020;1;27;1;5;1;0;NOTE;?;08h11;Poissy;uic_87386573;?;?;normal;5;0;300;107;0;0 - 0 - 0 - 4 - 5;0: 3 - 4: 1 - 5: 1
2020;1;27;1;5;1;0;NOTE;?;08h22;Poissy;uic_87386573;?;?;normal;5;0;120;60;60;1 - 0 - 0 - 2 - 2;0: 2 - 1: 1 - 2: 2
2020;1;27;1;5;1;0;NOTE;?;08h34;Poissy;uic_87386573;?;?;normal;5;0;240;192;240;0 - 4 - 4 - 4 - 4;0: 1 - 4: 4
2020;1;27;1;5;1;0;NOTE;?;08h46;Poissy;uic_87386573;?;?;normal;5;0;180;132;180;0 - 3 - 2 - 3 - 3;0: 1 - 2: 1 - 3: 3
2020;1;27;1;5;1;0;NOTE;?;08h57;Poissy;uic_87386573;?;?;normal;5;0;180;107;120;0 - 3 - 2 - 2 - 2;0: 1 - 2: 3 - 3: 1
2020;1;27;1;5;1;0;NOTE;?;09h09;Poissy;uic_87386573;?;?;normal;5;0;60;48;60;0 - 1 - 1 - 1 - 1;0: 1 - 1: 4
2020;1;27;1;5;1;0;NOTE;?;16h42;Poissy;uic_87386573;?;?;annule;5;5;0;0;0;;
2020;1;27;1;5;1;0;NOTE;?;16h54;Poissy;uic_87386573;?;?;normal;5;0;180;144;120;2 - 3 - 2 - 2 - 3;2: 3 - 3: 2
2020;1;27;1;5;1;0;NOTE;?;17h05;Poissy;uic_87386573;?;?;annule;5;5;0;0;0;;
2020;1;27;1;5;1;0;NOTE;?;17h19;Poissy;uic_87386573;?;?;normal;5;0;60;24;0;0 - 1 - 1 - 0 - 0;0: 3 - 1: 2
2020;1;27;1;5;1;0;NOTE;?;17h32;Poissy;uic_87386573;?;?;normal;5;0;180;83;60;1 - 3 - 1 - 1 - 1;1: 4 - 3: 1
2020;1;27;1;5;1;0;NOTE;?;17h44;Poissy;uic_87386573;?;?;normal;5;0;60;24;0;0 - 1 - 0 - 0 - 1;0: 3 - 1: 2
2020;1;27;1;5;1;0;NOTE;?;17h57;Poissy;uic_87386573;?;?;normal;5;0;1140;696;660;0 - 10 - 11 - 18 - 19;0: 1 - 10: 1 - 11: 1 - 18: 1 - 19: 1
2020;1;27;1;5;1;0;NOTE;?;18h09;Poissy;uic_87386573;?;?;annule;5;5;0;0;0;;
2020;1;27;1;5;1;0;NOTE;?;18h22;Poissy;uic_87386573;?;?;annule;5;5;0;0;0;;
2020;1;27;1;5;1;0;NOTE;?;18h34;Poissy;uic_87386573;?;?;annule;5;5;0;0;0;;
2020;1;27;1;5;1;0;NOTE;?;18h47;Poissy;uic_87386573;?;?;annule;5;5;0;0;0;;
2020;1;27;1;5;1;0;NOTE;?;18h59;Poissy;uic_87386573;?;?;normal;5;0;240;180;180;2 - 3 - 3 - 3 - 4;2: 1 - 3: 3 - 4: 1
2020;1;27;1;5;1;0;NOTE;?;19h12;Poissy;uic_87386573;?;?;normal;5;0;420;311;360;3 - 4 - 6 - 6 - 7;3: 1 - 4: 1 - 6: 2 - 7: 1
2020;1;27;1;5;1;0;NOTE;?;19h24;Poissy;uic_87386573;?;?;annule;5;5;0;0;0;;
2020;1;27;1;5;1;0;NOTE;?;19h39;Poissy;uic_87386573;?;?;normal;5;0;120;60;60;1 - 2 - 1 - 1 - 0;0: 1 - 1: 3 - 2: 1
2020;1;27;1;5;1;0;NOTE;?;20h04;Poissy;uic_87386573;?;?;normal;5;0;600;563;540;10 - 10 - 9 - 9 - 9;9: 3 - 10: 2
2020;1;27;1;5;1;0;NOTE;?;20h34;Poissy;uic_87386573;?;?;normal;5;0;120;72;60;2 - 2 - 1 - 1 - 0;0: 1 - 1: 2 - 2: 2
2020;1;27;1;5;1;0;NOTE;?;21h03;Poissy;uic_87386573;?;?;normal;5;0;480;395;420;4 - 8 - 7 - 7 - 7;4: 1 - 7: 3 - 8: 1
2020;1;27;1;5;1;0;NOTE;?;21h35;Poissy;uic_87386573;?;?;normal;5;0;240;167;180;1 - 2 - 4 - 4 - 3;1: 1 - 2: 1 - 3: 1 - 4: 2
2020;1;27;1;5;1;0;NOTE;?;22h03;Poissy;uic_87386573;?;?;normal;5;0;120;107;120;1 - 2 - 2 - 2 - 2;1: 1 - 2: 4
2020;1;27;1;5;1;0;NOTE;?;22h33;Poissy;uic_87386573;?;?;normal;5;0;60;12;0;0 - 1 - 0 - 0 - 0;0: 4 - 1: 1
2020;1;27;1;5;1;0;NOTE;?;23h03;Poissy;uic_87386573;?;?;normal;5;0;600;516;540;6 - 9 - 9 - 9 - 10;6: 1 - 9: 3 - 10: 1
2020;1;27;1;5;1;0;NOTE;?;23h33;Poissy;uic_87386573;?;?;normal;5;0;300;300;300;5 - 5 - 5 - 5 - 5;5: 5
2020;1;27;1;5;1;0;OKLA;?;09h20;Poissy;uic_87386573;?;?;annule;5;5;0;0;0;;
2020;1;27;1;5;1;0;OKLA;?;09h40;Poissy;uic_87386573;?;?;normal;5;0;0;0;0;0 - 0 - 0 - 0 - 0;0: 5
2020;1;27;1;5;1;0;OKLA;?;09h55;Poissy;uic_87386573;?;?;normal;5;0;300;251;240;5 - 5 - 4 - 4 - 3;3: 1 - 4: 2 - 5: 2
2020;1;27;1;5;1;0;OKLA;?;10h16;Poissy;uic_87386573;?;?;annule_partiellement;5;2;660;660;660;/ - / - 11 - 11 - 11;11: 3
2020;1;27;1;5;1;0;OKLA;?;10h40;Poissy;uic_87386573;?;?;normal;5;0;360;192;120;1 - 1 - 2 - 6 - 6;1: 2 - 2: 1 - 6: 2
2020;1;27;1;5;1;0;OKLA;?;11h00;Poissy;uic_87386573;?;?;normal;5;0;900;876;900;13 - 15 - 15 - 15 - 15;13: 1 - 15: 4
2020;1;27;1;5;1;0;OKLA;?;11h20;Poissy;uic_87386573;?;?;normal;5;0;360;324;360;3 - 6 - 6 - 6 - 6;3: 1 - 6: 4
2020;1;27;1;5;1;0;OKLA;?;11h40;Poissy;uic_87386573;?;?;normal;5;0;60;60;60;1 - 1 - 1 - 1 - 1;1: 5
2020;1;27;1;5;1;0;OKLA;?;12h00;Poissy;uic_87386573;?;?;normal;5;0;0;0;0;0 - 0 - 0 - 0 - 0;0: 5
2020;1;27;1;5;1;0;OKLA;?;12h20;Poissy;uic_87386573;?;?;annule_partiellement;5;2;120;120;120;/ - / - 2 - 2 - 2;2: 3
2020;1;27;1;5;1;0;OKLA;?;12h40;Poissy;uic_87386573;?;?;normal;5;0;0;0;0;0 - 0 - 0 - 0 - 0;0: 5
2020;1;27;1;5;1;0;OKLA;?;13h00;Poissy;uic_87386573;?;?;normal;5;0;0;0;0;0 - 0 - 0 - 0 - 0;0: 5
2020;1;27;1;5;1;0;OKLA;?;13h20;Poissy;uic_87386573;?;?;normal;5;0;0;0;0;0 - 0 - 0 - 0 - 0;0: 5
2020;1;27;1;5;1;0;OKLA;?;13h40;Poissy;uic_87386573;?;?;normal;5;0;60;36;60;1 - 1 - 0 - 0 - 1;0: 2 - 1: 3
2020;1;27;1;5;1;0;OKLA;?;14h00;Poissy;uic_87386573;?;?;normal;5;0;0;0;0;0 - 0 - 0 - 0 - 0;0: 5
2020;1;27;1;5;1;0;OKLA;?;14h20;Poissy;uic_87386573;?;?;normal;5;0;60;24;0;1 - 1 - 0 - 0 - 0;0: 3 - 1: 2
2020;1;27;1;5;1;0;OKRE;?;14h40;Poissy;uic_87386573;?;?;normal;5;0;60;24;0;0 - 1 - 0 - 0 - 1;0: 3 - 1: 2
2020;1;27;1;5;1;0;OKRE;?;15h00;Poissy;uic_87386573;?;?;normal;5;0;60;24;0;1 - 1 - 0 - 0 - 0;0: 3 - 1: 2
2020;1;27;1;5;1;0;OKRE;?;15h20;Poissy;uic_87386573;?;?;annule;5;5;0;0;0;;
2020;1;27;1;5;1;0;OKRE;?;15h40;Poissy;uic_87386573;?;?;normal;5;0;240;180;180;1 - 4 - 3 - 3 - 4;1: 1 - 3: 2 - 4: 2
2020;1;27;1;5;1;0;OKRE;?;16h00;Poissy;uic_87386573;?;?;annule;5;5;0;0;0;;
2020;1;27;1;5;1;0;OKRE;?;16h20;Poissy;uic_87386573;?;?;annule;5;5;0;0;0;;
2020;1;27;1;5;1;0;OPEN;?;04h42;Cergy le Haut;uic_87382655;?;?;normal;9;0;180;113;120;1 - 1 - 2 - 1 - 1 - 3 - 2 - 3 - 3;1: 4 - 2: 2 - 3: 3
2020;1;27;1;5;1;0;OPUS;?;00h28;Sartrouville;uic_87386417;?;?;normal;2;0;0;0;0;0 - 0;0: 2
2020;1;27;1;5;1;0;OPUS;?;23h58;Sartrouville;uic_87386417;?;?;normal;2;0;60;30;30;0 - 1;0: 1 - 1: 1
2020;1;27;1;5;1;0;QURI;?;00h05;Poissy;uic_87386573;?;?;normal;5;0;60;12;0;0 - 1 - 0 - 0 - 0;0: 4 - 1: 1
2020;1;27;1;5;1;0;QURI;?;05h10;Poissy;uic_87386573;?;?;normal;5;0;180;180;180;3 - 3 - 3 - 3 - 3;3: 5
2020;1;27;1;5;1;0;TAPI;?;00h31;Houilles - Carrières-sur-Seine;uic_87386409;?;?;normal;4;0;180;135;150;1 - 2 - 3 - 3;1: 1 - 2: 1 - 3: 2
2020;1;27;1;5;1;0;TAXE;?;00h03;Houilles - Carrières-sur-Seine;uic_87386409;?;?;normal;4;0;60;15;0;0 - 1 - 0 - 0;0: 3 - 1: 1
2020;1;27;1;5;1;0;TAXE;?;06h35;Houilles - Carrières-sur-Seine;uic_87386409;?;?;normal;4;0;0;0;0;0 - 0 - 0 - 0;0: 4
2020;1;27;1;5;1;0;TAXE;?;07h06;Houilles - Carrières-sur-Seine;uic_87386409;?;?;normal;4;0;120;60;1;1 - 2 - 1 - 0;0: 1 - 1: 2 - 2: 1
2020;1;27;1;5;1;0;TAXE;?;07h21;Houilles - Carrières-sur-Seine;uic_87386409;?;?;normal;4;0;60;45;1;1 - 1 - 1 - 0;0: 1 - 1: 3
2020;1;27;1;5;1;0;TAXE;?;07h37;Houilles - Carrières-sur-Seine;uic_87386409;?;?;normal;4;0;60;15;0;0 - 0 - 1 - 0;0: 3 - 1: 1
2020;1;27;1;5;1;0;TAXE;?;07h50;Houilles - Carrières-sur-Seine;uic_87386409;?;?;normal;4;0;120;75;90;1 - 2 - 2 - 0;0: 1 - 1: 1 - 2: 2
2020;1;27;1;5;1;0;TAXE;?;08h01;Houilles - Carrières-sur-Seine;uic_87386409;?;?;normal;4;0;360;300;330;5 - 6 - 6 - 3;3: 1 - 5: 1 - 6: 2
2020;1;27;1;5;1;0;TAXE;?;08h13;Houilles - Carrières-sur-Seine;uic_87386409;?;?;normal;4;0;300;270;5;5 - 5 - 5 - 3;3: 1 - 5: 3
2020;1;27;1;5;1;0;TAXE;?;08h25;Houilles - Carrières-sur-Seine;uic_87386409;?;?;normal;4;0;600;540;9;9 - 10 - 9 - 8;8: 1 - 9: 2 - 10: 1
2020;1;27;1;5;1;0;TAXE;?;08h36;Houilles - Carrières-sur-Seine;uic_87386409;?;?;normal;4;0;600;570;10;10 - 10 - 10 - 8;8: 1 - 10: 3
2020;1;27;1;5;1;0;TAXE;?;08h48;Houilles - Carrières-sur-Seine;uic_87386409;?;?;normal;4;0;1260;1200;20;19 - 21 - 21 - 19;19: 2 - 21: 2
2020;1;27;1;5;1;0;TAXE;?;09h00;Houilles - Carrières-sur-Seine;uic_87386409;?;?;normal;4;0;1380;1305;1290;21 - 22 - 23 - 21;21: 2 - 22: 1 - 23: 1
2020;1;27;1;5;1;0;TAXE;?;09h11;Houilles - Carrières-sur-Seine;uic_87386409;?;?;normal;4;0;1680;1635;27;27 - 28 - 27 - 27;27: 3 - 28: 1
2020;1;27;1;5;1;0;TAXE;?;09h23;Houilles - Carrières-sur-Seine;uic_87386409;?;?;annule_partiellement;4;3;1620;1620;1620;27 - / - / - /;27: 1
2020;1;27;1;5;1;0;TAXE;?;09h35;Houilles - Carrières-sur-Seine;uic_87386409;?;?;normal;4;0;1620;1545;26;26 - 27 - 26 - 24;24: 1 - 26: 2 - 27: 1
2020;1;27;1;5;1;0;TAXE;?;09h46;Houilles - Carrières-sur-Seine;uic_87386409;?;?;normal;4;0;1500;1455;1470;24 - 25 - 25 - 23;23: 1 - 24: 1 - 25: 2
2020;1;27;1;5;1;0;TAXE;?;09h58;Houilles - Carrières-sur-Seine;uic_87386409;?;?;annule_partiellement;4;3;1320;1320;1320;22 - / - / - /;22: 1
2020;1;27;1;5;1;0;TAXE;?;17h14;Houilles - Carrières-sur-Seine;uic_87386409;?;?;normal;4;0;240;210;210;3 - 4 - 4 - 3;3: 2 - 4: 2
2020;1;27;1;5;1;0;TAXE;?;17h26;Houilles - Carrières-sur-Seine;uic_87386409;?;?;normal;4;0;180;120;2;2 - 3 - 2 - 1;1: 1 - 2: 2 - 3: 1
2020;1;27;1;5;1;0;TAXE;?;17h39;Houilles - Carrières-sur-Seine;uic_87386409;?;?;normal;4;0;120;60;1;1 - 2 - 1 - 0;0: 1 - 1: 2 - 2: 1
2020;1;27;1;5;1;0;TAXE;?;17h51;Houilles - Carrières-sur-Seine;uic_87386409;?;?;normal;4;0;3480;3420;57;56 - 57 - 57 - 58;56: 1 - 57: 2 - 58: 1
2020;1;27;1;5;1;0;TAXE;?;18h04;Houilles - Carrières-sur-Seine;uic_87386409;?;?;annule;4;4;0;0;0;;
2020;1;27;1;5;1;0;TAXE;?;18h16;Houilles - Carrières-sur-Seine;uic_87386409;?;?;annule;4;4;0;0;0;;
2020;1;27;1;5;1;0;TAXE;?;18h29;Houilles - Carrières-sur-Seine;uic_87386409;?;?;annule;4;4;0;0;0;;
2020;1;27;1;5;1;0;TAXE;?;18h41;Houilles - Carrières-sur-Seine;uic_87386409;?;?;annule;4;4;0;0;0;;
2020;1;27;1;5;1;0;TAXE;?;18h54;Houilles - Carrières-sur-Seine;uic_87386409;?;?;annule;4;4;0;0;0;;
2020;1;27;1;5;1;0;TAXE;?;19h06;Houilles - Carrières-sur-Seine;uic_87386409;?;?;normal;4;0;480;405;390;6 - 7 - 8 - 6;6: 2 - 7: 1 - 8: 1
2020;1;27;1;5;1;0;TAXE;?;19h19;Houilles - Carrières-sur-Seine;uic_87386409;?;?;normal;4;0;960;855;870;12 - 15 - 16 - 14;12: 1 - 14: 1 - 15: 1 - 16: 1
2020;1;27;1;5;1;0;TAXE;?;19h31;Houilles - Carrières-sur-Seine;uic_87386409;?;?;normal;4;0;780;690;750;8 - 13 - 13 - 12;8: 1 - 12: 1 - 13: 2
2020;1;27;1;5;1;0;TAXE;?;19h44;Houilles - Carrières-sur-Seine;uic_87386409;?;?;annule;4;4;0;0;0;;
2020;1;27;1;5;1;0;TAXE;?;19h56;Houilles - Carrières-sur-Seine;uic_87386409;?;?;normal;4;0;480;450;450;7 - 8 - 8 - 7;7: 2 - 8: 2
2020;1;27;1;5;1;0;TAXE;?;20h17;Houilles - Carrières-sur-Seine;uic_87386409;?;?;normal;4;0;240;195;210;3 - 4 - 4 - 2;2: 1 - 3: 1 - 4: 2
2020;1;27;1;5;1;0;TAXE;?;20h38;Houilles - Carrières-sur-Seine;uic_87386409;?;?;normal;4;0;300;270;270;4 - 5 - 5 - 4;4: 2 - 5: 2
2020;1;27;1;5;1;0;TAXE;?;20h58;Houilles - Carrières-sur-Seine;uic_87386409;?;?;normal;4;0;180;120;2;1 - 2 - 3 - 2;1: 1 - 2: 2 - 3: 1
2020;1;27;1;5;1;0;TAXE;?;21h19;Houilles - Carrières-sur-Seine;uic_87386409;?;?;normal;4;0;600;555;570;9 - 10 - 10 - 8;8: 1 - 9: 1 - 10: 2
2020;1;27;1;5;1;0;TAXE;?;21h38;Houilles - Carrières-sur-Seine;uic_87386409;?;?;normal;4;0;240;195;210;4 - 4 - 3 - 2;2: 1 - 3: 1 - 4: 2
2020;1;27;1;5;1;0;TAXE;?;22h03;Houilles - Carrières-sur-Seine;uic_87386409;?;?;normal;4;0;240;180;3;3 - 4 - 3 - 2;2: 1 - 3: 2 - 4: 1
2020;1;27;1;5;1;0;TAXE;?;22h33;Houilles - Carrières-sur-Seine;uic_87386409;?;?;normal;4;0;840;750;810;9 - 14 - 14 - 13;9: 1 - 13: 1 - 14: 2
2020;1;27;1;5;1;0;TAXE;?;23h03;Houilles - Carrières-sur-Seine;uic_87386409;?;?;normal;4;0;240;165;150;2 - 2 - 3 - 4;2: 2 - 3: 1 - 4: 1
2020;1;27;1;5;1;0;TAXE;?;23h33;Houilles - Carrières-sur-Seine;uic_87386409;?;?;normal;4;0;300;255;4;4 - 5 - 4 - 4;4: 3 - 5: 1
2020;1;27;1;5;1;0;TEDI;?;00h58;Houilles - Carrières-sur-Seine;uic_87386409;?;?;normal;4;0;180;180;3;3 - 3 - 3 - 3;3: 4
2020;1;27;1;5;1;0;TEDI;?;06h11;Houilles - Carrières-sur-Seine;uic_87386409;?;?;normal;4;0;0;0;0;0 - 0 - 0 - 0;0: 4
2020;1;27;1;5;1;0;TRAM;?;15h53;Houilles - Carrières-sur-Seine;uic_87386409;?;?;annule;4;4;0;0;0;;
2020;1;27;1;5;1;0;TRAM;?;16h13;Houilles - Carrières-sur-Seine;uic_87386409;?;?;normal;4;0;240;210;210;3 - 4 - 4 - 3;3: 2 - 4: 2
2020;1;27;1;5;1;0;TRAM;?;16h33;Houilles - Carrières-sur-Seine;uic_87386409;?;?;annule;4;4;0;0;0;;
2020;1;27;1;5;1;0;TRAM;?;16h54;Houilles - Carrières-sur-Seine;uic_87386409;?;?;normal;4;0;300;165;3;3 - 5 - 3 - 0;0: 1 - 3: 2 - 5: 1
2020;1;27;1;5;1;0;TROC;?;06h52;Houilles - Carrières-sur-Seine;uic_87386409;?;?;normal;4;0;240;195;210;3 - 4 - 4 - 2;2: 1 - 3: 1 - 4: 2
2020;1;27;1;5;1;0;TROC;?;10h13;Houilles - Carrières-sur-Seine;uic_87386409;?;?;normal;4;0;2280;2175;2190;34 - 38 - 37 - 36;34: 1 - 36: 1 - 37: 1 - 38: 1
2020;1;27;1;5;1;0;TROC;?;10h33;Houilles - Carrières-sur-Seine;uic_87386409;?;?;normal;4;0;1740;1680;29;25 - 29 - 29 - 29;25: 1 - 29: 3
2020;1;27;1;5;1;0;TROC;?;10h53;Houilles - Carrières-sur-Seine;uic_87386409;?;?;normal;4;0;1260;1200;20;19 - 21 - 20 - 20;19: 1 - 20: 2 - 21: 1
2020;1;27;1;5;1;0;TROC;?;11h13;Houilles - Carrières-sur-Seine;uic_87386409;?;?;normal;4;0;1680;1620;27;27 - 28 - 27 - 26;26: 1 - 27: 2 - 28: 1
2020;1;27;1;5;1;0;TROC;?;11h33;Houilles - Carrières-sur-Seine;uic_87386409;?;?;annule;4;4;0;0;0;;
2020;1;27;1;5;1;0;TROC;?;11h53;Houilles - Carrières-sur-Seine;uic_87386409;?;?;normal;4;0;840;780;13;13 - 14 - 13 - 12;12: 1 - 13: 2 - 14: 1
2020;1;27;1;5;1;0;TROC;?;12h13;Houilles - Carrières-sur-Seine;uic_87386409;?;?;normal;4;0;240;225;4;4 - 4 - 4 - 3;3: 1 - 4: 3
2020;1;27;1;5;1;0;TROC;?;12h33;Houilles - Carrières-sur-Seine;uic_87386409;?;?;normal;4;0;1020;915;15;14 - 15 - 15 - 17;14: 1 - 15: 2 - 17: 1
2020;1;27;1;5;1;0;TROC;?;12h53;Houilles - Carrières-sur-Seine;uic_87386409;?;?;normal;4;0;240;240;4;4 - 4 - 4 - 4;4: 4
2020;1;27;1;5;1;0;TROC;?;13h13;Houilles - Carrières-sur-Seine;uic_87386409;?;?;normal;4;0;240;195;210;3 - 4 - 4 - 2;2: 1 - 3: 1 - 4: 2
2020;1;27;1;5;1;0;TROC;?;13h33;Houilles - Carrières-sur-Seine;uic_87386409;?;?;normal;4;0;0;0;0;0 - 0 - 0 - 0;0: 4
2020;1;27;1;5;1;0;TROC;?;13h53;Houilles - Carrières-sur-Seine;uic_87386409;?;?;normal;4;0;60;45;1;1 - 1 - 1 - 0;0: 1 - 1: 3
2020;1;27;1;5;1;0;TROC;?;14h13;Houilles - Carrières-sur-Seine;uic_87386409;?;?;normal;4;0;0;0;0;0 - 0 - 0 - 0;0: 4
2020;1;27;1;5;1;0;TROC;?;14h33;Houilles - Carrières-sur-Seine;uic_87386409;?;?;normal;4;0;120;75;1;1 - 2 - 1 - 1;1: 3 - 2: 1
2020;1;27;1;5;1;0;TROC;?;14h53;Houilles - Carrières-sur-Seine;uic_87386409;?;?;normal;4;0;180;165;3;3 - 3 - 3 - 2;2: 1 - 3: 3
2020;1;27;1;5;1;0;TROC;?;15h13;Houilles - Carrières-sur-Seine;uic_87386409;?;?;annule;4;4;0;0;0;;
2020;1;27;1;5;1;0;TROC;?;15h33;Houilles - Carrières-sur-Seine;uic_87386409;?;?;normal;4;0;1500;1500;25;25 - 25 - 25 - 25;25: 4
2020;1;27;1;5;1;0;UBAL;?;05h56;Houilles - Carrières-sur-Seine;uic_87386409;?;?;normal;8;0;240;105;90;1 - 2 - 1 - 1 - 1 - 2 - 2 - 4;1: 4 - 2: 3 - 4: 1
2020;1;27;1;5;1;0;UZAR;?;06h23;Houilles - Carrières-sur-Seine;uic_87386409;?;?;normal;8;0;0;0;0;0 - 0 - 0 - 0 - 0 - 0 - 0 - 0;0: 8
2020;1;27;1;5;1;0;UZAR;?;06h40;Houilles - Carrières-sur-Seine;uic_87386409;?;?;normal;8;0;120;75;1;0 - 1 - 1 - 1 - 1 - 2 - 2 - 2;0: 1 - 1: 4 - 2: 3
2020;1;27;1;5;1;0;UZAR;?;06h56;Houilles - Carrières-sur-Seine;uic_87386409;?;?;normal;8;0;300;210;210;2 - 3 - 3 - 3 - 4 - 4 - 4 - 5;2: 1 - 3: 3 - 4: 3 - 5: 1
2020;1;27;1;5;1;0;UZAR;?;07h11;Houilles - Carrières-sur-Seine;uic_87386409;?;?;normal;8;0;360;135;1;1 - 1 - 1 - 1 - 1 - 2 - 5 - 6;1: 5 - 2: 1 - 5: 1 - 6: 1
2020;1;27;1;5;1;0;UZAR;?;07h25;Houilles - Carrières-sur-Seine;uic_87386409;?;?;normal;8;0;300;120;1;0 - 1 - 1 - 1 - 1 - 2 - 5 - 5;0: 1 - 1: 4 - 2: 1 - 5: 2
2020;1;27;1;5;1;0;UZAR;?;07h46;Houilles - Carrières-sur-Seine;uic_87386409;?;?;normal;8;0;240;165;3;2 - 3 - 1 - 2 - 3 - 3 - 4 - 4;1: 1 - 2: 2 - 3: 3 - 4: 2
2020;1;27;1;5;1;0;UZAR;?;07h57;Houilles - Carrières-sur-Seine;uic_87386409;?;?;normal;8;0;360;330;330;5 - 6 - 5 - 6 - 6 - 5 - 5 - 6;5: 4 - 6: 4
2020;1;27;1;5;1;0;UZAR;?;08h09;Houilles - Carrières-sur-Seine;uic_87386409;?;?;normal;8;0;360;330;330;5 - 5 - 5 - 5 - 6 - 6 - 6 - 6;5: 4 - 6: 4
2020;1;27;1;5;1;0;UZAR;?;08h21;Houilles - Carrières-sur-Seine;uic_87386409;?;?;normal;8;0;420;397;7;7 - 7 - 5 - 7 - 6 - 7 - 7 - 7;5: 1 - 6: 1 - 7: 6
2020;1;27;1;5;1;0;UZAR;?;08h32;Houilles - Carrières-sur-Seine;uic_87386409;?;?;normal;8;0;600;502;510;7 - 8 - 7 - 8 - 9 - 9 - 9 - 10;7: 2 - 8: 2 - 9: 3 - 10: 1
2020;1;27;1;5;1;0;UZAR;?;08h44;Houilles - Carrières-sur-Seine;uic_87386409;?;?;normal;8;0;780;720;12;11 - 12 - 11 - 12 - 12 - 13 - 13 - 12;11: 2 - 12: 4 - 13: 2
2020;1;27;1;5;1;0;UZAR;?;08h56;Houilles - Carrières-sur-Seine;uic_87386409;?;?;annule;8;8;0;0;0;;
2020;1;27;1;5;1;0;UZAR;?;09h07;Houilles - Carrières-sur-Seine;uic_87386409;?;?;normal;8;0;1380;1350;23;21 - 21 - 23 - 23 - 23 - 23 - 23 - 23;21: 2 - 23: 6
2020;1;27;1;5;1;0;UZAR;?;09h19;Houilles - Carrières-sur-Seine;uic_87386409;?;?;normal;8;0;1620;1537;1530;25 - 25 - 25 - 25 - 26 - 26 - 26 - 27;25: 4 - 26: 3 - 27: 1
2020;1;27;1;5;1;0;UZAR;?;09h31;Houilles - Carrières-sur-Seine;uic_87386409;?;?;normal;8;0;1680;1612;27;26 - 27 - 26 - 27 - 27 - 27 - 27 - 28;26: 2 - 27: 5 - 28: 1
2020;1;27;1;5;1;0;UZAR;?;09h42;Houilles - Carrières-sur-Seine;uic_87386409;?;?;normal;8;0;1680;1605;27;25 - 26 - 27 - 27 - 27 - 27 - 27 - 28;25: 1 - 26: 1 - 27: 5 - 28: 1
2020;1;27;1;5;1;0;UZAR;?;09h54;Houilles - Carrières-sur-Seine;uic_87386409;?;?;normal;8;0;1440;1327;22;21 - 22 - 22 - 22 - 22 - 22 - 22 - 24;21: 1 - 22: 6 - 24: 1
2020;1;27;1;5;1;0;UZAR;?;10h07;Houilles - Carrières-sur-Seine;uic_87386409;?;?;normal;8;0;1680;1605;27;25 - 27 - 26 - 27 - 27 - 27 - 28 - 27;25: 1 - 26: 1 - 27: 5 - 28: 1
2020;1;27;1;5;1;0;UZAR;?;10h18;Houilles - Carrières-sur-Seine;uic_87386409;?;?;normal;8;0;1320;1282;1290;20 - 21 - 21 - 22 - 22 - 21 - 22 - 22;20: 1 - 21: 3 - 22: 4
2020;1;27;1;5;1;0;UZAR;?;10h27;Houilles - Carrières-sur-Seine;uic_87386409;?;?;normal;8;0;1200;1035;1050;15 - 15 - 17 - 18 - 18 - 17 - 18 - 20;15: 2 - 17: 2 - 18: 3 - 20: 1
2020;1;27;1;5;1;0;UZAR;?;10h38;Houilles - Carrières-sur-Seine;uic_87386409;?;?;normal;8;0;1200;1095;19;14 - 18 - 18 - 19 - 20 - 19 - 19 - 19;14: 1 - 18: 2 - 19: 4 - 20: 1
2020;1;27;1;5;1;0;UZAR;?;10h47;Houilles - Carrières-sur-Seine;uic_87386409;?;?;normal;8;0;900;750;13;8 - 12 - 11 - 13 - 14 - 13 - 14 - 15;8: 1 - 11: 1 - 12: 1 - 13: 2 - 14: 2 - 15: 1
2020;1;27;1;5;1;0;UZAR;?;10h58;Houilles - Carrières-sur-Seine;uic_87386409;?;?;normal;8;0;600;427;7;5 - 7 - 5 - 7 - 7 - 7 - 9 - 10;5: 2 - 7: 4 - 9: 1 - 10: 1
2020;1;27;1;5;1;0;UZAR;?;11h07;Houilles - Carrières-sur-Seine;uic_87386409;?;?;normal;8;0;600;390;7;2 - 3 - 5 - 7 - 8 - 7 - 10 - 10;2: 1 - 3: 1 - 5: 1 - 7: 2 - 8: 1 - 10: 2
2020;1;27;1;5;1;0;UZAR;?;11h18;Houilles - Carrières-sur-Seine;uic_87386409;?;?;normal;8;0;300;172;3;3 - 3 - 1 - 2 - 3 - 2 - 4 - 5;1: 1 - 2: 2 - 3: 3 - 4: 1 - 5: 1
2020;1;27;1;5;1;0;UZAR;?;11h27;Houilles - Carrières-sur-Seine;uic_87386409;?;?;normal;8;0;240;180;3;4 - 3 - 2 - 3 - 3 - 3 - 3 - 3;2: 1 - 3: 6 - 4: 1
2020;1;27;1;5;1;0;UZAR;?;11h38;Houilles - Carrières-sur-Seine;uic_87386409;?;?;normal;8;0;480;442;450;8 - 8 - 6 - 7 - 8 - 7 - 8 - 7;6: 1 - 7: 3 - 8: 4
2020;1;27;1;5;1;0;UZAR;?;11h47;Houilles - Carrières-sur-Seine;uic_87386409;?;?;normal;8;0;480;397;7;6 - 6 - 5 - 7 - 7 - 7 - 8 - 7;5: 1 - 6: 2 - 7: 4 - 8: 1
2020;1;27;1;5;1;0;UZAR;?;11h58;Houilles - Carrières-sur-Seine;uic_87386409;?;?;normal;8;0;180;120;2;2 - 3 - 1 - 2 - 2 - 1 - 2 - 3;1: 2 - 2: 4 - 3: 2
2020;1;27;1;5;1;0;UZAR;?;12h07;Houilles - Carrières-sur-Seine;uic_87386409;?;?;normal;8;0;240;180;3;3 - 3 - 2 - 3 - 4 - 3 - 3 - 3;2: 1 - 3: 6 - 4: 1
2020;1;27;1;5;1;0;UZAR;?;12h18;Houilles - Carrières-sur-Seine;uic_87386409;?;?;normal;8;0;240;195;3;3 - 4 - 2 - 3 - 4 - 3 - 4 - 3;2: 1 - 3: 4 - 4: 3
2020;1;27;1;5;1;0;UZAR;?;12h27;Houilles - Carrières-sur-Seine;uic_87386409;?;?;normal;8;0;120;75;1;2 - 1 - 0 - 1 - 2 - 1 - 2 - 1;0: 1 - 1: 4 - 2: 3
2020;1;27;1;5;1;0;UZAR;?;12h38;Houilles - Carrières-sur-Seine;uic_87386409;?;?;normal;8;0;240;180;3;2 - 3 - 2 - 3 - 3 - 3 - 4 - 4;2: 2 - 3: 4 - 4: 2
2020;1;27;1;5;1;0;UZAR;?;12h47;Houilles - Carrières-sur-Seine;uic_87386409;?;?;normal;8;0;420;352;6;6 - 5 - 4 - 6 - 6 - 6 - 7 - 7;4: 1 - 5: 1 - 6: 4 - 7: 2
2020;1;27;1;5;1;0;UZAR;?;12h58;Houilles - Carrières-sur-Seine;uic_87386409;?;?;normal;8;0;300;247;4;4 - 4 - 3 - 4 - 4 - 4 - 5 - 5;3: 1 - 4: 5 - 5: 2
2020;1;27;1;5;1;0;UZAR;?;13h07;Houilles - Carrières-sur-Seine;uic_87386409;?;?;normal;8;0;180;112;2;2 - 2 - 0 - 2 - 2 - 2 - 3 - 2;0: 1 - 2: 6 - 3: 1
2020;1;27;1;5;1;0;UZAR;?;13h18;Houilles - Carrières-sur-Seine;uic_87386409;?;?;normal;8;0;180;150;150;2 - 3 - 2 - 3 - 3 - 2 - 3 - 2;2: 4 - 3: 4
2020;1;27;1;5;1;0;UZAR;?;13h27;Houilles - Carrières-sur-Seine;uic_87386409;?;?;normal;8;0;60;7;0;0 - 0 - 0 - 0 - 0 - 0 - 0 - 1;0: 7 - 1: 1
2020;1;27;1;5;1;0;UZAR;?;13h38;Houilles - Carrières-sur-Seine;uic_87386409;?;?;normal;8;0;120;60;1;2 - 2 - 0 - 1 - 1 - 1 - 1 - 0;0: 2 - 1: 4 - 2: 2
2020;1;27;1;5;1;0;UZAR;?;13h47;Houilles - Carrières-sur-Seine;uic_87386409;?;?;normal;8;0;120;52;1;2 - 2 - 0 - 1 - 1 - 0 - 1 - 0;0: 3 - 1: 3 - 2: 2
2020;1;27;1;5;1;0;UZAR;?;13h58;Houilles - Carrières-sur-Seine;uic_87386409;?;?;normal;8;0;240;225;4;3 - 4 - 3 - 4 - 4 - 4 - 4 - 4;3: 2 - 4: 6
2020;1;27;1;5;1;0;UZAR;?;14h07;Houilles - Carrières-sur-Seine;uic_87386409;?;?;normal;8;0;180;112;2;2 - 2 - 0 - 2 - 2 - 2 - 3 - 2;0: 1 - 2: 6 - 3: 1
2020;1;27;1;5;1;0;UZAR;?;14h18;Houilles - Carrières-sur-Seine;uic_87386409;?;?;normal;8;0;180;112;2;2 - 3 - 1 - 2 - 2 - 1 - 2 - 2;1: 2 - 2: 5 - 3: 1
2020;1;27;1;5;1;0;UZAR;?;14h27;Houilles - Carrières-sur-Seine;uic_87386409;?;?;normal;8;0;120;67;1;1 - 1 - 0 - 1 - 2 - 1 - 2 - 1;0: 1 - 1: 5 - 2: 2
2020;1;27;1;5;1;0;UZAR;?;14h38;Houilles - Carrières-sur-Seine;uic_87386409;?;?;normal;8;0;420;360;6;6 - 6 - 5 - 6 - 6 - 6 - 7 - 6;5: 1 - 6: 6 - 7: 1
2020;1;27;1;5;1;0;UZAR;?;14h47;Houilles - Carrières-sur-Seine;uic_87386409;?;?;normal;8;0;60;15;0;0 - 0 - 0 - 0 - 0 - 0 - 1 - 1;0: 6 - 1: 2
2020;1;27;1;5;1;0;UZAR;?;14h58;Houilles - Carrières-sur-Seine;uic_87386409;?;?;normal;8;0;1980;1942;1950;32 - 33 - 31 - 32 - 33 - 32 - 33 - 33;31: 1 - 32: 3 - 33: 4
2020;1;27;1;5;1;0;UZAR;?;15h07;Houilles - Carrières-sur-Seine;uic_87386409;?;?;normal;8;0;2100;2062;2070;34 - 34 - 33 - 35 - 35 - 34 - 35 - 35;33: 1 - 34: 3 - 35: 4
2020;1;27;1;5;1;0;UZAR;?;15h18;Houilles - Carrières-sur-Seine;uic_87386409;?;?;normal;8;0;1800;1740;29;29 - 30 - 28 - 29 - 29 - 29 - 29 - 29;28: 1 - 29: 6 - 30: 1
2020;1;27;1;5;1;0;UZEL;?;15h47;Houilles - Carrières-sur-Seine;uic_87386409;?;?;annule;8;8;0;0;0;;
2020;1;27;1;5;1;0;UZEL;?;15h58;Houilles - Carrières-sur-Seine;uic_87386409;?;?;normal;8;0;1020;907;930;13 - 13 - 15 - 16 - 16 - 15 - 17 - 16;13: 2 - 15: 2 - 16: 3 - 17: 1
2020;1;27;1;5;1;0;UZEL;?;16h07;Houilles - Carrières-sur-Seine;uic_87386409;?;?;annule;8;8;0;0;0;;
2020;1;27;1;5;1;0;UZEL;?;16h18;Houilles - Carrières-sur-Seine;uic_87386409;?;?;normal;8;0;660;570;570;8 - 9 - 8 - 9 - 10 - 10 - 11 - 11;8: 2 - 9: 2 - 10: 2 - 11: 2
2020;1;27;1;5;1;0;UZEL;?;16h26;Houilles - Carrières-sur-Seine;uic_87386409;?;?;annule;8;8;0;0;0;;
2020;1;27;1;5;1;0;UZEL;?;16h38;Houilles - Carrières-sur-Seine;uic_87386409;?;?;normal;8;0;360;277;5;3 - 4 - 4 - 5 - 5 - 5 - 6 - 5;3: 1 - 4: 2 - 5: 4 - 6: 1
2020;1;27;1;5;1;0;UZEL;?;16h46;Houilles - Carrières-sur-Seine;uic_87386409;?;?;annule;8;8;0;0;0;;
2020;1;27;1;5;1;0;UZEL;?;16h59;Houilles - Carrières-sur-Seine;uic_87386409;?;?;normal;8;0;900;765;14;5 - 12 - 13 - 14 - 14 - 14 - 15 - 15;5: 1 - 12: 1 - 13: 1 - 14: 3 - 15: 2
2020;1;27;1;5;1;0;UZEL;?;17h05;Houilles - Carrières-sur-Seine;uic_87386409;?;?;normal;8;0;300;202;210;1 - 3 - 3 - 3 - 4 - 4 - 4 - 5;1: 1 - 3: 3 - 4: 3 - 5: 1
2020;1;27;1;5;1;0;UZEL;?;17h18;Houilles - Carrières-sur-Seine;uic_87386409;?;?;normal;8;0;360;195;3;2 - 2 - 2 - 3 - 3 - 3 - 5 - 6;2: 3 - 3: 3 - 5: 1 - 6: 1
2020;1;27;1;5;1;0;UZEL;?;17h30;Houilles - Carrières-sur-Seine;uic_87386409;?;?;normal;8;0;420;187;150;1 - 2 - 2 - 2 - 3 - 4 - 4 - 7;1: 1 - 2: 3 - 3: 1 - 4: 2 - 7: 1
2020;1;27;1;5;1;0;UZEL;?;17h43;Houilles - Carrières-sur-Seine;uic_87386409;?;?;normal;8;0;300;232;4;3 - 3 - 3 - 4 - 5 - 4 - 4 - 5;3: 3 - 4: 3 - 5: 2
2020;1;27;1;5;1;0;UZEL;?;17h55;Houilles - Carrières-sur-Seine;uic_87386409;?;?;annule;8;8;0;0;0;;
2020;1;27;1;5;1;0;UZEL;?;18h08;Houilles - Carrières-sur-Seine;uic_87386409;?;?;annule;8;8;0;0;0;;
2020;1;27;1;5;1;0;UZEL;?;18h20;Houilles - Carrières-sur-Seine;uic_87386409;?;?;normal;8;0;420;135;90;1 - 1 - 1 - 1 - 2 - 2 - 3 - 7;1: 4 - 2: 2 - 3: 1 - 7: 1
2020;1;27;1;5;1;0;UZEL;?;18h33;Houilles - Carrières-sur-Seine;uic_87386409;?;?;normal;8;0;360;157;2;1 - 2 - 2 - 3 - 3 - 2 - 2 - 6;1: 1 - 2: 4 - 3: 2 - 6: 1
2020;1;27;1;5;1;0;UZEL;?;18h45;Houilles - Carrières-sur-Seine;uic_87386409;?;?;annule;8;8;0;0;0;;
2020;1;27;1;5;1;0;UZEL;?;18h58;Houilles - Carrières-sur-Seine;uic_87386409;?;?;annule;8;8;0;0;0;;
2020;1;27;1;5;1;0;UZEL;?;19h10;Houilles - Carrières-sur-Seine;uic_87386409;?;?;normal;8;0;300;105;90;0 - 0 - 0 - 1 - 2 - 2 - 4 - 5;0: 3 - 1: 1 - 2: 2 - 4: 1 - 5: 1
2020;1;27;1;5;1;0;UZEL;?;19h23;Houilles - Carrières-sur-Seine;uic_87386409;?;?;normal;8;0;1200;975;1050;11 - 13 - 15 - 17 - 18 - 18 - 18 - 20;11: 1 - 13: 1 - 15: 1 - 17: 1 - 18: 3 - 20: 1
2020;1;27;1;5;1;0;UZEL;?;19h35;Houilles - Carrières-sur-Seine;uic_87386409;?;?;annule;8;8;0;0;0;;
2020;1;27;1;5;1;0;UZEL;?;19h48;Houilles - Carrières-sur-Seine;uic_87386409;?;?;normal;8;0;1140;915;16;12 - 13 - 14 - 16 - 16 - 16 - 16 - 19;12: 1 - 13: 1 - 14: 1 - 16: 4 - 19: 1
2020;1;27;1;5;1;0;UZEL;?;20h00;Houilles - Carrières-sur-Seine;uic_87386409;?;?;annule;8;8;0;0;0;;
2020;1;27;1;5;1;0;UZEL;?;20h10;Houilles - Carrières-sur-Seine;uic_87386409;?;?;normal;8;0;540;397;390;4 - 6 - 5 - 6 - 7 - 8 - 8 - 9;4: 1 - 5: 1 - 6: 2 - 7: 1 - 8: 2 - 9: 1
2020;1;27;1;5;1;0;UZEL;?;20h28;Houilles - Carrières-sur-Seine;uic_87386409;?;?;normal;8;0;480;405;7;4 - 6 - 6 - 7 - 7 - 8 - 8 - 8;4: 1 - 6: 2 - 7: 2 - 8: 3
2020;1;27;1;5;1;0;UZEL;?;20h49;Houilles - Carrières-sur-Seine;uic_87386409;?;?;normal;8;0;1140;922;18;6 - 8 - 17 - 18 - 19 - 18 - 18 - 19;6: 1 - 8: 1 - 17: 1 - 18: 3 - 19: 2
2020;1;27;1;5;1;0;UZEL;?;21h08;Houilles - Carrières-sur-Seine;uic_87386409;?;?;normal;8;0;360;322;5;5 - 5 - 5 - 5 - 5 - 6 - 6 - 6;5: 5 - 6: 3
2020;1;27;1;5;1;0;UZEL;?;21h28;Houilles - Carrières-sur-Seine;uic_87386409;?;?;normal;8;0;300;300;5;5 - 5 - 5 - 5 - 5 - 5 - 5 - 5;5: 8
2020;1;27;1;5;1;0;UZEL;?;21h49;Houilles - Carrières-sur-Seine;uic_87386409;?;?;normal;8;0;780;765;13;12 - 13 - 12 - 13 - 13 - 13 - 13 - 13;12: 2 - 13: 6
2020;1;27;1;5;1;0;UZIN;?;15h27;Houilles - Carrières-sur-Seine;uic_87386409;?;?;annule;8;8;0;0;0;;
2020;1;27;1;5;1;0;UZIN;?;15h38;Houilles - Carrières-sur-Seine;uic_87386409;?;?;normal;8;0;1860;1807;30;29 - 30 - 29 - 30 - 31 - 30 - 31 - 31;29: 2 - 30: 3 - 31: 3
2020;1;27;1;5;1;0;VELO;?;00h18;Houilles - Carrières-sur-Seine;uic_87386409;?;?;normal;1;0;0;0;0;0;0: 1
2020;1;27;1;5;1;0;VELO;?;22h18;Houilles - Carrières-sur-Seine;uic_87386409;?;?;normal;1;0;360;360;360;6;6: 1
2020;1;27;1;5;1;0;VELO;?;22h48;Houilles - Carrières-sur-Seine;uic_87386409;?;?;normal;1;0;120;120;120;2;2: 1
2020;1;27;1;5;1;0;VELO;?;23h18;Houilles - Carrières-sur-Seine;uic_87386409;?;?;normal;1;0;120;120;120;2;2: 1
2020;1;27;1;5;1;0;VELO;?;23h48;Houilles - Carrières-sur-Seine;uic_87386409;?;?;normal;1;0;0;0;0;0;0: 1
2020;1;27;1;5;1;0;VIDA;?;00h44;Houilles - Carrières-sur-Seine;uic_87386409;?;?;normal;1;0;0;0;0;0;0: 1
2020;1;27;1;5;1;0;VIRO;?;01h13;Houilles - Carrières-sur-Seine;uic_87386409;?;?;normal;1;0;120;120;120;2;2: 1
2020;1;28;2;5;1;0;NAJA;?;22h28;Sartrouville;uic_87386417;?;?;normal;2;0;0;0;0;0 - 0;0: 2
2020;1;28;2;5;1;0;NAJA;?;22h58;Sartrouville;uic_87386417;?;?;normal;2;0;0;0;0;0 - 0;0: 2
2020;1;28;2;5;1;0;NAJA;?;23h28;Sartrouville;uic_87386417;?;?;normal;2;0;0;0;0;0 - 0;0: 2
2020;1;28;2;5;1;0;NANI;?;14h13;Cergy le Haut;uic_87382655;?;?;normal;9;0;60;6;0;0 - 0 - 0 - 0 - 0 - 1 - 0 - 0 - 0;0: 8 - 1: 1
2020;1;28;2;5;1;0;NANI;?;14h23;Cergy le Haut;uic_87382655;?;?;normal;9;0;60;26;0;0 - 0 - 0 - 0 - 0 - 1 - 1 - 1 - 1;0: 5 - 1: 4
2020;1;28;2;5;1;0;NANI;?;14h33;Cergy le Haut;uic_87382655;?;?;normal;9;0;60;6;0;0 - 0 - 0 - 0 - 0 - 1 - 0 - 0 - 0;0: 8 - 1: 1
2020;1;28;2;5;1;0;NANI;?;14h43;Cergy le Haut;uic_87382655;?;?;normal;9;0;0;0;0;0 - 0 - 0 - 0 - 0 - 0 - 0 - 0 - 0;0: 9
2020;1;28;2;5;1;0;NANI;?;14h53;Cergy le Haut;uic_87382655;?;?;normal;9;0;0;0;0;0 - 0 - 0 - 0 - 0 - 0 - 0 - 0 - 0;0: 9
2020;1;28;2;5;1;0;NANI;?;15h03;Cergy le Haut;uic_87382655;?;?;normal;9;0;120;40;0;0 - 0 - 0 - 0 - 0 - 1 - 1 - 2 - 2;0: 5 - 1: 2 - 2: 2
2020;1;28;2;5;1;0;NANI;?;15h13;Cergy le Haut;uic_87382655;?;?;normal;9;0;60;6;0;0 - 0 - 0 - 0 - 0 - 1 - 0 - 0 - 0;0: 8 - 1: 1
2020;1;28;2;5;1;0;NANI;?;15h23;Cergy le Haut;uic_87382655;?;?;normal;9;0;120;46;60;0 - 0 - 0 - 0 - 1 - 2 - 1 - 2 - 1;0: 4 - 1: 3 - 2: 2
2020;1;28;2;5;1;0;NANI;?;15h33;Cergy le Haut;uic_87382655;?;?;normal;9;0;0;0;0;0 - 0 - 0 - 0 - 0 - 0 - 0 - 0 - 0;0: 9
2020;1;28;2;5;1;0;NANI;?;15h43;Cergy le Haut;uic_87382655;?;?;normal;9;0;0;0;0;0 - 0 - 0 - 0 - 0 - 0 - 0 - 0 - 0;0: 9
2020;1;28;2;5;1;0;NANI;?;15h53;Cergy le Haut;uic_87382655;?;?;normal;9;0;0;0;0;0 - 0 - 0 - 0 - 0 - 0 - 0 - 0 - 0;0: 9
2020;1;28;2;5;1;0;NANI;?;16h03;Cergy le Haut;uic_87382655;?;?;normal;9;0;60;6;0;0 - 0 - 0 - 0 - 0 - 1 - 0 - 0 - 0;0: 8 - 1: 1
2020;1;28;2;5;1;0;NANI;?;16h13;Cergy le Haut;uic_87382655;?;?;normal;9;0;60;13;0;0 - 0 - 1 - 0 - 0 - 1 - 0 - 0 - 0;0: 7 - 1: 2
2020;1;28;2;5;1;0;NANI;?;16h24;Cergy le Haut;uic_87382655;?;?;normal;9;0;0;0;0;0 - 0 - 0 - 0 - 0 - 0 - 0 - 0 - 0;0: 9
2020;1;28;2;5;1;0;NANI;?;16h36;Cergy le Haut;uic_87382655;?;?;normal;9;0;360;306;300;4 - 5 - 5 - 5 - 5 - 6 - 6 - 5 - 5;4: 1 - 5: 6 - 6: 2
2020;1;28;2;5;1;0;NANI;?;16h49;Cergy le Haut;uic_87382655;?;?;normal;9;0;240;86;60;0 - 0 - 0 - 0 - 1 - 2 - 2 - 4 - 4;0: 4 - 1: 1 - 2: 2 - 4: 2
2020;1;28;2;5;1;0;NANI;?;17h01;Cergy le Haut;uic_87382655;?;?;normal;9;0;60;20;0;0 - 0 - 0 - 0 - 1 - 1 - 1 - 0 - 0;0: 6 - 1: 3
2020;1;28;2;5;1;0;NANI;?;17h14;Cergy le Haut;uic_87382655;?;?;normal;9;0;0;0;0;0 - 0 - 0 - 0 - 0 - 0 - 0 - 0 - 0;0: 9
2020;1;28;2;5;1;0;NANI;?;17h26;Cergy le Haut;uic_87382655;?;?;normal;9;0;120;40;60;0 - 0 - 0 - 0 - 1 - 2 - 1 - 1 - 1;0: 4 - 1: 4 - 2: 1
2020;1;28;2;5;1;0;NANI;?;17h39;Cergy le Haut;uic_87382655;?;?;normal;9;0;60;40;60;0 - 0 - 1 - 1 - 0 - 1 - 1 - 1 - 1;0: 3 - 1: 6
2020;1;28;2;5;1;0;NANI;?;17h51;Cergy le Haut;uic_87382655;?;?;normal;9;0;240;160;180;0 - 2 - 2 - 2 - 4 - 4 - 4 - 3 - 3;0: 1 - 2: 3 - 3: 2 - 4: 3
2020;1;28;2;5;1;0;NANI;?;18h04;Cergy le Haut;uic_87382655;?;?;normal;9;0;120;60;60;1 - 0 - 1 - 1 - 1 - 1 - 1 - 1 - 2;0: 1 - 1: 7 - 2: 1
2020;1;28;2;5;1;0;NANI;?;18h16;Cergy le Haut;uic_87382655;?;?;normal;9;0;120;46;60;0 - 0 - 0 - 0 - 1 - 2 - 2 - 1 - 1;0: 4 - 1: 3 - 2: 2
2020;1;28;2;5;1;0;NANI;?;18h29;Cergy le Haut;uic_87382655;?;?;normal;9;0;180;93;60;0 - 0 - 1 - 1 - 1 - 3 - 2 - 3 - 3;0: 2 - 1: 3 - 2: 1 - 3: 3
2020;1;28;2;5;1;0;NANI;?;18h41;Cergy le Haut;uic_87382655;?;?;normal;9;0;180;133;120;0 - 3 - 2 - 2 - 3 - 3 - 3 - 2 - 2;0: 1 - 2: 4 - 3: 4
2020;1;28;2;5;1;0;NANI;?;18h54;Cergy le Haut;uic_87382655;?;?;normal;9;0;180;73;0;0 - 0 - 0 - 0 - 0 - 3 - 2 - 3 - 3;0: 5 - 2: 1 - 3: 3
2020;1;28;2;5;1;0;NANI;?;19h06;Cergy le Haut;uic_87382655;?;?;normal;9;0;240;113;120;0 - 0 - 1 - 1 - 3 - 4 - 3 - 2 - 3;0: 2 - 1: 2 - 2: 1 - 3: 3 - 4: 1
2020;1;28;2;5;1;0;NANI;?;19h20;Cergy le Haut;uic_87382655;?;?;normal;9;0;60;20;0;0 - 0 - 0 - 0 - 0 - 1 - 1 - 1 - 0;0: 6 - 1: 3
2020;1;28;2;5;1;0;NANI;?;19h39;Cergy le Haut;uic_87382655;?;?;normal;9;0;660;426;480;3 - 3 - 3 - 7 - 8 - 10 - 9 - 10 - 11;3: 3 - 7: 1 - 8: 1 - 9: 1 - 10: 2 - 11: 1
2020;1;28;2;5;1;0;NANI;?;20h05;Cergy le Haut;uic_87382655;?;?;normal;9;0;0;0;0;0 - 0 - 0 - 0 - 0 - 0 - 0 - 0 - 0;0: 9
2020;1;28;2;5;1;0;NANI;?;20h35;Cergy le Haut;uic_87382655;?;?;normal;9;0;180;86;60;0 - 0 - 1 - 0 - 0 - 3 - 3 - 3 - 3;0: 4 - 1: 1 - 3: 4
2020;1;28;2;5;1;0;NANI;?;21h05;Cergy le Haut;uic_87382655;?;?;normal;9;0;0;0;0;0 - 0 - 0 - 0 - 0 - 0 - 0 - 0 - 0;0: 9
2020;1;28;2;5;1;0;NANI;?;21h33;Cergy le Haut;uic_87382655;?;?;normal;9;0;0;0;0;0 - 0 - 0 - 0 - 0 - 0 - 0 - 0 - 0;0: 9
2020;1;28;2;5;1;0;NATO;?;05h12;Cergy le Haut;uic_87382655;?;?;normal;9;0;0;0;0;0 - 0 - 0 - 0 - 0 - 0 - 0 - 0 - 0;0: 9
2020;1;28;2;5;1;0;NATO;?;05h42;Cergy le Haut;uic_87382655;?;?;normal;9;0;60;40;60;1 - 1 - 1 - 1 - 1 - 1 - 0 - 0 - 0;0: 3 - 1: 6
2020;1;28;2;5;1;0;NATO;?;05h57;Cergy le Haut;uic_87382655;?;?;normal;9;0;60;20;0;0 - 0 - 0 - 0 - 0 - 1 - 0 - 1 - 1;0: 6 - 1: 3
2020;1;28;2;5;1;0;NATO;?;06h12;Cergy le Haut;uic_87382655;?;?;normal;9;0;60;40;60;0 - 0 - 1 - 1 - 0 - 1 - 1 - 1 - 1;0: 3 - 1: 6
2020;1;28;2;5;1;0;NATO;?;06h27;Cergy le Haut;uic_87382655;?;?;normal;9;0;60;26;0;0 - 0 - 1 - 0 - 0 - 1 - 0 - 1 - 1;0: 5 - 1: 4
2020;1;28;2;5;1;0;NATO;?;06h42;Cergy le Haut;uic_87382655;?;?;normal;9;0;0;0;0;0 - 0 - 0 - 0 - 0 - 0 - 0 - 0 - 0;0: 9
2020;1;28;2;5;1;0;NATO;?;06h51;Cergy le Haut;uic_87382655;?;?;normal;9;0;120;46;0;0 - 0 - 0 - 0 - 0 - 2 - 2 - 2 - 1;0: 5 - 1: 1 - 2: 3
2020;1;28;2;5;1;0;NATO;?;07h03;Cergy le Haut;uic_87382655;?;?;normal;9;0;0;0;0;0 - 0 - 0 - 0 - 0 - 0 - 0 - 0 - 0;0: 9
2020;1;28;2;5;1;0;NATO;?;07h14;Cergy le Haut;uic_87382655;?;?;normal;9;0;0;0;0;0 - 0 - 0 - 0 - 0 - 0 - 0 - 0 - 0;0: 9
2020;1;28;2;5;1;0;NATO;?;07h26;Cergy le Haut;uic_87382655;?;?;normal;9;0;180;73;0;0 - 0 - 0 - 0 - 0 - 3 - 3 - 3 - 2;0: 5 - 2: 1 - 3: 3
2020;1;28;2;5;1;0;NATO;?;07h38;Cergy le Haut;uic_87382655;?;?;normal;9;0;240;80;60;0 - 0 - 1 - 0 - 0 - 2 - 2 - 3 - 4;0: 4 - 1: 1 - 2: 2 - 3: 1 - 4: 1
2020;1;28;2;5;1;0;NATO;?;07h49;Cergy le Haut;uic_87382655;?;?;normal;9;0;240;106;120;0 - 1 - 2 - 1 - 1 - 2 - 2 - 3 - 4;0: 1 - 1: 3 - 2: 3 - 3: 1 - 4: 1
2020;1;28;2;5;1;0;NATO;?;08h01;Cergy le Haut;uic_87382655;?;?;normal;9;0;180;53;0;0 - 0 - 0 - 0 - 0 - 1 - 1 - 3 - 3;0: 5 - 1: 2 - 3: 2
2020;1;28;2;5;1;0;NATO;?;08h13;Cergy le Haut;uic_87382655;?;?;normal;9;0;180;46;0;0 - 0 - 0 - 0 - 0 - 1 - 1 - 2 - 3;0: 5 - 1: 2 - 2: 1 - 3: 1
2020;1;28;2;5;1;0;NATO;?;08h24;Cergy le Haut;uic_87382655;?;?;normal;9;0;60;20;0;0 - 0 - 0 - 0 - 0 - 1 - 1 - 0 - 1;0: 6 - 1: 3
2020;1;28;2;5;1;0;NATO;?;08h36;Cergy le Haut;uic_87382655;?;?;normal;9;0;0;0;0;0 - 0 - 0 - 0 - 0 - 0 - 0 - 0 - 0;0: 9
2020;1;28;2;5;1;0;NATO;?;08h48;Cergy le Haut;uic_87382655;?;?;normal;9;0;60;20;0;0 - 0 - 0 - 0 - 0 - 1 - 1 - 1 - 0;0: 6 - 1: 3
2020;1;28;2;5;1;0;NATO;?;09h03;Cergy le Haut;uic_87382655;?;?;normal;9;0;120;80;60;1 - 1 - 2 - 1 - 1 - 2 - 1 - 1 - 2;1: 6 - 2: 3
2020;1;28;2;5;1;0;NATO;?;09h14;Cergy le Haut;uic_87382655;?;?;normal;9;0;720;426;360;1 - 4 - 4 - 4 - 6 - 12 - 11 - 11 - 11;1: 1 - 4: 3 - 6: 1 - 11: 3 - 12: 1
2020;1;28;2;5;1;0;NATO;?;09h23;Cergy le Haut;uic_87382655;?;?;normal;9;0;360;160;60;0 - 0 - 0 - 1 - 0 - 6 - 6 - 6 - 5;0: 4 - 1: 1 - 5: 1 - 6: 3
2020;1;28;2;5;1;0;NATO;?;09h33;Cergy le Haut;uic_87382655;?;?;normal;9;0;180;60;0;0 - 0 - 0 - 0 - 0 - 3 - 2 - 2 - 2;0: 5 - 2: 3 - 3: 1
2020;1;28;2;5;1;0;NATO;?;09h47;Cergy le Haut;uic_87382655;?;?;normal;9;0;240;193;180;2 - 2 - 3 - 3 - 3 - 4 - 4 - 4 - 4;2: 2 - 3: 3 - 4: 4
2020;1;28;2;5;1;0;NATO;?;09h55;Cergy le Haut;uic_87382655;?;?;normal;9;0;180;99;120;1 - 1 - 2 - 1 - 1 - 3 - 2 - 2 - 2;1: 4 - 2: 4 - 3: 1
2020;1;28;2;5;1;0;NATO;?;10h07;Cergy le Haut;uic_87382655;?;?;normal;9;0;360;146;60;1 - 1 - 1 - 1 - 0 - 4 - 4 - 4 - 6;0: 1 - 1: 4 - 4: 3 - 6: 1
2020;1;28;2;5;1;0;NATO;?;10h13;Cergy le Haut;uic_87382655;?;?;normal;9;0;180;46;0;0 - 0 - 0 - 0 - 0 - 2 - 1 - 3 - 1;0: 5 - 1: 2 - 2: 1 - 3: 1
2020;1;28;2;5;1;0;NATO;?;10h23;Cergy le Haut;uic_87382655;?;?;normal;9;0;120;60;60;0 - 0 - 0 - 0 - 1 - 2 - 2 - 2 - 2;0: 4 - 1: 1 - 2: 4
2020;1;28;2;5;1;0;NATO;?;10h33;Cergy le Haut;uic_87382655;?;?;normal;9;0;120;60;60;0 - 0 - 1 - 1 - 1 - 2 - 2 - 2 - 0;0: 3 - 1: 3 - 2: 3
2020;1;28;2;5;1;0;NATO;?;10h43;Cergy le Haut;uic_87382655;?;?;normal;9;0;300;106;0;0 - 0 - 0 - 0 - 0 - 4 - 3 - 4 - 5;0: 5 - 3: 1 - 4: 2 - 5: 1
2020;1;28;2;5;1;0;NATO;?;10h53;Cergy le Haut;uic_87382655;?;?;normal;9;0;60;20;0;0 - 0 - 0 - 0 - 0 - 1 - 1 - 1 - 0;0: 6 - 1: 3
2020;1;28;2;5;1;0;NATO;?;11h03;Cergy le Haut;uic_87382655;?;?;normal;9;0;0;0;0;0 - 0 - 0 - 0 - 0 - 0 - 0 - 0 - 0;0: 9
2020;1;28;2;5;1;0;NATO;?;11h13;Cergy le Haut;uic_87382655;?;?;normal;9;0;0;0;0;0 - 0 - 0 - 0 - 0 - 0 - 0 - 0 - 0;0: 9
2020;1;28;2;5;1;0;NATO;?;11h23;Cergy le Haut;uic_87382655;?;?;normal;9;0;60;33;60;0 - 0 - 1 - 0 - 0 - 1 - 1 - 1 - 1;0: 4 - 1: 5
2020;1;28;2;5;1;0;NATO;?;11h33;Cergy le Haut;uic_87382655;?;?;normal;9;0;60;13;0;0 - 0 - 1 - 0 - 0 - 1 - 0 - 0 - 0;0: 7 - 1: 2
2020;1;28;2;5;1;0;NATO;?;11h43;Cergy le Haut;uic_87382655;?;?;normal;9;0;60;46;60;1 - 0 - 1 - 1 - 0 - 1 - 1 - 1 - 1;0: 2 - 1: 7
2020;1;28;2;5;1;0;NATO;?;11h53;Cergy le Haut;uic_87382655;?;?;normal;9;0;60;13;0;0 - 0 - 0 - 0 - 0 - 1 - 1 - 0 - 0;0: 7 - 1: 2
2020;1;28;2;5;1;0;NATO;?;12h03;Cergy le Haut;uic_87382655;?;?;normal;9;0;0;0;0;0 - 0 - 0 - 0 - 0 - 0 - 0 - 0 - 0;0: 9
2020;1;28;2;5;1;0;NATO;?;12h13;Cergy le Haut;uic_87382655;?;?;normal;9;0;0;0;0;0 - 0 - 0 - 0 - 0 - 0 - 0 - 0 - 0;0: 9
2020;1;28;2;5;1;0;NATO;?;12h23;Cergy le Haut;uic_87382655;?;?;normal;9;0;120;66;120;0 - 0 - 0 - 0 - 2 - 2 - 2 - 2 - 2;0: 4 - 2: 5
2020;1;28;2;5;1;0;NATO;?;12h33;Cergy le Haut;uic_87382655;?;?;normal;9;0;60;13;0;0 - 0 - 0 - 0 - 0 - 1 - 0 - 1 - 0;0: 7 - 1: 2
2020;1;28;2;5;1;0;NATO;?;12h43;Cergy le Haut;uic_87382655;?;?;normal;9;0;60;26;0;0 - 0 - 1 - 1 - 0 - 1 - 0 - 0 - 1;0: 5 - 1: 4
2020;1;28;2;5;1;0;NATO;?;12h53;Cergy le Haut;uic_87382655;?;?;normal;9;0;120;40;0;0 - 0 - 0 - 0 - 0 - 2 - 2 - 2 - 0;0: 6 - 2: 3
2020;1;28;2;5;1;0;NATO;?;13h03;Cergy le Haut;uic_87382655;?;?;normal;9;0;60;6;0;0 - 0 - 0 - 0 - 0 - 1 - 0 - 0 - 0;0: 8 - 1: 1
2020;1;28;2;5;1;0;NATO;?;13h13;Cergy le Haut;uic_87382655;?;?;normal;9;0;120;40;60;0 - 0 - 1 - 1 - 0 - 1 - 1 - 2 - 0;0: 4 - 1: 4 - 2: 1
2020;1;28;2;5;1;0;NATO;?;13h23;Cergy le Haut;uic_87382655;?;?;normal;9;0;0;0;0;0 - 0 - 0 - 0 - 0 - 0 - 0 - 0 - 0;0: 9
2020;1;28;2;5;1;0;NATO;?;13h33;Cergy le Haut;uic_87382655;?;?;normal;9;0;0;0;0;0 - 0 - 0 - 0 - 0 - 0 - 0 - 0 - 0;0: 9
2020;1;28;2;5;1;0;NATO;?;13h43;Cergy le Haut;uic_87382655;?;?;normal;9;0;60;26;0;0 - 0 - 0 - 0 - 0 - 1 - 1 - 1 - 1;0: 5 - 1: 4
2020;1;28;2;5;1;0;NATO;?;13h53;Cergy le Haut;uic_87382655;?;?;normal;9;0;0;0;0;0 - 0 - 0 - 0 - 0 - 0 - 0 - 0 - 0;0: 9
2020;1;28;2;5;1;0;NATO;?;14h03;Cergy le Haut;uic_87382655;?;?;normal;9;0;0;0;0;0 - 0 - 0 - 0 - 0 - 0 - 0 - 0 - 0;0: 9
2020;1;28;2;5;1;0;NOTE;?;05h40;Poissy;uic_87386573;?;?;normal;5;0;60;24;0;1 - 1 - 0 - 0 - 0;0: 3 - 1: 2
2020;1;28;2;5;1;0;NOTE;?;06h00;Poissy;uic_87386573;?;?;normal;5;0;120;83;60;2 - 2 - 1 - 1 - 1;1: 3 - 2: 2
2020;1;28;2;5;1;0;NOTE;?;06h15;Poissy;uic_87386573;?;?;normal;5;0;0;0;0;0 - 0 - 0 - 0 - 0;0: 5
2020;1;28;2;5;1;0;NOTE;?;06h30;Poissy;uic_87386573;?;?;normal;5;0;0;0;0;0 - 0 - 0 - 0 - 0;0: 5
2020;1;28;2;5;1;0;NOTE;?;06h45;Poissy;uic_87386573;?;?;normal;5;0;0;0;0;0 - 0 - 0 - 0 - 0;0: 5
2020;1;28;2;5;1;0;NOTE;?;06h59;Poissy;uic_87386573;?;?;normal;5;0;60;48;60;1 - 1 - 1 - 1 - 0;0: 1 - 1: 4
2020;1;28;2;5;1;0;NOTE;?;07h13;Poissy;uic_87386573;?;?;normal;5;0;120;72;60;1 - 2 - 1 - 1 - 1;1: 4 - 2: 1
2020;1;28;2;5;1;0;NOTE;?;07h25;Poissy;uic_87386573;?;?;normal;5;0;0;0;0;0 - 0 - 0 - 0 - 0;0: 5
2020;1;28;2;5;1;0;NOTE;?;07h37;Poissy;uic_87386573;?;?;normal;5;0;240;192;240;1 - 4 - 3 - 4 - 4;1: 1 - 3: 1 - 4: 3
2020;1;28;2;5;1;0;NOTE;?;07h47;Poissy;uic_87386573;?;?;normal;5;0;180;96;120;0 - 3 - 2 - 1 - 2;0: 1 - 1: 1 - 2: 2 - 3: 1
2020;1;28;2;5;1;0;NOTE;?;07h59;Poissy;uic_87386573;?;?;normal;5;0;240;155;120;1 - 2 - 2 - 4 - 4;1: 1 - 2: 2 - 4: 2
2020;1;28;2;5;1;0;NOTE;?;08h11;Poissy;uic_87386573;?;?;normal;5;0;240;107;60;0 - 1 - 1 - 3 - 4;0: 1 - 1: 2 - 3: 1 - 4: 1
2020;1;28;2;5;1;0;NOTE;?;08h22;Poissy;uic_87386573;?;?;normal;5;0;120;107;120;1 - 2 - 2 - 2 - 2;1: 1 - 2: 4
2020;1;28;2;5;1;0;NOTE;?;08h34;Poissy;uic_87386573;?;?;normal;5;0;120;96;120;1 - 2 - 2 - 2 - 1;1: 2 - 2: 3
2020;1;28;2;5;1;0;NOTE;?;08h46;Poissy;uic_87386573;?;?;normal;5;0;60;12;0;1 - 0 - 0 - 0 - 0;0: 4 - 1: 1
2020;1;28;2;5;1;0;NOTE;?;08h57;Poissy;uic_87386573;?;?;normal;5;0;180;120;120;0 - 3 - 3 - 2 - 2;0: 1 - 2: 2 - 3: 2
2020;1;28;2;5;1;0;NOTE;?;09h09;Poissy;uic_87386573;?;?;normal;5;0;60;12;0;0 - 1 - 0 - 0 - 0;0: 4 - 1: 1
2020;1;28;2;5;1;0;NOTE;?;16h42;Poissy;uic_87386573;?;?;normal;5;0;0;0;0;0 - 0 - 0 - 0 - 0;0: 5
2020;1;28;2;5;1;0;NOTE;?;16h54;Poissy;uic_87386573;?;?;normal;5;0;300;204;180;2 - 3 - 3 - 4 - 5;2: 1 - 3: 2 - 4: 1 - 5: 1
2020;1;28;2;5;1;0;NOTE;?;17h05;Poissy;uic_87386573;?;?;normal;5;0;120;48;0;0 - 0 - 0 - 2 - 2;0: 3 - 2: 2
2020;1;28;2;5;1;0;NOTE;?;17h19;Poissy;uic_87386573;?;?;normal;5;0;0;0;0;0 - 0 - 0 - 0 - 0;0: 5
2020;1;28;2;5;1;0;NOTE;?;17h32;Poissy;uic_87386573;?;?;normal;5;0;180;144;120;2 - 3 - 2 - 2 - 3;2: 3 - 3: 2
2020;1;28;2;5;1;0;NOTE;?;17h44;Poissy;uic_87386573;?;?;normal;5;0;0;0;0;0 - 0 - 0 - 0 - 0;0: 5
2020;1;28;2;5;1;0;NOTE;?;17h57;Poissy;uic_87386573;?;?;normal;5;0;120;24;0;0 - 2 - 0 - 0 - 0;0: 4 - 2: 1
2020;1;28;2;5;1;0;NOTE;?;18h09;Poissy;uic_87386573;?;?;normal;5;0;180;167;180;2 - 3 - 3 - 3 - 3;2: 1 - 3: 4
2020;1;28;2;5;1;0;NOTE;?;18h22;Poissy;uic_87386573;?;?;normal;5;0;60;12;0;0 - 1 - 0 - 0 - 0;0: 4 - 1: 1
2020;1;28;2;5;1;0;NOTE;?;18h34;Poissy;uic_87386573;?;?;normal;5;0;0;0;0;0 - 0 - 0 - 0 - 0;0: 5
2020;1;28;2;5;1;0;NOTE;?;18h47;Poissy;uic_87386573;?;?;normal;5;0;180;120;120;0 - 3 - 2 - 2 - 3;0: 1 - 2: 2 - 3: 2
2020;1;28;2;5;1;0;NOTE;?;18h59;Poissy;uic_87386573;?;?;normal;5;0;180;180;180;3 - 3 - 3 - 3 - 3;3: 5
2020;1;28;2;5;1;0;NOTE;?;19h12;Poissy;uic_87386573;?;?;normal;5;0;180;132;120;2 - 3 - 2 - 2 - 2;2: 4 - 3: 1
2020;1;28;2;5;1;0;NOTE;?;19h24;Poissy;uic_87386573;?;?;normal;5;0;180;167;180;3 - 3 - 2 - 3 - 3;2: 1 - 3: 4
2020;1;28;2;5;1;0;NOTE;?;19h39;Poissy;uic_87386573;?;?;normal;5;0;240;215;240;4 - 4 - 3 - 4 - 3;3: 2 - 4: 3
2020;1;28;2;5;1;0;NOTE;?;20h04;Poissy;uic_87386573;?;?;normal;5;0;360;300;300;4 - 5 - 5 - 6 - 5;4: 1 - 5: 3 - 6: 1
2020;1;28;2;5;1;0;NOTE;?;20h34;Poissy;uic_87386573;?;?;normal;5;0;240;192;180;3 - 3 - 3 - 4 - 3;3: 4 - 4: 1
2020;1;28;2;5;1;0;NOTE;?;21h03;Poissy;uic_87386573;?;?;normal;5;0;360;300;300;3 - 6 - 5 - 5 - 6;3: 1 - 5: 2 - 6: 2
2020;1;28;2;5;1;0;NOTE;?;21h35;Poissy;uic_87386573;?;?;normal;5;0;120;96;120;1 - 2 - 2 - 2 - 1;1: 2 - 2: 3
2020;1;28;2;5;1;0;NOTE;?;22h03;Poissy;uic_87386573;?;?;normal;5;0;120;60;60;0 - 1 - 1 - 1 - 2;0: 1 - 1: 3 - 2: 1
2020;1;28;2;5;1;0;NOTE;?;22h33;Poissy;uic_87386573;?;?;normal;5;0;0;0;0;0 - 0 - 0 - 0 - 0;0: 5
2020;1;28;2;5;1;0;NOTE;?;23h03;Poissy;uic_87386573;?;?;normal;5;0;0;0;0;0 - 0 - 0 - 0 - 0;0: 5
2020;1;28;2;5;1;0;NOTE;?;23h33;Poissy;uic_87386573;?;?;normal;5;0;0;0;0;0 - 0 - 0 - 0 - 0;0: 5
2020;1;28;2;5;1;0;OKLA;?;09h20;Poissy;uic_87386573;?;?;normal;5;0;900;803;900;8 - 15 - 14 - 15 - 15;8: 1 - 14: 1 - 15: 3
2020;1;28;2;5;1;0;OKLA;?;09h40;Poissy;uic_87386573;?;?;normal;5;0;360;300;360;1 - 6 - 6 - 6 - 6;1: 1 - 6: 4
2020;1;28;2;5;1;0;OKLA;?;09h55;Poissy;uic_87386573;?;?;normal;5;0;60;24;0;1 - 1 - 0 - 0 - 0;0: 3 - 1: 2
2020;1;28;2;5;1;0;OKLA;?;10h16;Poissy;uic_87386573;?;?;normal;5;0;300;264;240;4 - 5 - 4 - 4 - 5;4: 3 - 5: 2
2020;1;28;2;5;1;0;OKLA;?;10h40;Poissy;uic_87386573;?;?;normal;5;0;120;60;60;0 - 2 - 1 - 1 - 1;0: 1 - 1: 3 - 2: 1
2020;1;28;2;5;1;0;OKLA;?;11h00;Poissy;uic_87386573;?;?;normal;5;0;240;180;240;0 - 3 - 4 - 4 - 4;0: 1 - 3: 1 - 4: 3
2020;1;28;2;5;1;0;OKLA;?;11h20;Poissy;uic_87386573;?;?;normal;5;0;0;0;0;0 - 0 - 0 - 0 - 0;0: 5
2020;1;28;2;5;1;0;OKLA;?;11h40;Poissy;uic_87386573;?;?;normal;5;0;0;0;0;0 - 0 - 0 - 0 - 0;0: 5
2020;1;28;2;5;1;0;OKLA;?;12h00;Poissy;uic_87386573;?;?;normal;5;0;60;12;0;0 - 1 - 0 - 0 - 0;0: 4 - 1: 1
2020;1;28;2;5;1;0;OKLA;?;12h20;Poissy;uic_87386573;?;?;normal;5;0;60;60;60;1 - 1 - 1 - 1 - 1;1: 5
2020;1;28;2;5;1;0;OKLA;?;12h40;Poissy;uic_87386573;?;?;normal;5;0;120;36;0;0 - 0 - 0 - 1 - 2;0: 3 - 1: 1 - 2: 1
2020;1;28;2;5;1;0;OKLA;?;13h00;Poissy;uic_87386573;?;?;normal;5;0;120;60;60;1 - 0 - 0 - 2 - 2;0: 2 - 1: 1 - 2: 2
2020;1;28;2;5;1;0;OKLA;?;13h20;Poissy;uic_87386573;?;?;normal;5;0;60;36;60;0 - 1 - 0 - 1 - 1;0: 2 - 1: 3
2020;1;28;2;5;1;0;OKLA;?;13h40;Poissy;uic_87386573;?;?;normal;5;0;0;0;0;0 - 0 - 0 - 0 - 0;0: 5
2020;1;28;2;5;1;0;OKLA;?;14h00;Poissy;uic_87386573;?;?;normal;5;0;60;48;60;0 - 1 - 1 - 1 - 1;0: 1 - 1: 4
2020;1;28;2;5;1;0;OKLA;?;14h20;Poissy;uic_87386573;?;?;normal;5;0;60;24;0;1 - 1 - 0 - 0 - 0;0: 3 - 1: 2
2020;1;28;2;5;1;0;OKRE;?;14h40;Poissy;uic_87386573;?;?;normal;5;0;0;0;0;0 - 0 - 0 - 0 - 0;0: 5
2020;1;28;2;5;1;0;OKRE;?;15h00;Poissy;uic_87386573;?;?;normal;5;0;120;72;60;2 - 1 - 1 - 1 - 1;1: 4 - 2: 1
2020;1;28;2;5;1;0;OKRE;?;15h20;Poissy;uic_87386573;?;?;normal;5;0;120;72;60;1 - 1 - 1 - 1 - 2;1: 4 - 2: 1
2020;1;28;2;5;1;0;OKRE;?;15h40;Poissy;uic_87386573;?;?;normal;5;0;60;12;0;0 - 1 - 0 - 0 - 0;0: 4 - 1: 1
2020;1;28;2;5;1;0;OKRE;?;16h00;Poissy;uic_87386573;?;?;normal;5;0;0;0;0;0 - 0 - 0 - 0 - 0;0: 5
2020;1;28;2;5;1;0;OKRE;?;16h20;Poissy;uic_87386573;?;?;normal;5;0;60;60;60;1 - 1 - 1 - 1 - 1;1: 5
2020;1;28;2;5;1;0;OPEN;?;04h42;Cergy le Haut;uic_87382655;?;?;normal;9;0;60;6;0;0 - 0 - 0 - 0 - 0 - 1 - 0 - 0 - 0;0: 8 - 1: 1
2020;1;28;2;5;1;0;OPUS;?;00h28;Sartrouville;uic_87386417;?;?;normal;2;0;0;0;0;0 - 0;0: 2
2020;1;28;2;5;1;0;OPUS;?;23h58;Sartrouville;uic_87386417;?;?;normal;2;0;120;120;2;2 - 2;2: 2
2020;1;28;2;5;1;0;QURI;?;00h05;Poissy;uic_87386573;?;?;normal;5;0;0;0;0;0 - 0 - 0 - 0 - 0;0: 5
2020;1;28;2;5;1;0;QURI;?;05h10;Poissy;uic_87386573;?;?;normal;5;0;60;60;60;1 - 1 - 1 - 1 - 1;1: 5
2020;1;28;2;5;1;0;TAPI;?;00h31;Houilles - Carrières-sur-Seine;uic_87386409;?;?;normal;4;0;0;0;0;0 - 0 - 0 - 0;0: 4
2020;1;28;2;5;1;0;TAXE;?;00h03;Houilles - Carrières-sur-Seine;uic_87386409;?;?;normal;4;0;0;0;0;0 - 0 - 0 - 0;0: 4
2020;1;28;2;5;1;0;TAXE;?;06h35;Houilles - Carrières-sur-Seine;uic_87386409;?;?;normal;4;0;60;15;0;0 - 0 - 1 - 0;0: 3 - 1: 1
2020;1;28;2;5;1;0;TAXE;?;07h06;Houilles - Carrières-sur-Seine;uic_87386409;?;?;normal;4;0;60;60;1;1 - 1 - 1 - 1;1: 4
2020;1;28;2;5;1;0;TAXE;?;07h21;Houilles - Carrières-sur-Seine;uic_87386409;?;?;normal;4;0;60;45;1;1 - 1 - 1 - 0;0: 1 - 1: 3
2020;1;28;2;5;1;0;TAXE;?;07h37;Houilles - Carrières-sur-Seine;uic_87386409;?;?;normal;4;0;180;135;3;3 - 3 - 3 - 0;0: 1 - 3: 3
2020;1;28;2;5;1;0;TAXE;?;07h50;Houilles - Carrières-sur-Seine;uic_87386409;?;?;normal;4;0;240;225;4;4 - 4 - 4 - 3;3: 1 - 4: 3
2020;1;28;2;5;1;0;TAXE;?;08h01;Houilles - Carrières-sur-Seine;uic_87386409;?;?;normal;4;0;540;435;7;6 - 7 - 7 - 9;6: 1 - 7: 2 - 9: 1
2020;1;28;2;5;1;0;TAXE;?;08h13;Houilles - Carrières-sur-Seine;uic_87386409;?;?;normal;4;0;240;195;210;3 - 4 - 4 - 2;2: 1 - 3: 1 - 4: 2
2020;1;28;2;5;1;0;TAXE;?;08h25;Houilles - Carrières-sur-Seine;uic_87386409;?;?;normal;4;0;240;150;3;3 - 4 - 3 - 0;0: 1 - 3: 2 - 4: 1
2020;1;28;2;5;1;0;TAXE;?;08h36;Houilles - Carrières-sur-Seine;uic_87386409;?;?;normal;4;0;240;195;4;4 - 4 - 4 - 1;1: 1 - 4: 3
2020;1;28;2;5;1;0;TAXE;?;08h48;Houilles - Carrières-sur-Seine;uic_87386409;?;?;normal;4;0;540;510;510;8 - 8 - 9 - 9;8: 2 - 9: 2
2020;1;28;2;5;1;0;TAXE;?;09h00;Houilles - Carrières-sur-Seine;uic_87386409;?;?;normal;4;0;540;450;450;7 - 9 - 8 - 6;6: 1 - 7: 1 - 8: 1 - 9: 1
2020;1;28;2;5;1;0;TAXE;?;09h11;Houilles - Carrières-sur-Seine;uic_87386409;?;?;normal;4;0;540;495;510;8 - 9 - 9 - 7;7: 1 - 8: 1 - 9: 2
2020;1;28;2;5;1;0;TAXE;?;09h23;Houilles - Carrières-sur-Seine;uic_87386409;?;?;normal;4;0;540;525;9;9 - 9 - 9 - 8;8: 1 - 9: 3
2020;1;28;2;5;1;0;TAXE;?;09h35;Houilles - Carrières-sur-Seine;uic_87386409;?;?;normal;4;0;600;510;8;8 - 8 - 8 - 10;8: 3 - 10: 1
2020;1;28;2;5;1;0;TAXE;?;09h46;Houilles - Carrières-sur-Seine;uic_87386409;?;?;normal;4;0;480;465;8;8 - 8 - 8 - 7;7: 1 - 8: 3
2020;1;28;2;5;1;0;TAXE;?;09h58;Houilles - Carrières-sur-Seine;uic_87386409;?;?;normal;4;0;960;885;15;13 - 16 - 16 - 14;13: 1 - 14: 1 - 16: 2
2020;1;28;2;5;1;0;TAXE;?;17h14;Houilles - Carrières-sur-Seine;uic_87386409;?;?;normal;4;0;120;75;90;1 - 2 - 2 - 0;0: 1 - 1: 1 - 2: 2
2020;1;28;2;5;1;0;TAXE;?;17h26;Houilles - Carrières-sur-Seine;uic_87386409;?;?;normal;4;0;120;90;90;1 - 2 - 2 - 1;1: 2 - 2: 2
2020;1;28;2;5;1;0;TAXE;?;17h39;Houilles - Carrières-sur-Seine;uic_87386409;?;?;normal;4;0;120;45;30;0 - 2 - 1 - 0;0: 2 - 1: 1 - 2: 1
2020;1;28;2;5;1;0;TAXE;?;17h51;Houilles - Carrières-sur-Seine;uic_87386409;?;?;normal;4;0;120;105;2;2 - 2 - 2 - 1;1: 1 - 2: 3
2020;1;28;2;5;1;0;TAXE;?;18h04;Houilles - Carrières-sur-Seine;uic_87386409;?;?;normal;4;0;120;90;2;2 - 2 - 2 - 0;0: 1 - 2: 3
2020;1;28;2;5;1;0;TAXE;?;18h16;Houilles - Carrières-sur-Seine;uic_87386409;?;?;normal;4;0;180;120;2;1 - 3 - 2 - 2;1: 1 - 2: 2 - 3: 1
2020;1;28;2;5;1;0;TAXE;?;18h29;Houilles - Carrières-sur-Seine;uic_87386409;?;?;normal;4;0;420;345;330;5 - 5 - 6 - 7;5: 2 - 6: 1 - 7: 1
2020;1;28;2;5;1;0;TAXE;?;18h41;Houilles - Carrières-sur-Seine;uic_87386409;?;?;normal;4;0;240;210;210;3 - 4 - 4 - 3;3: 2 - 4: 2
2020;1;28;2;5;1;0;TAXE;?;18h54;Houilles - Carrières-sur-Seine;uic_87386409;?;?;normal;4;0;240;210;210;3 - 4 - 4 - 3;3: 2 - 4: 2
2020;1;28;2;5;1;0;TAXE;?;19h06;Houilles - Carrières-sur-Seine;uic_87386409;?;?;normal;4;0;300;270;270;4 - 5 - 5 - 4;4: 2 - 5: 2
2020;1;28;2;5;1;0;TAXE;?;19h19;Houilles - Carrières-sur-Seine;uic_87386409;?;?;annule;4;4;0;0;0;;
2020;1;28;2;5;1;0;TAXE;?;19h31;Houilles - Carrières-sur-Seine;uic_87386409;?;?;normal;4;0;300;255;270;4 - 5 - 5 - 3;3: 1 - 4: 1 - 5: 2
2020;1;28;2;5;1;0;TAXE;?;19h44;Houilles - Carrières-sur-Seine;uic_87386409;?;?;normal;4;0;240;210;210;3 - 4 - 4 - 3;3: 2 - 4: 2
2020;1;28;2;5;1;0;TAXE;?;19h56;Houilles - Carrières-sur-Seine;uic_87386409;?;?;normal;4;0;120;60;1;1 - 2 - 1 - 0;0: 1 - 1: 2 - 2: 1
2020;1;28;2;5;1;0;TAXE;?;20h17;Houilles - Carrières-sur-Seine;uic_87386409;?;?;normal;4;0;840;780;13;13 - 14 - 13 - 12;12: 1 - 13: 2 - 14: 1
2020;1;28;2;5;1;0;TAXE;?;20h38;Houilles - Carrières-sur-Seine;uic_87386409;?;?;normal;4;0;180;120;2;1 - 2 - 2 - 3;1: 1 - 2: 2 - 3: 1
2020;1;28;2;5;1;0;TAXE;?;20h58;Houilles - Carrières-sur-Seine;uic_87386409;?;?;normal;4;0;180;135;150;1 - 2 - 3 - 3;1: 1 - 2: 1 - 3: 2
2020;1;28;2;5;1;0;TAXE;?;21h19;Houilles - Carrières-sur-Seine;uic_87386409;?;?;normal;4;0;360;240;5;0 - 5 - 6 - 5;0: 1 - 5: 2 - 6: 1
2020;1;28;2;5;1;0;TAXE;?;21h38;Houilles - Carrières-sur-Seine;uic_87386409;?;?;normal;4;0;180;150;150;2 - 3 - 3 - 2;2: 2 - 3: 2
2020;1;28;2;5;1;0;TAXE;?;22h03;Houilles - Carrières-sur-Seine;uic_87386409;?;?;normal;4;0;240;210;210;3 - 4 - 4 - 3;3: 2 - 4: 2
2020;1;28;2;5;1;0;TAXE;?;22h33;Houilles - Carrières-sur-Seine;uic_87386409;?;?;normal;4;0;0;0;0;0 - 0 - 0 - 0;0: 4
2020;1;28;2;5;1;0;TAXE;?;23h03;Houilles - Carrières-sur-Seine;uic_87386409;?;?;normal;4;0;180;135;2;2 - 3 - 2 - 2;2: 3 - 3: 1
2020;1;28;2;5;1;0;TAXE;?;23h33;Houilles - Carrières-sur-Seine;uic_87386409;?;?;normal;4;0;180;90;1;1 - 1 - 1 - 3;1: 3 - 3: 1
2020;1;28;2;5;1;0;TEDI;?;00h58;Houilles - Carrières-sur-Seine;uic_87386409;?;?;normal;4;0;120;60;1;0 - 1 - 1 - 2;0: 1 - 1: 2 - 2: 1
2020;1;28;2;5;1;0;TEDI;?;06h11;Houilles - Carrières-sur-Seine;uic_87386409;?;?;normal;4;0;180;60;30;0 - 1 - 0 - 3;0: 2 - 1: 1 - 3: 1
2020;1;28;2;5;1;0;TRAM;?;15h53;Houilles - Carrières-sur-Seine;uic_87386409;?;?;normal;4;0;300;240;4;4 - 5 - 4 - 3;3: 1 - 4: 2 - 5: 1
2020;1;28;2;5;1;0;TRAM;?;16h13;Houilles - Carrières-sur-Seine;uic_87386409;?;?;normal;4;0;120;75;1;1 - 2 - 1 - 1;1: 3 - 2: 1
2020;1;28;2;5;1;0;TRAM;?;16h33;Houilles - Carrières-sur-Seine;uic_87386409;?;?;normal;4;0;180;105;2;2 - 3 - 2 - 0;0: 1 - 2: 2 - 3: 1
2020;1;28;2;5;1;0;TRAM;?;16h54;Houilles - Carrières-sur-Seine;uic_87386409;?;?;normal;4;0;60;30;30;0 - 0 - 1 - 1;0: 2 - 1: 2
2020;1;28;2;5;1;0;TROC;?;06h52;Houilles - Carrières-sur-Seine;uic_87386409;?;?;normal;4;0;60;45;1;1 - 1 - 1 - 0;0: 1 - 1: 3
2020;1;28;2;5;1;0;TROC;?;10h13;Houilles - Carrières-sur-Seine;uic_87386409;?;?;normal;4;0;480;435;450;6 - 8 - 8 - 7;6: 1 - 7: 1 - 8: 2
2020;1;28;2;5;1;0;TROC;?;10h33;Houilles - Carrières-sur-Seine;uic_87386409;?;?;normal;4;0;120;45;30;0 - 0 - 2 - 1;0: 2 - 1: 1 - 2: 1
2020;1;28;2;5;1;0;TROC;?;10h53;Houilles - Carrières-sur-Seine;uic_87386409;?;?;normal;4;0;120;90;90;1 - 2 - 2 - 1;1: 2 - 2: 2
2020;1;28;2;5;1;0;TROC;?;11h13;Houilles - Carrières-sur-Seine;uic_87386409;?;?;normal;4;0;660;645;11;11 - 11 - 11 - 10;10: 1 - 11: 3
2020;1;28;2;5;1;0;TROC;?;11h33;Houilles - Carrières-sur-Seine;uic_87386409;?;?;normal;4;0;360;240;4;2 - 4 - 4 - 6;2: 1 - 4: 2 - 6: 1
2020;1;28;2;5;1;0;TROC;?;11h53;Houilles - Carrières-sur-Seine;uic_87386409;?;?;normal;4;0;0;0;0;0 - 0 - 0 - 0;0: 4
2020;1;28;2;5;1;0;TROC;?;12h13;Houilles - Carrières-sur-Seine;uic_87386409;?;?;normal;4;0;180;165;3;3 - 3 - 3 - 2;2: 1 - 3: 3
2020;1;28;2;5;1;0;TROC;?;12h33;Houilles - Carrières-sur-Seine;uic_87386409;?;?;normal;4;0;0;0;0;0 - 0 - 0 - 0;0: 4
2020;1;28;2;5;1;0;TROC;?;12h53;Houilles - Carrières-sur-Seine;uic_87386409;?;?;normal;4;0;120;90;90;1 - 2 - 2 - 1;1: 2 - 2: 2
2020;1;28;2;5;1;0;TROC;?;13h13;Houilles - Carrières-sur-Seine;uic_87386409;?;?;normal;4;0;180;120;2;2 - 3 - 2 - 1;1: 1 - 2: 2 - 3: 1
2020;1;28;2;5;1;0;TROC;?;13h33;Houilles - Carrières-sur-Seine;uic_87386409;?;?;normal;4;0;60;15;0;0 - 1 - 0 - 0;0: 3 - 1: 1
2020;1;28;2;5;1;0;TROC;?;13h53;Houilles - Carrières-sur-Seine;uic_87386409;?;?;normal;4;0;0;0;0;0 - 0 - 0 - 0;0: 4
2020;1;28;2;5;1;0;TROC;?;14h13;Houilles - Carrières-sur-Seine;uic_87386409;?;?;normal;4;0;60;15;0;0 - 1 - 0 - 0;0: 3 - 1: 1
2020;1;28;2;5;1;0;TROC;?;14h33;Houilles - Carrières-sur-Seine;uic_87386409;?;?;normal;4;0;0;0;0;0 - 0 - 0 - 0;0: 4
2020;1;28;2;5;1;0;TROC;?;14h53;Houilles - Carrières-sur-Seine;uic_87386409;?;?;normal;4;0;0;0;0;0 - 0 - 0 - 0;0: 4
2020;1;28;2;5;1;0;TROC;?;15h13;Houilles - Carrières-sur-Seine;uic_87386409;?;?;normal;4;0;120;75;90;1 - 2 - 2 - 0;0: 1 - 1: 1 - 2: 2
2020;1;28;2;5;1;0;TROC;?;15h33;Houilles - Carrières-sur-Seine;uic_87386409;?;?;normal;4;0;240;195;3;3 - 3 - 4 - 3;3: 3 - 4: 1
2020;1;28;2;5;1;0;UBAL;?;05h56;Houilles - Carrières-sur-Seine;uic_87386409;?;?;normal;8;0;120;67;1;0 - 1 - 1 - 1 - 1 - 2 - 1 - 2;0: 1 - 1: 5 - 2: 2
2020;1;28;2;5;1;0;UZAR;?;06h23;Houilles - Carrières-sur-Seine;uic_87386409;?;?;normal;8;0;0;0;0;0 - 0 - 0 - 0 - 0 - 0 - 0 - 0;0: 8
2020;1;28;2;5;1;0;UZAR;?;06h40;Houilles - Carrières-sur-Seine;uic_87386409;?;?;normal;8;0;300;255;4;3 - 4 - 4 - 4 - 4 - 5 - 5 - 5;3: 1 - 4: 4 - 5: 3
2020;1;28;2;5;1;0;UZAR;?;06h56;Houilles - Carrières-sur-Seine;uic_87386409;?;?;normal;8;0;480;187;2;1 - 2 - 1 - 2 - 2 - 2 - 7 - 8;1: 2 - 2: 4 - 7: 1 - 8: 1
2020;1;28;2;5;1;0;UZAR;?;07h11;Houilles - Carrières-sur-Seine;uic_87386409;?;?;normal;8;0;360;262;4;4 - 4 - 4 - 4 - 4 - 4 - 5 - 6;4: 6 - 5: 1 - 6: 1
2020;1;28;2;5;1;0;UZAR;?;07h25;Houilles - Carrières-sur-Seine;uic_87386409;?;?;normal;8;0;120;97;2;2 - 2 - 1 - 1 - 2 - 2 - 1 - 2;1: 3 - 2: 5
2020;1;28;2;5;1;0;UZAR;?;07h46;Houilles - Carrières-sur-Seine;uic_87386409;?;?;normal;8;0;240;195;210;2 - 2 - 3 - 3 - 4 - 4 - 4 - 4;2: 2 - 3: 2 - 4: 4
2020;1;28;2;5;1;0;UZAR;?;07h57;Houilles - Carrières-sur-Seine;uic_87386409;?;?;normal;8;0;300;232;4;2 - 3 - 4 - 4 - 4 - 4 - 5 - 5;2: 1 - 3: 1 - 4: 4 - 5: 2
2020;1;28;2;5;1;0;UZAR;?;08h09;Houilles - Carrières-sur-Seine;uic_87386409;?;?;normal;8;0;120;60;1;1 - 2 - 1 - 1 - 1 - 1 - 1 - 0;0: 1 - 1: 6 - 2: 1
2020;1;28;2;5;1;0;UZAR;?;08h21;Houilles - Carrières-sur-Seine;uic_87386409;?;?;normal;8;0;360;217;3;3 - 3 - 2 - 3 - 3 - 3 - 6 - 6;2: 1 - 3: 5 - 6: 2
2020;1;28;2;5;1;0;UZAR;?;08h32;Houilles - Carrières-sur-Seine;uic_87386409;?;?;normal;8;0;720;345;5;5 - 5 - 4 - 4 - 5 - 6 - 5 - 12;4: 2 - 5: 4 - 6: 1 - 12: 1
2020;1;28;2;5;1;0;UZAR;?;08h44;Houilles - Carrières-sur-Seine;uic_87386409;?;?;normal;8;0;660;577;570;8 - 9 - 9 - 9 - 10 - 11 - 11 - 10;8: 1 - 9: 3 - 10: 2 - 11: 2
2020;1;28;2;5;1;0;UZAR;?;08h56;Houilles - Carrières-sur-Seine;uic_87386409;?;?;normal;8;0;600;510;510;8 - 9 - 7 - 9 - 8 - 8 - 9 - 10;7: 1 - 8: 3 - 9: 3 - 10: 1
2020;1;28;2;5;1;0;UZAR;?;09h07;Houilles - Carrières-sur-Seine;uic_87386409;?;?;normal;8;0;540;532;9;9 - 9 - 9 - 9 - 9 - 9 - 8 - 9;8: 1 - 9: 7
2020;1;28;2;5;1;0;UZAR;?;09h19;Houilles - Carrières-sur-Seine;uic_87386409;?;?;normal;8;0;420;367;6;6 - 6 - 6 - 6 - 6 - 6 - 6 - 7;6: 7 - 7: 1
2020;1;28;2;5;1;0;UZAR;?;09h31;Houilles - Carrières-sur-Seine;uic_87386409;?;?;normal;8;0;600;540;9;9 - 9 - 8 - 9 - 9 - 9 - 9 - 10;8: 1 - 9: 6 - 10: 1
2020;1;28;2;5;1;0;UZAR;?;09h42;Houilles - Carrières-sur-Seine;uic_87386409;?;?;normal;8;0;360;315;5;4 - 5 - 5 - 6 - 6 - 5 - 5 - 6;4: 1 - 5: 4 - 6: 3
2020;1;28;2;5;1;0;UZAR;?;09h54;Houilles - Carrières-sur-Seine;uic_87386409;?;?;normal;8;0;1020;915;930;13 - 14 - 15 - 15 - 16 - 16 - 16 - 17;13: 1 - 14: 1 - 15: 2 - 16: 3 - 17: 1
2020;1;28;2;5;1;0;UZAR;?;10h07;Houilles - Carrières-sur-Seine;uic_87386409;?;?;normal;8;0;660;630;11;9 - 11 - 10 - 11 - 11 - 10 - 11 - 11;9: 1 - 10: 2 - 11: 5
2020;1;28;2;5;1;0;UZAR;?;10h18;Houilles - Carrières-sur-Seine;uic_87386409;?;?;normal;8;0;600;532;9;7 - 8 - 8 - 9 - 10 - 9 - 10 - 10;7: 1 - 8: 2 - 9: 2 - 10: 3
2020;1;28;2;5;1;0;UZAR;?;10h27;Houilles - Carrières-sur-Seine;uic_87386409;?;?;normal;8;0;300;202;4;1 - 1 - 2 - 4 - 5 - 4 - 5 - 5;1: 2 - 2: 1 - 4: 2 - 5: 3
2020;1;28;2;5;1;0;UZAR;?;10h38;Houilles - Carrières-sur-Seine;uic_87386409;?;?;normal;8;0;480;382;7;2 - 4 - 7 - 8 - 8 - 7 - 8 - 7;2: 1 - 4: 1 - 7: 3 - 8: 3
2020;1;28;2;5;1;0;UZAR;?;10h47;Houilles - Carrières-sur-Seine;uic_87386409;?;?;normal;8;0;360;277;5;3 - 2 - 4 - 5 - 6 - 5 - 6 - 6;2: 1 - 3: 1 - 4: 1 - 5: 2 - 6: 3
2020;1;28;2;5;1;0;UZAR;?;10h58;Houilles - Carrières-sur-Seine;uic_87386409;?;?;normal;8;0;180;150;3;2 - 2 - 1 - 3 - 3 - 3 - 3 - 3;1: 1 - 2: 2 - 3: 5
2020;1;28;2;5;1;0;UZAR;?;11h07;Houilles - Carrières-sur-Seine;uic_87386409;?;?;normal;8;0;180;75;1;2 - 1 - 0 - 0 - 1 - 1 - 3 - 2;0: 2 - 1: 3 - 2: 2 - 3: 1
2020;1;28;2;5;1;0;UZAR;?;11h18;Houilles - Carrières-sur-Seine;uic_87386409;?;?;normal;8;0;180;142;150;3 - 3 - 2 - 3 - 3 - 2 - 2 - 1;1: 1 - 2: 3 - 3: 4
2020;1;28;2;5;1;0;UZAR;?;11h27;Houilles - Carrières-sur-Seine;uic_87386409;?;?;normal;8;0;300;247;270;2 - 4 - 3 - 5 - 5 - 4 - 5 - 5;2: 1 - 3: 1 - 4: 2 - 5: 4
2020;1;28;2;5;1;0;UZAR;?;11h38;Houilles - Carrières-sur-Seine;uic_87386409;?;?;normal;8;0;240;195;210;2 - 3 - 2 - 4 - 4 - 3 - 4 - 4;2: 2 - 3: 2 - 4: 4
2020;1;28;2;5;1;0;UZAR;?;11h47;Houilles - Carrières-sur-Seine;uic_87386409;?;?;normal;8;0;120;30;0;0 - 0 - 0 - 0 - 1 - 0 - 1 - 2;0: 5 - 1: 2 - 2: 1
2020;1;28;2;5;1;0;UZAR;?;11h58;Houilles - Carrières-sur-Seine;uic_87386409;?;?;normal;8;0;180;90;2;0 - 0 - 1 - 2 - 2 - 2 - 3 - 2;0: 2 - 1: 1 - 2: 4 - 3: 1
2020;1;28;2;5;1;0;UZAR;?;12h07;Houilles - Carrières-sur-Seine;uic_87386409;?;?;normal;8;0;60;22;0;0 - 0 - 0 - 1 - 1 - 0 - 1 - 0;0: 5 - 1: 3
2020;1;28;2;5;1;0;UZAR;?;12h18;Houilles - Carrières-sur-Seine;uic_87386409;?;?;normal;8;0;240;202;210;3 - 3 - 2 - 4 - 4 - 3 - 4 - 4;2: 1 - 3: 3 - 4: 4
2020;1;28;2;5;1;0;UZAR;?;12h27;Houilles - Carrières-sur-Seine;uic_87386409;?;?;normal;8;0;60;30;30;1 - 1 - 0 - 0 - 1 - 0 - 1 - 0;0: 4 - 1: 4
2020;1;28;2;5;1;0;UZAR;?;12h38;Houilles - Carrières-sur-Seine;uic_87386409;?;?;normal;8;0;60;30;30;0 - 1 - 0 - 1 - 1 - 0 - 1 - 0;0: 4 - 1: 4
2020;1;28;2;5;1;0;UZAR;?;12h47;Houilles - Carrières-sur-Seine;uic_87386409;?;?;normal;8;0;420;307;6;3 - 3 - 4 - 6 - 6 - 6 - 7 - 6;3: 2 - 4: 1 - 6: 4 - 7: 1
2020;1;28;2;5;1;0;UZAR;?;12h58;Houilles - Carrières-sur-Seine;uic_87386409;?;?;normal;8;0;120;52;1;1 - 2 - 0 - 1 - 1 - 0 - 1 - 1;0: 2 - 1: 5 - 2: 1
2020;1;28;2;5;1;0;UZAR;?;13h07;Houilles - Carrières-sur-Seine;uic_87386409;?;?;normal;8;0;0;0;0;0 - 0 - 0 - 0 - 0 - 0 - 0 - 0;0: 8
2020;1;28;2;5;1;0;UZAR;?;13h18;Houilles - Carrières-sur-Seine;uic_87386409;?;?;normal;8;0;120;60;1;1 - 2 - 0 - 1 - 1 - 1 - 1 - 1;0: 1 - 1: 6 - 2: 1
2020;1;28;2;5;1;0;UZAR;?;13h27;Houilles - Carrières-sur-Seine;uic_87386409;?;?;normal;8;0;60;7;0;0 - 0 - 0 - 0 - 0 - 0 - 1 - 0;0: 7 - 1: 1
2020;1;28;2;5;1;0;UZAR;?;13h38;Houilles - Carrières-sur-Seine;uic_87386409;?;?;normal;8;0;180;120;2;1 - 2 - 1 - 2 - 3 - 2 - 3 - 2;1: 2 - 2: 4 - 3: 2
2020;1;28;2;5;1;0;UZAR;?;13h47;Houilles - Carrières-sur-Seine;uic_87386409;?;?;normal;8;0;60;22;0;0 - 0 - 0 - 1 - 1 - 0 - 1 - 0;0: 5 - 1: 3
2020;1;28;2;5;1;0;UZAR;?;13h58;Houilles - Carrières-sur-Seine;uic_87386409;?;?;normal;8;0;180;150;3;1 - 2 - 2 - 3 - 3 - 3 - 3 - 3;1: 1 - 2: 2 - 3: 5
2020;1;28;2;5;1;0;UZAR;?;14h07;Houilles - Carrières-sur-Seine;uic_87386409;?;?;normal;8;0;240;90;90;0 - 0 - 0 - 1 - 2 - 2 - 3 - 4;0: 3 - 1: 1 - 2: 2 - 3: 1 - 4: 1
2020;1;28;2;5;1;0;UZAR;?;14h18;Houilles - Carrières-sur-Seine;uic_87386409;?;?;normal;8;0;180;120;2;2 - 2 - 1 - 2 - 2 - 2 - 3 - 2;1: 1 - 2: 6 - 3: 1
2020;1;28;2;5;1;0;UZAR;?;14h27;Houilles - Carrières-sur-Seine;uic_87386409;?;?;normal;8;0;180;22;0;0 - 0 - 0 - 0 - 0 - 0 - 0 - 3;0: 7 - 3: 1
2020;1;28;2;5;1;0;UZAR;?;14h38;Houilles - Carrières-sur-Seine;uic_87386409;?;?;normal;8;0;120;45;1;0 - 1 - 0 - 1 - 1 - 0 - 2 - 1;0: 3 - 1: 4 - 2: 1
2020;1;28;2;5;1;0;UZAR;?;14h47;Houilles - Carrières-sur-Seine;uic_87386409;?;?;normal;8;0;60;15;0;0 - 0 - 0 - 0 - 0 - 0 - 1 - 1;0: 6 - 1: 2
2020;1;28;2;5;1;0;UZAR;?;14h58;Houilles - Carrières-sur-Seine;uic_87386409;?;?;normal;8;0;60;30;30;0 - 1 - 0 - 1 - 1 - 0 - 1 - 0;0: 4 - 1: 4
2020;1;28;2;5;1;0;UZAR;?;15h07;Houilles - Carrières-sur-Seine;uic_87386409;?;?;normal;8;0;60;7;0;0 - 0 - 0 - 0 - 0 - 0 - 1 - 0;0: 7 - 1: 1
2020;1;28;2;5;1;0;UZAR;?;15h18;Houilles - Carrières-sur-Seine;uic_87386409;?;?;normal;8;0;300;255;4;4 - 5 - 3 - 4 - 5 - 4 - 5 - 4;3: 1 - 4: 4 - 5: 3
2020;1;28;2;5;1;0;UZEL;?;15h47;Houilles - Carrières-sur-Seine;uic_87386409;?;?;normal;8;0;480;427;7;7 - 7 - 5 - 7 - 8 - 7 - 8 - 8;5: 1 - 7: 4 - 8: 3
2020;1;28;2;5;1;0;UZEL;?;15h58;Houilles - Carrières-sur-Seine;uic_87386409;?;?;normal;8;0;360;315;5;5 - 6 - 4 - 5 - 6 - 5 - 6 - 5;4: 1 - 5: 4 - 6: 3
2020;1;28;2;5;1;0;UZEL;?;16h07;Houilles - Carrières-sur-Seine;uic_87386409;?;?;normal;8;0;360;240;4;3 - 3 - 2 - 4 - 5 - 4 - 6 - 5;2: 1 - 3: 2 - 4: 2 - 5: 2 - 6: 1
2020;1;28;2;5;1;0;UZEL;?;16h18;Houilles - Carrières-sur-Seine;uic_87386409;?;?;normal;8;0;180;157;3;3 - 3 - 2 - 3 - 3 - 2 - 3 - 2;2: 3 - 3: 5
2020;1;28;2;5;1;0;UZEL;?;16h26;Houilles - Carrières-sur-Seine;uic_87386409;?;?;normal;8;0;60;52;1;1 - 1 - 0 - 1 - 1 - 1 - 1 - 1;0: 1 - 1: 7
2020;1;28;2;5;1;0;UZEL;?;16h38;Houilles - Carrières-sur-Seine;uic_87386409;?;?;normal;8;0;300;225;4;2 - 4 - 3 - 4 - 4 - 4 - 5 - 4;2: 1 - 3: 1 - 4: 5 - 5: 1
2020;1;28;2;5;1;0;UZEL;?;16h46;Houilles - Carrières-sur-Seine;uic_87386409;?;?;normal;8;0;300;187;210;1 - 2 - 1 - 3 - 4 - 4 - 5 - 5;1: 2 - 2: 1 - 3: 1 - 4: 2 - 5: 2
2020;1;28;2;5;1;0;UZEL;?;16h59;Houilles - Carrières-sur-Seine;uic_87386409;?;?;normal;8;0;60;30;30;0 - 1 - 0 - 0 - 1 - 0 - 1 - 1;0: 4 - 1: 4
2020;1;28;2;5;1;0;UZEL;?;17h05;Houilles - Carrières-sur-Seine;uic_87386409;?;?;normal;8;0;0;0;0;0 - 0 - 0 - 0 - 0 - 0 - 0 - 0;0: 8
2020;1;28;2;5;1;0;UZEL;?;17h18;Houilles - Carrières-sur-Seine;uic_87386409;?;?;normal;8;0;300;232;270;2 - 2 - 3 - 4 - 5 - 5 - 5 - 5;2: 2 - 3: 1 - 4: 1 - 5: 4
2020;1;28;2;5;1;0;UZEL;?;17h30;Houilles - Carrières-sur-Seine;uic_87386409;?;?;normal;8;0;240;150;150;1 - 2 - 2 - 2 - 3 - 3 - 3 - 4;1: 1 - 2: 3 - 3: 3 - 4: 1
2020;1;28;2;5;1;0;UZEL;?;17h43;Houilles - Carrières-sur-Seine;uic_87386409;?;?;normal;8;0;240;202;4;2 - 3 - 2 - 4 - 4 - 4 - 4 - 4;2: 2 - 3: 1 - 4: 5
2020;1;28;2;5;1;0;UZEL;?;17h55;Houilles - Carrières-sur-Seine;uic_87386409;?;?;normal;8;0;240;142;2;1 - 2 - 2 - 2 - 2 - 3 - 3 - 4;1: 1 - 2: 4 - 3: 2 - 4: 1
2020;1;28;2;5;1;0;UZEL;?;18h08;Houilles - Carrières-sur-Seine;uic_87386409;?;?;normal;8;0;600;285;270;0 - 2 - 3 - 4 - 5 - 5 - 9 - 10;0: 1 - 2: 1 - 3: 1 - 4: 1 - 5: 2 - 9: 1 - 10: 1
2020;1;28;2;5;1;0;UZEL;?;18h20;Houilles - Carrières-sur-Seine;uic_87386409;?;?;normal;8;0;600;270;210;1 - 2 - 2 - 3 - 4 - 5 - 9 - 10;1: 1 - 2: 2 - 3: 1 - 4: 1 - 5: 1 - 9: 1 - 10: 1
2020;1;28;2;5;1;0;UZEL;?;18h33;Houilles - Carrières-sur-Seine;uic_87386409;?;?;normal;8;0;300;262;5;3 - 4 - 3 - 5 - 5 - 5 - 5 - 5;3: 2 - 4: 1 - 5: 5
2020;1;28;2;5;1;0;UZEL;?;18h45;Houilles - Carrières-sur-Seine;uic_87386409;?;?;normal;8;0;360;307;5;4 - 5 - 4 - 5 - 5 - 6 - 6 - 6;4: 2 - 5: 3 - 6: 3
2020;1;28;2;5;1;0;UZEL;?;18h58;Houilles - Carrières-sur-Seine;uic_87386409;?;?;normal;8;0;540;435;8;5 - 6 - 6 - 8 - 8 - 8 - 8 - 9;5: 1 - 6: 2 - 8: 4 - 9: 1
2020;1;28;2;5;1;0;UZEL;?;19h10;Houilles - Carrières-sur-Seine;uic_87386409;?;?;normal;8;0;360;292;5;4 - 5 - 4 - 5 - 5 - 5 - 5 - 6;4: 2 - 5: 5 - 6: 1
2020;1;28;2;5;1;0;UZEL;?;19h23;Houilles - Carrières-sur-Seine;uic_87386409;?;?;normal;8;0;720;637;11;9 - 10 - 10 - 11 - 12 - 11 - 11 - 11;9: 1 - 10: 2 - 11: 4 - 12: 1
2020;1;28;2;5;1;0;UZEL;?;19h35;Houilles - Carrières-sur-Seine;uic_87386409;?;?;normal;8;0;420;330;330;4 - 5 - 5 - 5 - 6 - 6 - 6 - 7;4: 1 - 5: 3 - 6: 3 - 7: 1
2020;1;28;2;5;1;0;UZEL;?;19h48;Houilles - Carrières-sur-Seine;uic_87386409;?;?;normal;8;0;600;450;9;2 - 3 - 8 - 9 - 10 - 9 - 9 - 10;2: 1 - 3: 1 - 8: 1 - 9: 3 - 10: 2
2020;1;28;2;5;1;0;UZEL;?;20h00;Houilles - Carrières-sur-Seine;uic_87386409;?;?;normal;8;0;420;240;270;0 - 1 - 4 - 4 - 5 - 5 - 6 - 7;0: 1 - 1: 1 - 4: 2 - 5: 2 - 6: 1 - 7: 1
2020;1;28;2;5;1;0;UZEL;?;20h10;Houilles - Carrières-sur-Seine;uic_87386409;?;?;normal;8;0;1140;1027;17;15 - 17 - 16 - 17 - 17 - 18 - 18 - 19;15: 1 - 16: 1 - 17: 3 - 18: 2 - 19: 1
2020;1;28;2;5;1;0;UZEL;?;20h28;Houilles - Carrières-sur-Seine;uic_87386409;?;?;normal;8;0;300;292;5;4 - 5 - 5 - 5 - 5 - 5 - 5 - 5;4: 1 - 5: 7
2020;1;28;2;5;1;0;UZEL;?;20h49;Houilles - Carrières-sur-Seine;uic_87386409;?;?;normal;8;0;360;240;5;1 - 2 - 3 - 5 - 5 - 5 - 5 - 6;1: 1 - 2: 1 - 3: 1 - 5: 4 - 6: 1
2020;1;28;2;5;1;0;UZEL;?;21h08;Houilles - Carrières-sur-Seine;uic_87386409;?;?;normal;8;0;240;105;2;0 - 0 - 2 - 2 - 2 - 2 - 2 - 4;0: 2 - 2: 5 - 4: 1
2020;1;28;2;5;1;0;UZEL;?;21h28;Houilles - Carrières-sur-Seine;uic_87386409;?;?;normal;8;0;240;157;150;2 - 2 - 2 - 2 - 3 - 3 - 3 - 4;2: 4 - 3: 3 - 4: 1
2020;1;28;2;5;1;0;UZEL;?;21h49;Houilles - Carrières-sur-Seine;uic_87386409;?;?;normal;8;0;360;225;4;2 - 3 - 3 - 4 - 4 - 4 - 4 - 6;2: 1 - 3: 2 - 4: 4 - 6: 1
2020;1;28;2;5;1;0;UZIN;?;15h27;Houilles - Carrières-sur-Seine;uic_87386409;?;?;normal;8;0;0;0;0;0 - 0 - 0 - 0 - 0 - 0 - 0 - 0;0: 8
2020;1;28;2;5;1;0;UZIN;?;15h38;Houilles - Carrières-sur-Seine;uic_87386409;?;?;normal;8;0;180;112;2;2 - 3 - 1 - 2 - 2 - 1 - 2 - 2;1: 2 - 2: 5 - 3: 1
2020;1;28;2;5;1;0;VELO;?;00h18;Houilles - Carrières-sur-Seine;uic_87386409;?;?;normal;1;0;0;0;0;0;0: 1
2020;1;28;2;5;1;0;VELO;?;22h18;Houilles - Carrières-sur-Seine;uic_87386409;?;?;normal;1;0;0;0;0;0;0: 1
2020;1;28;2;5;1;0;VELO;?;22h48;Houilles - Carrières-sur-Seine;uic_87386409;?;?;normal;1;0;120;120;120;2;2: 1
2020;1;28;2;5;1;0;VELO;?;23h18;Houilles - Carrières-sur-Seine;uic_87386409;?;?;normal;1;0;0;0;0;0;0: 1
2020;1;28;2;5;1;0;VELO;?;23h48;Houilles - Carrières-sur-Seine;uic_87386409;?;?;normal;1;0;60;60;60;1;1: 1
2020;1;28;2;5;1;0;VIDA;?;00h44;Houilles - Carrières-sur-Seine;uic_87386409;?;?;normal;1;0;0;0;0;0;0: 1
2020;1;28;2;5;1;0;VIRO;?;01h13;Houilles - Carrières-sur-Seine;uic_87386409;?;?;normal;1;0;0;0;0;0;0: 1
2020;1;29;3;5;1;0;NAJA;?;22h28;Sartrouville;uic_87386417;?;?;normal;2;0;240;240;4;4 - 4;4: 2
2020;1;29;3;5;1;0;NAJA;?;22h58;Sartrouville;uic_87386417;?;?;normal;2;0;0;0;0;0 - 0;0: 2
2020;1;29;3;5;1;0;NAJA;?;23h28;Sartrouville;uic_87386417;?;?;normal;2;0;0;0;0;0 - 0;0: 2
2020;1;29;3;5;1;0;NANI;?;14h13;Cergy le Haut;uic_87382655;?;?;normal;9;0;0;0;0;0 - 0 - 0 - 0 - 0 - 0 - 0 - 0 - 0;0: 9
2020;1;29;3;5;1;0;NANI;?;14h23;Cergy le Haut;uic_87382655;?;?;normal;9;0;60;6;0;0 - 0 - 1 - 0 - 0 - 0 - 0 - 0 - 0;0: 8 - 1: 1
2020;1;29;3;5;1;0;NANI;?;14h33;Cergy le Haut;uic_87382655;?;?;normal;9;0;0;0;0;0 - 0 - 0 - 0 - 0 - 0 - 0 - 0 - 0;0: 9
2020;1;29;3;5;1;0;NANI;?;14h43;Cergy le Haut;uic_87382655;?;?;normal;9;0;0;0;0;0 - 0 - 0 - 0 - 0 - 0 - 0 - 0 - 0;0: 9
2020;1;29;3;5;1;0;NANI;?;14h53;Cergy le Haut;uic_87382655;?;?;normal;9;0;60;13;0;0 - 0 - 0 - 1 - 0 - 1 - 0 - 0 - 0;0: 7 - 1: 2
2020;1;29;3;5;1;0;NANI;?;15h03;Cergy le Haut;uic_87382655;?;?;normal;9;0;60;33;60;0 - 0 - 1 - 0 - 1 - 1 - 0 - 1 - 1;0: 4 - 1: 5
2020;1;29;3;5;1;0;NANI;?;15h13;Cergy le Haut;uic_87382655;?;?;normal;9;0;60;6;0;0 - 0 - 0 - 0 - 0 - 1 - 0 - 0 - 0;0: 8 - 1: 1
2020;1;29;3;5;1;0;NANI;?;15h23;Cergy le Haut;uic_87382655;?;?;normal;9;0;60;26;0;0 - 0 - 1 - 0 - 0 - 1 - 0 - 1 - 1;0: 5 - 1: 4
2020;1;29;3;5;1;0;NANI;?;15h33;Cergy le Haut;uic_87382655;?;?;normal;9;0;60;40;60;0 - 0 - 1 - 1 - 1 - 1 - 1 - 1 - 0;0: 3 - 1: 6
2020;1;29;3;5;1;0;NANI;?;15h43;Cergy le Haut;uic_87382655;?;?;normal;9;0;60;26;0;0 - 0 - 0 - 0 - 0 - 1 - 1 - 1 - 1;0: 5 - 1: 4
2020;1;29;3;5;1;0;NANI;?;15h53;Cergy le Haut;uic_87382655;?;?;normal;9;0;0;0;0;0 - 0 - 0 - 0 - 0 - 0 - 0 - 0 - 0;0: 9
2020;1;29;3;5;1;0;NANI;?;16h03;Cergy le Haut;uic_87382655;?;?;normal;9;0;0;0;0;0 - 0 - 0 - 0 - 0 - 0 - 0 - 0 - 0;0: 9
2020;1;29;3;5;1;0;NANI;?;16h13;Cergy le Haut;uic_87382655;?;?;normal;9;0;0;0;0;0 - 0 - 0 - 0 - 0 - 0 - 0 - 0 - 0;0: 9
2020;1;29;3;5;1;0;NANI;?;16h24;Cergy le Haut;uic_87382655;?;?;normal;9;0;60;6;0;0 - 0 - 1 - 0 - 0 - 0 - 0 - 0 - 0;0: 8 - 1: 1
2020;1;29;3;5;1;0;NANI;?;16h36;Cergy le Haut;uic_87382655;?;?;normal;9;0;960;613;420;4 - 7 - 6 - 6 - 7 - 15 - 15 - 16 - 16;4: 1 - 6: 2 - 7: 2 - 15: 2 - 16: 2
2020;1;29;3;5;1;0;NANI;?;16h49;Cergy le Haut;uic_87382655;?;?;normal;9;0;960;459;360;3 - 2 - 3 - 3 - 6 - 10 - 10 - 16 - 16;2: 1 - 3: 3 - 6: 1 - 10: 2 - 16: 2
2020;1;29;3;5;1;0;NANI;?;17h01;Cergy le Haut;uic_87382655;?;?;normal;9;0;600;220;240;0 - 0 - 0 - 1 - 4 - 4 - 5 - 9 - 10;0: 3 - 1: 1 - 4: 2 - 5: 1 - 9: 1 - 10: 1
2020;1;29;3;5;1;0;NANI;?;17h14;Cergy le Haut;uic_87382655;?;?;normal;9;0;540;139;0;0 - 0 - 0 - 0 - 0 - 2 - 2 - 8 - 9;0: 5 - 2: 2 - 8: 1 - 9: 1
2020;1;29;3;5;1;0;NANI;?;17h26;Cergy le Haut;uic_87382655;?;?;normal;9;0;180;53;0;0 - 0 - 0 - 0 - 0 - 1 - 1 - 3 - 3;0: 5 - 1: 2 - 3: 2
2020;1;29;3;5;1;0;NANI;?;17h39;Cergy le Haut;uic_87382655;?;?;normal;9;0;120;40;0;0 - 0 - 0 - 0 - 0 - 1 - 1 - 2 - 2;0: 5 - 1: 2 - 2: 2
2020;1;29;3;5;1;0;NANI;?;17h51;Cergy le Haut;uic_87382655;?;?;normal;9;0;120;20;0;0 - 0 - 0 - 0 - 0 - 2 - 1 - 0 - 0;0: 7 - 1: 1 - 2: 1
2020;1;29;3;5;1;0;NANI;?;18h04;Cergy le Haut;uic_87382655;?;?;normal;9;0;600;93;0;0 - 0 - 0 - 0 - 0 - 1 - 1 - 2 - 10;0: 5 - 1: 2 - 2: 1 - 10: 1
2020;1;29;3;5;1;0;NANI;?;18h16;Cergy le Haut;uic_87382655;?;?;normal;9;0;600;180;0;0 - 0 - 0 - 0 - 0 - 3 - 5 - 10 - 9;0: 5 - 3: 1 - 5: 1 - 9: 1 - 10: 1
2020;1;29;3;5;1;0;NANI;?;18h29;Cergy le Haut;uic_87382655;?;?;normal;9;0;360;133;0;0 - 0 - 0 - 0 - 0 - 4 - 4 - 6 - 6;0: 5 - 4: 2 - 6: 2
2020;1;29;3;5;1;0;NANI;?;18h41;Cergy le Haut;uic_87382655;?;?;normal;9;0;300;146;240;0 - 0 - 0 - 0 - 4 - 5 - 5 - 4 - 4;0: 4 - 4: 3 - 5: 2
2020;1;29;3;5;1;0;NANI;?;18h54;Cergy le Haut;uic_87382655;?;?;normal;9;0;60;6;0;0 - 0 - 0 - 0 - 0 - 0 - 0 - 0 - 1;0: 8 - 1: 1
2020;1;29;3;5;1;0;NANI;?;19h06;Cergy le Haut;uic_87382655;?;?;normal;9;0;660;80;0;0 - 0 - 0 - 0 - 0 - 1 - 0 - 0 - 11;0: 7 - 1: 1 - 11: 1
2020;1;29;3;5;1;0;NANI;?;19h20;Cergy le Haut;uic_87382655;?;?;normal;9;0;600;266;240;4 - 4 - 4 - 4 - 3 - 3 - 3 - 5 - 10;3: 3 - 4: 4 - 5: 1 - 10: 1
2020;1;29;3;5;1;0;NANI;?;19h39;Cergy le Haut;uic_87382655;?;?;normal;9;0;120;26;0;0 - 0 - 0 - 0 - 0 - 0 - 0 - 2 - 2;0: 7 - 2: 2
2020;1;29;3;5;1;0;NANI;?;20h05;Cergy le Haut;uic_87382655;?;?;normal;9;0;900;666;540;8 - 8 - 9 - 9 - 9 - 14 - 14 - 14 - 15;8: 2 - 9: 3 - 14: 3 - 15: 1
2020;1;29;3;5;1;0;NANI;?;20h35;Cergy le Haut;uic_87382655;?;?;normal;9;0;780;619;600;9 - 9 - 10 - 9 - 9 - 10 - 12 - 12 - 13;9: 4 - 10: 2 - 12: 2 - 13: 1
2020;1;29;3;5;1;0;NANI;?;21h05;Cergy le Haut;uic_87382655;?;?;normal;9;0;1680;1653;1680;27 - 27 - 28 - 28 - 27 - 28 - 27 - 28 - 28;27: 4 - 28: 5
2020;1;29;3;5;1;0;NANI;?;21h33;Cergy le Haut;uic_87382655;?;?;normal;9;0;1080;1080;1080;18 - 18 - 18 - 18 - 18 - 18 - 18 - 18 - 18;18: 9
2020;1;29;3;5;1;0;NATO;?;05h12;Cergy le Haut;uic_87382655;?;?;normal;9;0;60;6;0;0 - 0 - 0 - 0 - 0 - 1 - 0 - 0 - 0;0: 8 - 1: 1
2020;1;29;3;5;1;0;NATO;?;05h42;Cergy le Haut;uic_87382655;?;?;normal;9;0;60;6;0;0 - 0 - 0 - 0 - 0 - 1 - 0 - 0 - 0;0: 8 - 1: 1
2020;1;29;3;5;1;0;NATO;?;05h57;Cergy le Haut;uic_87382655;?;?;normal;9;0;60;6;0;0 - 0 - 0 - 0 - 0 - 0 - 0 - 0 - 1;0: 8 - 1: 1
2020;1;29;3;5;1;0;NATO;?;06h12;Cergy le Haut;uic_87382655;?;?;normal;9;0;240;106;0;0 - 0 - 0 - 0 - 0 - 4 - 4 - 4 - 4;0: 5 - 4: 4
2020;1;29;3;5;1;0;NATO;?;06h27;Cergy le Haut;uic_87382655;?;?;normal;9;0;60;20;0;0 - 0 - 0 - 0 - 0 - 1 - 0 - 1 - 1;0: 6 - 1: 3
2020;1;29;3;5;1;0;NATO;?;06h42;Cergy le Haut;uic_87382655;?;?;normal;9;0;240;46;0;0 - 0 - 0 - 0 - 0 - 1 - 1 - 1 - 4;0: 5 - 1: 3 - 4: 1
2020;1;29;3;5;1;0;NATO;?;06h51;Cergy le Haut;uic_87382655;?;?;normal;9;0;300;126;0;0 - 0 - 0 - 0 - 0 - 5 - 5 - 5 - 4;0: 5 - 4: 1 - 5: 3
2020;1;29;3;5;1;0;NATO;?;07h03;Cergy le Haut;uic_87382655;?;?;normal;9;0;180;80;0;0 - 0 - 0 - 0 - 0 - 3 - 3 - 3 - 3;0: 5 - 3: 4
2020;1;29;3;5;1;0;NATO;?;07h14;Cergy le Haut;uic_87382655;?;?;normal;9;0;180;80;60;0 - 0 - 1 - 1 - 0 - 3 - 3 - 2 - 2;0: 3 - 1: 2 - 2: 2 - 3: 2
2020;1;29;3;5;1;0;NATO;?;07h26;Cergy le Haut;uic_87382655;?;?;normal;9;0;60;6;0;0 - 0 - 0 - 0 - 0 - 0 - 0 - 1 - 0;0: 8 - 1: 1
2020;1;29;3;5;1;0;NATO;?;07h38;Cergy le Haut;uic_87382655;?;?;normal;9;0;60;26;0;0 - 0 - 0 - 0 - 0 - 1 - 1 - 1 - 1;0: 5 - 1: 4
2020;1;29;3;5;1;0;NATO;?;07h49;Cergy le Haut;uic_87382655;?;?;normal;9;0;0;0;0;0 - 0 - 0 - 0 - 0 - 0 - 0 - 0 - 0;0: 9
2020;1;29;3;5;1;0;NATO;?;08h01;Cergy le Haut;uic_87382655;?;?;normal;9;0;120;53;0;0 - 0 - 0 - 0 - 0 - 2 - 2 - 2 - 2;0: 5 - 2: 4
2020;1;29;3;5;1;0;NATO;?;08h13;Cergy le Haut;uic_87382655;?;?;normal;9;0;60;33;60;0 - 0 - 1 - 0 - 0 - 1 - 1 - 1 - 1;0: 4 - 1: 5
2020;1;29;3;5;1;0;NATO;?;08h24;Cergy le Haut;uic_87382655;?;?;normal;9;0;60;20;0;0 - 0 - 1 - 1 - 0 - 1 - 0 - 0 - 0;0: 6 - 1: 3
2020;1;29;3;5;1;0;NATO;?;08h36;Cergy le Haut;uic_87382655;?;?;annule;9;9;0;0;0;;
2020;1;29;3;5;1;0;NATO;?;08h48;Cergy le Haut;uic_87382655;?;?;normal;9;0;0;0;0;0 - 0 - 0 - 0 - 0 - 0 - 0 - 0 - 0;0: 9
2020;1;29;3;5;1;0;NATO;?;09h03;Cergy le Haut;uic_87382655;?;?;normal;9;0;300;260;240;4 - 4 - 5 - 5 - 4 - 5 - 4 - 4 - 4;4: 6 - 5: 3
2020;1;29;3;5;1;0;NATO;?;09h14;Cergy le Haut;uic_87382655;?;?;normal;9;0;240;146;120;2 - 2 - 1 - 1 - 2 - 4 - 4 - 3 - 3;1: 2 - 2: 3 - 3: 2 - 4: 2
2020;1;29;3;5;1;0;NATO;?;09h23;Cergy le Haut;uic_87382655;?;?;normal;9;0;120;40;0;0 - 0 - 0 - 0 - 0 - 2 - 1 - 2 - 1;0: 5 - 1: 2 - 2: 2
2020;1;29;3;5;1;0;NATO;?;09h33;Cergy le Haut;uic_87382655;?;?;normal;9;0;180;60;0;0 - 0 - 0 - 0 - 0 - 2 - 3 - 2 - 2;0: 5 - 2: 3 - 3: 1
2020;1;29;3;5;1;0;NATO;?;09h47;Cergy le Haut;uic_87382655;?;?;normal;9;0;60;20;0;0 - 0 - 0 - 0 - 0 - 1 - 0 - 1 - 1;0: 6 - 1: 3
2020;1;29;3;5;1;0;NATO;?;09h55;Cergy le Haut;uic_87382655;?;?;normal;9;0;0;0;0;0 - 0 - 0 - 0 - 0 - 0 - 0 - 0 - 0;0: 9
2020;1;29;3;5;1;0;NATO;?;10h07;Cergy le Haut;uic_87382655;?;?;normal;9;0;120;40;60;0 - 0 - 1 - 0 - 0 - 1 - 1 - 1 - 2;0: 4 - 1: 4 - 2: 1
2020;1;29;3;5;1;0;NATO;?;10h13;Cergy le Haut;uic_87382655;?;?;normal;9;0;0;0;0;0 - 0 - 0 - 0 - 0 - 0 - 0 - 0 - 0;0: 9
2020;1;29;3;5;1;0;NATO;?;10h23;Cergy le Haut;uic_87382655;?;?;normal;9;0;60;46;60;0 - 0 - 1 - 1 - 1 - 1 - 1 - 1 - 1;0: 2 - 1: 7
2020;1;29;3;5;1;0;NATO;?;10h33;Cergy le Haut;uic_87382655;?;?;normal;9;0;120;66;60;0 - 0 - 1 - 1 - 1 - 2 - 2 - 2 - 1;0: 2 - 1: 4 - 2: 3
2020;1;29;3;5;1;0;NATO;?;10h43;Cergy le Haut;uic_87382655;?;?;normal;9;0;0;0;0;0 - 0 - 0 - 0 - 0 - 0 - 0 - 0 - 0;0: 9
2020;1;29;3;5;1;0;NATO;?;10h53;Cergy le Haut;uic_87382655;?;?;normal;9;0;120;40;0;0 - 0 - 0 - 0 - 0 - 2 - 2 - 2 - 0;0: 6 - 2: 3
2020;1;29;3;5;1;0;NATO;?;11h03;Cergy le Haut;uic_87382655;?;?;normal;9;0;120;13;0;0 - 0 - 0 - 0 - 0 - 0 - 0 - 0 - 2;0: 8 - 2: 1
2020;1;29;3;5;1;0;NATO;?;11h13;Cergy le Haut;uic_87382655;?;?;normal;9;0;0;0;0;0 - 0 - 0 - 0 - 0 - 0 - 0 - 0 - 0;0: 9
2020;1;29;3;5;1;0;NATO;?;11h23;Cergy le Haut;uic_87382655;?;?;normal;9;0;60;26;0;0 - 0 - 1 - 0 - 0 - 1 - 0 - 1 - 1;0: 5 - 1: 4
2020;1;29;3;5;1;0;NATO;?;11h33;Cergy le Haut;uic_87382655;?;?;normal;9;0;0;0;0;0 - 0 - 0 - 0 - 0 - 0 - 0 - 0 - 0;0: 9
2020;1;29;3;5;1;0;NATO;?;11h43;Cergy le Haut;uic_87382655;?;?;normal;9;0;0;0;0;0 - 0 - 0 - 0 - 0 - 0 - 0 - 0 - 0;0: 9
2020;1;29;3;5;1;0;NATO;?;11h53;Cergy le Haut;uic_87382655;?;?;normal;9;0;60;40;60;0 - 0 - 1 - 1 - 1 - 1 - 1 - 1 - 0;0: 3 - 1: 6
2020;1;29;3;5;1;0;NATO;?;12h03;Cergy le Haut;uic_87382655;?;?;normal;9;0;0;0;0;0 - 0 - 0 - 0 - 0 - 0 - 0 - 0 - 0;0: 9
2020;1;29;3;5;1;0;NATO;?;12h13;Cergy le Haut;uic_87382655;?;?;normal;9;0;60;6;0;0 - 0 - 1 - 0 - 0 - 0 - 0 - 0 - 0;0: 8 - 1: 1
2020;1;29;3;5;1;0;NATO;?;12h23;Cergy le Haut;uic_87382655;?;?;normal;9;0;60;6;0;0 - 0 - 0 - 0 - 0 - 1 - 0 - 0 - 0;0: 8 - 1: 1
2020;1;29;3;5;1;0;NATO;?;12h33;Cergy le Haut;uic_87382655;?;?;normal;9;0;0;0;0;0 - 0 - 0 - 0 - 0 - 0 - 0 - 0 - 0;0: 9
2020;1;29;3;5;1;0;NATO;?;12h43;Cergy le Haut;uic_87382655;?;?;normal;9;0;0;0;0;0 - 0 - 0 - 0 - 0 - 0 - 0 - 0 - 0;0: 9
2020;1;29;3;5;1;0;NATO;?;12h53;Cergy le Haut;uic_87382655;?;?;normal;9;0;0;0;0;0 - 0 - 0 - 0 - 0 - 0 - 0 - 0 - 0;0: 9
2020;1;29;3;5;1;0;NATO;?;13h03;Cergy le Haut;uic_87382655;?;?;normal;9;0;0;0;0;0 - 0 - 0 - 0 - 0 - 0 - 0 - 0 - 0;0: 9
2020;1;29;3;5;1;0;NATO;?;13h13;Cergy le Haut;uic_87382655;?;?;normal;9;0;0;0;0;0 - 0 - 0 - 0 - 0 - 0 - 0 - 0 - 0;0: 9
2020;1;29;3;5;1;0;NATO;?;13h23;Cergy le Haut;uic_87382655;?;?;normal;9;0;0;0;0;0 - 0 - 0 - 0 - 0 - 0 - 0 - 0 - 0;0: 9
2020;1;29;3;5;1;0;NATO;?;13h33;Cergy le Haut;uic_87382655;?;?;normal;9;0;0;0;0;0 - 0 - 0 - 0 - 0 - 0 - 0 - 0 - 0;0: 9
2020;1;29;3;5;1;0;NATO;?;13h43;Cergy le Haut;uic_87382655;?;?;normal;9;0;120;66;60;0 - 0 - 1 - 1 - 1 - 2 - 1 - 2 - 2;0: 2 - 1: 4 - 2: 3
2020;1;29;3;5;1;0;NATO;?;13h53;Cergy le Haut;uic_87382655;?;?;normal;9;0;0;0;0;0 - 0 - 0 - 0 - 0 - 0 - 0 - 0 - 0;0: 9
2020;1;29;3;5;1;0;NATO;?;14h03;Cergy le Haut;uic_87382655;?;?;normal;9;0;0;0;0;0 - 0 - 0 - 0 - 0 - 0 - 0 - 0 - 0;0: 9
2020;1;29;3;5;1;0;NOTE;?;05h40;Poissy;uic_87386573;?;?;normal;5;0;180;155;180;3 - 3 - 2 - 2 - 3;2: 2 - 3: 3
2020;1;29;3;5;1;0;NOTE;?;06h00;Poissy;uic_87386573;?;?;normal;5;0;60;12;0;0 - 1 - 0 - 0 - 0;0: 4 - 1: 1
2020;1;29;3;5;1;0;NOTE;?;06h15;Poissy;uic_87386573;?;?;normal;5;0;660;660;660;11 - 11 - 11 - 11 - 11;11: 5
2020;1;29;3;5;1;0;NOTE;?;06h30;Poissy;uic_87386573;?;?;normal;5;0;180;180;180;3 - 3 - 3 - 3 - 3;3: 5
2020;1;29;3;5;1;0;NOTE;?;06h45;Poissy;uic_87386573;?;?;normal;5;0;60;60;60;1 - 1 - 1 - 1 - 1;1: 5
2020;1;29;3;5;1;0;NOTE;?;06h59;Poissy;uic_87386573;?;?;normal;5;0;240;192;240;0 - 4 - 4 - 4 - 4;0: 1 - 4: 4
2020;1;29;3;5;1;0;NOTE;?;07h13;Poissy;uic_87386573;?;?;normal;5;0;300;192;240;0 - 5 - 4 - 3 - 4;0: 1 - 3: 1 - 4: 2 - 5: 1
2020;1;29;3;5;1;0;NOTE;?;07h25;Poissy;uic_87386573;?;?;normal;5;0;180;132;180;0 - 3 - 3 - 3 - 2;0: 1 - 2: 1 - 3: 3
2020;1;29;3;5;1;0;NOTE;?;07h37;Poissy;uic_87386573;?;?;normal;5;0;60;48;60;0 - 1 - 1 - 1 - 1;0: 1 - 1: 4
2020;1;29;3;5;1;0;NOTE;?;07h47;Poissy;uic_87386573;?;?;normal;5;0;180;107;120;0 - 3 - 2 - 2 - 2;0: 1 - 2: 3 - 3: 1
2020;1;29;3;5;1;0;NOTE;?;07h59;Poissy;uic_87386573;?;?;normal;5;0;60;36;60;0 - 1 - 1 - 1 - 0;0: 2 - 1: 3
2020;1;29;3;5;1;0;NOTE;?;08h11;Poissy;uic_87386573;?;?;normal;5;0;240;167;180;1 - 3 - 3 - 3 - 4;1: 1 - 3: 3 - 4: 1
2020;1;29;3;5;1;0;NOTE;?;08h22;Poissy;uic_87386573;?;?;normal;5;0;180;132;120;1 - 3 - 3 - 2 - 2;1: 1 - 2: 2 - 3: 2
2020;1;29;3;5;1;0;NOTE;?;08h34;Poissy;uic_87386573;?;?;normal;5;0;60;12;0;0 - 0 - 0 - 1 - 0;0: 4 - 1: 1
2020;1;29;3;5;1;0;NOTE;?;08h46;Poissy;uic_87386573;?;?;normal;5;0;120;107;120;1 - 2 - 2 - 2 - 2;1: 1 - 2: 4
2020;1;29;3;5;1;0;NOTE;?;08h57;Poissy;uic_87386573;?;?;normal;5;0;0;0;0;0 - 0 - 0 - 0 - 0;0: 5
2020;1;29;3;5;1;0;NOTE;?;09h09;Poissy;uic_87386573;?;?;normal;5;0;60;24;0;0 - 1 - 1 - 0 - 0;0: 3 - 1: 2
2020;1;29;3;5;1;0;NOTE;?;16h42;Poissy;uic_87386573;?;?;normal;5;0;180;120;120;2 - 3 - 1 - 2 - 2;1: 1 - 2: 3 - 3: 1
2020;1;29;3;5;1;0;NOTE;?;16h54;Poissy;uic_87386573;?;?;normal;5;0;600;324;420;1 - 1 - 7 - 8 - 10;1: 2 - 7: 1 - 8: 1 - 10: 1
2020;1;29;3;5;1;0;NOTE;?;17h05;Poissy;uic_87386573;?;?;normal;5;0;480;227;120;0 - 2 - 1 - 8 - 8;0: 1 - 1: 1 - 2: 1 - 8: 2
2020;1;29;3;5;1;0;NOTE;?;17h19;Poissy;uic_87386573;?;?;normal;5;0;600;348;360;0 - 4 - 6 - 9 - 10;0: 1 - 4: 1 - 6: 1 - 9: 1 - 10: 1
2020;1;29;3;5;1;0;NOTE;?;17h32;Poissy;uic_87386573;?;?;normal;5;0;420;192;60;0 - 1 - 1 - 7 - 7;0: 1 - 1: 2 - 7: 2
2020;1;29;3;5;1;0;NOTE;?;17h44;Poissy;uic_87386573;?;?;annule;5;5;0;0;0;;
2020;1;29;3;5;1;0;NOTE;?;17h57;Poissy;uic_87386573;?;?;normal;5;0;180;107;120;2 - 3 - 1 - 1 - 2;1: 2 - 2: 2 - 3: 1
2020;1;29;3;5;1;0;NOTE;?;18h09;Poissy;uic_87386573;?;?;normal;5;0;540;204;120;2 - 2 - 2 - 2 - 9;2: 4 - 9: 1
2020;1;29;3;5;1;0;NOTE;?;18h22;Poissy;uic_87386573;?;?;normal;5;0;600;227;60;0 - 1 - 0 - 8 - 10;0: 2 - 1: 1 - 8: 1 - 10: 1
2020;1;29;3;5;1;0;NOTE;?;18h34;Poissy;uic_87386573;?;?;normal;5;0;600;384;480;1 - 3 - 8 - 10 - 10;1: 1 - 3: 1 - 8: 1 - 10: 2
2020;1;29;3;5;1;0;NOTE;?;18h47;Poissy;uic_87386573;?;?;normal;5;0;360;264;300;0 - 6 - 5 - 6 - 5;0: 1 - 5: 2 - 6: 2
2020;1;29;3;5;1;0;NOTE;?;18h59;Poissy;uic_87386573;?;?;normal;5;0;300;192;180;1 - 3 - 3 - 4 - 5;1: 1 - 3: 2 - 4: 1 - 5: 1
2020;1;29;3;5;1;0;NOTE;?;19h12;Poissy;uic_87386573;?;?;normal;5;0;180;36;0;0 - 0 - 0 - 0 - 3;0: 4 - 3: 1
2020;1;29;3;5;1;0;NOTE;?;19h24;Poissy;uic_87386573;?;?;normal;5;0;840;227;60;1 - 1 - 1 - 2 - 14;1: 3 - 2: 1 - 14: 1
2020;1;29;3;5;1;0;NOTE;?;19h39;Poissy;uic_87386573;?;?;normal;5;0;600;251;120;1 - 2 - 2 - 6 - 10;1: 1 - 2: 2 - 6: 1 - 10: 1
2020;1;29;3;5;1;0;NOTE;?;20h04;Poissy;uic_87386573;?;?;normal;5;0;660;636;660;11 - 11 - 10 - 11 - 10;10: 2 - 11: 3
2020;1;29;3;5;1;0;NOTE;?;20h34;Poissy;uic_87386573;?;?;normal;5;0;480;420;420;8 - 7 - 7 - 7 - 6;6: 1 - 7: 3 - 8: 1
2020;1;29;3;5;1;0;NOTE;?;21h03;Poissy;uic_87386573;?;?;normal;5;0;1440;1403;1380;23 - 23 - 23 - 24 - 24;23: 3 - 24: 2
2020;1;29;3;5;1;0;NOTE;?;21h35;Poissy;uic_87386573;?;?;normal;5;0;900;816;840;10 - 15 - 14 - 15 - 14;10: 1 - 14: 2 - 15: 2
2020;1;29;3;5;1;0;NOTE;?;22h03;Poissy;uic_87386573;?;?;normal;5;0;240;204;240;1 - 4 - 4 - 4 - 4;1: 1 - 4: 4
2020;1;29;3;5;1;0;NOTE;?;22h33;Poissy;uic_87386573;?;?;normal;5;0;120;120;120;2 - 2 - 2 - 2 - 2;2: 5
2020;1;29;3;5;1;0;NOTE;?;23h03;Poissy;uic_87386573;?;?;normal;5;0;0;0;0;0 - 0 - 0 - 0 - 0;0: 5
2020;1;29;3;5;1;0;NOTE;?;23h33;Poissy;uic_87386573;?;?;normal;5;0;0;0;0;0 - 0 - 0 - 0 - 0;0: 5
2020;1;29;3;5;1;0;OKLA;?;09h20;Poissy;uic_87386573;?;?;normal;5;0;240;155;180;0 - 4 - 3 - 3 - 3;0: 1 - 3: 3 - 4: 1
2020;1;29;3;5;1;0;OKLA;?;09h40;Poissy;uic_87386573;?;?;normal;5;0;120;72;60;0 - 2 - 1 - 1 - 2;0: 1 - 1: 2 - 2: 2
2020;1;29;3;5;1;0;OKLA;?;09h55;Poissy;uic_87386573;?;?;normal;5;0;60;36;60;0 - 1 - 1 - 1 - 0;0: 2 - 1: 3
2020;1;29;3;5;1;0;OKLA;?;10h16;Poissy;uic_87386573;?;?;normal;5;0;0;0;0;0 - 0 - 0 - 0 - 0;0: 5
2020;1;29;3;5;1;0;OKLA;?;10h40;Poissy;uic_87386573;?;?;normal;5;0;120;83;60;1 - 1 - 1 - 2 - 2;1: 3 - 2: 2
2020;1;29;3;5;1;0;OKLA;?;11h00;Poissy;uic_87386573;?;?;normal;5;0;60;60;60;1 - 1 - 1 - 1 - 1;1: 5
2020;1;29;3;5;1;0;OKLA;?;11h20;Poissy;uic_87386573;?;?;normal;5;0;120;36;0;0 - 0 - 0 - 1 - 2;0: 3 - 1: 1 - 2: 1
2020;1;29;3;5;1;0;OKLA;?;11h40;Poissy;uic_87386573;?;?;normal;5;0;0;0;0;0 - 0 - 0 - 0 - 0;0: 5
2020;1;29;3;5;1;0;OKLA;?;12h00;Poissy;uic_87386573;?;?;normal;5;0;0;0;0;0 - 0 - 0 - 0 - 0;0: 5
2020;1;29;3;5;1;0;OKLA;?;12h20;Poissy;uic_87386573;?;?;normal;5;0;0;0;0;0 - 0 - 0 - 0 - 0;0: 5
2020;1;29;3;5;1;0;OKLA;?;12h40;Poissy;uic_87386573;?;?;normal;5;0;60;60;60;1 - 1 - 1 - 1 - 1;1: 5
2020;1;29;3;5;1;0;OKLA;?;13h00;Poissy;uic_87386573;?;?;normal;5;0;120;83;60;1 - 1 - 1 - 2 - 2;1: 3 - 2: 2
2020;1;29;3;5;1;0;OKLA;?;13h20;Poissy;uic_87386573;?;?;normal;5;0;0;0;0;0 - 0 - 0 - 0 - 0;0: 5
2020;1;29;3;5;1;0;OKLA;?;13h40;Poissy;uic_87386573;?;?;normal;5;0;60;36;60;1 - 1 - 0 - 0 - 1;0: 2 - 1: 3
2020;1;29;3;5;1;0;OKLA;?;14h00;Poissy;uic_87386573;?;?;normal;5;0;60;48;60;0 - 1 - 1 - 1 - 1;0: 1 - 1: 4
2020;1;29;3;5;1;0;OKLA;?;14h20;Poissy;uic_87386573;?;?;normal;5;0;0;0;0;0 - 0 - 0 - 0 - 0;0: 5
2020;1;29;3;5;1;0;OKRE;?;14h40;Poissy;uic_87386573;?;?;normal;5;0;60;48;60;0 - 1 - 1 - 1 - 1;0: 1 - 1: 4
2020;1;29;3;5;1;0;OKRE;?;15h00;Poissy;uic_87386573;?;?;normal;5;0;0;0;0;0 - 0 - 0 - 0 - 0;0: 5
2020;1;29;3;5;1;0;OKRE;?;15h20;Poissy;uic_87386573;?;?;normal;5;0;0;0;0;0 - 0 - 0 - 0 - 0;0: 5
2020;1;29;3;5;1;0;OKRE;?;15h40;Poissy;uic_87386573;?;?;normal;5;0;0;0;0;0 - 0 - 0 - 0 - 0;0: 5
2020;1;29;3;5;1;0;OKRE;?;16h00;Poissy;uic_87386573;?;?;normal;5;0;0;0;0;0 - 0 - 0 - 0 - 0;0: 5
2020;1;29;3;5;1;0;OKRE;?;16h20;Poissy;uic_87386573;?;?;normal;5;0;0;0;0;0 - 0 - 0 - 0 - 0;0: 5
2020;1;29;3;5;1;0;OPEN;?;04h42;Cergy le Haut;uic_87382655;?;?;normal;9;0;360;139;0;0 - 0 - 0 - 0 - 0 - 6 - 5 - 5 - 5;0: 5 - 5: 3 - 6: 1
2020;1;29;3;5;1;0;OPUS;?;00h28;Sartrouville;uic_87386417;?;?;normal;2;0;0;0;0;0 - 0;0: 2
2020;1;29;3;5;1;0;OPUS;?;23h58;Sartrouville;uic_87386417;?;?;normal;2;0;0;0;0;0 - 0;0: 2
2020;1;29;3;5;1;0;QURI;?;00h05;Poissy;uic_87386573;?;?;normal;5;0;60;36;60;0 - 1 - 0 - 1 - 1;0: 2 - 1: 3
2020;1;29;3;5;1;0;QURI;?;05h10;Poissy;uic_87386573;?;?;normal;5;0;0;0;0;0 - 0 - 0 - 0 - 0;0: 5
2020;1;29;3;5;1;0;TAPI;?;00h31;Houilles - Carrières-sur-Seine;uic_87386409;?;?;normal;4;0;60;15;0;0 - 0 - 0 - 1;0: 3 - 1: 1
2020;1;29;3;5;1;0;TAXE;?;00h03;Houilles - Carrières-sur-Seine;uic_87386409;?;?;normal;4;0;420;420;7;7 - 7 - 7 - 7;7: 4
2020;1;29;3;5;1;0;TAXE;?;06h35;Houilles - Carrières-sur-Seine;uic_87386409;?;?;normal;4;0;0;0;0;0 - 0 - 0 - 0;0: 4
2020;1;29;3;5;1;0;TAXE;?;07h06;Houilles - Carrières-sur-Seine;uic_87386409;?;?;normal;4;0;0;0;0;0 - 0 - 0 - 0;0: 4
2020;1;29;3;5;1;0;TAXE;?;07h21;Houilles - Carrières-sur-Seine;uic_87386409;?;?;normal;4;0;0;0;0;0 - 0 - 0 - 0;0: 4
2020;1;29;3;5;1;0;TAXE;?;07h37;Houilles - Carrières-sur-Seine;uic_87386409;?;?;normal;4;0;0;0;0;0 - 0 - 0 - 0;0: 4
2020;1;29;3;5;1;0;TAXE;?;07h50;Houilles - Carrières-sur-Seine;uic_87386409;?;?;normal;4;0;180;135;3;3 - 3 - 3 - 0;0: 1 - 3: 3
2020;1;29;3;5;1;0;TAXE;?;08h01;Houilles - Carrières-sur-Seine;uic_87386409;?;?;normal;4;0;120;30;0;0 - 0 - 2 - 0;0: 3 - 2: 1
2020;1;29;3;5;1;0;TAXE;?;08h13;Houilles - Carrières-sur-Seine;uic_87386409;?;?;normal;4;0;540;465;8;6 - 8 - 8 - 9;6: 1 - 8: 2 - 9: 1
2020;1;29;3;5;1;0;TAXE;?;08h25;Houilles - Carrières-sur-Seine;uic_87386409;?;?;normal;4;0;420;345;390;6 - 7 - 7 - 3;3: 1 - 6: 1 - 7: 2
2020;1;29;3;5;1;0;TAXE;?;08h36;Houilles - Carrières-sur-Seine;uic_87386409;?;?;normal;4;0;300;210;4;4 - 5 - 4 - 1;1: 1 - 4: 2 - 5: 1
2020;1;29;3;5;1;0;TAXE;?;08h48;Houilles - Carrières-sur-Seine;uic_87386409;?;?;normal;4;0;240;165;150;2 - 3 - 4 - 2;2: 2 - 3: 1 - 4: 1
2020;1;29;3;5;1;0;TAXE;?;09h00;Houilles - Carrières-sur-Seine;uic_87386409;?;?;normal;4;0;360;285;5;5 - 6 - 5 - 3;3: 1 - 5: 2 - 6: 1
2020;1;29;3;5;1;0;TAXE;?;09h11;Houilles - Carrières-sur-Seine;uic_87386409;?;?;normal;4;0;60;45;1;1 - 1 - 1 - 0;0: 1 - 1: 3
2020;1;29;3;5;1;0;TAXE;?;09h23;Houilles - Carrières-sur-Seine;uic_87386409;?;?;normal;4;0;60;60;1;1 - 1 - 1 - 1;1: 4
2020;1;29;3;5;1;0;TAXE;?;09h35;Houilles - Carrières-sur-Seine;uic_87386409;?;?;normal;4;0;180;150;3;3 - 3 - 3 - 1;1: 1 - 3: 3
2020;1;29;3;5;1;0;TAXE;?;09h46;Houilles - Carrières-sur-Seine;uic_87386409;?;?;normal;4;0;60;45;1;1 - 1 - 1 - 0;0: 1 - 1: 3
2020;1;29;3;5;1;0;TAXE;?;09h58;Houilles - Carrières-sur-Seine;uic_87386409;?;?;normal;4;0;120;75;90;1 - 2 - 2 - 0;0: 1 - 1: 1 - 2: 2
2020;1;29;3;5;1;0;TAXE;?;17h14;Houilles - Carrières-sur-Seine;uic_87386409;?;?;normal;4;0;240;165;3;3 - 4 - 3 - 1;1: 1 - 3: 2 - 4: 1
2020;1;29;3;5;1;0;TAXE;?;17h26;Houilles - Carrières-sur-Seine;uic_87386409;?;?;normal;4;0;120;105;2;2 - 2 - 2 - 1;1: 1 - 2: 3
2020;1;29;3;5;1;0;TAXE;?;17h39;Houilles - Carrières-sur-Seine;uic_87386409;?;?;normal;4;0;360;315;330;5 - 6 - 6 - 4;4: 1 - 5: 1 - 6: 2
2020;1;29;3;5;1;0;TAXE;?;17h51;Houilles - Carrières-sur-Seine;uic_87386409;?;?;normal;4;0;240;210;210;3 - 4 - 4 - 3;3: 2 - 4: 2
2020;1;29;3;5;1;0;TAXE;?;18h04;Houilles - Carrières-sur-Seine;uic_87386409;?;?;normal;4;0;60;30;30;0 - 1 - 1 - 0;0: 2 - 1: 2
2020;1;29;3;5;1;0;TAXE;?;18h16;Houilles - Carrières-sur-Seine;uic_87386409;?;?;normal;4;0;0;0;0;0 - 0 - 0 - 0;0: 4
2020;1;29;3;5;1;0;TAXE;?;18h29;Houilles - Carrières-sur-Seine;uic_87386409;?;?;normal;4;0;60;30;30;0 - 1 - 1 - 0;0: 2 - 1: 2
2020;1;29;3;5;1;0;TAXE;?;18h41;Houilles - Carrières-sur-Seine;uic_87386409;?;?;normal;4;0;480;450;450;7 - 8 - 7 - 8;7: 2 - 8: 2
2020;1;29;3;5;1;0;TAXE;?;18h54;Houilles - Carrières-sur-Seine;uic_87386409;?;?;normal;4;0;420;405;7;6 - 7 - 7 - 7;6: 1 - 7: 3
2020;1;29;3;5;1;0;TAXE;?;19h06;Houilles - Carrières-sur-Seine;uic_87386409;?;?;normal;4;0;840;810;810;13 - 14 - 14 - 13;13: 2 - 14: 2
2020;1;29;3;5;1;0;TAXE;?;19h19;Houilles - Carrières-sur-Seine;uic_87386409;?;?;normal;4;0;1860;1800;30;30 - 31 - 30 - 29;29: 1 - 30: 2 - 31: 1
2020;1;29;3;5;1;0;TAXE;?;19h31;Houilles - Carrières-sur-Seine;uic_87386409;?;?;normal;4;0;1680;1620;27;27 - 28 - 27 - 26;26: 1 - 27: 2 - 28: 1
2020;1;29;3;5;1;0;TAXE;?;19h44;Houilles - Carrières-sur-Seine;uic_87386409;?;?;normal;4;0;1740;1680;28;27 - 28 - 28 - 29;27: 1 - 28: 2 - 29: 1
2020;1;29;3;5;1;0;TAXE;?;19h56;Houilles - Carrières-sur-Seine;uic_87386409;?;?;normal;4;0;1500;1485;25;25 - 25 - 25 - 24;24: 1 - 25: 3
2020;1;29;3;5;1;0;TAXE;?;20h17;Houilles - Carrières-sur-Seine;uic_87386409;?;?;annule;4;4;0;0;0;;
2020;1;29;3;5;1;0;TAXE;?;20h38;Houilles - Carrières-sur-Seine;uic_87386409;?;?;normal;4;0;1140;1065;18;16 - 18 - 18 - 19;16: 1 - 18: 2 - 19: 1
2020;1;29;3;5;1;0;TAXE;?;20h58;Houilles - Carrières-sur-Seine;uic_87386409;?;?;normal;4;0;840;810;14;12 - 14 - 14 - 14;12: 1 - 14: 3
2020;1;29;3;5;1;0;TAXE;?;21h19;Houilles - Carrières-sur-Seine;uic_87386409;?;?;normal;4;0;600;525;510;8 - 9 - 10 - 8;8: 2 - 9: 1 - 10: 1
2020;1;29;3;5;1;0;TAXE;?;21h38;Houilles - Carrières-sur-Seine;uic_87386409;?;?;normal;4;0;660;585;10;10 - 11 - 10 - 8;8: 1 - 10: 2 - 11: 1
2020;1;29;3;5;1;0;TAXE;?;22h03;Houilles - Carrières-sur-Seine;uic_87386409;?;?;normal;4;0;720;645;11;9 - 12 - 11 - 11;9: 1 - 11: 2 - 12: 1
2020;1;29;3;5;1;0;TAXE;?;22h33;Houilles - Carrières-sur-Seine;uic_87386409;?;?;normal;4;0;120;105;2;2 - 2 - 2 - 1;1: 1 - 2: 3
2020;1;29;3;5;1;0;TAXE;?;23h03;Houilles - Carrières-sur-Seine;uic_87386409;?;?;normal;4;0;120;60;1;1 - 2 - 1 - 0;0: 1 - 1: 2 - 2: 1
2020;1;29;3;5;1;0;TAXE;?;23h33;Houilles - Carrières-sur-Seine;uic_87386409;?;?;normal;4;0;540;525;9;9 - 9 - 9 - 8;8: 1 - 9: 3
2020;1;29;3;5;1;0;TEDI;?;00h58;Houilles - Carrières-sur-Seine;uic_87386409;?;?;normal;4;0;0;0;0;0 - 0 - 0 - 0;0: 4
2020;1;29;3;5;1;0;TEDI;?;06h11;Houilles - Carrières-sur-Seine;uic_87386409;?;?;normal;4;0;420;105;0;0 - 0 - 0 - 7;0: 3 - 7: 1
2020;1;29;3;5;1;0;TRAM;?;15h53;Houilles - Carrières-sur-Seine;uic_87386409;?;?;normal;4;0;60;30;30;0 - 1 - 1 - 0;0: 2 - 1: 2
2020;1;29;3;5;1;0;TRAM;?;16h13;Houilles - Carrières-sur-Seine;uic_87386409;?;?;normal;4;0;0;0;0;0 - 0 - 0 - 0;0: 4
2020;1;29;3;5;1;0;TRAM;?;16h33;Houilles - Carrières-sur-Seine;uic_87386409;?;?;normal;4;0;60;30;30;0 - 1 - 1 - 0;0: 2 - 1: 2
2020;1;29;3;5;1;0;TRAM;?;16h54;Houilles - Carrières-sur-Seine;uic_87386409;?;?;normal;4;0;0;0;0;0 - 0 - 0 - 0;0: 4
2020;1;29;3;5;1;0;TROC;?;06h52;Houilles - Carrières-sur-Seine;uic_87386409;?;?;normal;4;0;300;255;5;2 - 5 - 5 - 5;2: 1 - 5: 3
2020;1;29;3;5;1;0;TROC;?;10h13;Houilles - Carrières-sur-Seine;uic_87386409;?;?;normal;4;0;180;165;3;2 - 3 - 3 - 3;2: 1 - 3: 3
2020;1;29;3;5;1;0;TROC;?;10h33;Houilles - Carrières-sur-Seine;uic_87386409;?;?;normal;4;0;60;45;1;1 - 1 - 1 - 0;0: 1 - 1: 3
2020;1;29;3;5;1;0;TROC;?;10h53;Houilles - Carrières-sur-Seine;uic_87386409;?;?;normal;4;0;60;45;1;1 - 1 - 1 - 0;0: 1 - 1: 3
2020;1;29;3;5;1;0;TROC;?;11h13;Houilles - Carrières-sur-Seine;uic_87386409;?;?;normal;4;0;60;45;1;1 - 1 - 1 - 0;0: 1 - 1: 3
2020;1;29;3;5;1;0;TROC;?;11h33;Houilles - Carrières-sur-Seine;uic_87386409;?;?;normal;4;0;120;60;1;0 - 1 - 1 - 2;0: 1 - 1: 2 - 2: 1
2020;1;29;3;5;1;0;TROC;?;11h53;Houilles - Carrières-sur-Seine;uic_87386409;?;?;normal;4;0;120;75;90;1 - 2 - 2 - 0;0: 1 - 1: 1 - 2: 2
2020;1;29;3;5;1;0;TROC;?;12h13;Houilles - Carrières-sur-Seine;uic_87386409;?;?;normal;4;0;120;75;1;1 - 2 - 1 - 1;1: 3 - 2: 1
2020;1;29;3;5;1;0;TROC;?;12h33;Houilles - Carrières-sur-Seine;uic_87386409;?;?;normal;4;0;0;0;0;0 - 0 - 0 - 0;0: 4
2020;1;29;3;5;1;0;TROC;?;12h53;Houilles - Carrières-sur-Seine;uic_87386409;?;?;normal;4;0;120;105;2;1 - 2 - 2 - 2;1: 1 - 2: 3
2020;1;29;3;5;1;0;TROC;?;13h13;Houilles - Carrières-sur-Seine;uic_87386409;?;?;normal;4;0;120;30;0;0 - 0 - 2 - 0;0: 3 - 2: 1
2020;1;29;3;5;1;0;TROC;?;13h33;Houilles - Carrières-sur-Seine;uic_87386409;?;?;normal;4;0;60;15;0;0 - 1 - 0 - 0;0: 3 - 1: 1
2020;1;29;3;5;1;0;TROC;?;13h53;Houilles - Carrières-sur-Seine;uic_87386409;?;?;normal;4;0;240;180;3;3 - 4 - 3 - 2;2: 1 - 3: 2 - 4: 1
2020;1;29;3;5;1;0;TROC;?;14h13;Houilles - Carrières-sur-Seine;uic_87386409;?;?;normal;4;0;0;0;0;0 - 0 - 0 - 0;0: 4
2020;1;29;3;5;1;0;TROC;?;14h33;Houilles - Carrières-sur-Seine;uic_87386409;?;?;normal;4;0;0;0;0;0 - 0 - 0 - 0;0: 4
2020;1;29;3;5;1;0;TROC;?;14h53;Houilles - Carrières-sur-Seine;uic_87386409;?;?;normal;4;0;60;15;0;0 - 1 - 0 - 0;0: 3 - 1: 1
2020;1;29;3;5;1;0;TROC;?;15h13;Houilles - Carrières-sur-Seine;uic_87386409;?;?;normal;4;0;60;45;1;1 - 1 - 1 - 0;0: 1 - 1: 3
2020;1;29;3;5;1;0;TROC;?;15h33;Houilles - Carrières-sur-Seine;uic_87386409;?;?;normal;4;0;0;0;0;0 - 0 - 0 - 0;0: 4
2020;1;29;3;5;1;0;UBAL;?;05h56;Houilles - Carrières-sur-Seine;uic_87386409;?;?;normal;8;0;120;90;90;1 - 1 - 1 - 1 - 2 - 2 - 2 - 2;1: 4 - 2: 4
2020;1;29;3;5;1;0;UZAR;?;06h23;Houilles - Carrières-sur-Seine;uic_87386409;?;?;normal;8;0;240;210;4;2 - 4 - 3 - 3 - 4 - 4 - 4 - 4;2: 1 - 3: 2 - 4: 5
2020;1;29;3;5;1;0;UZAR;?;06h40;Houilles - Carrières-sur-Seine;uic_87386409;?;?;normal;8;0;240;187;4;0 - 1 - 4 - 4 - 4 - 4 - 4 - 4;0: 1 - 1: 1 - 4: 6
2020;1;29;3;5;1;0;UZAR;?;06h56;Houilles - Carrières-sur-Seine;uic_87386409;?;?;normal;8;0;240;180;3;2 - 3 - 3 - 3 - 3 - 4 - 3 - 3;2: 1 - 3: 6 - 4: 1
2020;1;29;3;5;1;0;UZAR;?;07h11;Houilles - Carrières-sur-Seine;uic_87386409;?;?;normal;8;0;180;60;1;0 - 1 - 0 - 0 - 1 - 2 - 1 - 3;0: 3 - 1: 3 - 2: 1 - 3: 1
2020;1;29;3;5;1;0;UZAR;?;07h25;Houilles - Carrières-sur-Seine;uic_87386409;?;?;normal;8;0;60;30;30;0 - 0 - 0 - 0 - 1 - 1 - 1 - 1;0: 4 - 1: 4
2020;1;29;3;5;1;0;UZAR;?;07h46;Houilles - Carrières-sur-Seine;uic_87386409;?;?;normal;8;0;180;172;3;3 - 3 - 2 - 3 - 3 - 3 - 3 - 3;2: 1 - 3: 7
2020;1;29;3;5;1;0;UZAR;?;07h57;Houilles - Carrières-sur-Seine;uic_87386409;?;?;normal;8;0;60;45;1;1 - 1 - 1 - 1 - 1 - 0 - 0 - 1;0: 2 - 1: 6
2020;1;29;3;5;1;0;UZAR;?;08h09;Houilles - Carrières-sur-Seine;uic_87386409;?;?;normal;8;0;180;135;2;2 - 2 - 2 - 2 - 2 - 3 - 3 - 2;2: 6 - 3: 2
2020;1;29;3;5;1;0;UZAR;?;08h21;Houilles - Carrières-sur-Seine;uic_87386409;?;?;normal;8;0;240;225;4;4 - 4 - 3 - 4 - 3 - 4 - 4 - 4;3: 2 - 4: 6
2020;1;29;3;5;1;0;UZAR;?;08h32;Houilles - Carrières-sur-Seine;uic_87386409;?;?;normal;8;0;420;375;6;5 - 6 - 6 - 6 - 7 - 6 - 7 - 7;5: 1 - 6: 4 - 7: 3
2020;1;29;3;5;1;0;UZAR;?;08h44;Houilles - Carrières-sur-Seine;uic_87386409;?;?;normal;8;0;300;255;4;4 - 4 - 4 - 4 - 4 - 5 - 5 - 4;4: 6 - 5: 2
2020;1;29;3;5;1;0;UZAR;?;08h56;Houilles - Carrières-sur-Seine;uic_87386409;?;?;normal;8;0;480;420;450;5 - 6 - 6 - 8 - 7 - 8 - 8 - 8;5: 1 - 6: 2 - 7: 1 - 8: 4
2020;1;29;3;5;1;0;UZAR;?;09h07;Houilles - Carrières-sur-Seine;uic_87386409;?;?;normal;8;0;60;52;1;0 - 1 - 1 - 1 - 1 - 1 - 1 - 1;0: 1 - 1: 7
2020;1;29;3;5;1;0;UZAR;?;09h19;Houilles - Carrières-sur-Seine;uic_87386409;?;?;normal;8;0;0;0;0;0 - 0 - 0 - 0 - 0 - 0 - 0 - 0;0: 8
2020;1;29;3;5;1;0;UZAR;?;09h31;Houilles - Carrières-sur-Seine;uic_87386409;?;?;normal;8;0;300;217;4;2 - 3 - 3 - 4 - 4 - 4 - 4 - 5;2: 1 - 3: 2 - 4: 4 - 5: 1
2020;1;29;3;5;1;0;UZAR;?;09h42;Houilles - Carrières-sur-Seine;uic_87386409;?;?;normal;8;0;0;0;0;0 - 0 - 0 - 0 - 0 - 0 - 0 - 0;0: 8
2020;1;29;3;5;1;0;UZAR;?;09h54;Houilles - Carrières-sur-Seine;uic_87386409;?;?;normal;8;0;180;180;3;3 - 3 - 3 - 3 - 3 - 3 - 3 - 3;3: 8
2020;1;29;3;5;1;0;UZAR;?;10h07;Houilles - Carrières-sur-Seine;uic_87386409;?;?;normal;8;0;240;210;210;3 - 3 - 3 - 4 - 4 - 4 - 4 - 3;3: 4 - 4: 4
2020;1;29;3;5;1;0;UZAR;?;10h18;Houilles - Carrières-sur-Seine;uic_87386409;?;?;normal;8;0;300;225;4;3 - 4 - 2 - 4 - 4 - 4 - 5 - 4;2: 1 - 3: 1 - 4: 5 - 5: 1
2020;1;29;3;5;1;0;UZAR;?;10h27;Houilles - Carrières-sur-Seine;uic_87386409;?;?;normal;8;0;60;7;0;0 - 0 - 0 - 0 - 0 - 0 - 1 - 0;0: 7 - 1: 1
2020;1;29;3;5;1;0;UZAR;?;10h38;Houilles - Carrières-sur-Seine;uic_87386409;?;?;normal;8;0;60;37;1;0 - 1 - 0 - 1 - 1 - 0 - 1 - 1;0: 3 - 1: 5
2020;1;29;3;5;1;0;UZAR;?;10h47;Houilles - Carrières-sur-Seine;uic_87386409;?;?;normal;8;0;0;0;0;0 - 0 - 0 - 0 - 0 - 0 - 0 - 0;0: 8
2020;1;29;3;5;1;0;UZAR;?;10h58;Houilles - Carrières-sur-Seine;uic_87386409;?;?;normal;8;0;60;22;0;0 - 0 - 0 - 1 - 1 - 0 - 1 - 0;0: 5 - 1: 3
2020;1;29;3;5;1;0;UZAR;?;11h07;Houilles - Carrières-sur-Seine;uic_87386409;?;?;normal;8;0;0;0;0;0 - 0 - 0 - 0 - 0 - 0 - 0 - 0;0: 8
2020;1;29;3;5;1;0;UZAR;?;11h18;Houilles - Carrières-sur-Seine;uic_87386409;?;?;normal;8;0;120;105;2;1 - 2 - 1 - 2 - 2 - 2 - 2 - 2;1: 2 - 2: 6
2020;1;29;3;5;1;0;UZAR;?;11h27;Houilles - Carrières-sur-Seine;uic_87386409;?;?;normal;8;0;60;7;0;0 - 0 - 0 - 0 - 0 - 0 - 1 - 0;0: 7 - 1: 1
2020;1;29;3;5;1;0;UZAR;?;11h38;Houilles - Carrières-sur-Seine;uic_87386409;?;?;normal;8;0;0;0;0;0 - 0 - 0 - 0 - 0 - 0 - 0 - 0;0: 8
2020;1;29;3;5;1;0;UZAR;?;11h47;Houilles - Carrières-sur-Seine;uic_87386409;?;?;normal;8;0;120;15;0;0 - 0 - 0 - 0 - 0 - 0 - 0 - 2;0: 7 - 2: 1
2020;1;29;3;5;1;0;UZAR;?;11h58;Houilles - Carrières-sur-Seine;uic_87386409;?;?;normal;8;0;420;300;6;1 - 2 - 5 - 6 - 6 - 6 - 7 - 7;1: 1 - 2: 1 - 5: 1 - 6: 3 - 7: 2
2020;1;29;3;5;1;0;UZAR;?;12h07;Houilles - Carrières-sur-Seine;uic_87386409;?;?;normal;8;0;300;202;4;1 - 3 - 2 - 4 - 4 - 4 - 5 - 4;1: 1 - 2: 1 - 3: 1 - 4: 4 - 5: 1
2020;1;29;3;5;1;0;UZAR;?;12h18;Houilles - Carrières-sur-Seine;uic_87386409;?;?;normal;8;0;60;22;0;0 - 1 - 0 - 0 - 1 - 0 - 1 - 0;0: 5 - 1: 3
2020;1;29;3;5;1;0;UZAR;?;12h27;Houilles - Carrières-sur-Seine;uic_87386409;?;?;normal;8;0;60;22;0;0 - 0 - 0 - 0 - 1 - 0 - 1 - 1;0: 5 - 1: 3
2020;1;29;3;5;1;0;UZAR;?;12h38;Houilles - Carrières-sur-Seine;uic_87386409;?;?;normal;8;0;0;0;0;0 - 0 - 0 - 0 - 0 - 0 - 0 - 0;0: 8
2020;1;29;3;5;1;0;UZAR;?;12h47;Houilles - Carrières-sur-Seine;uic_87386409;?;?;normal;8;0;540;352;7;1 - 1 - 5 - 7 - 8 - 7 - 9 - 9;1: 2 - 5: 1 - 7: 2 - 8: 1 - 9: 2
2020;1;29;3;5;1;0;UZAR;?;12h58;Houilles - Carrières-sur-Seine;uic_87386409;?;?;normal;8;0;180;75;1;0 - 1 - 0 - 1 - 1 - 1 - 3 - 3;0: 2 - 1: 4 - 3: 2
2020;1;29;3;5;1;0;UZAR;?;13h07;Houilles - Carrières-sur-Seine;uic_87386409;?;?;normal;8;0;60;15;0;0 - 0 - 0 - 0 - 1 - 0 - 1 - 0;0: 6 - 1: 2
2020;1;29;3;5;1;0;UZAR;?;13h18;Houilles - Carrières-sur-Seine;uic_87386409;?;?;normal;8;0;120;15;0;0 - 0 - 0 - 0 - 0 - 0 - 0 - 2;0: 7 - 2: 1
2020;1;29;3;5;1;0;UZAR;?;13h27;Houilles - Carrières-sur-Seine;uic_87386409;?;?;normal;8;0;60;30;30;0 - 0 - 0 - 1 - 1 - 0 - 1 - 1;0: 4 - 1: 4
2020;1;29;3;5;1;0;UZAR;?;13h38;Houilles - Carrières-sur-Seine;uic_87386409;?;?;normal;8;0;60;30;30;0 - 1 - 0 - 0 - 1 - 0 - 1 - 1;0: 4 - 1: 4
2020;1;29;3;5;1;0;UZAR;?;13h47;Houilles - Carrières-sur-Seine;uic_87386409;?;?;normal;8;0;420;345;6;6 - 6 - 4 - 5 - 6 - 6 - 7 - 6;4: 1 - 5: 1 - 6: 5 - 7: 1
2020;1;29;3;5;1;0;UZAR;?;13h58;Houilles - Carrières-sur-Seine;uic_87386409;?;?;normal;8;0;240;225;4;3 - 4 - 3 - 4 - 4 - 4 - 4 - 4;3: 2 - 4: 6
2020;1;29;3;5;1;0;UZAR;?;14h07;Houilles - Carrières-sur-Seine;uic_87386409;?;?;normal;8;0;60;37;1;0 - 0 - 0 - 1 - 1 - 1 - 1 - 1;0: 3 - 1: 5
2020;1;29;3;5;1;0;UZAR;?;14h18;Houilles - Carrières-sur-Seine;uic_87386409;?;?;normal;8;0;60;7;0;0 - 0 - 0 - 0 - 0 - 0 - 0 - 1;0: 7 - 1: 1
2020;1;29;3;5;1;0;UZAR;?;14h27;Houilles - Carrières-sur-Seine;uic_87386409;?;?;normal;8;0;120;45;1;0 - 0 - 0 - 1 - 1 - 1 - 2 - 1;0: 3 - 1: 4 - 2: 1
2020;1;29;3;5;1;0;UZAR;?;14h38;Houilles - Carrières-sur-Seine;uic_87386409;?;?;normal;8;0;180;135;2;2 - 2 - 1 - 2 - 3 - 2 - 3 - 3;1: 1 - 2: 4 - 3: 3
2020;1;29;3;5;1;0;UZAR;?;14h47;Houilles - Carrières-sur-Seine;uic_87386409;?;?;normal;8;0;60;15;0;0 - 0 - 0 - 0 - 1 - 0 - 1 - 0;0: 6 - 1: 2
2020;1;29;3;5;1;0;UZAR;?;14h58;Houilles - Carrières-sur-Seine;uic_87386409;?;?;normal;8;0;60;15;0;0 - 0 - 0 - 0 - 0 - 0 - 1 - 1;0: 6 - 1: 2
2020;1;29;3;5;1;0;UZAR;?;15h07;Houilles - Carrières-sur-Seine;uic_87386409;?;?;normal;8;0;0;0;0;0 - 0 - 0 - 0 - 0 - 0 - 0 - 0;0: 8
2020;1;29;3;5;1;0;UZAR;?;15h18;Houilles - Carrières-sur-Seine;uic_87386409;?;?;normal;8;0;120;60;1;1 - 1 - 0 - 1 - 1 - 1 - 2 - 1;0: 1 - 1: 6 - 2: 1
2020;1;29;3;5;1;0;UZEL;?;15h47;Houilles - Carrières-sur-Seine;uic_87386409;?;?;normal;8;0;60;7;0;0 - 0 - 0 - 0 - 0 - 0 - 1 - 0;0: 7 - 1: 1
2020;1;29;3;5;1;0;UZEL;?;15h58;Houilles - Carrières-sur-Seine;uic_87386409;?;?;normal;8;0;60;45;1;0 - 1 - 0 - 1 - 1 - 1 - 1 - 1;0: 2 - 1: 6
2020;1;29;3;5;1;0;UZEL;?;16h07;Houilles - Carrières-sur-Seine;uic_87386409;?;?;normal;8;0;360;180;3;0 - 0 - 3 - 3 - 4 - 3 - 6 - 5;0: 2 - 3: 3 - 4: 1 - 5: 1 - 6: 1
2020;1;29;3;5;1;0;UZEL;?;16h18;Houilles - Carrières-sur-Seine;uic_87386409;?;?;normal;8;0;180;67;1;1 - 1 - 0 - 1 - 1 - 0 - 3 - 2;0: 2 - 1: 4 - 2: 1 - 3: 1
2020;1;29;3;5;1;0;UZEL;?;16h26;Houilles - Carrières-sur-Seine;uic_87386409;?;?;normal;8;0;60;7;0;0 - 0 - 0 - 0 - 0 - 0 - 1 - 0;0: 7 - 1: 1
2020;1;29;3;5;1;0;UZEL;?;16h38;Houilles - Carrières-sur-Seine;uic_87386409;?;?;normal;8;0;240;180;3;2 - 3 - 2 - 3 - 4 - 3 - 4 - 3;2: 2 - 3: 4 - 4: 2
2020;1;29;3;5;1;0;UZEL;?;16h46;Houilles - Carrières-sur-Seine;uic_87386409;?;?;normal;8;0;240;120;2;0 - 1 - 1 - 2 - 2 - 3 - 4 - 3;0: 1 - 1: 2 - 2: 2 - 3: 2 - 4: 1
2020;1;29;3;5;1;0;UZEL;?;16h59;Houilles - Carrières-sur-Seine;uic_87386409;?;?;normal;8;0;0;0;0;0 - 0 - 0 - 0 - 0 - 0 - 0 - 0;0: 8
2020;1;29;3;5;1;0;UZEL;?;17h05;Houilles - Carrières-sur-Seine;uic_87386409;?;?;normal;8;0;120;67;1;0 - 0 - 1 - 1 - 1 - 2 - 2 - 2;0: 2 - 1: 3 - 2: 3
2020;1;29;3;5;1;0;UZEL;?;17h18;Houilles - Carrières-sur-Seine;uic_87386409;?;?;normal;8;0;360;300;330;3 - 4 - 4 - 6 - 6 - 5 - 6 - 6;3: 1 - 4: 2 - 5: 1 - 6: 4
2020;1;29;3;5;1;0;UZEL;?;17h30;Houilles - Carrières-sur-Seine;uic_87386409;?;?;normal;8;0;480;420;7;6 - 7 - 7 - 7 - 7 - 7 - 7 - 8;6: 1 - 7: 6 - 8: 1
2020;1;29;3;5;1;0;UZEL;?;17h43;Houilles - Carrières-sur-Seine;uic_87386409;?;?;normal;8;0;300;240;4;3 - 4 - 3 - 5 - 5 - 4 - 4 - 4;3: 2 - 4: 4 - 5: 2
2020;1;29;3;5;1;0;UZEL;?;17h55;Houilles - Carrières-sur-Seine;uic_87386409;?;?;normal;8;0;300;225;4;3 - 4 - 3 - 3 - 4 - 4 - 4 - 5;3: 3 - 4: 4 - 5: 1
2020;1;29;3;5;1;0;UZEL;?;18h08;Houilles - Carrières-sur-Seine;uic_87386409;?;?;normal;8;0;60;15;0;0 - 0 - 0 - 1 - 1 - 0 - 0 - 0;0: 6 - 1: 2
2020;1;29;3;5;1;0;UZEL;?;18h20;Houilles - Carrières-sur-Seine;uic_87386409;?;?;normal;8;0;60;15;0;0 - 0 - 0 - 0 - 0 - 0 - 1 - 1;0: 6 - 1: 2
2020;1;29;3;5;1;0;UZEL;?;18h33;Houilles - Carrières-sur-Seine;uic_87386409;?;?;normal;8;0;300;232;4;3 - 3 - 3 - 4 - 5 - 4 - 4 - 5;3: 3 - 4: 3 - 5: 2
2020;1;29;3;5;1;0;UZEL;?;18h45;Houilles - Carrières-sur-Seine;uic_87386409;?;?;normal;8;0;480;427;7;6 - 7 - 7 - 7 - 7 - 8 - 7 - 8;6: 1 - 7: 5 - 8: 2
2020;1;29;3;5;1;0;UZEL;?;18h58;Houilles - Carrières-sur-Seine;uic_87386409;?;?;annule;8;8;0;0;0;;
2020;1;29;3;5;1;0;UZEL;?;19h10;Houilles - Carrières-sur-Seine;uic_87386409;?;?;normal;8;0;1920;1800;1830;27 - 28 - 30 - 30 - 31 - 31 - 31 - 32;27: 1 - 28: 1 - 30: 2 - 31: 3 - 32: 1
2020;1;29;3;5;1;0;UZEL;?;19h23;Houilles - Carrières-sur-Seine;uic_87386409;?;?;normal;8;0;2100;2040;34;32 - 33 - 34 - 34 - 35 - 34 - 35 - 35;32: 1 - 33: 1 - 34: 3 - 35: 3
2020;1;29;3;5;1;0;UZEL;?;19h35;Houilles - Carrières-sur-Seine;uic_87386409;?;?;normal;8;0;1800;1732;29;27 - 28 - 28 - 29 - 29 - 30 - 30 - 30;27: 1 - 28: 2 - 29: 2 - 30: 3
2020;1;29;3;5;1;0;UZEL;?;19h48;Houilles - Carrières-sur-Seine;uic_87386409;?;?;normal;8;0;1680;1620;27;26 - 27 - 26 - 28 - 28 - 27 - 27 - 27;26: 2 - 27: 4 - 28: 2
2020;1;29;3;5;1;0;UZEL;?;20h00;Houilles - Carrières-sur-Seine;uic_87386409;?;?;normal;8;0;2580;2370;2490;32 - 34 - 40 - 41 - 42 - 42 - 42 - 43;32: 1 - 34: 1 - 40: 1 - 41: 1 - 42: 3 - 43: 1
2020;1;29;3;5;1;0;UZEL;?;20h10;Houilles - Carrières-sur-Seine;uic_87386409;?;?;normal;8;0;2580;2340;2490;29 - 31 - 40 - 41 - 42 - 43 - 43 - 43;29: 1 - 31: 1 - 40: 1 - 41: 1 - 42: 1 - 43: 3
2020;1;29;3;5;1;0;UZEL;?;20h28;Houilles - Carrières-sur-Seine;uic_87386409;?;?;normal;8;0;2160;1927;35;21 - 24 - 34 - 35 - 35 - 36 - 36 - 36;21: 1 - 24: 1 - 34: 1 - 35: 2 - 36: 3
2020;1;29;3;5;1;0;UZEL;?;20h49;Houilles - Carrières-sur-Seine;uic_87386409;?;?;normal;8;0;1260;1080;19;13 - 14 - 18 - 20 - 20 - 19 - 19 - 21;13: 1 - 14: 1 - 18: 1 - 19: 2 - 20: 2 - 21: 1
2020;1;29;3;5;1;0;UZEL;?;21h08;Houilles - Carrières-sur-Seine;uic_87386409;?;?;normal;8;0;900;735;14;6 - 7 - 14 - 14 - 14 - 14 - 14 - 15;6: 1 - 7: 1 - 14: 5 - 15: 1
2020;1;29;3;5;1;0;UZEL;?;21h28;Houilles - Carrières-sur-Seine;uic_87386409;?;?;normal;8;0;840;787;13;12 - 13 - 12 - 13 - 13 - 14 - 14 - 14;12: 2 - 13: 3 - 14: 3
2020;1;29;3;5;1;0;UZEL;?;21h49;Houilles - Carrières-sur-Seine;uic_87386409;?;?;normal;8;0;420;352;6;5 - 6 - 5 - 6 - 7 - 6 - 6 - 6;5: 2 - 6: 5 - 7: 1
2020;1;29;3;5;1;0;UZIN;?;15h27;Houilles - Carrières-sur-Seine;uic_87386409;?;?;normal;8;0;0;0;0;0 - 0 - 0 - 0 - 0 - 0 - 0 - 0;0: 8
2020;1;29;3;5;1;0;UZIN;?;15h38;Houilles - Carrières-sur-Seine;uic_87386409;?;?;normal;8;0;240;165;3;2 - 2 - 1 - 3 - 3 - 3 - 4 - 4;1: 1 - 2: 2 - 3: 3 - 4: 2
2020;1;29;3;5;1;0;VELO;?;00h18;Houilles - Carrières-sur-Seine;uic_87386409;?;?;normal;1;0;60;60;60;1;1: 1
2020;1;29;3;5;1;0;VELO;?;22h18;Houilles - Carrières-sur-Seine;uic_87386409;?;?;normal;1;0;420;420;420;7;7: 1
2020;1;29;3;5;1;0;VELO;?;22h48;Houilles - Carrières-sur-Seine;uic_87386409;?;?;normal;1;0;0;0;0;0;0: 1
2020;1;29;3;5;1;0;VELO;?;23h18;Houilles - Carrières-sur-Seine;uic_87386409;?;?;normal;1;0;0;0;0;0;0: 1
2020;1;29;3;5;1;0;VELO;?;23h48;Houilles - Carrières-sur-Seine;uic_87386409;?;?;normal;1;0;0;0;0;0;0: 1
2020;1;29;3;5;1;0;VIDA;?;00h44;Houilles - Carrières-sur-Seine;uic_87386409;?;?;normal;1;0;0;0;0;0;0: 1
2020;1;29;3;5;1;0;VIRO;?;01h13;Houilles - Carrières-sur-Seine;uic_87386409;?;?;normal;1;0;0;0;0;0;0: 1
2020;1;30;4;5;1;0;NAJA;?;22h28;Sartrouville;uic_87386417;?;?;normal;2;0;0;0;0;0 - 0;0: 2
2020;1;30;4;5;1;0;NAJA;?;22h58;Sartrouville;uic_87386417;?;?;normal;2;0;0;0;0;0 - 0;0: 2
2020;1;30;4;5;1;0;NAJA;?;23h28;Sartrouville;uic_87386417;?;?;normal;2;0;0;0;0;0 - 0;0: 2
2020;1;30;4;5;1;0;NANI;?;14h13;Cergy le Haut;uic_87382655;?;?;normal;9;0;0;0;0;0 - 0 - 0 - 0 - 0 - 0 - 0 - 0 - 0;0: 9
2020;1;30;4;5;1;0;NANI;?;14h23;Cergy le Haut;uic_87382655;?;?;normal;9;0;0;0;0;0 - 0 - 0 - 0 - 0 - 0 - 0 - 0 - 0;0: 9
2020;1;30;4;5;1;0;NANI;?;14h33;Cergy le Haut;uic_87382655;?;?;normal;9;0;0;0;0;0 - 0 - 0 - 0 - 0 - 0 - 0 - 0 - 0;0: 9
2020;1;30;4;5;1;0;NANI;?;14h43;Cergy le Haut;uic_87382655;?;?;normal;9;0;60;20;0;0 - 0 - 0 - 0 - 0 - 1 - 0 - 1 - 1;0: 6 - 1: 3
2020;1;30;4;5;1;0;NANI;?;14h53;Cergy le Haut;uic_87382655;?;?;normal;9;0;0;0;0;0 - 0 - 0 - 0 - 0 - 0 - 0 - 0 - 0;0: 9
2020;1;30;4;5;1;0;NANI;?;15h03;Cergy le Haut;uic_87382655;?;?;normal;9;0;60;26;0;0 - 0 - 0 - 0 - 0 - 1 - 1 - 1 - 1;0: 5 - 1: 4
2020;1;30;4;5;1;0;NANI;?;15h13;Cergy le Haut;uic_87382655;?;?;normal;9;0;0;0;0;0 - 0 - 0 - 0 - 0 - 0 - 0 - 0 - 0;0: 9
2020;1;30;4;5;1;0;NANI;?;15h23;Cergy le Haut;uic_87382655;?;?;normal;9;0;0;0;0;0 - 0 - 0 - 0 - 0 - 0 - 0 - 0 - 0;0: 9
2020;1;30;4;5;1;0;NANI;?;15h33;Cergy le Haut;uic_87382655;?;?;normal;9;0;60;33;60;1 - 1 - 1 - 1 - 0 - 1 - 0 - 0 - 0;0: 4 - 1: 5
2020;1;30;4;5;1;0;NANI;?;15h43;Cergy le Haut;uic_87382655;?;?;normal;9;0;240;80;0;0 - 0 - 0 - 0 - 0 - 3 - 2 - 3 - 4;0: 5 - 2: 1 - 3: 2 - 4: 1
2020;1;30;4;5;1;0;NANI;?;15h53;Cergy le Haut;uic_87382655;?;?;normal;9;0;120;40;0;0 - 0 - 0 - 0 - 0 - 2 - 2 - 2 - 0;0: 6 - 2: 3
2020;1;30;4;5;1;0;NANI;?;16h03;Cergy le Haut;uic_87382655;?;?;normal;9;0;0;0;0;0 - 0 - 0 - 0 - 0 - 0 - 0 - 0 - 0;0: 9
2020;1;30;4;5;1;0;NANI;?;16h13;Cergy le Haut;uic_87382655;?;?;normal;9;0;60;6;0;0 - 0 - 0 - 0 - 0 - 1 - 0 - 0 - 0;0: 8 - 1: 1
2020;1;30;4;5;1;0;NANI;?;16h24;Cergy le Haut;uic_87382655;?;?;normal;9;0;0;0;0;0 - 0 - 0 - 0 - 0 - 0 - 0 - 0 - 0;0: 9
2020;1;30;4;5;1;0;NANI;?;16h36;Cergy le Haut;uic_87382655;?;?;normal;9;0;120;26;0;0 - 0 - 0 - 0 - 1 - 2 - 1 - 0 - 0;0: 6 - 1: 2 - 2: 1
2020;1;30;4;5;1;0;NANI;?;16h49;Cergy le Haut;uic_87382655;?;?;annule;9;9;0;0;0;;
2020;1;30;4;5;1;0;NANI;?;17h01;Cergy le Haut;uic_87382655;?;?;normal;9;0;120;66;60;0 - 0 - 1 - 1 - 2 - 2 - 2 - 1 - 1;0: 2 - 1: 4 - 2: 3
2020;1;30;4;5;1;0;NANI;?;17h14;Cergy le Haut;uic_87382655;?;?;normal;9;0;0;0;0;0 - 0 - 0 - 0 - 0 - 0 - 0 - 0 - 0;0: 9
2020;1;30;4;5;1;0;NANI;?;17h26;Cergy le Haut;uic_87382655;?;?;normal;9;0;240;193;240;2 - 3 - 2 - 2 - 4 - 4 - 4 - 4 - 4;2: 3 - 3: 1 - 4: 5
2020;1;30;4;5;1;0;NANI;?;17h39;Cergy le Haut;uic_87382655;?;?;normal;9;0;360;300;300;4 - 4 - 5 - 5 - 5 - 6 - 5 - 5 - 6;4: 2 - 5: 5 - 6: 2
2020;1;30;4;5;1;0;NANI;?;17h51;Cergy le Haut;uic_87382655;?;?;normal;9;0;720;426;300;3 - 4 - 3 - 3 - 5 - 12 - 12 - 11 - 11;3: 3 - 4: 1 - 5: 1 - 11: 2 - 12: 2
2020;1;30;4;5;1;0;NANI;?;18h04;Cergy le Haut;uic_87382655;?;?;normal;9;0;300;120;0;0 - 0 - 0 - 0 - 0 - 4 - 4 - 5 - 5;0: 5 - 4: 2 - 5: 2
2020;1;30;4;5;1;0;NANI;?;18h16;Cergy le Haut;uic_87382655;?;?;normal;9;0;240;120;120;0 - 1 - 1 - 2 - 3 - 4 - 3 - 2 - 2;0: 1 - 1: 2 - 2: 3 - 3: 2 - 4: 1
2020;1;30;4;5;1;0;NANI;?;18h29;Cergy le Haut;uic_87382655;?;?;normal;9;0;120;40;0;0 - 0 - 0 - 0 - 0 - 1 - 1 - 2 - 2;0: 5 - 1: 2 - 2: 2
2020;1;30;4;5;1;0;NANI;?;18h41;Cergy le Haut;uic_87382655;?;?;annule;9;9;0;0;0;;
2020;1;30;4;5;1;0;NANI;?;18h54;Cergy le Haut;uic_87382655;?;?;normal;9;0;300;106;0;0 - 0 - 0 - 0 - 0 - 3 - 3 - 5 - 5;0: 5 - 3: 2 - 5: 2
2020;1;30;4;5;1;0;NANI;?;19h06;Cergy le Haut;uic_87382655;?;?;normal;9;0;120;53;60;0 - 0 - 0 - 0 - 1 - 2 - 2 - 1 - 2;0: 4 - 1: 2 - 2: 3
2020;1;30;4;5;1;0;NANI;?;19h20;Cergy le Haut;uic_87382655;?;?;normal;9;0;180;106;120;0 - 1 - 1 - 1 - 3 - 3 - 2 - 3 - 2;0: 1 - 1: 3 - 2: 2 - 3: 3
2020;1;30;4;5;1;0;NANI;?;19h39;Cergy le Haut;uic_87382655;?;?;normal;9;0;120;53;0;0 - 0 - 0 - 0 - 0 - 2 - 2 - 2 - 2;0: 5 - 2: 4
2020;1;30;4;5;1;0;NANI;?;20h05;Cergy le Haut;uic_87382655;?;?;normal;9;0;0;0;0;0 - 0 - 0 - 0 - 0 - 0 - 0 - 0 - 0;0: 9
2020;1;30;4;5;1;0;NANI;?;20h35;Cergy le Haut;uic_87382655;?;?;normal;9;0;0;0;0;0 - 0 - 0 - 0 - 0 - 0 - 0 - 0 - 0;0: 9
2020;1;30;4;5;1;0;NANI;?;21h05;Cergy le Haut;uic_87382655;?;?;normal;9;0;120;66;60;0 - 0 - 1 - 1 - 1 - 2 - 1 - 2 - 2;0: 2 - 1: 4 - 2: 3
2020;1;30;4;5;1;0;NANI;?;21h33;Cergy le Haut;uic_87382655;?;?;normal;9;0;60;20;0;0 - 0 - 0 - 0 - 0 - 0 - 1 - 1 - 1;0: 6 - 1: 3
2020;1;30;4;5;1;0;NATO;?;05h12;Cergy le Haut;uic_87382655;?;?;normal;9;0;60;26;0;1 - 0 - 1 - 1 - 0 - 1 - 0 - 0 - 0;0: 5 - 1: 4
2020;1;30;4;5;1;0;NATO;?;05h42;Cergy le Haut;uic_87382655;?;?;normal;9;0;120;80;60;0 - 1 - 2 - 2 - 2 - 2 - 1 - 1 - 1;0: 1 - 1: 4 - 2: 4
2020;1;30;4;5;1;0;NATO;?;05h57;Cergy le Haut;uic_87382655;?;?;annule;9;9;0;0;0;;
2020;1;30;4;5;1;0;NATO;?;06h12;Cergy le Haut;uic_87382655;?;?;normal;9;0;60;26;0;0 - 0 - 0 - 0 - 0 - 1 - 1 - 1 - 1;0: 5 - 1: 4
2020;1;30;4;5;1;0;NATO;?;06h27;Cergy le Haut;uic_87382655;?;?;normal;9;0;120;53;60;0 - 0 - 1 - 1 - 1 - 2 - 1 - 1 - 1;0: 2 - 1: 6 - 2: 1
2020;1;30;4;5;1;0;NATO;?;06h42;Cergy le Haut;uic_87382655;?;?;normal;9;0;0;0;0;0 - 0 - 0 - 0 - 0 - 0 - 0 - 0 - 0;0: 9
2020;1;30;4;5;1;0;NATO;?;06h51;Cergy le Haut;uic_87382655;?;?;normal;9;0;60;20;0;0 - 0 - 0 - 0 - 0 - 1 - 1 - 1 - 0;0: 6 - 1: 3
2020;1;30;4;5;1;0;NATO;?;07h03;Cergy le Haut;uic_87382655;?;?;normal;9;0;120;20;0;0 - 0 - 0 - 0 - 0 - 0 - 0 - 1 - 2;0: 7 - 1: 1 - 2: 1
2020;1;30;4;5;1;0;NATO;?;07h14;Cergy le Haut;uic_87382655;?;?;normal;9;0;60;6;0;0 - 0 - 0 - 0 - 0 - 1 - 0 - 0 - 0;0: 8 - 1: 1
2020;1;30;4;5;1;0;NATO;?;07h26;Cergy le Haut;uic_87382655;?;?;normal;9;0;0;0;0;0 - 0 - 0 - 0 - 0 - 0 - 0 - 0 - 0;0: 9
2020;1;30;4;5;1;0;NATO;?;07h38;Cergy le Haut;uic_87382655;?;?;normal;9;0;180;66;60;0 - 0 - 1 - 0 - 0 - 2 - 2 - 2 - 3;0: 4 - 1: 1 - 2: 3 - 3: 1
2020;1;30;4;5;1;0;NATO;?;07h49;Cergy le Haut;uic_87382655;?;?;normal;9;0;120;40;0;0 - 0 - 0 - 0 - 0 - 2 - 2 - 1 - 1;0: 5 - 1: 2 - 2: 2
2020;1;30;4;5;1;0;NATO;?;08h01;Cergy le Haut;uic_87382655;?;?;normal;9;0;0;0;0;0 - 0 - 0 - 0 - 0 - 0 - 0 - 0 - 0;0: 9
2020;1;30;4;5;1;0;NATO;?;08h13;Cergy le Haut;uic_87382655;?;?;normal;9;0;60;6;0;0 - 0 - 0 - 0 - 0 - 0 - 0 - 0 - 1;0: 8 - 1: 1
2020;1;30;4;5;1;0;NATO;?;08h24;Cergy le Haut;uic_87382655;?;?;normal;9;0;60;26;0;0 - 0 - 0 - 0 - 0 - 1 - 1 - 1 - 1;0: 5 - 1: 4
2020;1;30;4;5;1;0;NATO;?;08h36;Cergy le Haut;uic_87382655;?;?;normal;9;0;0;0;0;0 - 0 - 0 - 0 - 0 - 0 - 0 - 0 - 0;0: 9
2020;1;30;4;5;1;0;NATO;?;08h48;Cergy le Haut;uic_87382655;?;?;normal;9;0;60;6;0;0 - 0 - 1 - 0 - 0 - 0 - 0 - 0 - 0;0: 8 - 1: 1
2020;1;30;4;5;1;0;NATO;?;09h03;Cergy le Haut;uic_87382655;?;?;normal;9;0;60;6;0;0 - 0 - 0 - 0 - 0 - 1 - 0 - 0 - 0;0: 8 - 1: 1
2020;1;30;4;5;1;0;NATO;?;09h14;Cergy le Haut;uic_87382655;?;?;normal;9;0;60;6;0;0 - 0 - 0 - 0 - 0 - 1 - 0 - 0 - 0;0: 8 - 1: 1
2020;1;30;4;5;1;0;NATO;?;09h23;Cergy le Haut;uic_87382655;?;?;normal;9;0;0;0;0;0 - 0 - 0 - 0 - 0 - 0 - 0 - 0 - 0;0: 9
2020;1;30;4;5;1;0;NATO;?;09h33;Cergy le Haut;uic_87382655;?;?;normal;9;0;240;93;0;0 - 0 - 0 - 0 - 0 - 4 - 3 - 3 - 4;0: 5 - 3: 2 - 4: 2
2020;1;30;4;5;1;0;NATO;?;09h47;Cergy le Haut;uic_87382655;?;?;normal;9;0;120;66;60;0 - 0 - 1 - 1 - 1 - 2 - 1 - 2 - 2;0: 2 - 1: 4 - 2: 3
2020;1;30;4;5;1;0;NATO;?;09h55;Cergy le Haut;uic_87382655;?;?;normal;9;0;0;0;0;0 - 0 - 0 - 0 - 0 - 0 - 0 - 0 - 0;0: 9
2020;1;30;4;5;1;0;NATO;?;10h07;Cergy le Haut;uic_87382655;?;?;normal;9;0;60;20;0;0 - 0 - 0 - 0 - 0 - 1 - 0 - 1 - 1;0: 6 - 1: 3
2020;1;30;4;5;1;0;NATO;?;10h13;Cergy le Haut;uic_87382655;?;?;normal;9;0;60;33;60;0 - 0 - 1 - 0 - 1 - 1 - 1 - 1 - 0;0: 4 - 1: 5
2020;1;30;4;5;1;0;NATO;?;10h23;Cergy le Haut;uic_87382655;?;?;normal;9;0;120;93;120;1 - 0 - 2 - 2 - 1 - 2 - 2 - 2 - 2;0: 1 - 1: 2 - 2: 6
2020;1;30;4;5;1;0;NATO;?;10h33;Cergy le Haut;uic_87382655;?;?;normal;9;0;180;46;0;0 - 0 - 0 - 0 - 0 - 3 - 2 - 2 - 0;0: 6 - 2: 2 - 3: 1
2020;1;30;4;5;1;0;NATO;?;10h43;Cergy le Haut;uic_87382655;?;?;normal;9;0;60;46;60;1 - 1 - 1 - 1 - 1 - 1 - 1 - 0 - 0;0: 2 - 1: 7
2020;1;30;4;5;1;0;NATO;?;10h53;Cergy le Haut;uic_87382655;?;?;normal;9;0;60;13;0;0 - 0 - 0 - 0 - 0 - 1 - 0 - 1 - 0;0: 7 - 1: 2
2020;1;30;4;5;1;0;NATO;?;11h03;Cergy le Haut;uic_87382655;?;?;normal;9;0;60;13;0;0 - 0 - 0 - 0 - 0 - 1 - 0 - 0 - 1;0: 7 - 1: 2
2020;1;30;4;5;1;0;NATO;?;11h13;Cergy le Haut;uic_87382655;?;?;normal;9;0;120;46;60;0 - 0 - 1 - 1 - 1 - 1 - 1 - 2 - 0;0: 3 - 1: 5 - 2: 1
2020;1;30;4;5;1;0;NATO;?;11h23;Cergy le Haut;uic_87382655;?;?;normal;9;0;0;0;0;0 - 0 - 0 - 0 - 0 - 0 - 0 - 0 - 0;0: 9
2020;1;30;4;5;1;0;NATO;?;11h33;Cergy le Haut;uic_87382655;?;?;normal;9;0;60;40;60;0 - 0 - 1 - 1 - 1 - 1 - 1 - 1 - 0;0: 3 - 1: 6
2020;1;30;4;5;1;0;NATO;?;11h43;Cergy le Haut;uic_87382655;?;?;normal;9;0;0;0;0;0 - 0 - 0 - 0 - 0 - 0 - 0 - 0 - 0;0: 9
2020;1;30;4;5;1;0;NATO;?;11h53;Cergy le Haut;uic_87382655;?;?;normal;9;0;0;0;0;0 - 0 - 0 - 0 - 0 - 0 - 0 - 0 - 0;0: 9
2020;1;30;4;5;1;0;NATO;?;12h03;Cergy le Haut;uic_87382655;?;?;normal;9;0;120;73;60;0 - 0 - 1 - 1 - 1 - 2 - 2 - 2 - 2;0: 2 - 1: 3 - 2: 4
2020;1;30;4;5;1;0;NATO;?;12h13;Cergy le Haut;uic_87382655;?;?;normal;9;0;0;0;0;0 - 0 - 0 - 0 - 0 - 0 - 0 - 0 - 0;0: 9
2020;1;30;4;5;1;0;NATO;?;12h23;Cergy le Haut;uic_87382655;?;?;normal;9;0;60;33;60;0 - 0 - 1 - 0 - 0 - 1 - 1 - 1 - 1;0: 4 - 1: 5
2020;1;30;4;5;1;0;NATO;?;12h33;Cergy le Haut;uic_87382655;?;?;normal;9;0;60;46;60;1 - 0 - 1 - 1 - 1 - 1 - 1 - 1 - 0;0: 2 - 1: 7
2020;1;30;4;5;1;0;NATO;?;12h43;Cergy le Haut;uic_87382655;?;?;normal;9;0;60;13;0;0 - 0 - 0 - 0 - 0 - 1 - 0 - 0 - 1;0: 7 - 1: 2
2020;1;30;4;5;1;0;NATO;?;12h53;Cergy le Haut;uic_87382655;?;?;normal;9;0;60;6;0;0 - 0 - 0 - 0 - 0 - 1 - 0 - 0 - 0;0: 8 - 1: 1
2020;1;30;4;5;1;0;NATO;?;13h03;Cergy le Haut;uic_87382655;?;?;normal;9;0;120;60;60;0 - 0 - 1 - 1 - 1 - 2 - 1 - 1 - 2;0: 2 - 1: 5 - 2: 2
2020;1;30;4;5;1;0;NATO;?;13h13;Cergy le Haut;uic_87382655;?;?;normal;9;0;120;60;60;0 - 0 - 1 - 1 - 1 - 2 - 2 - 2 - 0;0: 3 - 1: 3 - 2: 3
2020;1;30;4;5;1;0;NATO;?;13h23;Cergy le Haut;uic_87382655;?;?;normal;9;0;60;6;0;0 - 0 - 0 - 0 - 0 - 1 - 0 - 0 - 0;0: 8 - 1: 1
2020;1;30;4;5;1;0;NATO;?;13h33;Cergy le Haut;uic_87382655;?;?;normal;9;0;0;0;0;0 - 0 - 0 - 0 - 0 - 0 - 0 - 0 - 0;0: 9
2020;1;30;4;5;1;0;NATO;?;13h43;Cergy le Haut;uic_87382655;?;?;normal;9;0;0;0;0;0 - 0 - 0 - 0 - 0 - 0 - 0 - 0 - 0;0: 9
2020;1;30;4;5;1;0;NATO;?;13h53;Cergy le Haut;uic_87382655;?;?;normal;9;0;120;40;0;0 - 0 - 0 - 0 - 0 - 2 - 2 - 2 - 0;0: 6 - 2: 3
2020;1;30;4;5;1;0;NATO;?;14h03;Cergy le Haut;uic_87382655;?;?;normal;9;0;0;0;0;0 - 0 - 0 - 0 - 0 - 0 - 0 - 0 - 0;0: 9
2020;1;30;4;5;1;0;NOTE;?;05h40;Poissy;uic_87386573;?;?;normal;5;0;60;48;60;0 - 1 - 1 - 1 - 1;0: 1 - 1: 4
2020;1;30;4;5;1;0;NOTE;?;06h00;Poissy;uic_87386573;?;?;normal;5;0;0;0;0;0 - 0 - 0 - 0 - 0;0: 5
2020;1;30;4;5;1;0;NOTE;?;06h15;Poissy;uic_87386573;?;?;normal;5;0;0;0;0;0 - 0 - 0 - 0 - 0;0: 5
2020;1;30;4;5;1;0;NOTE;?;06h30;Poissy;uic_87386573;?;?;normal;5;0;0;0;0;0 - 0 - 0 - 0 - 0;0: 5
2020;1;30;4;5;1;0;NOTE;?;06h45;Poissy;uic_87386573;?;?;normal;5;0;60;60;60;1 - 1 - 1 - 1 - 1;1: 5
2020;1;30;4;5;1;0;NOTE;?;06h59;Poissy;uic_87386573;?;?;normal;5;0;60;48;60;1 - 1 - 1 - 1 - 0;0: 1 - 1: 4
2020;1;30;4;5;1;0;NOTE;?;07h13;Poissy;uic_87386573;?;?;normal;5;0;120;96;120;0 - 2 - 2 - 2 - 2;0: 1 - 2: 4
2020;1;30;4;5;1;0;NOTE;?;07h25;Poissy;uic_87386573;?;?;normal;5;0;0;0;0;0 - 0 - 0 - 0 - 0;0: 5
2020;1;30;4;5;1;0;NOTE;?;07h37;Poissy;uic_87386573;?;?;normal;5;0;60;12;0;0 - 0 - 0 - 0 - 1;0: 4 - 1: 1
2020;1;30;4;5;1;0;NOTE;?;07h47;Poissy;uic_87386573;?;?;normal;5;0;180;120;120;0 - 3 - 3 - 2 - 2;0: 1 - 2: 2 - 3: 2
2020;1;30;4;5;1;0;NOTE;?;07h59;Poissy;uic_87386573;?;?;normal;5;0;120;96;120;0 - 2 - 2 - 2 - 2;0: 1 - 2: 4
2020;1;30;4;5;1;0;NOTE;?;08h11;Poissy;uic_87386573;?;?;normal;5;0;120;60;60;0 - 1 - 1 - 1 - 2;0: 1 - 1: 3 - 2: 1
2020;1;30;4;5;1;0;NOTE;?;08h22;Poissy;uic_87386573;?;?;normal;5;0;120;60;60;2 - 1 - 1 - 0 - 1;0: 1 - 1: 3 - 2: 1
2020;1;30;4;5;1;0;NOTE;?;08h34;Poissy;uic_87386573;?;?;normal;5;0;60;36;60;0 - 1 - 0 - 1 - 1;0: 2 - 1: 3
2020;1;30;4;5;1;0;NOTE;?;08h46;Poissy;uic_87386573;?;?;normal;5;0;60;24;0;0 - 0 - 0 - 1 - 1;0: 3 - 1: 2
2020;1;30;4;5;1;0;NOTE;?;08h57;Poissy;uic_87386573;?;?;normal;5;0;60;36;60;0 - 1 - 1 - 0 - 1;0: 2 - 1: 3
2020;1;30;4;5;1;0;NOTE;?;09h09;Poissy;uic_87386573;?;?;normal;5;0;240;167;180;4 - 3 - 2 - 2 - 3;2: 2 - 3: 2 - 4: 1
2020;1;30;4;5;1;0;NOTE;?;16h42;Poissy;uic_87386573;?;?;normal;5;0;0;0;0;0 - 0 - 0 - 0 - 0;0: 5
2020;1;30;4;5;1;0;NOTE;?;16h54;Poissy;uic_87386573;?;?;normal;5;0;60;36;60;0 - 1 - 0 - 1 - 1;0: 2 - 1: 3
2020;1;30;4;5;1;0;NOTE;?;17h05;Poissy;uic_87386573;?;?;normal;5;0;0;0;0;0 - 0 - 0 - 0 - 0;0: 5
2020;1;30;4;5;1;0;NOTE;?;17h19;Poissy;uic_87386573;?;?;normal;5;0;60;12;0;0 - 1 - 0 - 0 - 0;0: 4 - 1: 1
2020;1;30;4;5;1;0;NOTE;?;17h32;Poissy;uic_87386573;?;?;normal;5;0;60;12;0;0 - 1 - 0 - 0 - 0;0: 4 - 1: 1
2020;1;30;4;5;1;0;NOTE;?;17h44;Poissy;uic_87386573;?;?;normal;5;0;180;132;180;0 - 3 - 2 - 3 - 3;0: 1 - 2: 1 - 3: 3
2020;1;30;4;5;1;0;NOTE;?;17h57;Poissy;uic_87386573;?;?;normal;5;0;300;204;180;2 - 3 - 3 - 4 - 5;2: 1 - 3: 2 - 4: 1 - 5: 1
2020;1;30;4;5;1;0;NOTE;?;18h09;Poissy;uic_87386573;?;?;normal;5;0;240;180;180;2 - 3 - 3 - 3 - 4;2: 1 - 3: 3 - 4: 1
2020;1;30;4;5;1;0;NOTE;?;18h22;Poissy;uic_87386573;?;?;normal;5;0;240;167;180;0 - 4 - 3 - 3 - 4;0: 1 - 3: 2 - 4: 2
2020;1;30;4;5;1;0;NOTE;?;18h34;Poissy;uic_87386573;?;?;normal;5;0;120;107;120;2 - 2 - 1 - 2 - 2;1: 1 - 2: 4
2020;1;30;4;5;1;0;NOTE;?;18h47;Poissy;uic_87386573;?;?;normal;5;0;60;12;0;0 - 1 - 0 - 0 - 0;0: 4 - 1: 1
2020;1;30;4;5;1;0;NOTE;?;18h59;Poissy;uic_87386573;?;?;normal;5;0;300;240;240;3 - 3 - 4 - 5 - 5;3: 2 - 4: 1 - 5: 2
2020;1;30;4;5;1;0;NOTE;?;19h12;Poissy;uic_87386573;?;?;normal;5;0;780;683;780;6 - 13 - 12 - 13 - 13;6: 1 - 12: 1 - 13: 3
2020;1;30;4;5;1;0;NOTE;?;19h24;Poissy;uic_87386573;?;?;normal;5;0;300;227;240;2 - 4 - 4 - 4 - 5;2: 1 - 4: 3 - 5: 1
2020;1;30;4;5;1;0;NOTE;?;19h39;Poissy;uic_87386573;?;?;normal;5;0;360;300;300;4 - 6 - 5 - 5 - 5;4: 1 - 5: 3 - 6: 1
2020;1;30;4;5;1;0;NOTE;?;20h04;Poissy;uic_87386573;?;?;normal;5;0;60;12;0;0 - 1 - 0 - 0 - 0;0: 4 - 1: 1
2020;1;30;4;5;1;0;NOTE;?;20h34;Poissy;uic_87386573;?;?;normal;5;0;120;83;60;1 - 2 - 1 - 2 - 1;1: 3 - 2: 2
2020;1;30;4;5;1;0;NOTE;?;21h03;Poissy;uic_87386573;?;?;normal;5;0;0;0;0;0 - 0 - 0 - 0 - 0;0: 5
2020;1;30;4;5;1;0;NOTE;?;21h35;Poissy;uic_87386573;?;?;normal;5;0;360;227;300;0 - 2 - 6 - 6 - 5;0: 1 - 2: 1 - 5: 1 - 6: 2
2020;1;30;4;5;1;0;NOTE;?;22h03;Poissy;uic_87386573;?;?;normal;5;0;0;0;0;0 - 0 - 0 - 0 - 0;0: 5
2020;1;30;4;5;1;0;NOTE;?;22h33;Poissy;uic_87386573;?;?;normal;5;0;0;0;0;0 - 0 - 0 - 0 - 0;0: 5
2020;1;30;4;5;1;0;NOTE;?;23h03;Poissy;uic_87386573;?;?;normal;5;0;0;0;0;0 - 0 - 0 - 0 - 0;0: 5
2020;1;30;4;5;1;0;NOTE;?;23h33;Poissy;uic_87386573;?;?;normal;5;0;0;0;0;0 - 0 - 0 - 0 - 0;0: 5
2020;1;30;4;5;1;0;OKLA;?;09h20;Poissy;uic_87386573;?;?;normal;5;0;0;0;0;0 - 0 - 0 - 0 - 0;0: 5
2020;1;30;4;5;1;0;OKLA;?;09h40;Poissy;uic_87386573;?;?;normal;5;0;420;395;420;6 - 7 - 6 - 7 - 7;6: 2 - 7: 3
2020;1;30;4;5;1;0;OKLA;?;09h55;Poissy;uic_87386573;?;?;normal;5;0;0;0;0;0 - 0 - 0 - 0 - 0;0: 5
2020;1;30;4;5;1;0;OKLA;?;10h16;Poissy;uic_87386573;?;?;normal;5;0;120;72;60;1 - 1 - 1 - 1 - 2;1: 4 - 2: 1
2020;1;30;4;5;1;0;OKLA;?;10h40;Poissy;uic_87386573;?;?;normal;5;0;120;60;60;0 - 1 - 1 - 1 - 2;0: 1 - 1: 3 - 2: 1
2020;1;30;4;5;1;0;OKLA;?;11h00;Poissy;uic_87386573;?;?;normal;5;0;120;83;60;2 - 2 - 1 - 1 - 1;1: 3 - 2: 2
2020;1;30;4;5;1;0;OKLA;?;11h20;Poissy;uic_87386573;?;?;normal;5;0;240;240;240;4 - 4 - 4 - 4 - 4;4: 5
2020;1;30;4;5;1;0;OKLA;?;11h40;Poissy;uic_87386573;?;?;normal;5;0;60;60;60;1 - 1 - 1 - 1 - 1;1: 5
2020;1;30;4;5;1;0;OKLA;?;12h00;Poissy;uic_87386573;?;?;normal;5;0;180;120;180;0 - 1 - 3 - 3 - 3;0: 1 - 1: 1 - 3: 3
2020;1;30;4;5;1;0;OKLA;?;12h20;Poissy;uic_87386573;?;?;normal;5;0;120;107;120;1 - 2 - 2 - 2 - 2;1: 1 - 2: 4
2020;1;30;4;5;1;0;OKLA;?;12h40;Poissy;uic_87386573;?;?;normal;5;0;0;0;0;0 - 0 - 0 - 0 - 0;0: 5
2020;1;30;4;5;1;0;OKLA;?;13h00;Poissy;uic_87386573;?;?;normal;5;0;60;24;0;1 - 1 - 0 - 0 - 0;0: 3 - 1: 2
2020;1;30;4;5;1;0;OKLA;?;13h20;Poissy;uic_87386573;?;?;normal;5;0;60;36;60;0 - 1 - 0 - 1 - 1;0: 2 - 1: 3
2020;1;30;4;5;1;0;OKLA;?;13h40;Poissy;uic_87386573;?;?;normal;5;0;0;0;0;0 - 0 - 0 - 0 - 0;0: 5
2020;1;30;4;5;1;0;OKLA;?;14h00;Poissy;uic_87386573;?;?;normal;5;0;60;24;0;0 - 1 - 0 - 0 - 1;0: 3 - 1: 2
2020;1;30;4;5;1;0;OKLA;?;14h20;Poissy;uic_87386573;?;?;normal;5;0;60;24;0;0 - 1 - 0 - 0 - 1;0: 3 - 1: 2
2020;1;30;4;5;1;0;OKRE;?;14h40;Poissy;uic_87386573;?;?;normal;5;0;120;120;120;2 - 2 - 2 - 2 - 2;2: 5
2020;1;30;4;5;1;0;OKRE;?;15h00;Poissy;uic_87386573;?;?;annule;5;5;0;0;0;;
2020;1;30;4;5;1;0;OKRE;?;15h20;Poissy;uic_87386573;?;?;normal;5;0;60;48;60;1 - 1 - 0 - 1 - 1;0: 1 - 1: 4
2020;1;30;4;5;1;0;OKRE;?;15h40;Poissy;uic_87386573;?;?;normal;5;0;60;24;0;0 - 1 - 0 - 0 - 1;0: 3 - 1: 2
2020;1;30;4;5;1;0;OKRE;?;16h00;Poissy;uic_87386573;?;?;normal;5;0;120;96;120;0 - 2 - 2 - 2 - 2;0: 1 - 2: 4
2020;1;30;4;5;1;0;OKRE;?;16h20;Poissy;uic_87386573;?;?;normal;5;0;60;24;0;1 - 1 - 0 - 0 - 0;0: 3 - 1: 2
2020;1;30;4;5;1;0;OPEN;?;04h42;Cergy le Haut;uic_87382655;?;?;normal;9;0;60;6;0;0 - 0 - 0 - 0 - 0 - 1 - 0 - 0 - 0;0: 8 - 1: 1
2020;1;30;4;5;1;0;OPUS;?;00h28;Sartrouville;uic_87386417;?;?;normal;2;0;0;0;0;0 - 0;0: 2
2020;1;30;4;5;1;0;OPUS;?;23h58;Sartrouville;uic_87386417;?;?;normal;2;0;0;0;0;0 - 0;0: 2
2020;1;30;4;5;1;0;QURI;?;00h05;Poissy;uic_87386573;?;?;normal;5;0;0;0;0;0 - 0 - 0 - 0 - 0;0: 5
2020;1;30;4;5;1;0;QURI;?;05h10;Poissy;uic_87386573;?;?;normal;5;0;60;12;0;1 - 0 - 0 - 0 - 0;0: 4 - 1: 1
2020;1;30;4;5;1;0;TAPI;?;00h31;Houilles - Carrières-sur-Seine;uic_87386409;?;?;normal;4;0;60;45;1;1 - 1 - 1 - 0;0: 1 - 1: 3
2020;1;30;4;5;1;0;TAXE;?;00h03;Houilles - Carrières-sur-Seine;uic_87386409;?;?;normal;4;0;0;0;0;0 - 0 - 0 - 0;0: 4
2020;1;30;4;5;1;0;TAXE;?;06h35;Houilles - Carrières-sur-Seine;uic_87386409;?;?;normal;4;0;0;0;0;0 - 0 - 0 - 0;0: 4
2020;1;30;4;5;1;0;TAXE;?;07h06;Houilles - Carrières-sur-Seine;uic_87386409;?;?;normal;4;0;0;0;0;0 - 0 - 0 - 0;0: 4
2020;1;30;4;5;1;0;TAXE;?;07h21;Houilles - Carrières-sur-Seine;uic_87386409;?;?;normal;4;0;0;0;0;0 - 0 - 0 - 0;0: 4
2020;1;30;4;5;1;0;TAXE;?;07h37;Houilles - Carrières-sur-Seine;uic_87386409;?;?;normal;4;0;120;60;1;1 - 1 - 2 - 0;0: 1 - 1: 2 - 2: 1
2020;1;30;4;5;1;0;TAXE;?;07h50;Houilles - Carrières-sur-Seine;uic_87386409;?;?;normal;4;0;180;150;3;3 - 3 - 3 - 1;1: 1 - 3: 3
2020;1;30;4;5;1;0;TAXE;?;08h01;Houilles - Carrières-sur-Seine;uic_87386409;?;?;normal;4;0;60;45;1;1 - 1 - 1 - 0;0: 1 - 1: 3
2020;1;30;4;5;1;0;TAXE;?;08h13;Houilles - Carrières-sur-Seine;uic_87386409;?;?;normal;4;0;120;75;90;1 - 2 - 2 - 0;0: 1 - 1: 1 - 2: 2
2020;1;30;4;5;1;0;TAXE;?;08h25;Houilles - Carrières-sur-Seine;uic_87386409;?;?;normal;4;0;180;135;3;3 - 3 - 3 - 0;0: 1 - 3: 3
2020;1;30;4;5;1;0;TAXE;?;08h36;Houilles - Carrières-sur-Seine;uic_87386409;?;?;normal;4;0;180;105;2;2 - 3 - 2 - 0;0: 1 - 2: 2 - 3: 1
2020;1;30;4;5;1;0;TAXE;?;08h48;Houilles - Carrières-sur-Seine;uic_87386409;?;?;normal;4;0;600;540;570;9 - 10 - 10 - 7;7: 1 - 9: 1 - 10: 2
2020;1;30;4;5;1;0;TAXE;?;09h00;Houilles - Carrières-sur-Seine;uic_87386409;?;?;normal;4;0;660;615;630;10 - 11 - 11 - 9;9: 1 - 10: 1 - 11: 2
2020;1;30;4;5;1;0;TAXE;?;09h11;Houilles - Carrières-sur-Seine;uic_87386409;?;?;normal;4;0;360;315;330;5 - 6 - 6 - 4;4: 1 - 5: 1 - 6: 2
2020;1;30;4;5;1;0;TAXE;?;09h23;Houilles - Carrières-sur-Seine;uic_87386409;?;?;normal;4;0;360;240;210;3 - 4 - 3 - 6;3: 2 - 4: 1 - 6: 1
2020;1;30;4;5;1;0;TAXE;?;09h35;Houilles - Carrières-sur-Seine;uic_87386409;?;?;normal;4;0;120;105;2;2 - 2 - 2 - 1;1: 1 - 2: 3
2020;1;30;4;5;1;0;TAXE;?;09h46;Houilles - Carrières-sur-Seine;uic_87386409;?;?;normal;4;0;180;135;150;2 - 3 - 3 - 1;1: 1 - 2: 1 - 3: 2
2020;1;30;4;5;1;0;TAXE;?;09h58;Houilles - Carrières-sur-Seine;uic_87386409;?;?;normal;4;0;0;0;0;0 - 0 - 0 - 0;0: 4
2020;1;30;4;5;1;0;TAXE;?;17h14;Houilles - Carrières-sur-Seine;uic_87386409;?;?;normal;4;0;60;30;30;0 - 1 - 1 - 0;0: 2 - 1: 2
2020;1;30;4;5;1;0;TAXE;?;17h26;Houilles - Carrières-sur-Seine;uic_87386409;?;?;normal;4;0;60;15;0;0 - 1 - 0 - 0;0: 3 - 1: 1
2020;1;30;4;5;1;0;TAXE;?;17h39;Houilles - Carrières-sur-Seine;uic_87386409;?;?;normal;4;0;300;270;270;4 - 5 - 5 - 4;4: 2 - 5: 2
2020;1;30;4;5;1;0;TAXE;?;17h51;Houilles - Carrières-sur-Seine;uic_87386409;?;?;normal;4;0;240;210;210;3 - 4 - 4 - 3;3: 2 - 4: 2
2020;1;30;4;5;1;0;TAXE;?;18h04;Houilles - Carrières-sur-Seine;uic_87386409;?;?;normal;4;0;180;150;150;2 - 3 - 3 - 2;2: 2 - 3: 2
2020;1;30;4;5;1;0;TAXE;?;18h16;Houilles - Carrières-sur-Seine;uic_87386409;?;?;normal;4;0;300;225;210;3 - 5 - 4 - 3;3: 2 - 4: 1 - 5: 1
2020;1;30;4;5;1;0;TAXE;?;18h29;Houilles - Carrières-sur-Seine;uic_87386409;?;?;normal;4;0;420;330;6;3 - 6 - 6 - 7;3: 1 - 6: 2 - 7: 1
2020;1;30;4;5;1;0;TAXE;?;18h41;Houilles - Carrières-sur-Seine;uic_87386409;?;?;normal;4;0;180;165;3;3 - 3 - 3 - 2;2: 1 - 3: 3
2020;1;30;4;5;1;0;TAXE;?;18h54;Houilles - Carrières-sur-Seine;uic_87386409;?;?;normal;4;0;120;90;90;1 - 2 - 2 - 1;1: 2 - 2: 2
2020;1;30;4;5;1;0;TAXE;?;19h06;Houilles - Carrières-sur-Seine;uic_87386409;?;?;normal;4;0;180;90;90;0 - 3 - 2 - 1;0: 1 - 1: 1 - 2: 1 - 3: 1
2020;1;30;4;5;1;0;TAXE;?;19h19;Houilles - Carrières-sur-Seine;uic_87386409;?;?;normal;4;0;60;15;0;0 - 1 - 0 - 0;0: 3 - 1: 1
2020;1;30;4;5;1;0;TAXE;?;19h31;Houilles - Carrières-sur-Seine;uic_87386409;?;?;normal;4;0;120;90;90;1 - 2 - 2 - 1;1: 2 - 2: 2
2020;1;30;4;5;1;0;TAXE;?;19h44;Houilles - Carrières-sur-Seine;uic_87386409;?;?;normal;4;0;180;120;2;2 - 3 - 2 - 1;1: 1 - 2: 2 - 3: 1
2020;1;30;4;5;1;0;TAXE;?;19h56;Houilles - Carrières-sur-Seine;uic_87386409;?;?;normal;4;0;300;270;270;4 - 5 - 5 - 4;4: 2 - 5: 2
2020;1;30;4;5;1;0;TAXE;?;20h17;Houilles - Carrières-sur-Seine;uic_87386409;?;?;normal;4;0;600;555;570;9 - 10 - 10 - 8;8: 1 - 9: 1 - 10: 2
2020;1;30;4;5;1;0;TAXE;?;20h38;Houilles - Carrières-sur-Seine;uic_87386409;?;?;normal;4;0;60;60;1;1 - 1 - 1 - 1;1: 4
2020;1;30;4;5;1;0;TAXE;?;20h58;Houilles - Carrières-sur-Seine;uic_87386409;?;?;normal;4;0;0;0;0;0 - 0 - 0 - 0;0: 4
2020;1;30;4;5;1;0;TAXE;?;21h19;Houilles - Carrières-sur-Seine;uic_87386409;?;?;normal;4;0;300;180;3;1 - 3 - 3 - 5;1: 1 - 3: 2 - 5: 1
2020;1;30;4;5;1;0;TAXE;?;21h38;Houilles - Carrières-sur-Seine;uic_87386409;?;?;normal;4;0;60;45;1;0 - 1 - 1 - 1;0: 1 - 1: 3
2020;1;30;4;5;1;0;TAXE;?;22h03;Houilles - Carrières-sur-Seine;uic_87386409;?;?;normal;4;0;120;105;2;1 - 2 - 2 - 2;1: 1 - 2: 3
2020;1;30;4;5;1;0;TAXE;?;22h33;Houilles - Carrières-sur-Seine;uic_87386409;?;?;normal;4;0;0;0;0;0 - 0 - 0 - 0;0: 4
2020;1;30;4;5;1;0;TAXE;?;23h03;Houilles - Carrières-sur-Seine;uic_87386409;?;?;normal;4;0;60;30;30;0 - 1 - 1 - 0;0: 2 - 1: 2
2020;1;30;4;5;1;0;TAXE;?;23h33;Houilles - Carrières-sur-Seine;uic_87386409;?;?;normal;4;0;180;135;2;2 - 3 - 2 - 2;2: 3 - 3: 1
2020;1;30;4;5;1;0;TEDI;?;00h58;Houilles - Carrières-sur-Seine;uic_87386409;?;?;normal;4;0;0;0;0;0 - 0 - 0 - 0;0: 4
2020;1;30;4;5;1;0;TEDI;?;06h11;Houilles - Carrières-sur-Seine;uic_87386409;?;?;normal;4;0;600;570;570;9 - 10 - 10 - 9;9: 2 - 10: 2
2020;1;30;4;5;1;0;TRAM;?;15h53;Houilles - Carrières-sur-Seine;uic_87386409;?;?;normal;4;0;120;105;2;1 - 2 - 2 - 2;1: 1 - 2: 3
2020;1;30;4;5;1;0;TRAM;?;16h13;Houilles - Carrières-sur-Seine;uic_87386409;?;?;normal;4;0;60;45;1;0 - 1 - 1 - 1;0: 1 - 1: 3
2020;1;30;4;5;1;0;TRAM;?;16h33;Houilles - Carrières-sur-Seine;uic_87386409;?;?;normal;4;0;180;105;2;2 - 3 - 2 - 0;0: 1 - 2: 2 - 3: 1
2020;1;30;4;5;1;0;TRAM;?;16h54;Houilles - Carrières-sur-Seine;uic_87386409;?;?;normal;4;0;0;0;0;0 - 0 - 0 - 0;0: 4
2020;1;30;4;5;1;0;TROC;?;06h52;Houilles - Carrières-sur-Seine;uic_87386409;?;?;normal;4;0;180;90;90;0 - 3 - 3 - 0;0: 2 - 3: 2
2020;1;30;4;5;1;0;TROC;?;10h13;Houilles - Carrières-sur-Seine;uic_87386409;?;?;normal;4;0;180;105;90;1 - 1 - 3 - 2;1: 2 - 2: 1 - 3: 1
2020;1;30;4;5;1;0;TROC;?;10h33;Houilles - Carrières-sur-Seine;uic_87386409;?;?;normal;4;0;60;30;30;0 - 1 - 1 - 0;0: 2 - 1: 2
2020;1;30;4;5;1;0;TROC;?;10h53;Houilles - Carrières-sur-Seine;uic_87386409;?;?;normal;4;0;240;120;2;0 - 1 - 4 - 3;0: 1 - 1: 1 - 3: 1 - 4: 1
2020;1;30;4;5;1;0;TROC;?;11h13;Houilles - Carrières-sur-Seine;uic_87386409;?;?;normal;4;0;240;180;3;3 - 4 - 3 - 2;2: 1 - 3: 2 - 4: 1
2020;1;30;4;5;1;0;TROC;?;11h33;Houilles - Carrières-sur-Seine;uic_87386409;?;?;normal;4;0;120;90;90;1 - 2 - 2 - 1;1: 2 - 2: 2
2020;1;30;4;5;1;0;TROC;?;11h53;Houilles - Carrières-sur-Seine;uic_87386409;?;?;normal;4;0;60;45;1;1 - 1 - 1 - 0;0: 1 - 1: 3
2020;1;30;4;5;1;0;TROC;?;12h13;Houilles - Carrières-sur-Seine;uic_87386409;?;?;normal;4;0;0;0;0;0 - 0 - 0 - 0;0: 4
2020;1;30;4;5;1;0;TROC;?;12h33;Houilles - Carrières-sur-Seine;uic_87386409;?;?;normal;4;0;0;0;0;0 - 0 - 0 - 0;0: 4
2020;1;30;4;5;1;0;TROC;?;12h53;Houilles - Carrières-sur-Seine;uic_87386409;?;?;normal;4;0;60;15;0;0 - 1 - 0 - 0;0: 3 - 1: 1
2020;1;30;4;5;1;0;TROC;?;13h13;Houilles - Carrières-sur-Seine;uic_87386409;?;?;normal;4;0;0;0;0;0 - 0 - 0 - 0;0: 4
2020;1;30;4;5;1;0;TROC;?;13h33;Houilles - Carrières-sur-Seine;uic_87386409;?;?;normal;4;0;0;0;0;0 - 0 - 0 - 0;0: 4
2020;1;30;4;5;1;0;TROC;?;13h53;Houilles - Carrières-sur-Seine;uic_87386409;?;?;normal;4;0;60;15;0;0 - 1 - 0 - 0;0: 3 - 1: 1
2020;1;30;4;5;1;0;TROC;?;14h13;Houilles - Carrières-sur-Seine;uic_87386409;?;?;annule;4;4;0;0;0;;
2020;1;30;4;5;1;0;TROC;?;14h33;Houilles - Carrières-sur-Seine;uic_87386409;?;?;normal;4;0;120;90;90;1 - 2 - 2 - 1;1: 2 - 2: 2
2020;1;30;4;5;1;0;TROC;?;14h53;Houilles - Carrières-sur-Seine;uic_87386409;?;?;normal;4;0;60;15;0;0 - 0 - 1 - 0;0: 3 - 1: 1
2020;1;30;4;5;1;0;TROC;?;15h13;Houilles - Carrières-sur-Seine;uic_87386409;?;?;normal;4;0;120;90;2;2 - 2 - 2 - 0;0: 1 - 2: 3
2020;1;30;4;5;1;0;TROC;?;15h33;Houilles - Carrières-sur-Seine;uic_87386409;?;?;normal;4;0;180;150;150;2 - 3 - 3 - 2;2: 2 - 3: 2
2020;1;30;4;5;1;0;UBAL;?;05h56;Houilles - Carrières-sur-Seine;uic_87386409;?;?;normal;8;0;240;180;3;2 - 2 - 3 - 3 - 3 - 4 - 3 - 4;2: 2 - 3: 4 - 4: 2
2020;1;30;4;5;1;0;UZAR;?;06h23;Houilles - Carrières-sur-Seine;uic_87386409;?;?;normal;8;0;120;112;2;1 - 2 - 2 - 2 - 2 - 2 - 2 - 2;1: 1 - 2: 7
2020;1;30;4;5;1;0;UZAR;?;06h40;Houilles - Carrières-sur-Seine;uic_87386409;?;?;normal;8;0;360;262;5;1 - 1 - 5 - 5 - 5 - 6 - 6 - 6;1: 2 - 5: 3 - 6: 3
2020;1;30;4;5;1;0;UZAR;?;06h56;Houilles - Carrières-sur-Seine;uic_87386409;?;?;normal;8;0;120;75;1;1 - 1 - 1 - 1 - 1 - 2 - 1 - 2;1: 6 - 2: 2
2020;1;30;4;5;1;0;UZAR;?;07h11;Houilles - Carrières-sur-Seine;uic_87386409;?;?;normal;8;0;480;337;390;2 - 3 - 5 - 6 - 7 - 7 - 7 - 8;2: 1 - 3: 1 - 5: 1 - 6: 1 - 7: 3 - 8: 1
2020;1;30;4;5;1;0;UZAR;?;07h25;Houilles - Carrières-sur-Seine;uic_87386409;?;?;normal;8;0;180;90;1;1 - 1 - 1 - 1 - 1 - 2 - 2 - 3;1: 5 - 2: 2 - 3: 1
2020;1;30;4;5;1;0;UZAR;?;07h46;Houilles - Carrières-sur-Seine;uic_87386409;?;?;normal;8;0;300;225;4;3 - 4 - 2 - 3 - 4 - 4 - 5 - 5;2: 1 - 3: 2 - 4: 3 - 5: 2
2020;1;30;4;5;1;0;UZAR;?;07h57;Houilles - Carrières-sur-Seine;uic_87386409;?;?;normal;8;0;60;22;0;0 - 0 - 0 - 0 - 1 - 0 - 1 - 1;0: 5 - 1: 3
2020;1;30;4;5;1;0;UZAR;?;08h09;Houilles - Carrières-sur-Seine;uic_87386409;?;?;normal;8;0;240;165;3;1 - 2 - 1 - 2 - 4 - 4 - 4 - 4;1: 2 - 2: 2 - 4: 4
2020;1;30;4;5;1;0;UZAR;?;08h21;Houilles - Carrières-sur-Seine;uic_87386409;?;?;normal;8;0;360;232;210;3 - 4 - 2 - 3 - 3 - 4 - 6 - 6;2: 1 - 3: 3 - 4: 2 - 6: 2
2020;1;30;4;5;1;0;UZAR;?;08h32;Houilles - Carrières-sur-Seine;uic_87386409;?;?;normal;8;0;180;112;2;1 - 2 - 1 - 2 - 2 - 1 - 3 - 3;1: 3 - 2: 3 - 3: 2
2020;1;30;4;5;1;0;UZAR;?;08h44;Houilles - Carrières-sur-Seine;uic_87386409;?;?;normal;8;0;180;172;3;3 - 3 - 3 - 3 - 3 - 3 - 3 - 2;2: 1 - 3: 7
2020;1;30;4;5;1;0;UZAR;?;08h56;Houilles - Carrières-sur-Seine;uic_87386409;?;?;normal;8;0;660;600;10;10 - 11 - 9 - 10 - 9 - 10 - 10 - 11;9: 2 - 10: 4 - 11: 2
2020;1;30;4;5;1;0;UZAR;?;09h07;Houilles - Carrières-sur-Seine;uic_87386409;?;?;normal;8;0;420;360;6;5 - 6 - 6 - 6 - 7 - 6 - 6 - 6;5: 1 - 6: 6 - 7: 1
2020;1;30;4;5;1;0;UZAR;?;09h19;Houilles - Carrières-sur-Seine;uic_87386409;?;?;normal;8;0;120;60;1;0 - 1 - 1 - 1 - 2 - 2 - 1 - 0;0: 2 - 1: 4 - 2: 2
2020;1;30;4;5;1;0;UZAR;?;09h31;Houilles - Carrières-sur-Seine;uic_87386409;?;?;normal;8;0;60;15;0;0 - 1 - 0 - 0 - 0 - 0 - 0 - 1;0: 6 - 1: 2
2020;1;30;4;5;1;0;UZAR;?;09h42;Houilles - Carrières-sur-Seine;uic_87386409;?;?;normal;8;0;0;0;0;0 - 0 - 0 - 0 - 0 - 0 - 0 - 0;0: 8
2020;1;30;4;5;1;0;UZAR;?;09h54;Houilles - Carrières-sur-Seine;uic_87386409;?;?;normal;8;0;180;75;1;0 - 1 - 0 - 1 - 1 - 2 - 2 - 3;0: 2 - 1: 3 - 2: 2 - 3: 1
2020;1;30;4;5;1;0;UZAR;?;10h07;Houilles - Carrières-sur-Seine;uic_87386409;?;?;normal;8;0;60;37;1;1 - 0 - 0 - 1 - 1 - 0 - 1 - 1;0: 3 - 1: 5
2020;1;30;4;5;1;0;UZAR;?;10h18;Houilles - Carrières-sur-Seine;uic_87386409;?;?;normal;8;0;600;480;9;5 - 6 - 7 - 9 - 9 - 9 - 10 - 9;5: 1 - 6: 1 - 7: 1 - 9: 4 - 10: 1
2020;1;30;4;5;1;0;UZAR;?;10h27;Houilles - Carrières-sur-Seine;uic_87386409;?;?;normal;8;0;360;165;150;1 - 0 - 1 - 2 - 4 - 3 - 5 - 6;0: 1 - 1: 2 - 2: 1 - 3: 1 - 4: 1 - 5: 1 - 6: 1
2020;1;30;4;5;1;0;UZAR;?;10h38;Houilles - Carrières-sur-Seine;uic_87386409;?;?;normal;8;0;420;352;7;2 - 5 - 5 - 7 - 7 - 7 - 7 - 7;2: 1 - 5: 2 - 7: 5
2020;1;30;4;5;1;0;UZAR;?;10h47;Houilles - Carrières-sur-Seine;uic_87386409;?;?;normal;8;0;1980;1305;1650;2 - 2 - 26 - 28 - 28 - 27 - 28 - 33;2: 2 - 26: 1 - 27: 1 - 28: 3 - 33: 1
2020;1;30;4;5;1;0;UZAR;?;10h58;Houilles - Carrières-sur-Seine;uic_87386409;?;?;normal;8;0;240;127;2;1 - 2 - 1 - 2 - 2 - 2 - 3 - 4;1: 2 - 2: 4 - 3: 1 - 4: 1
2020;1;30;4;5;1;0;UZAR;?;11h07;Houilles - Carrières-sur-Seine;uic_87386409;?;?;normal;8;0;180;60;1;0 - 0 - 0 - 1 - 1 - 1 - 2 - 3;0: 3 - 1: 3 - 2: 1 - 3: 1
2020;1;30;4;5;1;0;UZAR;?;11h18;Houilles - Carrières-sur-Seine;uic_87386409;?;?;normal;8;0;360;195;3;3 - 3 - 1 - 2 - 3 - 2 - 6 - 6;1: 1 - 2: 2 - 3: 3 - 6: 2
2020;1;30;4;5;1;0;UZAR;?;11h27;Houilles - Carrières-sur-Seine;uic_87386409;?;?;normal;8;0;60;22;0;0 - 0 - 0 - 0 - 1 - 0 - 1 - 1;0: 5 - 1: 3
2020;1;30;4;5;1;0;UZAR;?;11h38;Houilles - Carrières-sur-Seine;uic_87386409;?;?;normal;8;0;180;127;2;2 - 2 - 1 - 2 - 2 - 2 - 3 - 3;1: 1 - 2: 5 - 3: 2
2020;1;30;4;5;1;0;UZAR;?;11h47;Houilles - Carrières-sur-Seine;uic_87386409;?;?;normal;8;0;120;60;1;0 - 0 - 0 - 1 - 2 - 1 - 2 - 2;0: 3 - 1: 2 - 2: 3
2020;1;30;4;5;1;0;UZAR;?;11h58;Houilles - Carrières-sur-Seine;uic_87386409;?;?;normal;8;0;60;52;1;1 - 1 - 0 - 1 - 1 - 1 - 1 - 1;0: 1 - 1: 7
2020;1;30;4;5;1;0;UZAR;?;12h07;Houilles - Carrières-sur-Seine;uic_87386409;?;?;normal;8;0;60;22;0;0 - 0 - 0 - 0 - 1 - 0 - 1 - 1;0: 5 - 1: 3
2020;1;30;4;5;1;0;UZAR;?;12h18;Houilles - Carrières-sur-Seine;uic_87386409;?;?;normal;8;0;240;150;3;1 - 1 - 2 - 3 - 3 - 3 - 4 - 3;1: 2 - 2: 1 - 3: 4 - 4: 1
2020;1;30;4;5;1;0;UZAR;?;12h27;Houilles - Carrières-sur-Seine;uic_87386409;?;?;normal;8;0;240;60;30;0 - 0 - 0 - 0 - 1 - 1 - 2 - 4;0: 4 - 1: 2 - 2: 1 - 4: 1
2020;1;30;4;5;1;0;UZAR;?;12h38;Houilles - Carrières-sur-Seine;uic_87386409;?;?;normal;8;0;240;157;3;0 - 3 - 2 - 3 - 3 - 3 - 4 - 3;0: 1 - 2: 1 - 3: 5 - 4: 1
2020;1;30;4;5;1;0;UZAR;?;12h47;Houilles - Carrières-sur-Seine;uic_87386409;?;?;normal;8;0;0;0;0;0 - 0 - 0 - 0 - 0 - 0 - 0 - 0;0: 8
2020;1;30;4;5;1;0;UZAR;?;12h58;Houilles - Carrières-sur-Seine;uic_87386409;?;?;normal;8;0;120;112;2;2 - 2 - 1 - 2 - 2 - 2 - 2 - 2;1: 1 - 2: 7
2020;1;30;4;5;1;0;UZAR;?;13h07;Houilles - Carrières-sur-Seine;uic_87386409;?;?;normal;8;0;120;37;30;0 - 0 - 0 - 0 - 1 - 1 - 2 - 1;0: 4 - 1: 3 - 2: 1
2020;1;30;4;5;1;0;UZAR;?;13h18;Houilles - Carrières-sur-Seine;uic_87386409;?;?;normal;8;0;0;0;0;0 - 0 - 0 - 0 - 0 - 0 - 0 - 0;0: 8
2020;1;30;4;5;1;0;UZAR;?;13h27;Houilles - Carrières-sur-Seine;uic_87386409;?;?;normal;8;0;60;15;0;1 - 0 - 0 - 0 - 0 - 0 - 1 - 0;0: 6 - 1: 2
2020;1;30;4;5;1;0;UZAR;?;13h38;Houilles - Carrières-sur-Seine;uic_87386409;?;?;normal;8;0;120;67;1;2 - 2 - 0 - 1 - 1 - 1 - 1 - 1;0: 1 - 1: 5 - 2: 2
2020;1;30;4;5;1;0;UZAR;?;13h47;Houilles - Carrières-sur-Seine;uic_87386409;?;?;normal;8;0;60;15;0;1 - 1 - 0 - 0 - 0 - 0 - 0 - 0;0: 6 - 1: 2
2020;1;30;4;5;1;0;UZAR;?;13h58;Houilles - Carrières-sur-Seine;uic_87386409;?;?;normal;8;0;180;112;2;2 - 3 - 1 - 2 - 2 - 1 - 2 - 2;1: 2 - 2: 5 - 3: 1
2020;1;30;4;5;1;0;UZAR;?;14h07;Houilles - Carrières-sur-Seine;uic_87386409;?;?;normal;8;0;240;142;3;0 - 0 - 1 - 3 - 4 - 3 - 4 - 4;0: 2 - 1: 1 - 3: 2 - 4: 3
2020;1;30;4;5;1;0;UZAR;?;14h18;Houilles - Carrières-sur-Seine;uic_87386409;?;?;normal;8;0;0;0;0;0 - 0 - 0 - 0 - 0 - 0 - 0 - 0;0: 8
2020;1;30;4;5;1;0;UZAR;?;14h27;Houilles - Carrières-sur-Seine;uic_87386409;?;?;normal;8;0;180;120;2;2 - 2 - 1 - 2 - 2 - 2 - 3 - 2;1: 1 - 2: 6 - 3: 1
2020;1;30;4;5;1;0;UZAR;?;14h38;Houilles - Carrières-sur-Seine;uic_87386409;?;?;normal;8;0;120;45;1;1 - 2 - 0 - 1 - 1 - 0 - 1 - 0;0: 3 - 1: 4 - 2: 1
2020;1;30;4;5;1;0;UZAR;?;14h47;Houilles - Carrières-sur-Seine;uic_87386409;?;?;normal;8;0;60;22;0;0 - 0 - 0 - 1 - 1 - 0 - 1 - 0;0: 5 - 1: 3
2020;1;30;4;5;1;0;UZAR;?;14h58;Houilles - Carrières-sur-Seine;uic_87386409;?;?;normal;8;0;300;202;4;0 - 0 - 4 - 5 - 5 - 4 - 5 - 4;0: 2 - 4: 3 - 5: 3
2020;1;30;4;5;1;0;UZAR;?;15h07;Houilles - Carrières-sur-Seine;uic_87386409;?;?;normal;8;0;180;127;150;1 - 0 - 2 - 3 - 3 - 2 - 3 - 3;0: 1 - 1: 1 - 2: 2 - 3: 4
2020;1;30;4;5;1;0;UZAR;?;15h18;Houilles - Carrières-sur-Seine;uic_87386409;?;?;normal;8;0;240;187;3;3 - 3 - 2 - 3 - 4 - 3 - 4 - 3;2: 1 - 3: 5 - 4: 2
2020;1;30;4;5;1;0;UZEL;?;15h47;Houilles - Carrières-sur-Seine;uic_87386409;?;?;normal;8;0;360;315;5;5 - 5 - 4 - 5 - 6 - 5 - 6 - 6;4: 1 - 5: 4 - 6: 3
2020;1;30;4;5;1;0;UZEL;?;15h58;Houilles - Carrières-sur-Seine;uic_87386409;?;?;annule;8;8;0;0;0;;
2020;1;30;4;5;1;0;UZEL;?;16h07;Houilles - Carrières-sur-Seine;uic_87386409;?;?;normal;8;0;60;22;0;0 - 0 - 0 - 0 - 1 - 0 - 1 - 1;0: 5 - 1: 3
2020;1;30;4;5;1;0;UZEL;?;16h18;Houilles - Carrières-sur-Seine;uic_87386409;?;?;normal;8;0;180;142;150;2 - 3 - 1 - 2 - 3 - 2 - 3 - 3;1: 1 - 2: 3 - 3: 4
2020;1;30;4;5;1;0;UZEL;?;16h26;Houilles - Carrières-sur-Seine;uic_87386409;?;?;normal;8;0;120;90;2;1 - 2 - 0 - 2 - 2 - 1 - 2 - 2;0: 1 - 1: 2 - 2: 5
2020;1;30;4;5;1;0;UZEL;?;16h38;Houilles - Carrières-sur-Seine;uic_87386409;?;?;normal;8;0;660;450;450;5 - 6 - 5 - 7 - 9 - 8 - 9 - 11;5: 2 - 6: 1 - 7: 1 - 8: 1 - 9: 2 - 11: 1
2020;1;30;4;5;1;0;UZEL;?;16h46;Houilles - Carrières-sur-Seine;uic_87386409;?;?;normal;8;0;660;405;7;3 - 4 - 5 - 7 - 7 - 7 - 10 - 11;3: 1 - 4: 1 - 5: 1 - 7: 3 - 10: 1 - 11: 1
2020;1;30;4;5;1;0;UZEL;?;16h59;Houilles - Carrières-sur-Seine;uic_87386409;?;?;normal;8;0;540;202;150;0 - 0 - 1 - 2 - 3 - 3 - 9 - 9;0: 2 - 1: 1 - 2: 1 - 3: 2 - 9: 2
2020;1;30;4;5;1;0;UZEL;?;17h05;Houilles - Carrières-sur-Seine;uic_87386409;?;?;normal;8;0;420;127;30;0 - 1 - 0 - 0 - 0 - 3 - 6 - 7;0: 4 - 1: 1 - 3: 1 - 6: 1 - 7: 1
2020;1;30;4;5;1;0;UZEL;?;17h18;Houilles - Carrières-sur-Seine;uic_87386409;?;?;normal;8;0;420;187;3;1 - 2 - 2 - 3 - 4 - 3 - 3 - 7;1: 1 - 2: 2 - 3: 3 - 4: 1 - 7: 1
2020;1;30;4;5;1;0;UZEL;?;17h30;Houilles - Carrières-sur-Seine;uic_87386409;?;?;normal;8;0;300;172;150;1 - 2 - 2 - 2 - 3 - 4 - 4 - 5;1: 1 - 2: 3 - 3: 1 - 4: 2 - 5: 1
2020;1;30;4;5;1;0;UZEL;?;17h43;Houilles - Carrières-sur-Seine;uic_87386409;?;?;annule;8;8;0;0;0;;
2020;1;30;4;5;1;0;UZEL;?;17h55;Houilles - Carrières-sur-Seine;uic_87386409;?;?;normal;8;0;360;285;5;3 - 4 - 4 - 5 - 5 - 6 - 5 - 6;3: 1 - 4: 2 - 5: 3 - 6: 2
2020;1;30;4;5;1;0;UZEL;?;18h08;Houilles - Carrières-sur-Seine;uic_87386409;?;?;normal;8;0;360;262;5;3 - 3 - 3 - 5 - 5 - 5 - 5 - 6;3: 3 - 5: 4 - 6: 1
2020;1;30;4;5;1;0;UZEL;?;18h20;Houilles - Carrières-sur-Seine;uic_87386409;?;?;normal;8;0;540;412;450;2 - 5 - 7 - 7 - 8 - 8 - 9 - 9;2: 1 - 5: 1 - 7: 2 - 8: 2 - 9: 2
2020;1;30;4;5;1;0;UZEL;?;18h33;Houilles - Carrières-sur-Seine;uic_87386409;?;?;normal;8;0;540;502;510;7 - 8 - 8 - 9 - 9 - 9 - 8 - 9;7: 1 - 8: 3 - 9: 4
2020;1;30;4;5;1;0;UZEL;?;18h45;Houilles - Carrières-sur-Seine;uic_87386409;?;?;normal;8;0;180;157;3;2 - 3 - 2 - 2 - 3 - 3 - 3 - 3;2: 3 - 3: 5
2020;1;30;4;5;1;0;UZEL;?;18h58;Houilles - Carrières-sur-Seine;uic_87386409;?;?;normal;8;0;540;330;6;2 - 4 - 4 - 6 - 6 - 6 - 7 - 9;2: 1 - 4: 2 - 6: 3 - 7: 1 - 9: 1
2020;1;30;4;5;1;0;UZEL;?;19h10;Houilles - Carrières-sur-Seine;uic_87386409;?;?;normal;8;0;360;195;3;1 - 3 - 2 - 2 - 3 - 3 - 6 - 6;1: 1 - 2: 2 - 3: 3 - 6: 2
2020;1;30;4;5;1;0;UZEL;?;19h23;Houilles - Carrières-sur-Seine;uic_87386409;?;?;normal;8;0;180;90;2;0 - 0 - 1 - 2 - 2 - 2 - 2 - 3;0: 2 - 1: 1 - 2: 4 - 3: 1
2020;1;30;4;5;1;0;UZEL;?;19h35;Houilles - Carrières-sur-Seine;uic_87386409;?;?;normal;8;0;120;105;2;1 - 2 - 1 - 2 - 2 - 2 - 2 - 2;1: 2 - 2: 6
2020;1;30;4;5;1;0;UZEL;?;19h48;Houilles - Carrières-sur-Seine;uic_87386409;?;?;normal;8;0;240;157;3;1 - 2 - 1 - 3 - 4 - 3 - 3 - 4;1: 2 - 2: 1 - 3: 3 - 4: 2
2020;1;30;4;5;1;0;UZEL;?;20h00;Houilles - Carrières-sur-Seine;uic_87386409;?;?;normal;8;0;300;240;4;3 - 4 - 4 - 4 - 4 - 4 - 4 - 5;3: 1 - 4: 6 - 5: 1
2020;1;30;4;5;1;0;UZEL;?;20h10;Houilles - Carrières-sur-Seine;uic_87386409;?;?;normal;8;0;720;547;9;7 - 8 - 8 - 9 - 9 - 10 - 10 - 12;7: 1 - 8: 2 - 9: 2 - 10: 2 - 12: 1
2020;1;30;4;5;1;0;UZEL;?;20h28;Houilles - Carrières-sur-Seine;uic_87386409;?;?;normal;8;0;120;75;1;1 - 2 - 1 - 1 - 1 - 1 - 1 - 2;1: 6 - 2: 2
2020;1;30;4;5;1;0;UZEL;?;20h49;Houilles - Carrières-sur-Seine;uic_87386409;?;?;normal;8;0;420;300;6;1 - 2 - 5 - 6 - 7 - 6 - 6 - 7;1: 1 - 2: 1 - 5: 1 - 6: 3 - 7: 2
2020;1;30;4;5;1;0;UZEL;?;21h08;Houilles - Carrières-sur-Seine;uic_87386409;?;?;normal;8;0;540;382;6;5 - 6 - 5 - 6 - 6 - 7 - 7 - 9;5: 2 - 6: 3 - 7: 2 - 9: 1
2020;1;30;4;5;1;0;UZEL;?;21h28;Houilles - Carrières-sur-Seine;uic_87386409;?;?;normal;8;0;60;22;0;0 - 0 - 0 - 0 - 0 - 1 - 1 - 1;0: 5 - 1: 3
2020;1;30;4;5;1;0;UZEL;?;21h49;Houilles - Carrières-sur-Seine;uic_87386409;?;?;normal;8;0;360;292;5;4 - 4 - 4 - 6 - 6 - 5 - 5 - 5;4: 3 - 5: 3 - 6: 2
2020;1;30;4;5;1;0;UZIN;?;15h27;Houilles - Carrières-sur-Seine;uic_87386409;?;?;normal;8;0;60;15;0;0 - 0 - 0 - 0 - 1 - 0 - 1 - 0;0: 6 - 1: 2
2020;1;30;4;5;1;0;UZIN;?;15h38;Houilles - Carrières-sur-Seine;uic_87386409;?;?;normal;8;0;180;165;3;3 - 3 - 2 - 3 - 3 - 2 - 3 - 3;2: 2 - 3: 6
2020;1;30;4;5;1;0;VELO;?;00h18;Houilles - Carrières-sur-Seine;uic_87386409;?;?;normal;1;0;0;0;0;0;0: 1
2020;1;30;4;5;1;0;VELO;?;22h18;Houilles - Carrières-sur-Seine;uic_87386409;?;?;normal;1;0;60;60;60;1;1: 1
2020;1;30;4;5;1;0;VELO;?;22h48;Houilles - Carrières-sur-Seine;uic_87386409;?;?;normal;1;0;0;0;0;0;0: 1
2020;1;30;4;5;1;0;VELO;?;23h18;Houilles - Carrières-sur-Seine;uic_87386409;?;?;normal;1;0;0;0;0;0;0: 1
2020;1;30;4;5;1;0;VELO;?;23h48;Houilles - Carrières-sur-Seine;uic_87386409;?;?;normal;1;0;180;180;180;3;3: 1
2020;1;30;4;5;1;0;VIDA;?;00h44;Houilles - Carrières-sur-Seine;uic_87386409;?;?;normal;1;0;0;0;0;0;0: 1
2020;1;30;4;5;1;0;VIRO;?;01h13;Houilles - Carrières-sur-Seine;uic_87386409;?;?;normal;1;0;120;120;120;2;2: 1
2020;1;31;5;5;1;0;NAJA;?;22h28;Sartrouville;uic_87386417;?;?;normal;2;0;0;0;0;0 - 0;0: 2
2020;1;31;5;5;1;0;NAJA;?;22h58;Sartrouville;uic_87386417;?;?;normal;2;0;0;0;0;0 - 0;0: 2
2020;1;31;5;5;1;0;NAJA;?;23h28;Sartrouville;uic_87386417;?;?;normal;2;0;0;0;0;0 - 0;0: 2
2020;1;31;5;5;1;0;NANI;?;14h13;Cergy le Haut;uic_87382655;?;?;normal;9;0;0;0;0;0 - 0 - 0 - 0 - 0 - 0 - 0 - 0 - 0;0: 9
2020;1;31;5;5;1;0;NANI;?;14h23;Cergy le Haut;uic_87382655;?;?;annule;9;9;0;0;0;;
2020;1;31;5;5;1;0;NANI;?;14h33;Cergy le Haut;uic_87382655;?;?;normal;9;0;180;99;120;1 - 1 - 2 - 2 - 2 - 3 - 2 - 2 - 0;0: 1 - 1: 2 - 2: 5 - 3: 1
2020;1;31;5;5;1;0;NANI;?;14h43;Cergy le Haut;uic_87382655;?;?;annule;9;9;0;0;0;;
2020;1;31;5;5;1;0;NANI;?;14h53;Cergy le Haut;uic_87382655;?;?;normal;9;0;240;113;120;0 - 0 - 1 - 1 - 2 - 3 - 3 - 4 - 3;0: 2 - 1: 2 - 2: 1 - 3: 3 - 4: 1
2020;1;31;5;5;1;0;NANI;?;15h03;Cergy le Haut;uic_87382655;?;?;annule;9;9;0;0;0;;
2020;1;31;5;5;1;0;NANI;?;15h13;Cergy le Haut;uic_87382655;?;?;normal;9;0;360;300;300;5 - 5 - 5 - 5 - 5 - 6 - 5 - 6 - 3;3: 1 - 5: 6 - 6: 2
2020;1;31;5;5;1;0;NANI;?;15h23;Cergy le Haut;uic_87382655;?;?;normal;9;0;0;0;0;0 - 0 - 0 - 0 - 0 - 0 - 0 - 0 - 0;0: 9
2020;1;31;5;5;1;0;NANI;?;15h33;Cergy le Haut;uic_87382655;?;?;annule_partiellement;9;5;0;0;0;/ - / - / - / - / - 0 - 0 - 0 - 0;0: 4
2020;1;31;5;5;1;0;NANI;?;15h43;Cergy le Haut;uic_87382655;?;?;normal;9;0;120;66;60;0 - 0 - 1 - 1 - 1 - 2 - 1 - 2 - 2;0: 2 - 1: 4 - 2: 3
2020;1;31;5;5;1;0;NANI;?;15h53;Cergy le Haut;uic_87382655;?;?;normal;9;0;0;0;0;0 - 0 - 0 - 0 - 0 - 0 - 0 - 0 - 0;0: 9
2020;1;31;5;5;1;0;NANI;?;16h03;Cergy le Haut;uic_87382655;?;?;normal;9;0;600;566;540;10 - 10 - 10 - 10 - 9 - 9 - 9 - 9 - 9;9: 5 - 10: 4
2020;1;31;5;5;1;0;NANI;?;16h13;Cergy le Haut;uic_87382655;?;?;normal;9;0;420;373;360;6 - 6 - 7 - 7 - 7 - 7 - 6 - 6 - 4;4: 1 - 6: 4 - 7: 4
2020;1;31;5;5;1;0;NANI;?;16h24;Cergy le Haut;uic_87382655;?;?;normal;9;0;240;173;180;1 - 2 - 4 - 4 - 3 - 3 - 3 - 3 - 3;1: 1 - 2: 1 - 3: 5 - 4: 2
2020;1;31;5;5;1;0;NANI;?;16h36;Cergy le Haut;uic_87382655;?;?;normal;9;0;0;0;0;0 - 0 - 0 - 0 - 0 - 0 - 0 - 0 - 0;0: 9
2020;1;31;5;5;1;0;NANI;?;16h49;Cergy le Haut;uic_87382655;?;?;normal;9;0;240;220;240;4 - 4 - 4 - 4 - 4 - 4 - 3 - 3 - 3;3: 3 - 4: 6
2020;1;31;5;5;1;0;NANI;?;17h01;Cergy le Haut;uic_87382655;?;?;normal;9;0;240;120;120;1 - 2 - 1 - 1 - 2 - 4 - 3 - 2 - 2;1: 3 - 2: 4 - 3: 1 - 4: 1
2020;1;31;5;5;1;0;NANI;?;17h14;Cergy le Haut;uic_87382655;?;?;normal;9;0;180;153;180;1 - 1 - 3 - 3 - 3 - 3 - 3 - 3 - 3;1: 2 - 3: 7
2020;1;31;5;5;1;0;NANI;?;17h26;Cergy le Haut;uic_87382655;?;?;normal;9;0;120;40;60;0 - 0 - 0 - 0 - 1 - 2 - 1 - 1 - 1;0: 4 - 1: 4 - 2: 1
2020;1;31;5;5;1;0;NANI;?;17h39;Cergy le Haut;uic_87382655;?;?;normal;9;0;0;0;0;0 - 0 - 0 - 0 - 0 - 0 - 0 - 0 - 0;0: 9
2020;1;31;5;5;1;0;NANI;?;17h51;Cergy le Haut;uic_87382655;?;?;normal;9;0;60;6;0;0 - 0 - 0 - 0 - 0 - 1 - 0 - 0 - 0;0: 8 - 1: 1
2020;1;31;5;5;1;0;NANI;?;18h04;Cergy le Haut;uic_87382655;?;?;normal;9;0;0;0;0;0 - 0 - 0 - 0 - 0 - 0 - 0 - 0 - 0;0: 9
2020;1;31;5;5;1;0;NANI;?;18h16;Cergy le Haut;uic_87382655;?;?;normal;9;0;120;40;0;0 - 0 - 0 - 0 - 1 - 2 - 2 - 1 - 0;0: 5 - 1: 2 - 2: 2
2020;1;31;5;5;1;0;NANI;?;18h29;Cergy le Haut;uic_87382655;?;?;normal;9;0;60;26;0;0 - 0 - 0 - 0 - 1 - 1 - 0 - 1 - 1;0: 5 - 1: 4
2020;1;31;5;5;1;0;NANI;?;18h41;Cergy le Haut;uic_87382655;?;?;normal;9;0;120;46;60;0 - 0 - 0 - 0 - 1 - 2 - 2 - 1 - 1;0: 4 - 1: 3 - 2: 2
2020;1;31;5;5;1;0;NANI;?;18h54;Cergy le Haut;uic_87382655;?;?;normal;9;0;60;26;0;0 - 0 - 0 - 0 - 0 - 1 - 1 - 1 - 1;0: 5 - 1: 4
2020;1;31;5;5;1;0;NANI;?;19h06;Cergy le Haut;uic_87382655;?;?;normal;9;0;0;0;0;0 - 0 - 0 - 0 - 0 - 0 - 0 - 0 - 0;0: 9
2020;1;31;5;5;1;0;NANI;?;19h20;Cergy le Haut;uic_87382655;?;?;normal;9;0;0;0;0;0 - 0 - 0 - 0 - 0 - 0 - 0 - 0 - 0;0: 9
2020;1;31;5;5;1;0;NANI;?;19h39;Cergy le Haut;uic_87382655;?;?;normal;9;0;0;0;0;0 - 0 - 0 - 0 - 0 - 0 - 0 - 0 - 0;0: 9
2020;1;31;5;5;1;0;NANI;?;20h05;Cergy le Haut;uic_87382655;?;?;normal;9;0;0;0;0;0 - 0 - 0 - 0 - 0 - 0 - 0 - 0 - 0;0: 9
2020;1;31;5;5;1;0;NANI;?;20h35;Cergy le Haut;uic_87382655;?;?;normal;9;0;0;0;0;0 - 0 - 0 - 0 - 0 - 0 - 0 - 0 - 0;0: 9
2020;1;31;5;5;1;0;NANI;?;21h05;Cergy le Haut;uic_87382655;?;?;normal;9;0;240;153;120;2 - 2 - 2 - 2 - 2 - 4 - 3 - 3 - 3;2: 5 - 3: 3 - 4: 1
2020;1;31;5;5;1;0;NANI;?;21h33;Cergy le Haut;uic_87382655;?;?;normal;9;0;120;33;0;0 - 0 - 0 - 0 - 0 - 2 - 1 - 1 - 1;0: 5 - 1: 3 - 2: 1
2020;1;31;5;5;1;0;NATO;?;05h12;Cergy le Haut;uic_87382655;?;?;normal;9;0;0;0;0;0 - 0 - 0 - 0 - 0 - 0 - 0 - 0 - 0;0: 9
2020;1;31;5;5;1;0;NATO;?;05h42;Cergy le Haut;uic_87382655;?;?;normal;9;0;180;99;60;1 - 1 - 1 - 1 - 1 - 2 - 2 - 3 - 3;1: 5 - 2: 2 - 3: 2
2020;1;31;5;5;1;0;NATO;?;05h57;Cergy le Haut;uic_87382655;?;?;normal;9;0;840;820;840;13 - 13 - 14 - 14 - 13 - 14 - 14 - 14 - 14;13: 3 - 14: 6
2020;1;31;5;5;1;0;NATO;?;06h12;Cergy le Haut;uic_87382655;?;?;normal;9;0;480;413;420;6 - 6 - 7 - 6 - 6 - 8 - 7 - 8 - 8;6: 4 - 7: 2 - 8: 3
2020;1;31;5;5;1;0;NATO;?;06h27;Cergy le Haut;uic_87382655;?;?;normal;9;0;0;0;0;0 - 0 - 0 - 0 - 0 - 0 - 0 - 0 - 0;0: 9
2020;1;31;5;5;1;0;NATO;?;06h42;Cergy le Haut;uic_87382655;?;?;normal;9;0;60;6;0;0 - 0 - 0 - 0 - 0 - 1 - 0 - 0 - 0;0: 8 - 1: 1
2020;1;31;5;5;1;0;NATO;?;06h51;Cergy le Haut;uic_87382655;?;?;normal;9;0;60;20;0;0 - 0 - 0 - 0 - 0 - 1 - 1 - 1 - 0;0: 6 - 1: 3
2020;1;31;5;5;1;0;NATO;?;07h03;Cergy le Haut;uic_87382655;?;?;normal;9;0;60;6;0;0 - 0 - 1 - 0 - 0 - 0 - 0 - 0 - 0;0: 8 - 1: 1
2020;1;31;5;5;1;0;NATO;?;07h14;Cergy le Haut;uic_87382655;?;?;normal;9;0;60;6;0;0 - 0 - 0 - 0 - 0 - 0 - 0 - 0 - 1;0: 8 - 1: 1
2020;1;31;5;5;1;0;NATO;?;07h26;Cergy le Haut;uic_87382655;?;?;normal;9;0;120;46;0;0 - 0 - 0 - 0 - 0 - 2 - 2 - 2 - 1;0: 5 - 1: 1 - 2: 3
2020;1;31;5;5;1;0;NATO;?;07h38;Cergy le Haut;uic_87382655;?;?;normal;9;0;180;80;0;0 - 0 - 0 - 0 - 0 - 3 - 3 - 3 - 3;0: 5 - 3: 4
2020;1;31;5;5;1;0;NATO;?;07h49;Cergy le Haut;uic_87382655;?;?;normal;9;0;120;46;0;0 - 0 - 0 - 0 - 0 - 2 - 2 - 1 - 2;0: 5 - 1: 1 - 2: 3
2020;1;31;5;5;1;0;NATO;?;08h01;Cergy le Haut;uic_87382655;?;?;normal;9;0;0;0;0;0 - 0 - 0 - 0 - 0 - 0 - 0 - 0 - 0;0: 9
2020;1;31;5;5;1;0;NATO;?;08h13;Cergy le Haut;uic_87382655;?;?;normal;9;0;0;0;0;0 - 0 - 0 - 0 - 0 - 0 - 0 - 0 - 0;0: 9
2020;1;31;5;5;1;0;NATO;?;08h24;Cergy le Haut;uic_87382655;?;?;normal;9;0;0;0;0;0 - 0 - 0 - 0 - 0 - 0 - 0 - 0 - 0;0: 9
2020;1;31;5;5;1;0;NATO;?;08h36;Cergy le Haut;uic_87382655;?;?;normal;9;0;60;46;60;0 - 1 - 1 - 1 - 1 - 1 - 1 - 1 - 0;0: 2 - 1: 7
2020;1;31;5;5;1;0;NATO;?;08h48;Cergy le Haut;uic_87382655;?;?;normal;9;0;60;6;0;0 - 0 - 0 - 0 - 0 - 0 - 0 - 1 - 0;0: 8 - 1: 1
2020;1;31;5;5;1;0;NATO;?;09h03;Cergy le Haut;uic_87382655;?;?;normal;9;0;120;93;120;1 - 1 - 2 - 2 - 1 - 2 - 1 - 2 - 2;1: 4 - 2: 5
2020;1;31;5;5;1;0;NATO;?;09h14;Cergy le Haut;uic_87382655;?;?;normal;9;0;240;106;60;0 - 0 - 0 - 0 - 1 - 4 - 4 - 3 - 4;0: 4 - 1: 1 - 3: 1 - 4: 3
2020;1;31;5;5;1;0;NATO;?;09h23;Cergy le Haut;uic_87382655;?;?;normal;9;0;60;6;0;0 - 0 - 0 - 0 - 0 - 1 - 0 - 0 - 0;0: 8 - 1: 1
2020;1;31;5;5;1;0;NATO;?;09h33;Cergy le Haut;uic_87382655;?;?;normal;9;0;60;6;0;0 - 0 - 0 - 0 - 0 - 1 - 0 - 0 - 0;0: 8 - 1: 1
2020;1;31;5;5;1;0;NATO;?;09h47;Cergy le Haut;uic_87382655;?;?;normal;9;0;60;46;60;0 - 0 - 1 - 1 - 1 - 1 - 1 - 1 - 1;0: 2 - 1: 7
2020;1;31;5;5;1;0;NATO;?;09h55;Cergy le Haut;uic_87382655;?;?;normal;9;0;60;40;60;0 - 0 - 1 - 1 - 0 - 1 - 1 - 1 - 1;0: 3 - 1: 6
2020;1;31;5;5;1;0;NATO;?;10h07;Cergy le Haut;uic_87382655;?;?;normal;9;0;300;146;60;0 - 0 - 1 - 1 - 0 - 5 - 5 - 5 - 5;0: 3 - 1: 2 - 5: 4
2020;1;31;5;5;1;0;NATO;?;10h13;Cergy le Haut;uic_87382655;?;?;normal;9;0;180;46;0;0 - 0 - 0 - 0 - 0 - 3 - 2 - 2 - 0;0: 6 - 2: 2 - 3: 1
2020;1;31;5;5;1;0;NATO;?;10h23;Cergy le Haut;uic_87382655;?;?;normal;9;0;180;120;120;1 - 1 - 2 - 2 - 1 - 3 - 3 - 3 - 2;1: 3 - 2: 3 - 3: 3
2020;1;31;5;5;1;0;NATO;?;10h33;Cergy le Haut;uic_87382655;?;?;normal;9;0;2100;919;0;0 - 0 - 0 - 0 - 0 - 35 - 34 - 35 - 34;0: 5 - 34: 2 - 35: 2
2020;1;31;5;5;1;0;NATO;?;10h43;Cergy le Haut;uic_87382655;?;?;annule_partiellement;9;4;360;72;0;0 - 0 - 0 - 0 - 6 - / - / - / - /;0: 4 - 6: 1
2020;1;31;5;5;1;0;NATO;?;10h53;Cergy le Haut;uic_87382655;?;?;annule;9;9;0;0;0;;
2020;1;31;5;5;1;0;NATO;?;11h03;Cergy le Haut;uic_87382655;?;?;annule;9;9;0;0;0;;
2020;1;31;5;5;1;0;NATO;?;11h13;Cergy le Haut;uic_87382655;?;?;annule;9;9;0;0;0;;
2020;1;31;5;5;1;0;NATO;?;11h23;Cergy le Haut;uic_87382655;?;?;annule;9;9;0;0;0;;
2020;1;31;5;5;1;0;NATO;?;11h33;Cergy le Haut;uic_87382655;?;?;normal;9;0;300;160;180;0 - 0 - 2 - 2 - 3 - 5 - 4 - 5 - 3;0: 2 - 2: 2 - 3: 2 - 4: 1 - 5: 2
2020;1;31;5;5;1;0;NATO;?;11h43;Cergy le Haut;uic_87382655;?;?;normal;9;0;0;0;0;0 - 0 - 0 - 0 - 0 - 0 - 0 - 0 - 0;0: 9
2020;1;31;5;5;1;0;NATO;?;11h53;Cergy le Haut;uic_87382655;?;?;normal;9;0;180;139;120;2 - 2 - 2 - 2 - 2 - 3 - 3 - 3 - 2;2: 6 - 3: 3
2020;1;31;5;5;1;0;NATO;?;12h03;Cergy le Haut;uic_87382655;?;?;annule;9;9;0;0;0;;
2020;1;31;5;5;1;0;NATO;?;12h13;Cergy le Haut;uic_87382655;?;?;normal;9;0;60;20;0;0 - 0 - 0 - 1 - 0 - 1 - 1 - 0 - 0;0: 6 - 1: 3
2020;1;31;5;5;1;0;NATO;?;12h23;Cergy le Haut;uic_87382655;?;?;annule;9;9;0;0;0;;
2020;1;31;5;5;1;0;NATO;?;12h33;Cergy le Haut;uic_87382655;?;?;normal;9;0;240;180;240;0 - 2 - 3 - 4 - 4 - 4 - 4 - 4 - 2;0: 1 - 2: 2 - 3: 1 - 4: 5
2020;1;31;5;5;1;0;NATO;?;12h43;Cergy le Haut;uic_87382655;?;?;annule;9;9;0;0;0;;
2020;1;31;5;5;1;0;NATO;?;12h53;Cergy le Haut;uic_87382655;?;?;normal;9;0;60;40;60;0 - 0 - 1 - 1 - 1 - 1 - 1 - 1 - 0;0: 3 - 1: 6
2020;1;31;5;5;1;0;NATO;?;13h03;Cergy le Haut;uic_87382655;?;?;annule;9;9;0;0;0;;
2020;1;31;5;5;1;0;NATO;?;13h13;Cergy le Haut;uic_87382655;?;?;normal;9;0;120;26;0;0 - 0 - 0 - 0 - 0 - 2 - 1 - 1 - 0;0: 6 - 1: 2 - 2: 1
2020;1;31;5;5;1;0;NATO;?;13h23;Cergy le Haut;uic_87382655;?;?;annule;9;9;0;0;0;;
2020;1;31;5;5;1;0;NATO;?;13h33;Cergy le Haut;uic_87382655;?;?;normal;9;0;180;146;180;2 - 2 - 3 - 3 - 3 - 3 - 2 - 3 - 1;1: 1 - 2: 3 - 3: 5
2020;1;31;5;5;1;0;NATO;?;13h43;Cergy le Haut;uic_87382655;?;?;annule;9;9;0;0;0;;
2020;1;31;5;5;1;0;NATO;?;13h53;Cergy le Haut;uic_87382655;?;?;normal;9;0;0;0;0;0 - 0 - 0 - 0 - 0 - 0 - 0 - 0 - 0;0: 9
2020;1;31;5;5;1;0;NATO;?;14h03;Cergy le Haut;uic_87382655;?;?;annule;9;9;0;0;0;;
2020;1;31;5;5;1;0;NOTE;?;05h40;Poissy;uic_87386573;?;?;normal;5;0;0;0;0;0 - 0 - 0 - 0 - 0;0: 5
2020;1;31;5;5;1;0;NOTE;?;06h00;Poissy;uic_87386573;?;?;normal;5;0;120;83;60;1 - 2 - 1 - 1 - 2;1: 3 - 2: 2
2020;1;31;5;5;1;0;NOTE;?;06h15;Poissy;uic_87386573;?;?;normal;5;0;60;60;60;1 - 1 - 1 - 1 - 1;1: 5
2020;1;31;5;5;1;0;NOTE;?;06h30;Poissy;uic_87386573;?;?;normal;5;0;0;0;0;0 - 0 - 0 - 0 - 0;0: 5
2020;1;31;5;5;1;0;NOTE;?;06h45;Poissy;uic_87386573;?;?;normal;5;0;0;0;0;0 - 0 - 0 - 0 - 0;0: 5
2020;1;31;5;5;1;0;NOTE;?;06h59;Poissy;uic_87386573;?;?;normal;5;0;60;12;0;0 - 1 - 0 - 0 - 0;0: 4 - 1: 1
2020;1;31;5;5;1;0;NOTE;?;07h13;Poissy;uic_87386573;?;?;normal;5;0;60;24;0;1 - 1 - 0 - 0 - 0;0: 3 - 1: 2
2020;1;31;5;5;1;0;NOTE;?;07h25;Poissy;uic_87386573;?;?;normal;5;0;60;60;60;1 - 1 - 1 - 1 - 1;1: 5
2020;1;31;5;5;1;0;NOTE;?;07h37;Poissy;uic_87386573;?;?;normal;5;0;180;155;180;2 - 3 - 2 - 3 - 3;2: 2 - 3: 3
2020;1;31;5;5;1;0;NOTE;?;07h47;Poissy;uic_87386573;?;?;normal;5;0;240;167;180;0 - 4 - 3 - 3 - 4;0: 1 - 3: 2 - 4: 2
2020;1;31;5;5;1;0;NOTE;?;07h59;Poissy;uic_87386573;?;?;normal;5;0;120;107;120;1 - 2 - 2 - 2 - 2;1: 1 - 2: 4
2020;1;31;5;5;1;0;NOTE;?;08h11;Poissy;uic_87386573;?;?;normal;5;0;60;48;60;0 - 1 - 1 - 1 - 1;0: 1 - 1: 4
2020;1;31;5;5;1;0;NOTE;?;08h22;Poissy;uic_87386573;?;?;normal;5;0;120;48;60;2 - 1 - 1 - 0 - 0;0: 2 - 1: 2 - 2: 1
2020;1;31;5;5;1;0;NOTE;?;08h34;Poissy;uic_87386573;?;?;normal;5;0;60;48;60;1 - 1 - 1 - 1 - 0;0: 1 - 1: 4
2020;1;31;5;5;1;0;NOTE;?;08h46;Poissy;uic_87386573;?;?;normal;5;0;120;107;120;2 - 2 - 1 - 2 - 2;1: 1 - 2: 4
2020;1;31;5;5;1;0;NOTE;?;08h57;Poissy;uic_87386573;?;?;normal;5;0;120;83;60;2 - 2 - 1 - 1 - 1;1: 3 - 2: 2
2020;1;31;5;5;1;0;NOTE;?;09h09;Poissy;uic_87386573;?;?;normal;5;0;180;72;60;3 - 2 - 1 - 0 - 0;0: 2 - 1: 1 - 2: 1 - 3: 1
2020;1;31;5;5;1;0;NOTE;?;16h42;Poissy;uic_87386573;?;?;normal;5;0;180;72;60;0 - 3 - 1 - 1 - 1;0: 1 - 1: 3 - 3: 1
2020;1;31;5;5;1;0;NOTE;?;16h54;Poissy;uic_87386573;?;?;normal;5;0;0;0;0;0 - 0 - 0 - 0 - 0;0: 5
2020;1;31;5;5;1;0;NOTE;?;17h05;Poissy;uic_87386573;?;?;normal;5;0;180;132;120;3 - 3 - 1 - 2 - 2;1: 1 - 2: 2 - 3: 2
2020;1;31;5;5;1;0;NOTE;?;17h19;Poissy;uic_87386573;?;?;normal;5;0;120;96;120;0 - 2 - 2 - 2 - 2;0: 1 - 2: 4
2020;1;31;5;5;1;0;NOTE;?;17h32;Poissy;uic_87386573;?;?;normal;5;0;180;72;60;0 - 3 - 1 - 1 - 1;0: 1 - 1: 3 - 3: 1
2020;1;31;5;5;1;0;NOTE;?;17h44;Poissy;uic_87386573;?;?;normal;5;0;0;0;0;0 - 0 - 0 - 0 - 0;0: 5
2020;1;31;5;5;1;0;NOTE;?;17h57;Poissy;uic_87386573;?;?;normal;5;0;180;96;60;2 - 3 - 1 - 1 - 1;1: 3 - 2: 1 - 3: 1
2020;1;31;5;5;1;0;NOTE;?;18h09;Poissy;uic_87386573;?;?;normal;5;0;0;0;0;0 - 0 - 0 - 0 - 0;0: 5
2020;1;31;5;5;1;0;NOTE;?;18h22;Poissy;uic_87386573;?;?;normal;5;0;0;0;0;0 - 0 - 0 - 0 - 0;0: 5
2020;1;31;5;5;1;0;NOTE;?;18h34;Poissy;uic_87386573;?;?;normal;5;0;60;12;0;0 - 0 - 0 - 0 - 1;0: 4 - 1: 1
2020;1;31;5;5;1;0;NOTE;?;18h47;Poissy;uic_87386573;?;?;normal;5;0;120;24;0;0 - 2 - 0 - 0 - 0;0: 4 - 2: 1
2020;1;31;5;5;1;0;NOTE;?;18h59;Poissy;uic_87386573;?;?;normal;5;0;60;24;0;1 - 1 - 0 - 0 - 0;0: 3 - 1: 2
2020;1;31;5;5;1;0;NOTE;?;19h12;Poissy;uic_87386573;?;?;normal;5;0;60;12;0;0 - 1 - 0 - 0 - 0;0: 4 - 1: 1
2020;1;31;5;5;1;0;NOTE;?;19h24;Poissy;uic_87386573;?;?;normal;5;0;0;0;0;0 - 0 - 0 - 0 - 0;0: 5
2020;1;31;5;5;1;0;NOTE;?;19h39;Poissy;uic_87386573;?;?;normal;5;0;0;0;0;0 - 0 - 0 - 0 - 0;0: 5
2020;1;31;5;5;1;0;NOTE;?;20h04;Poissy;uic_87386573;?;?;normal;5;0;0;0;0;0 - 0 - 0 - 0 - 0;0: 5
2020;1;31;5;5;1;0;NOTE;?;20h34;Poissy;uic_87386573;?;?;normal;5;0;60;24;0;1 - 1 - 0 - 0 - 0;0: 3 - 1: 2
2020;1;31;5;5;1;0;NOTE;?;21h03;Poissy;uic_87386573;?;?;normal;5;0;60;60;60;1 - 1 - 1 - 1 - 1;1: 5
2020;1;31;5;5;1;0;NOTE;?;21h35;Poissy;uic_87386573;?;?;normal;5;0;60;48;60;1 - 1 - 1 - 1 - 0;0: 1 - 1: 4
2020;1;31;5;5;1;0;NOTE;?;22h03;Poissy;uic_87386573;?;?;normal;5;0;0;0;0;0 - 0 - 0 - 0 - 0;0: 5
2020;1;31;5;5;1;0;NOTE;?;22h33;Poissy;uic_87386573;?;?;normal;5;0;0;0;0;0 - 0 - 0 - 0 - 0;0: 5
2020;1;31;5;5;1;0;NOTE;?;23h03;Poissy;uic_87386573;?;?;normal;5;0;0;0;0;0 - 0 - 0 - 0 - 0;0: 5
2020;1;31;5;5;1;0;NOTE;?;23h33;Poissy;uic_87386573;?;?;normal;5;0;0;0;0;0 - 0 - 0 - 0 - 0;0: 5
2020;1;31;5;5;1;0;OKLA;?;09h20;Poissy;uic_87386573;?;?;normal;5;0;120;60;60;0 - 1 - 1 - 1 - 2;0: 1 - 1: 3 - 2: 1
2020;1;31;5;5;1;0;OKLA;?;09h40;Poissy;uic_87386573;?;?;normal;5;0;120;83;60;1 - 1 - 1 - 2 - 2;1: 3 - 2: 2
2020;1;31;5;5;1;0;OKLA;?;09h55;Poissy;uic_87386573;?;?;normal;5;0;540;540;540;9 - 9 - 9 - 9 - 9;9: 5
2020;1;31;5;5;1;0;OKLA;?;10h16;Poissy;uic_87386573;?;?;normal;5;0;360;348;360;5 - 6 - 6 - 6 - 6;5: 1 - 6: 4
2020;1;31;5;5;1;0;OKLA;?;10h40;Poissy;uic_87386573;?;?;annule;5;5;0;0;0;;
2020;1;31;5;5;1;0;OKLA;?;11h00;Poissy;uic_87386573;?;?;normal;5;0;900;888;900;15 - 15 - 14 - 15 - 15;14: 1 - 15: 4
2020;1;31;5;5;1;0;OKLA;?;11h20;Poissy;uic_87386573;?;?;normal;5;0;720;300;240;1 - 4 - 4 - 4 - 12;1: 1 - 4: 3 - 12: 1
2020;1;31;5;5;1;0;OKLA;?;11h40;Poissy;uic_87386573;?;?;normal;5;0;240;192;180;3 - 4 - 3 - 3 - 3;3: 4 - 4: 1
2020;1;31;5;5;1;0;OKLA;?;12h00;Poissy;uic_87386573;?;?;annule;5;5;0;0;0;;
2020;1;31;5;5;1;0;OKLA;?;12h20;Poissy;uic_87386573;?;?;normal;5;0;240;240;240;4 - 4 - 4 - 4 - 4;4: 5
2020;1;31;5;5;1;0;OKLA;?;12h40;Poissy;uic_87386573;?;?;normal;5;0;420;371;360;7 - 6 - 6 - 6 - 6;6: 4 - 7: 1
2020;1;31;5;5;1;0;OKLA;?;13h00;Poissy;uic_87386573;?;?;normal;5;0;0;0;0;0 - 0 - 0 - 0 - 0;0: 5
2020;1;31;5;5;1;0;OKLA;?;13h20;Poissy;uic_87386573;?;?;normal;5;0;60;60;60;1 - 1 - 1 - 1 - 1;1: 5
2020;1;31;5;5;1;0;OKLA;?;13h40;Poissy;uic_87386573;?;?;normal;5;0;120;72;60;1 - 1 - 1 - 1 - 2;1: 4 - 2: 1
2020;1;31;5;5;1;0;OKLA;?;14h00;Poissy;uic_87386573;?;?;normal;5;0;60;60;60;1 - 1 - 1 - 1 - 1;1: 5
2020;1;31;5;5;1;0;OKLA;?;14h20;Poissy;uic_87386573;?;?;normal;5;0;60;12;0;0 - 0 - 0 - 0 - 1;0: 4 - 1: 1
2020;1;31;5;5;1;0;OKRE;?;14h40;Poissy;uic_87386573;?;?;normal;5;0;60;60;60;1 - 1 - 1 - 1 - 1;1: 5
2020;1;31;5;5;1;0;OKRE;?;15h00;Poissy;uic_87386573;?;?;normal;5;0;60;48;60;0 - 1 - 1 - 1 - 1;0: 1 - 1: 4
2020;1;31;5;5;1;0;OKRE;?;15h20;Poissy;uic_87386573;?;?;normal;5;0;240;192;240;0 - 4 - 4 - 4 - 4;0: 1 - 4: 4
2020;1;31;5;5;1;0;OKRE;?;15h40;Poissy;uic_87386573;?;?;normal;5;0;60;48;60;0 - 1 - 1 - 1 - 1;0: 1 - 1: 4
2020;1;31;5;5;1;0;OKRE;?;16h00;Poissy;uic_87386573;?;?;normal;5;0;120;72;60;1 - 2 - 1 - 1 - 1;1: 4 - 2: 1
2020;1;31;5;5;1;0;OKRE;?;16h20;Poissy;uic_87386573;?;?;normal;5;0;0;0;0;0 - 0 - 0 - 0 - 0;0: 5
2020;1;31;5;5;1;0;OPEN;?;04h42;Cergy le Haut;uic_87382655;?;?;normal;9;0;60;6;0;0 - 0 - 0 - 0 - 0 - 1 - 0 - 0 - 0;0: 8 - 1: 1
2020;1;31;5;5;1;0;OPUS;?;00h28;Sartrouville;uic_87386417;?;?;normal;2;0;360;360;6;6 - 6;6: 2
2020;1;31;5;5;1;0;OPUS;?;23h58;Sartrouville;uic_87386417;?;?;normal;2;0;60;30;30;0 - 1;0: 1 - 1: 1
2020;1;31;5;5;1;0;QURI;?;00h05;Poissy;uic_87386573;?;?;normal;5;0;0;0;0;0 - 0 - 0 - 0 - 0;0: 5
2020;1;31;5;5;1;0;QURI;?;05h10;Poissy;uic_87386573;?;?;normal;5;0;0;0;0;0 - 0 - 0 - 0 - 0;0: 5
2020;1;31;5;5;1;0;TAPI;?;00h31;Houilles - Carrières-sur-Seine;uic_87386409;?;?;normal;4;0;1380;1350;1350;22 - 23 - 22 - 23;22: 2 - 23: 2
2020;1;31;5;5;1;0;TAXE;?;00h03;Houilles - Carrières-sur-Seine;uic_87386409;?;?;normal;4;0;2340;2280;38;38 - 39 - 38 - 37;37: 1 - 38: 2 - 39: 1
2020;1;31;5;5;1;0;TAXE;?;06h35;Houilles - Carrières-sur-Seine;uic_87386409;?;?;normal;4;0;0;0;0;0 - 0 - 0 - 0;0: 4
2020;1;31;5;5;1;0;TAXE;?;07h06;Houilles - Carrières-sur-Seine;uic_87386409;?;?;normal;4;0;240;210;210;3 - 4 - 4 - 3;3: 2 - 4: 2
2020;1;31;5;5;1;0;TAXE;?;07h21;Houilles - Carrières-sur-Seine;uic_87386409;?;?;normal;4;0;120;90;2;2 - 2 - 2 - 0;0: 1 - 2: 3
2020;1;31;5;5;1;0;TAXE;?;07h37;Houilles - Carrières-sur-Seine;uic_87386409;?;?;normal;4;0;60;15;0;0 - 0 - 1 - 0;0: 3 - 1: 1
2020;1;31;5;5;1;0;TAXE;?;07h50;Houilles - Carrières-sur-Seine;uic_87386409;?;?;normal;4;0;180;150;3;3 - 3 - 3 - 1;1: 1 - 3: 3
2020;1;31;5;5;1;0;TAXE;?;08h01;Houilles - Carrières-sur-Seine;uic_87386409;?;?;normal;4;0;540;450;8;8 - 9 - 8 - 5;5: 1 - 8: 2 - 9: 1
2020;1;31;5;5;1;0;TAXE;?;08h13;Houilles - Carrières-sur-Seine;uic_87386409;?;?;normal;4;0;420;375;390;6 - 7 - 7 - 5;5: 1 - 6: 1 - 7: 2
2020;1;31;5;5;1;0;TAXE;?;08h25;Houilles - Carrières-sur-Seine;uic_87386409;?;?;normal;4;0;540;450;450;7 - 8 - 9 - 6;6: 1 - 7: 1 - 8: 1 - 9: 1
2020;1;31;5;5;1;0;TAXE;?;08h36;Houilles - Carrières-sur-Seine;uic_87386409;?;?;normal;4;0;480;405;7;7 - 8 - 7 - 5;5: 1 - 7: 2 - 8: 1
2020;1;31;5;5;1;0;TAXE;?;08h48;Houilles - Carrières-sur-Seine;uic_87386409;?;?;normal;4;0;420;390;390;6 - 7 - 7 - 6;6: 2 - 7: 2
2020;1;31;5;5;1;0;TAXE;?;09h00;Houilles - Carrières-sur-Seine;uic_87386409;?;?;normal;4;0;360;270;5;5 - 6 - 5 - 2;2: 1 - 5: 2 - 6: 1
2020;1;31;5;5;1;0;TAXE;?;09h11;Houilles - Carrières-sur-Seine;uic_87386409;?;?;normal;4;0;180;105;2;2 - 3 - 2 - 0;0: 1 - 2: 2 - 3: 1
2020;1;31;5;5;1;0;TAXE;?;09h23;Houilles - Carrières-sur-Seine;uic_87386409;?;?;normal;4;0;180;120;2;2 - 3 - 2 - 1;1: 1 - 2: 2 - 3: 1
2020;1;31;5;5;1;0;TAXE;?;09h35;Houilles - Carrières-sur-Seine;uic_87386409;?;?;normal;4;0;360;330;330;5 - 6 - 6 - 5;5: 2 - 6: 2
2020;1;31;5;5;1;0;TAXE;?;09h46;Houilles - Carrières-sur-Seine;uic_87386409;?;?;normal;4;0;360;210;3;2 - 3 - 3 - 6;2: 1 - 3: 2 - 6: 1
2020;1;31;5;5;1;0;TAXE;?;09h58;Houilles - Carrières-sur-Seine;uic_87386409;?;?;normal;4;0;420;360;6;6 - 6 - 7 - 5;5: 1 - 6: 2 - 7: 1
2020;1;31;5;5;1;0;TAXE;?;17h14;Houilles - Carrières-sur-Seine;uic_87386409;?;?;normal;4;0;60;30;30;0 - 1 - 1 - 0;0: 2 - 1: 2
2020;1;31;5;5;1;0;TAXE;?;17h26;Houilles - Carrières-sur-Seine;uic_87386409;?;?;normal;4;0;120;90;2;2 - 2 - 2 - 0;0: 1 - 2: 3
2020;1;31;5;5;1;0;TAXE;?;17h39;Houilles - Carrières-sur-Seine;uic_87386409;?;?;normal;4;0;300;285;5;5 - 5 - 5 - 4;4: 1 - 5: 3
2020;1;31;5;5;1;0;TAXE;?;17h51;Houilles - Carrières-sur-Seine;uic_87386409;?;?;normal;4;0;240;180;3;3 - 4 - 3 - 2;2: 1 - 3: 2 - 4: 1
2020;1;31;5;5;1;0;TAXE;?;18h04;Houilles - Carrières-sur-Seine;uic_87386409;?;?;normal;4;0;60;45;1;1 - 1 - 1 - 0;0: 1 - 1: 3
2020;1;31;5;5;1;0;TAXE;?;18h16;Houilles - Carrières-sur-Seine;uic_87386409;?;?;normal;4;0;60;30;30;0 - 1 - 1 - 0;0: 2 - 1: 2
2020;1;31;5;5;1;0;TAXE;?;18h29;Houilles - Carrières-sur-Seine;uic_87386409;?;?;normal;4;0;120;60;1;0 - 2 - 2 - 0;0: 2 - 2: 2
2020;1;31;5;5;1;0;TAXE;?;18h41;Houilles - Carrières-sur-Seine;uic_87386409;?;?;normal;4;0;60;30;30;0 - 1 - 1 - 0;0: 2 - 1: 2
2020;1;31;5;5;1;0;TAXE;?;18h54;Houilles - Carrières-sur-Seine;uic_87386409;?;?;normal;4;0;240;180;3;3 - 4 - 3 - 2;2: 1 - 3: 2 - 4: 1
2020;1;31;5;5;1;0;TAXE;?;19h06;Houilles - Carrières-sur-Seine;uic_87386409;?;?;normal;4;0;120;60;1;1 - 2 - 1 - 0;0: 1 - 1: 2 - 2: 1
2020;1;31;5;5;1;0;TAXE;?;19h19;Houilles - Carrières-sur-Seine;uic_87386409;?;?;normal;4;0;120;90;90;1 - 2 - 2 - 1;1: 2 - 2: 2
2020;1;31;5;5;1;0;TAXE;?;19h31;Houilles - Carrières-sur-Seine;uic_87386409;?;?;normal;4;0;0;0;0;0 - 0 - 0 - 0;0: 4
2020;1;31;5;5;1;0;TAXE;?;19h44;Houilles - Carrières-sur-Seine;uic_87386409;?;?;normal;4;0;180;150;150;2 - 3 - 3 - 2;2: 2 - 3: 2
2020;1;31;5;5;1;0;TAXE;?;19h56;Houilles - Carrières-sur-Seine;uic_87386409;?;?;normal;4;0;60;15;0;0 - 1 - 0 - 0;0: 3 - 1: 1
2020;1;31;5;5;1;0;TAXE;?;20h17;Houilles - Carrières-sur-Seine;uic_87386409;?;?;normal;4;0;240;210;210;3 - 4 - 4 - 3;3: 2 - 4: 2
2020;1;31;5;5;1;0;TAXE;?;20h38;Houilles - Carrières-sur-Seine;uic_87386409;?;?;normal;4;0;60;60;1;1 - 1 - 1 - 1;1: 4
2020;1;31;5;5;1;0;TAXE;?;20h58;Houilles - Carrières-sur-Seine;uic_87386409;?;?;normal;4;0;0;0;0;0 - 0 - 0 - 0;0: 4
2020;1;31;5;5;1;0;TAXE;?;21h19;Houilles - Carrières-sur-Seine;uic_87386409;?;?;normal;4;0;0;0;0;0 - 0 - 0 - 0;0: 4
2020;1;31;5;5;1;0;TAXE;?;21h38;Houilles - Carrières-sur-Seine;uic_87386409;?;?;normal;4;0;600;510;510;7 - 10 - 9 - 8;7: 1 - 8: 1 - 9: 1 - 10: 1
2020;1;31;5;5;1;0;TAXE;?;22h03;Houilles - Carrières-sur-Seine;uic_87386409;?;?;normal;4;0;0;0;0;0 - 0 - 0 - 0;0: 4
2020;1;31;5;5;1;0;TAXE;?;22h33;Houilles - Carrières-sur-Seine;uic_87386409;?;?;normal;4;0;0;0;0;0 - 0 - 0 - 0;0: 4
2020;1;31;5;5;1;0;TAXE;?;23h03;Houilles - Carrières-sur-Seine;uic_87386409;?;?;normal;4;0;0;0;0;0 - 0 - 0 - 0;0: 4
2020;1;31;5;5;1;0;TAXE;?;23h33;Houilles - Carrières-sur-Seine;uic_87386409;?;?;normal;4;0;180;135;150;1 - 2 - 3 - 3;1: 1 - 2: 1 - 3: 2
2020;1;31;5;5;1;0;TEDI;?;00h58;Houilles - Carrières-sur-Seine;uic_87386409;?;?;normal;4;0;600;315;4;3 - 4 - 4 - 10;3: 1 - 4: 2 - 10: 1
2020;1;31;5;5;1;0;TEDI;?;06h11;Houilles - Carrières-sur-Seine;uic_87386409;?;?;normal;4;0;60;15;0;0 - 1 - 0 - 0;0: 3 - 1: 1
2020;1;31;5;5;1;0;TRAM;?;15h53;Houilles - Carrières-sur-Seine;uic_87386409;?;?;normal;4;0;240;135;2;1 - 2 - 2 - 4;1: 1 - 2: 2 - 4: 1
2020;1;31;5;5;1;0;TRAM;?;16h13;Houilles - Carrières-sur-Seine;uic_87386409;?;?;normal;4;0;0;0;0;0 - 0 - 0 - 0;0: 4
2020;1;31;5;5;1;0;TRAM;?;16h33;Houilles - Carrières-sur-Seine;uic_87386409;?;?;normal;4;0;60;30;30;0 - 1 - 1 - 0;0: 2 - 1: 2
2020;1;31;5;5;1;0;TRAM;?;16h54;Houilles - Carrières-sur-Seine;uic_87386409;?;?;normal;4;0;60;15;0;0 - 1 - 0 - 0;0: 3 - 1: 1
2020;1;31;5;5;1;0;TROC;?;06h52;Houilles - Carrières-sur-Seine;uic_87386409;?;?;annule;4;4;0;0;0;;
2020;1;31;5;5;1;0;TROC;?;10h13;Houilles - Carrières-sur-Seine;uic_87386409;?;?;normal;4;0;240;210;4;2 - 4 - 4 - 4;2: 1 - 4: 3
2020;1;31;5;5;1;0;TROC;?;10h33;Houilles - Carrières-sur-Seine;uic_87386409;?;?;normal;4;0;720;345;4;3 - 4 - 4 - 12;3: 1 - 4: 2 - 12: 1
2020;1;31;5;5;1;0;TROC;?;10h53;Houilles - Carrières-sur-Seine;uic_87386409;?;?;normal;4;0;540;255;3;2 - 3 - 3 - 9;2: 1 - 3: 2 - 9: 1
2020;1;31;5;5;1;0;TROC;?;11h13;Houilles - Carrières-sur-Seine;uic_87386409;?;?;annule;4;4;0;0;0;;
2020;1;31;5;5;1;0;TROC;?;11h33;Houilles - Carrières-sur-Seine;uic_87386409;?;?;normal;4;0;480;375;450;2 - 7 - 8 - 8;2: 1 - 7: 1 - 8: 2
2020;1;31;5;5;1;0;TROC;?;11h53;Houilles - Carrières-sur-Seine;uic_87386409;?;?;normal;4;0;600;555;570;9 - 10 - 10 - 8;8: 1 - 9: 1 - 10: 2
2020;1;31;5;5;1;0;TROC;?;12h13;Houilles - Carrières-sur-Seine;uic_87386409;?;?;normal;4;0;1320;765;11;7 - 10 - 12 - 22;7: 1 - 10: 1 - 12: 1 - 22: 1
2020;1;31;5;5;1;0;TROC;?;12h33;Houilles - Carrières-sur-Seine;uic_87386409;?;?;normal;4;0;540;360;6;3 - 4 - 8 - 9;3: 1 - 4: 1 - 8: 1 - 9: 1
2020;1;31;5;5;1;0;TROC;?;12h53;Houilles - Carrières-sur-Seine;uic_87386409;?;?;normal;4;0;120;60;1;0 - 1 - 1 - 2;0: 1 - 1: 2 - 2: 1
2020;1;31;5;5;1;0;TROC;?;13h13;Houilles - Carrières-sur-Seine;uic_87386409;?;?;normal;4;0;660;375;5;4 - 5 - 5 - 11;4: 1 - 5: 2 - 11: 1
2020;1;31;5;5;1;0;TROC;?;13h33;Houilles - Carrières-sur-Seine;uic_87386409;?;?;normal;4;0;600;570;570;9 - 10 - 10 - 9;9: 2 - 10: 2
2020;1;31;5;5;1;0;TROC;?;13h53;Houilles - Carrières-sur-Seine;uic_87386409;?;?;normal;4;0;240;210;4;2 - 4 - 4 - 4;2: 1 - 4: 3
2020;1;31;5;5;1;0;TROC;?;14h13;Houilles - Carrières-sur-Seine;uic_87386409;?;?;normal;4;0;300;285;5;5 - 5 - 5 - 4;4: 1 - 5: 3
2020;1;31;5;5;1;0;TROC;?;14h33;Houilles - Carrières-sur-Seine;uic_87386409;?;?;normal;4;0;240;210;210;3 - 4 - 4 - 3;3: 2 - 4: 2
2020;1;31;5;5;1;0;TROC;?;14h53;Houilles - Carrières-sur-Seine;uic_87386409;?;?;normal;4;0;0;0;0;0 - 0 - 0 - 0;0: 4
2020;1;31;5;5;1;0;TROC;?;15h13;Houilles - Carrières-sur-Seine;uic_87386409;?;?;normal;4;0;60;45;1;1 - 1 - 1 - 0;0: 1 - 1: 3
2020;1;31;5;5;1;0;TROC;?;15h33;Houilles - Carrières-sur-Seine;uic_87386409;?;?;normal;4;0;240;210;4;4 - 4 - 4 - 2;2: 1 - 4: 3
2020;1;31;5;5;1;0;UBAL;?;05h56;Houilles - Carrières-sur-Seine;uic_87386409;?;?;normal;8;0;300;150;150;1 - 1 - 2 - 2 - 3 - 3 - 3 - 5;1: 2 - 2: 2 - 3: 3 - 5: 1
2020;1;31;5;5;1;0;UZAR;?;06h23;Houilles - Carrières-sur-Seine;uic_87386409;?;?;normal;8;0;180;127;3;0 - 0 - 2 - 3 - 3 - 3 - 3 - 3;0: 2 - 2: 1 - 3: 5
2020;1;31;5;5;1;0;UZAR;?;06h40;Houilles - Carrières-sur-Seine;uic_87386409;?;?;normal;8;0;120;90;90;1 - 1 - 1 - 1 - 2 - 2 - 2 - 2;1: 4 - 2: 4
2020;1;31;5;5;1;0;UZAR;?;06h56;Houilles - Carrières-sur-Seine;uic_87386409;?;?;normal;8;0;120;67;1;1 - 1 - 1 - 1 - 1 - 1 - 1 - 2;1: 7 - 2: 1
2020;1;31;5;5;1;0;UZAR;?;07h11;Houilles - Carrières-sur-Seine;uic_87386409;?;?;normal;8;0;300;262;4;4 - 4 - 4 - 4 - 4 - 5 - 5 - 5;4: 5 - 5: 3
2020;1;31;5;5;1;0;UZAR;?;07h25;Houilles - Carrières-sur-Seine;uic_87386409;?;?;normal;8;0;300;232;4;3 - 4 - 3 - 4 - 4 - 4 - 4 - 5;3: 2 - 4: 5 - 5: 1
2020;1;31;5;5;1;0;UZAR;?;07h46;Houilles - Carrières-sur-Seine;uic_87386409;?;?;normal;8;0;180;105;2;2 - 3 - 1 - 1 - 2 - 2 - 2 - 1;1: 3 - 2: 4 - 3: 1
2020;1;31;5;5;1;0;UZAR;?;07h57;Houilles - Carrières-sur-Seine;uic_87386409;?;?;normal;8;0;600;547;9;8 - 9 - 9 - 9 - 10 - 9 - 9 - 10;8: 1 - 9: 5 - 10: 2
2020;1;31;5;5;1;0;UZAR;?;08h09;Houilles - Carrières-sur-Seine;uic_87386409;?;?;normal;8;0;540;502;510;7 - 8 - 8 - 8 - 9 - 9 - 9 - 9;7: 1 - 8: 3 - 9: 4
2020;1;31;5;5;1;0;UZAR;?;08h21;Houilles - Carrières-sur-Seine;uic_87386409;?;?;normal;8;0;480;397;6;8 - 8 - 6 - 7 - 6 - 6 - 6 - 6;6: 5 - 7: 1 - 8: 2
2020;1;31;5;5;1;0;UZAR;?;08h32;Houilles - Carrières-sur-Seine;uic_87386409;?;?;normal;8;0;480;427;7;7 - 7 - 7 - 7 - 8 - 7 - 7 - 7;7: 7 - 8: 1
2020;1;31;5;5;1;0;UZAR;?;08h44;Houilles - Carrières-sur-Seine;uic_87386409;?;?;normal;8;0;480;442;7;7 - 7 - 7 - 7 - 7 - 8 - 8 - 8;7: 5 - 8: 3
2020;1;31;5;5;1;0;UZAR;?;08h56;Houilles - Carrières-sur-Seine;uic_87386409;?;?;normal;8;0;480;367;6;6 - 6 - 5 - 6 - 5 - 6 - 7 - 8;5: 2 - 6: 4 - 7: 1 - 8: 1
2020;1;31;5;5;1;0;UZAR;?;09h07;Houilles - Carrières-sur-Seine;uic_87386409;?;?;normal;8;0;120;90;90;1 - 2 - 1 - 2 - 2 - 1 - 1 - 2;1: 4 - 2: 4
2020;1;31;5;5;1;0;UZAR;?;09h19;Houilles - Carrières-sur-Seine;uic_87386409;?;?;normal;8;0;120;75;1;1 - 1 - 1 - 1 - 1 - 2 - 2 - 1;1: 6 - 2: 2
2020;1;31;5;5;1;0;UZAR;?;09h31;Houilles - Carrières-sur-Seine;uic_87386409;?;?;normal;8;0;180;127;2;1 - 2 - 2 - 3 - 2 - 2 - 2 - 3;1: 1 - 2: 5 - 3: 2
2020;1;31;5;5;1;0;UZAR;?;09h42;Houilles - Carrières-sur-Seine;uic_87386409;?;?;normal;8;0;180;172;3;3 - 3 - 3 - 3 - 3 - 3 - 2 - 3;2: 1 - 3: 7
2020;1;31;5;5;1;0;UZAR;?;09h54;Houilles - Carrières-sur-Seine;uic_87386409;?;?;normal;8;0;120;75;1;0 - 1 - 1 - 1 - 1 - 2 - 2 - 2;0: 1 - 1: 4 - 2: 3
2020;1;31;5;5;1;0;UZAR;?;10h07;Houilles - Carrières-sur-Seine;uic_87386409;?;?;normal;8;0;1020;660;11;5 - 6 - 10 - 11 - 12 - 11 - 17 - 16;5: 1 - 6: 1 - 10: 1 - 11: 2 - 12: 1 - 16: 1 - 17: 1
2020;1;31;5;5;1;0;UZAR;?;10h18;Houilles - Carrières-sur-Seine;uic_87386409;?;?;normal;8;0;600;307;270;2 - 3 - 3 - 5 - 5 - 4 - 10 - 9;2: 1 - 3: 2 - 4: 1 - 5: 2 - 9: 1 - 10: 1
2020;1;31;5;5;1;0;UZAR;?;10h27;Houilles - Carrières-sur-Seine;uic_87386409;?;?;normal;8;0;480;315;7;0 - 0 - 6 - 7 - 7 - 7 - 8 - 7;0: 2 - 6: 1 - 7: 4 - 8: 1
2020;1;31;5;5;1;0;UZAR;?;10h38;Houilles - Carrières-sur-Seine;uic_87386409;?;?;annule_partiellement;8;5;2880;1179;360;5 - 6 - 48 - / - / - / - / - /;5: 1 - 6: 1 - 48: 1
2020;1;31;5;5;1;0;UZAR;?;10h47;Houilles - Carrières-sur-Seine;uic_87386409;?;?;annule;8;8;0;0;0;;
2020;1;31;5;5;1;0;UZAR;?;10h58;Houilles - Carrières-sur-Seine;uic_87386409;?;?;annule;8;8;0;0;0;;
2020;1;31;5;5;1;0;UZAR;?;11h07;Houilles - Carrières-sur-Seine;uic_87386409;?;?;normal;8;0;1200;915;870;12 - 12 - 11 - 12 - 17 - 19 - 20 - 19;11: 1 - 12: 3 - 17: 1 - 19: 2 - 20: 1
2020;1;31;5;5;1;0;UZAR;?;11h18;Houilles - Carrières-sur-Seine;uic_87386409;?;?;annule;8;8;0;0;0;;
2020;1;31;5;5;1;0;UZAR;?;11h27;Houilles - Carrières-sur-Seine;uic_87386409;?;?;normal;8;0;1920;1455;31;3 - 4 - 30 - 31 - 31 - 31 - 32 - 32;3: 1 - 4: 1 - 30: 1 - 31: 3 - 32: 2
2020;1;31;5;5;1;0;UZAR;?;11h38;Houilles - Carrières-sur-Seine;uic_87386409;?;?;annule;8;8;0;0;0;;
2020;1;31;5;5;1;0;UZAR;?;11h47;Houilles - Carrières-sur-Seine;uic_87386409;?;?;normal;8;0;3180;2445;52;7 - 7 - 51 - 52 - 53 - 52 - 52 - 52;7: 2 - 51: 1 - 52: 4 - 53: 1
2020;1;31;5;5;1;0;UZAR;?;11h58;Houilles - Carrières-sur-Seine;uic_87386409;?;?;annule;8;8;0;0;0;;
2020;1;31;5;5;1;0;UZAR;?;12h07;Houilles - Carrières-sur-Seine;uic_87386409;?;?;normal;8;0;2700;2145;44;11 - 10 - 43 - 44 - 44 - 44 - 45 - 45;10: 1 - 11: 1 - 43: 1 - 44: 3 - 45: 2
2020;1;31;5;5;1;0;UZAR;?;12h18;Houilles - Carrières-sur-Seine;uic_87386409;?;?;annule;8;8;0;0;0;;
2020;1;31;5;5;1;0;UZAR;?;12h27;Houilles - Carrières-sur-Seine;uic_87386409;?;?;normal;8;0;2040;1537;33;3 - 3 - 32 - 33 - 34 - 33 - 33 - 34;3: 2 - 32: 1 - 33: 3 - 34: 2
2020;1;31;5;5;1;0;UZAR;?;12h38;Houilles - Carrières-sur-Seine;uic_87386409;?;?;annule;8;8;0;0;0;;
2020;1;31;5;5;1;0;UZAR;?;12h47;Houilles - Carrières-sur-Seine;uic_87386409;?;?;normal;8;0;1560;1117;25;0 - 0 - 23 - 25 - 25 - 25 - 26 - 25;0: 2 - 23: 1 - 25: 4 - 26: 1
2020;1;31;5;5;1;0;UZAR;?;12h58;Houilles - Carrières-sur-Seine;uic_87386409;?;?;annule;8;8;0;0;0;;
2020;1;31;5;5;1;0;UZAR;?;13h07;Houilles - Carrières-sur-Seine;uic_87386409;?;?;normal;8;0;2820;2077;2610;7 - 6 - 42 - 44 - 44 - 43 - 44 - 47;6: 1 - 7: 1 - 42: 1 - 43: 1 - 44: 3 - 47: 1
2020;1;31;5;5;1;0;UZAR;?;13h18;Houilles - Carrières-sur-Seine;uic_87386409;?;?;annule;8;8;0;0;0;;
2020;1;31;5;5;1;0;UZAR;?;13h27;Houilles - Carrières-sur-Seine;uic_87386409;?;?;normal;8;0;2400;1935;39;12 - 12 - 38 - 39 - 39 - 39 - 40 - 39;12: 2 - 38: 1 - 39: 4 - 40: 1
2020;1;31;5;5;1;0;UZAR;?;13h38;Houilles - Carrières-sur-Seine;uic_87386409;?;?;annule;8;8;0;0;0;;
2020;1;31;5;5;1;0;UZAR;?;13h47;Houilles - Carrières-sur-Seine;uic_87386409;?;?;normal;8;0;2580;1957;41;6 - 6 - 40 - 41 - 42 - 41 - 42 - 43;6: 2 - 40: 1 - 41: 2 - 42: 2 - 43: 1
2020;1;31;5;5;1;0;UZAR;?;13h58;Houilles - Carrières-sur-Seine;uic_87386409;?;?;annule;8;8;0;0;0;;
2020;1;31;5;5;1;0;UZAR;?;14h07;Houilles - Carrières-sur-Seine;uic_87386409;?;?;normal;8;0;2220;1717;36;7 - 7 - 34 - 36 - 36 - 36 - 37 - 36;7: 2 - 34: 1 - 36: 4 - 37: 1
2020;1;31;5;5;1;0;UZAR;?;14h18;Houilles - Carrières-sur-Seine;uic_87386409;?;?;annule;8;8;0;0;0;;
2020;1;31;5;5;1;0;UZAR;?;14h27;Houilles - Carrières-sur-Seine;uic_87386409;?;?;normal;8;0;2340;1635;35;1 - 1 - 34 - 35 - 36 - 35 - 37 - 39;1: 2 - 34: 1 - 35: 2 - 36: 1 - 37: 1 - 39: 1
2020;1;31;5;5;1;0;UZAR;?;14h38;Houilles - Carrières-sur-Seine;uic_87386409;?;?;annule;8;8;0;0;0;;
2020;1;31;5;5;1;0;UZAR;?;14h47;Houilles - Carrières-sur-Seine;uic_87386409;?;?;normal;8;0;60;7;0;0 - 0 - 0 - 0 - 1 - 0 - 0 - 0;0: 7 - 1: 1
2020;1;31;5;5;1;0;UZAR;?;14h58;Houilles - Carrières-sur-Seine;uic_87386409;?;?;annule;8;8;0;0;0;;
2020;1;31;5;5;1;0;UZAR;?;15h07;Houilles - Carrières-sur-Seine;uic_87386409;?;?;normal;8;0;180;97;2;1 - 0 - 0 - 2 - 2 - 2 - 3 - 3;0: 2 - 1: 1 - 2: 3 - 3: 2
2020;1;31;5;5;1;0;UZAR;?;15h18;Houilles - Carrières-sur-Seine;uic_87386409;?;?;normal;8;0;120;97;2;2 - 2 - 1 - 2 - 2 - 1 - 2 - 1;1: 3 - 2: 5
2020;1;31;5;5;1;0;UZEL;?;15h47;Houilles - Carrières-sur-Seine;uic_87386409;?;?;normal;8;0;180;45;30;1 - 1 - 0 - 0 - 0 - 0 - 1 - 3;0: 4 - 1: 3 - 3: 1
2020;1;31;5;5;1;0;UZEL;?;15h58;Houilles - Carrières-sur-Seine;uic_87386409;?;?;normal;8;0;300;202;3;3 - 3 - 2 - 3 - 4 - 3 - 4 - 5;2: 1 - 3: 4 - 4: 2 - 5: 1
2020;1;31;5;5;1;0;UZEL;?;16h07;Houilles - Carrières-sur-Seine;uic_87386409;?;?;normal;8;0;240;67;30;0 - 0 - 0 - 1 - 1 - 0 - 4 - 3;0: 4 - 1: 2 - 3: 1 - 4: 1
2020;1;31;5;5;1;0;UZEL;?;16h18;Houilles - Carrières-sur-Seine;uic_87386409;?;?;normal;8;0;360;217;270;0 - 1 - 3 - 4 - 5 - 5 - 6 - 5;0: 1 - 1: 1 - 3: 1 - 4: 1 - 5: 3 - 6: 1
2020;1;31;5;5;1;0;UZEL;?;16h26;Houilles - Carrières-sur-Seine;uic_87386409;?;?;normal;8;0;480;315;6;1 - 2 - 5 - 6 - 6 - 6 - 8 - 8;1: 1 - 2: 1 - 5: 1 - 6: 3 - 8: 2
2020;1;31;5;5;1;0;UZEL;?;16h38;Houilles - Carrières-sur-Seine;uic_87386409;?;?;normal;8;0;180;75;1;0 - 0 - 0 - 1 - 2 - 1 - 3 - 3;0: 3 - 1: 2 - 2: 1 - 3: 2
2020;1;31;5;5;1;0;UZEL;?;16h46;Houilles - Carrières-sur-Seine;uic_87386409;?;?;normal;8;0;180;75;30;0 - 0 - 0 - 0 - 1 - 3 - 3 - 3;0: 4 - 1: 1 - 3: 3
2020;1;31;5;5;1;0;UZEL;?;16h59;Houilles - Carrières-sur-Seine;uic_87386409;?;?;normal;8;0;120;67;90;0 - 0 - 0 - 2 - 2 - 1 - 2 - 2;0: 3 - 1: 1 - 2: 4
2020;1;31;5;5;1;0;UZEL;?;17h05;Houilles - Carrières-sur-Seine;uic_87386409;?;?;normal;8;0;60;15;0;0 - 0 - 0 - 0 - 0 - 1 - 0 - 1;0: 6 - 1: 2
2020;1;31;5;5;1;0;UZEL;?;17h18;Houilles - Carrières-sur-Seine;uic_87386409;?;?;normal;8;0;300;270;5;3 - 4 - 4 - 5 - 5 - 5 - 5 - 5;3: 1 - 4: 2 - 5: 5
2020;1;31;5;5;1;0;UZEL;?;17h30;Houilles - Carrières-sur-Seine;uic_87386409;?;?;normal;8;0;720;660;11;9 - 10 - 11 - 11 - 11 - 12 - 12 - 12;9: 1 - 10: 1 - 11: 3 - 12: 3
2020;1;31;5;5;1;0;UZEL;?;17h43;Houilles - Carrières-sur-Seine;uic_87386409;?;?;normal;8;0;660;600;11;8 - 9 - 8 - 11 - 11 - 11 - 11 - 11;8: 2 - 9: 1 - 11: 5
2020;1;31;5;5;1;0;UZEL;?;17h55;Houilles - Carrières-sur-Seine;uic_87386409;?;?;normal;8;0;300;202;3;3 - 3 - 2 - 3 - 3 - 4 - 4 - 5;2: 1 - 3: 4 - 4: 2 - 5: 1
2020;1;31;5;5;1;0;UZEL;?;18h08;Houilles - Carrières-sur-Seine;uic_87386409;?;?;normal;8;0;240;165;3;2 - 2 - 2 - 3 - 3 - 3 - 3 - 4;2: 3 - 3: 4 - 4: 1
2020;1;31;5;5;1;0;UZEL;?;18h20;Houilles - Carrières-sur-Seine;uic_87386409;?;?;normal;8;0;240;120;2;0 - 1 - 1 - 2 - 2 - 3 - 3 - 4;0: 1 - 1: 2 - 2: 2 - 3: 2 - 4: 1
2020;1;31;5;5;1;0;UZEL;?;18h33;Houilles - Carrières-sur-Seine;uic_87386409;?;?;normal;8;0;180;90;2;0 - 0 - 1 - 2 - 3 - 2 - 2 - 2;0: 2 - 1: 1 - 2: 4 - 3: 1
2020;1;31;5;5;1;0;UZEL;?;18h45;Houilles - Carrières-sur-Seine;uic_87386409;?;?;normal;8;0;240;240;4;4 - 4 - 4 - 4 - 4 - 4 - 4 - 4;4: 8
2020;1;31;5;5;1;0;UZEL;?;18h58;Houilles - Carrières-sur-Seine;uic_87386409;?;?;normal;8;0;300;247;4;3 - 3 - 4 - 5 - 5 - 4 - 4 - 5;3: 2 - 4: 3 - 5: 3
2020;1;31;5;5;1;0;UZEL;?;19h10;Houilles - Carrières-sur-Seine;uic_87386409;?;?;normal;8;0;180;150;150;2 - 2 - 2 - 2 - 3 - 3 - 3 - 3;2: 4 - 3: 4
2020;1;31;5;5;1;0;UZEL;?;19h23;Houilles - Carrières-sur-Seine;uic_87386409;?;?;normal;8;0;120;52;1;0 - 1 - 0 - 1 - 2 - 1 - 1 - 1;0: 2 - 1: 5 - 2: 1
2020;1;31;5;5;1;0;UZEL;?;19h35;Houilles - Carrières-sur-Seine;uic_87386409;?;?;normal;8;0;120;60;1;0 - 1 - 0 - 1 - 1 - 2 - 1 - 2;0: 2 - 1: 4 - 2: 2
2020;1;31;5;5;1;0;UZEL;?;19h48;Houilles - Carrières-sur-Seine;uic_87386409;?;?;normal;8;0;120;90;2;0 - 1 - 1 - 2 - 2 - 2 - 2 - 2;0: 1 - 1: 2 - 2: 5
2020;1;31;5;5;1;0;UZEL;?;20h00;Houilles - Carrières-sur-Seine;uic_87386409;?;?;normal;8;0;0;0;0;0 - 0 - 0 - 0 - 0 - 0 - 0 - 0;0: 8
2020;1;31;5;5;1;0;UZEL;?;20h10;Houilles - Carrières-sur-Seine;uic_87386409;?;?;normal;8;0;120;75;90;0 - 0 - 1 - 1 - 2 - 2 - 2 - 2;0: 2 - 1: 2 - 2: 4
2020;1;31;5;5;1;0;UZEL;?;20h28;Houilles - Carrières-sur-Seine;uic_87386409;?;?;normal;8;0;300;142;2;1 - 2 - 1 - 2 - 2 - 3 - 3 - 5;1: 2 - 2: 3 - 3: 2 - 5: 1
2020;1;31;5;5;1;0;UZEL;?;20h49;Houilles - Carrières-sur-Seine;uic_87386409;?;?;normal;8;0;180;127;3;0 - 0 - 2 - 3 - 3 - 3 - 3 - 3;0: 2 - 2: 1 - 3: 5
2020;1;31;5;5;1;0;UZEL;?;21h08;Houilles - Carrières-sur-Seine;uic_87386409;?;?;normal;8;0;360;187;150;2 - 2 - 2 - 2 - 3 - 3 - 5 - 6;2: 4 - 3: 2 - 5: 1 - 6: 1
2020;1;31;5;5;1;0;UZEL;?;21h28;Houilles - Carrières-sur-Seine;uic_87386409;?;?;normal;8;0;60;45;1;0 - 1 - 0 - 1 - 1 - 1 - 1 - 1;0: 2 - 1: 6
2020;1;31;5;5;1;0;UZEL;?;21h49;Houilles - Carrières-sur-Seine;uic_87386409;?;?;normal;8;0;180;127;2;1 - 2 - 2 - 3 - 3 - 2 - 2 - 2;1: 1 - 2: 5 - 3: 2
2020;1;31;5;5;1;0;UZIN;?;15h27;Houilles - Carrières-sur-Seine;uic_87386409;?;?;normal;8;0;120;45;1;0 - 0 - 0 - 1 - 1 - 1 - 2 - 1;0: 3 - 1: 4 - 2: 1
2020;1;31;5;5;1;0;UZIN;?;15h38;Houilles - Carrières-sur-Seine;uic_87386409;?;?;normal;8;0;360;315;5;5 - 5 - 4 - 5 - 6 - 5 - 6 - 6;4: 1 - 5: 4 - 6: 3
2020;1;31;5;5;1;0;VELO;?;00h18;Houilles - Carrières-sur-Seine;uic_87386409;?;?;normal;1;0;1680;1680;1680;28;28: 1
2020;1;31;5;5;1;0;VELO;?;22h18;Houilles - Carrières-sur-Seine;uic_87386409;?;?;normal;1;0;180;180;180;3;3: 1
2020;1;31;5;5;1;0;VELO;?;22h48;Houilles - Carrières-sur-Seine;uic_87386409;?;?;normal;1;0;60;60;60;1;1: 1
2020;1;31;5;5;1;0;VELO;?;23h18;Houilles - Carrières-sur-Seine;uic_87386409;?;?;normal;1;0;0;0;0;0;0: 1
2020;1;31;5;5;1;0;VELO;?;23h48;Houilles - Carrières-sur-Seine;uic_87386409;?;?;normal;1;0;1800;1800;1800;30;30: 1
2020;1;31;5;5;1;0;VIDA;?;00h44;Houilles - Carrières-sur-Seine;uic_87386409;?;?;normal;1;0;720;720;720;12;12: 1
2020;1;31;5;5;1;0;VIRO;?;01h13;Houilles - Carrières-sur-Seine;uic_87386409;?;?;normal;1;0;0;0;0;0;0: 1
2020;2;1;6;5;0;1;OKRE;?;19h07;Poissy;uic_87386573;?;?;normal;5;0;60;12;0;0 - 1 - 0 - 0 - 0;0: 4 - 1: 1
2020;2;1;6;5;0;1;OKRE;?;19h27;Poissy;uic_87386573;?;?;annule;5;5;0;0;0;;
2020;2;1;6;5;0;1;OPEN;?;19h34;Cergy le Haut;uic_87382655;?;?;normal;9;0;0;0;0;0 - 0 - 0 - 0 - 0 - 0 - 0 - 0 - 0;0: 9
2020;2;1;6;5;0;1;OPPE;?;04h41;Cergy le Haut;uic_87382655;?;?;normal;9;0;60;6;0;0 - 0 - 0 - 0 - 0 - 1 - 0 - 0 - 0;0: 8 - 1: 1
2020;2;1;6;5;0;1;OPPE;?;05h11;Cergy le Haut;uic_87382655;?;?;normal;9;0;300;126;60;1 - 1 - 1 - 0 - 1 - 5 - 4 - 3 - 3;0: 1 - 1: 4 - 3: 2 - 4: 1 - 5: 1
2020;2;1;6;5;0;1;OPPE;?;05h41;Cergy le Haut;uic_87382655;?;?;normal;9;0;0;0;0;0 - 0 - 0 - 0 - 0 - 0 - 0 - 0 - 0;0: 9
2020;2;1;6;5;0;1;OPPE;?;06h11;Cergy le Haut;uic_87382655;?;?;normal;9;0;60;6;0;0 - 0 - 0 - 0 - 0 - 1 - 0 - 0 - 0;0: 8 - 1: 1
2020;2;1;6;5;0;1;OPUS;?;00h05;Cergy le Haut;uic_87382655;?;?;normal;9;0;60;13;0;0 - 0 - 0 - 0 - 1 - 1 - 0 - 0 - 0;0: 7 - 1: 2
2020;2;1;6;5;0;1;OPUS;?;20h04;Cergy le Haut;uic_87382655;?;?;normal;9;0;120;26;0;0 - 0 - 0 - 0 - 1 - 2 - 1 - 0 - 0;0: 6 - 1: 2 - 2: 1
2020;2;1;6;5;0;1;OPUS;?;20h34;Cergy le Haut;uic_87382655;?;?;normal;9;0;360;300;300;4 - 4 - 4 - 4 - 5 - 6 - 6 - 6 - 6;4: 4 - 5: 1 - 6: 4
2020;2;1;6;5;0;1;OPUS;?;21h04;Cergy le Haut;uic_87382655;?;?;normal;9;0;60;13;0;1 - 0 - 0 - 0 - 0 - 1 - 0 - 0 - 0;0: 7 - 1: 2
2020;2;1;6;5;0;1;OPUS;?;21h34;Cergy le Haut;uic_87382655;?;?;normal;9;0;240;126;120;1 - 1 - 1 - 1 - 2 - 3 - 3 - 3 - 4;1: 4 - 2: 1 - 3: 3 - 4: 1
2020;2;1;6;5;0;1;OPUS;?;22h04;Cergy le Haut;uic_87382655;?;?;normal;9;0;60;26;0;0 - 0 - 0 - 0 - 1 - 1 - 1 - 0 - 1;0: 5 - 1: 4
2020;2;1;6;5;0;1;OPUS;?;22h34;Cergy le Haut;uic_87382655;?;?;normal;9;0;60;20;0;0 - 0 - 0 - 0 - 1 - 1 - 1 - 0 - 0;0: 6 - 1: 3
2020;2;1;6;5;0;1;OPUS;?;23h04;Cergy le Haut;uic_87382655;?;?;normal;9;0;0;0;0;0 - 0 - 0 - 0 - 0 - 0 - 0 - 0 - 0;0: 9
2020;2;1;6;5;0;1;OPUS;?;23h34;Cergy le Haut;uic_87382655;?;?;normal;9;0;60;6;0;0 - 0 - 0 - 0 - 0 - 1 - 0 - 0 - 0;0: 8 - 1: 1
2020;2;1;6;5;0;1;QUDO;?;12h07;Poissy;uic_87386573;?;?;normal;5;0;0;0;0;0 - 0 - 0 - 0 - 0;0: 5
2020;2;1;6;5;0;1;QUDO;?;12h27;Poissy;uic_87386573;?;?;normal;5;0;120;72;60;1 - 1 - 1 - 2 - 1;1: 4 - 2: 1
2020;2;1;6;5;0;1;QUDO;?;12h47;Poissy;uic_87386573;?;?;normal;5;0;0;0;0;0 - 0 - 0 - 0 - 0;0: 5
2020;2;1;6;5;0;1;QUDO;?;13h07;Poissy;uic_87386573;?;?;normal;5;0;60;24;0;1 - 1 - 0 - 0 - 0;0: 3 - 1: 2
2020;2;1;6;5;0;1;QUDO;?;13h27;Poissy;uic_87386573;?;?;normal;5;0;60;24;0;0 - 1 - 0 - 1 - 0;0: 3 - 1: 2
2020;2;1;6;5;0;1;QUDO;?;13h47;Poissy;uic_87386573;?;?;normal;5;0;0;0;0;0 - 0 - 0 - 0 - 0;0: 5
2020;2;1;6;5;0;1;QUDO;?;14h07;Poissy;uic_87386573;?;?;normal;5;0;0;0;0;0 - 0 - 0 - 0 - 0;0: 5
2020;2;1;6;5;0;1;QUDO;?;14h27;Poissy;uic_87386573;?;?;normal;5;0;0;0;0;0 - 0 - 0 - 0 - 0;0: 5
2020;2;1;6;5;0;1;QUDO;?;14h47;Poissy;uic_87386573;?;?;normal;5;0;0;0;0;0 - 0 - 0 - 0 - 0;0: 5
2020;2;1;6;5;0;1;QUDO;?;15h07;Poissy;uic_87386573;?;?;normal;5;0;0;0;0;0 - 0 - 0 - 0 - 0;0: 5
2020;2;1;6;5;0;1;QUDO;?;15h27;Poissy;uic_87386573;?;?;normal;5;0;0;0;0;0 - 0 - 0 - 0 - 0;0: 5
2020;2;1;6;5;0;1;QUDO;?;15h47;Poissy;uic_87386573;?;?;normal;5;0;0;0;0;0 - 0 - 0 - 0 - 0;0: 5
2020;2;1;6;5;0;1;QUDO;?;16h07;Poissy;uic_87386573;?;?;normal;5;0;0;0;0;0 - 0 - 0 - 0 - 0;0: 5
2020;2;1;6;5;0;1;QUDO;?;16h27;Poissy;uic_87386573;?;?;normal;5;0;0;0;0;0 - 0 - 0 - 0 - 0;0: 5
2020;2;1;6;5;0;1;QUDO;?;16h47;Poissy;uic_87386573;?;?;normal;5;0;0;0;0;0 - 0 - 0 - 0 - 0;0: 5
2020;2;1;6;5;0;1;QUDO;?;17h07;Poissy;uic_87386573;?;?;annule;5;5;0;0;0;;
2020;2;1;6;5;0;1;QUDO;?;17h27;Poissy;uic_87386573;?;?;normal;5;0;0;0;0;0 - 0 - 0 - 0 - 0;0: 5
2020;2;1;6;5;0;1;QUDO;?;17h47;Poissy;uic_87386573;?;?;normal;5;0;0;0;0;0 - 0 - 0 - 0 - 0;0: 5
2020;2;1;6;5;0;1;QUDO;?;18h07;Poissy;uic_87386573;?;?;normal;5;0;60;12;0;0 - 1 - 0 - 0 - 0;0: 4 - 1: 1
2020;2;1;6;5;0;1;QUDO;?;18h27;Poissy;uic_87386573;?;?;annule;5;5;0;0;0;;
2020;2;1;6;5;0;1;QUDO;?;18h47;Poissy;uic_87386573;?;?;normal;5;0;60;48;60;0 - 1 - 1 - 1 - 1;0: 1 - 1: 4
2020;2;1;6;5;0;1;QUDO;?;20h02;Poissy;uic_87386573;?;?;normal;5;0;0;0;0;0 - 0 - 0 - 0 - 0;0: 5
2020;2;1;6;5;0;1;QURE;?;00h04;Poissy;uic_87386573;?;?;normal;5;0;60;48;60;1 - 1 - 1 - 1 - 0;0: 1 - 1: 4
2020;2;1;6;5;0;1;QURE;?;20h32;Poissy;uic_87386573;?;?;normal;5;0;180;72;60;0 - 0 - 1 - 3 - 2;0: 2 - 1: 1 - 2: 1 - 3: 1
2020;2;1;6;5;0;1;QURE;?;21h02;Poissy;uic_87386573;?;?;normal;5;0;180;107;120;0 - 1 - 3 - 3 - 2;0: 1 - 1: 1 - 2: 1 - 3: 2
2020;2;1;6;5;0;1;QURE;?;21h32;Poissy;uic_87386573;?;?;normal;5;0;60;24;0;0 - 1 - 0 - 1 - 0;0: 3 - 1: 2
2020;2;1;6;5;0;1;QURE;?;22h02;Poissy;uic_87386573;?;?;normal;5;0;60;48;60;1 - 1 - 1 - 1 - 0;0: 1 - 1: 4
2020;2;1;6;5;0;1;QURE;?;22h32;Poissy;uic_87386573;?;?;normal;5;0;60;24;0;1 - 1 - 0 - 0 - 0;0: 3 - 1: 2
2020;2;1;6;5;0;1;QURE;?;23h02;Poissy;uic_87386573;?;?;normal;5;0;120;72;60;1 - 1 - 1 - 2 - 1;1: 4 - 2: 1
2020;2;1;6;5;0;1;QURE;?;23h32;Poissy;uic_87386573;?;?;normal;5;0;120;72;60;1 - 2 - 1 - 1 - 1;1: 4 - 2: 1
2020;2;1;6;5;0;1;QURI;?;05h09;Poissy;uic_87386573;?;?;normal;5;0;0;0;0;0 - 0 - 0 - 0 - 0;0: 5
2020;2;1;6;5;0;1;QURI;?;05h39;Poissy;uic_87386573;?;?;normal;5;0;1380;1320;1320;22 - 23 - 22 - 22 - 21;21: 1 - 22: 3 - 23: 1
2020;2;1;6;5;0;1;QURI;?;06h09;Poissy;uic_87386573;?;?;normal;5;0;0;0;0;0 - 0 - 0 - 0 - 0;0: 5
2020;2;1;6;5;0;1;QURI;?;06h39;Poissy;uic_87386573;?;?;normal;5;0;0;0;0;0 - 0 - 0 - 0 - 0;0: 5
2020;2;1;6;5;0;1;QURI;?;07h09;Poissy;uic_87386573;?;?;normal;5;0;0;0;0;0 - 0 - 0 - 0 - 0;0: 5
2020;2;1;6;5;0;1;QURI;?;07h37;Poissy;uic_87386573;?;?;normal;5;0;0;0;0;0 - 0 - 0 - 0 - 0;0: 5
2020;2;1;6;5;0;1;QURI;?;07h57;Poissy;uic_87386573;?;?;normal;5;0;0;0;0;0 - 0 - 0 - 0 - 0;0: 5
2020;2;1;6;5;0;1;QURI;?;08h07;Poissy;uic_87386573;?;?;normal;5;0;0;0;0;0 - 0 - 0 - 0 - 0;0: 5
2020;2;1;6;5;0;1;QURI;?;08h27;Poissy;uic_87386573;?;?;normal;5;0;60;12;0;0 - 0 - 1 - 0 - 0;0: 4 - 1: 1
2020;2;1;6;5;0;1;QURI;?;08h47;Poissy;uic_87386573;?;?;normal;5;0;0;0;0;0 - 0 - 0 - 0 - 0;0: 5
2020;2;1;6;5;0;1;QURI;?;09h07;Poissy;uic_87386573;?;?;normal;5;0;0;0;0;0 - 0 - 0 - 0 - 0;0: 5
2020;2;1;6;5;0;1;QURI;?;09h27;Poissy;uic_87386573;?;?;normal;5;0;60;12;0;0 - 1 - 0 - 0 - 0;0: 4 - 1: 1
2020;2;1;6;5;0;1;QURI;?;09h47;Poissy;uic_87386573;?;?;normal;5;0;60;12;0;1 - 0 - 0 - 0 - 0;0: 4 - 1: 1
2020;2;1;6;5;0;1;QURI;?;10h07;Poissy;uic_87386573;?;?;normal;5;0;0;0;0;0 - 0 - 0 - 0 - 0;0: 5
2020;2;1;6;5;0;1;QURI;?;10h27;Poissy;uic_87386573;?;?;normal;5;0;0;0;0;0 - 0 - 0 - 0 - 0;0: 5
2020;2;1;6;5;0;1;QURI;?;10h47;Poissy;uic_87386573;?;?;normal;5;0;60;24;0;0 - 1 - 0 - 1 - 0;0: 3 - 1: 2
2020;2;1;6;5;0;1;QURI;?;11h07;Poissy;uic_87386573;?;?;normal;5;0;0;0;0;0 - 0 - 0 - 0 - 0;0: 5
2020;2;1;6;5;0;1;QURI;?;11h27;Poissy;uic_87386573;?;?;normal;5;0;0;0;0;0 - 0 - 0 - 0 - 0;0: 5
2020;2;1;6;5;0;1;QURI;?;11h47;Poissy;uic_87386573;?;?;normal;5;0;180;120;120;2 - 2 - 3 - 2 - 1;1: 1 - 2: 3 - 3: 1
2020;2;1;6;5;0;1;QYAN;?;12h04;Cergy le Haut;uic_87382655;?;?;normal;9;0;0;0;0;0 - 0 - 0 - 0 - 0 - 0 - 0 - 0 - 0;0: 9
2020;2;1;6;5;0;1;QYAN;?;12h24;Cergy le Haut;uic_87382655;?;?;normal;9;0;120;40;60;0 - 0 - 0 - 0 - 1 - 2 - 1 - 1 - 1;0: 4 - 1: 4 - 2: 1
2020;2;1;6;5;0;1;QYAN;?;12h44;Cergy le Haut;uic_87382655;?;?;normal;9;0;60;6;0;0 - 0 - 0 - 0 - 0 - 1 - 0 - 0 - 0;0: 8 - 1: 1
2020;2;1;6;5;0;1;QYAN;?;13h04;Cergy le Haut;uic_87382655;?;?;normal;9;0;0;0;0;0 - 0 - 0 - 0 - 0 - 0 - 0 - 0 - 0;0: 9
2020;2;1;6;5;0;1;QYAN;?;13h24;Cergy le Haut;uic_87382655;?;?;normal;9;0;60;6;0;0 - 0 - 0 - 0 - 0 - 1 - 0 - 0 - 0;0: 8 - 1: 1
2020;2;1;6;5;0;1;QYAN;?;13h44;Cergy le Haut;uic_87382655;?;?;normal;9;0;0;0;0;0 - 0 - 0 - 0 - 0 - 0 - 0 - 0 - 0;0: 9
2020;2;1;6;5;0;1;QYAN;?;14h04;Cergy le Haut;uic_87382655;?;?;normal;9;0;120;46;60;0 - 0 - 0 - 0 - 1 - 2 - 1 - 2 - 1;0: 4 - 1: 3 - 2: 2
2020;2;1;6;5;0;1;QYAN;?;14h24;Cergy le Haut;uic_87382655;?;?;normal;9;0;120;33;0;0 - 0 - 0 - 0 - 1 - 2 - 1 - 1 - 0;0: 5 - 1: 3 - 2: 1
2020;2;1;6;5;0;1;QYAN;?;14h44;Cergy le Haut;uic_87382655;?;?;normal;9;0;60;26;0;0 - 0 - 0 - 0 - 1 - 1 - 1 - 1 - 0;0: 5 - 1: 4
2020;2;1;6;5;0;1;QYAN;?;15h04;Cergy le Haut;uic_87382655;?;?;normal;9;0;0;0;0;0 - 0 - 0 - 0 - 0 - 0 - 0 - 0 - 0;0: 9
2020;2;1;6;5;0;1;QYAN;?;15h24;Cergy le Haut;uic_87382655;?;?;normal;9;0;120;60;60;1 - 1 - 1 - 1 - 1 - 2 - 1 - 1 - 0;0: 1 - 1: 7 - 2: 1
2020;2;1;6;5;0;1;QYAN;?;15h44;Cergy le Haut;uic_87382655;?;?;annule;9;9;0;0;0;;
2020;2;1;6;5;0;1;QYAN;?;16h04;Cergy le Haut;uic_87382655;?;?;normal;9;0;0;0;0;0 - 0 - 0 - 0 - 0 - 0 - 0 - 0 - 0;0: 9
2020;2;1;6;5;0;1;QYAN;?;16h24;Cergy le Haut;uic_87382655;?;?;normal;9;0;120;53;60;0 - 0 - 0 - 0 - 1 - 2 - 2 - 2 - 1;0: 4 - 1: 2 - 2: 3
2020;2;1;6;5;0;1;QYAN;?;16h44;Cergy le Haut;uic_87382655;?;?;normal;9;0;180;146;180;0 - 3 - 3 - 2 - 3 - 3 - 3 - 3 - 2;0: 1 - 2: 2 - 3: 6
2020;2;1;6;5;0;1;QYAN;?;17h04;Cergy le Haut;uic_87382655;?;?;normal;9;0;0;0;0;0 - 0 - 0 - 0 - 0 - 0 - 0 - 0 - 0;0: 9
2020;2;1;6;5;0;1;QYAN;?;17h24;Cergy le Haut;uic_87382655;?;?;normal;9;0;60;26;0;0 - 0 - 0 - 0 - 1 - 1 - 1 - 1 - 0;0: 5 - 1: 4
2020;2;1;6;5;0;1;QYAN;?;17h44;Cergy le Haut;uic_87382655;?;?;normal;9;0;0;0;0;0 - 0 - 0 - 0 - 0 - 0 - 0 - 0 - 0;0: 9
2020;2;1;6;5;0;1;QYAN;?;18h04;Cergy le Haut;uic_87382655;?;?;normal;9;0;0;0;0;0 - 0 - 0 - 0 - 0 - 0 - 0 - 0 - 0;0: 9
2020;2;1;6;5;0;1;QYAN;?;18h24;Cergy le Haut;uic_87382655;?;?;normal;9;0;240;99;60;0 - 0 - 0 - 0 - 1 - 4 - 3 - 4 - 3;0: 4 - 1: 1 - 3: 2 - 4: 2
2020;2;1;6;5;0;1;QYAN;?;18h44;Cergy le Haut;uic_87382655;?;?;normal;9;0;0;0;0;0 - 0 - 0 - 0 - 0 - 0 - 0 - 0 - 0;0: 9
2020;2;1;6;5;0;1;QYAN;?;19h04;Cergy le Haut;uic_87382655;?;?;normal;9;0;180;80;120;0 - 0 - 1 - 0 - 2 - 2 - 2 - 3 - 2;0: 3 - 1: 1 - 2: 4 - 3: 1
2020;2;1;6;5;0;1;QYAN;?;19h24;Cergy le Haut;uic_87382655;?;?;normal;9;0;120;33;0;0 - 0 - 0 - 0 - 1 - 2 - 1 - 1 - 0;0: 5 - 1: 3 - 2: 1
2020;2;1;6;5;0;1;QYRO;?;06h41;Cergy le Haut;uic_87382655;?;?;normal;9;0;120;46;60;0 - 0 - 0 - 1 - 1 - 2 - 1 - 1 - 1;0: 3 - 1: 5 - 2: 1
2020;2;1;6;5;0;1;QYRO;?;07h11;Cergy le Haut;uic_87382655;?;?;normal;9;0;180;93;120;0 - 2 - 2 - 1 - 2 - 3 - 2 - 1 - 1;0: 1 - 1: 3 - 2: 4 - 3: 1
2020;2;1;6;5;0;1;QYRO;?;07h34;Cergy le Haut;uic_87382655;?;?;normal;9;0;0;0;0;0 - 0 - 0 - 0 - 0 - 0 - 0 - 0 - 0;0: 9
2020;2;1;6;5;0;1;QYRO;?;08h04;Cergy le Haut;uic_87382655;?;?;normal;9;0;0;0;0;0 - 0 - 0 - 0 - 0 - 0 - 0 - 0 - 0;0: 9
2020;2;1;6;5;0;1;QYRO;?;08h24;Cergy le Haut;uic_87382655;?;?;normal;9;0;0;0;0;0 - 0 - 0 - 0 - 0 - 0 - 0 - 0 - 0;0: 9
2020;2;1;6;5;0;1;QYRO;?;08h44;Cergy le Haut;uic_87382655;?;?;normal;9;0;0;0;0;0 - 0 - 0 - 0 - 0 - 0 - 0 - 0 - 0;0: 9
2020;2;1;6;5;0;1;QYRO;?;09h04;Cergy le Haut;uic_87382655;?;?;normal;9;0;0;0;0;0 - 0 - 0 - 0 - 0 - 0 - 0 - 0 - 0;0: 9
2020;2;1;6;5;0;1;QYRO;?;09h24;Cergy le Haut;uic_87382655;?;?;normal;9;0;0;0;0;0 - 0 - 0 - 0 - 0 - 0 - 0 - 0 - 0;0: 9
2020;2;1;6;5;0;1;QYRO;?;09h44;Cergy le Haut;uic_87382655;?;?;normal;9;0;60;6;0;0 - 0 - 0 - 0 - 0 - 1 - 0 - 0 - 0;0: 8 - 1: 1
2020;2;1;6;5;0;1;QYRO;?;10h04;Cergy le Haut;uic_87382655;?;?;normal;9;0;0;0;0;0 - 0 - 0 - 0 - 0 - 0 - 0 - 0 - 0;0: 9
2020;2;1;6;5;0;1;QYRO;?;10h24;Cergy le Haut;uic_87382655;?;?;normal;9;0;60;13;0;1 - 1 - 0 - 0 - 0 - 0 - 0 - 0 - 0;0: 7 - 1: 2
2020;2;1;6;5;0;1;QYRO;?;10h44;Cergy le Haut;uic_87382655;?;?;normal;9;0;60;13;0;0 - 0 - 0 - 0 - 0 - 1 - 0 - 1 - 0;0: 7 - 1: 2
2020;2;1;6;5;0;1;QYRO;?;11h04;Cergy le Haut;uic_87382655;?;?;normal;9;0;120;33;0;0 - 0 - 0 - 0 - 1 - 2 - 1 - 1 - 0;0: 5 - 1: 3 - 2: 1
2020;2;1;6;5;0;1;QYRO;?;11h24;Cergy le Haut;uic_87382655;?;?;normal;9;0;60;13;0;0 - 0 - 0 - 0 - 1 - 1 - 0 - 0 - 0;0: 7 - 1: 2
2020;2;1;6;5;0;1;QYRO;?;11h44;Cergy le Haut;uic_87382655;?;?;normal;9;0;180;60;60;0 - 0 - 0 - 0 - 1 - 3 - 2 - 2 - 1;0: 4 - 1: 2 - 2: 2 - 3: 1
2020;2;1;6;5;0;1;TEDI;?;06h12;Houilles - Carrières-sur-Seine;uic_87386409;?;?;normal;4;0;60;15;0;0 - 1 - 0 - 0;0: 3 - 1: 1
2020;2;1;6;5;0;1;TEDI;?;06h42;Houilles - Carrières-sur-Seine;uic_87386409;?;?;normal;4;0;0;0;0;0 - 0 - 0 - 0;0: 4
2020;2;1;6;5;0;1;TEDI;?;07h12;Houilles - Carrières-sur-Seine;uic_87386409;?;?;normal;4;0;60;15;0;0 - 1 - 0 - 0;0: 3 - 1: 1
2020;2;1;6;5;0;1;TEDI;?;07h41;Houilles - Carrières-sur-Seine;uic_87386409;?;?;normal;4;0;60;45;1;1 - 1 - 1 - 0;0: 1 - 1: 3
2020;2;1;6;5;0;1;TEDI;?;08h05;Houilles - Carrières-sur-Seine;uic_87386409;?;?;normal;4;0;60;45;1;1 - 1 - 1 - 0;0: 1 - 1: 3
2020;2;1;6;5;0;1;TEDI;?;08h25;Houilles - Carrières-sur-Seine;uic_87386409;?;?;normal;4;0;60;45;1;1 - 1 - 1 - 0;0: 1 - 1: 3
2020;2;1;6;5;0;1;TEDI;?;08h45;Houilles - Carrières-sur-Seine;uic_87386409;?;?;normal;4;0;120;75;90;1 - 2 - 2 - 0;0: 1 - 1: 1 - 2: 2
2020;2;1;6;5;0;1;TEDI;?;09h05;Houilles - Carrières-sur-Seine;uic_87386409;?;?;normal;4;0;0;0;0;0 - 0 - 0 - 0;0: 4
2020;2;1;6;5;0;1;TEDI;?;09h25;Houilles - Carrières-sur-Seine;uic_87386409;?;?;normal;4;0;0;0;0;0 - 0 - 0 - 0;0: 4
2020;2;1;6;5;0;1;TEDI;?;09h45;Houilles - Carrières-sur-Seine;uic_87386409;?;?;normal;4;0;0;0;0;0 - 0 - 0 - 0;0: 4
2020;2;1;6;5;0;1;TEDI;?;10h05;Houilles - Carrières-sur-Seine;uic_87386409;?;?;normal;4;0;0;0;0;0 - 0 - 0 - 0;0: 4
2020;2;1;6;5;0;1;TEDI;?;10h25;Houilles - Carrières-sur-Seine;uic_87386409;?;?;normal;4;0;120;60;1;1 - 2 - 1 - 0;0: 1 - 1: 2 - 2: 1
2020;2;1;6;5;0;1;TEDI;?;10h45;Houilles - Carrières-sur-Seine;uic_87386409;?;?;normal;4;0;60;15;0;0 - 1 - 0 - 0;0: 3 - 1: 1
2020;2;1;6;5;0;1;TEDI;?;11h05;Houilles - Carrières-sur-Seine;uic_87386409;?;?;normal;4;0;0;0;0;0 - 0 - 0 - 0;0: 4
2020;2;1;6;5;0;1;TEDI;?;11h25;Houilles - Carrières-sur-Seine;uic_87386409;?;?;normal;4;0;60;15;0;0 - 1 - 0 - 0;0: 3 - 1: 1
2020;2;1;6;5;0;1;TEDI;?;11h45;Houilles - Carrières-sur-Seine;uic_87386409;?;?;normal;4;0;60;30;30;0 - 1 - 1 - 0;0: 2 - 1: 2
2020;2;1;6;5;0;1;TEDI;?;12h05;Houilles - Carrières-sur-Seine;uic_87386409;?;?;normal;4;0;60;30;30;0 - 1 - 1 - 0;0: 2 - 1: 2
2020;2;1;6;5;0;1;TEDI;?;12h25;Houilles - Carrières-sur-Seine;uic_87386409;?;?;normal;4;0;0;0;0;0 - 0 - 0 - 0;0: 4
2020;2;1;6;5;0;1;TERI;?;12h45;Houilles - Carrières-sur-Seine;uic_87386409;?;?;normal;4;0;60;30;30;0 - 1 - 1 - 0;0: 2 - 1: 2
2020;2;1;6;5;0;1;TERI;?;13h05;Houilles - Carrières-sur-Seine;uic_87386409;?;?;normal;4;0;60;30;30;0 - 1 - 1 - 0;0: 2 - 1: 2
2020;2;1;6;5;0;1;TERI;?;13h25;Houilles - Carrières-sur-Seine;uic_87386409;?;?;normal;4;0;0;0;0;0 - 0 - 0 - 0;0: 4
2020;2;1;6;5;0;1;TERI;?;13h45;Houilles - Carrières-sur-Seine;uic_87386409;?;?;normal;4;0;60;30;30;0 - 1 - 1 - 0;0: 2 - 1: 2
2020;2;1;6;5;0;1;TERI;?;14h05;Houilles - Carrières-sur-Seine;uic_87386409;?;?;normal;4;0;120;60;1;1 - 2 - 1 - 0;0: 1 - 1: 2 - 2: 1
2020;2;1;6;5;0;1;TERI;?;14h25;Houilles - Carrières-sur-Seine;uic_87386409;?;?;normal;4;0;0;0;0;0 - 0 - 0 - 0;0: 4
2020;2;1;6;5;0;1;TERI;?;14h45;Houilles - Carrières-sur-Seine;uic_87386409;?;?;normal;4;0;60;15;0;0 - 1 - 0 - 0;0: 3 - 1: 1
2020;2;1;6;5;0;1;TERI;?;15h05;Houilles - Carrières-sur-Seine;uic_87386409;?;?;normal;4;0;60;15;0;0 - 1 - 0 - 0;0: 3 - 1: 1
2020;2;1;6;5;0;1;TERI;?;15h25;Houilles - Carrières-sur-Seine;uic_87386409;?;?;normal;4;0;0;0;0;0 - 0 - 0 - 0;0: 4
2020;2;1;6;5;0;1;TERI;?;15h45;Houilles - Carrières-sur-Seine;uic_87386409;?;?;normal;4;0;60;30;30;0 - 1 - 1 - 0;0: 2 - 1: 2
2020;2;1;6;5;0;1;TERI;?;16h05;Houilles - Carrières-sur-Seine;uic_87386409;?;?;normal;4;0;60;15;0;0 - 1 - 0 - 0;0: 3 - 1: 1
2020;2;1;6;5;0;1;TERI;?;16h25;Houilles - Carrières-sur-Seine;uic_87386409;?;?;normal;4;0;60;15;0;0 - 1 - 0 - 0;0: 3 - 1: 1
2020;2;1;6;5;0;1;TERI;?;16h45;Houilles - Carrières-sur-Seine;uic_87386409;?;?;annule;4;4;0;0;0;;
2020;2;1;6;5;0;1;TERI;?;17h05;Houilles - Carrières-sur-Seine;uic_87386409;?;?;normal;4;0;180;120;150;2 - 3 - 3 - 0;0: 1 - 2: 1 - 3: 2
2020;2;1;6;5;0;1;TERI;?;17h25;Houilles - Carrières-sur-Seine;uic_87386409;?;?;normal;4;0;0;0;0;0 - 0 - 0 - 0;0: 4
2020;2;1;6;5;0;1;TERI;?;17h45;Houilles - Carrières-sur-Seine;uic_87386409;?;?;normal;4;0;60;30;30;0 - 1 - 1 - 0;0: 2 - 1: 2
2020;2;1;6;5;0;1;TERI;?;18h05;Houilles - Carrières-sur-Seine;uic_87386409;?;?;annule;4;4;0;0;0;;
2020;2;1;6;5;0;1;TERI;?;18h25;Houilles - Carrières-sur-Seine;uic_87386409;?;?;normal;4;0;60;15;0;0 - 1 - 0 - 0;0: 3 - 1: 1
2020;2;1;6;5;0;1;TERI;?;18h45;Houilles - Carrières-sur-Seine;uic_87386409;?;?;normal;4;0;0;0;0;0 - 0 - 0 - 0;0: 4
2020;2;1;6;5;0;1;TERI;?;19h05;Houilles - Carrières-sur-Seine;uic_87386409;?;?;annule;4;4;0;0;0;;
2020;2;1;6;5;0;1;TERI;?;19h25;Houilles - Carrières-sur-Seine;uic_87386409;?;?;normal;4;0;120;75;90;1 - 2 - 2 - 0;0: 1 - 1: 1 - 2: 2
2020;2;1;6;5;0;1;TERI;?;19h45;Houilles - Carrières-sur-Seine;uic_87386409;?;?;normal;4;0;0;0;0;0 - 0 - 0 - 0;0: 4
2020;2;1;6;5;0;1;TERI;?;20h05;Houilles - Carrières-sur-Seine;uic_87386409;?;?;normal;4;0;60;45;1;1 - 1 - 1 - 0;0: 1 - 1: 3
2020;2;1;6;5;0;1;TERI;?;20h30;Houilles - Carrières-sur-Seine;uic_87386409;?;?;normal;4;0;120;60;1;1 - 2 - 1 - 0;0: 1 - 1: 2 - 2: 1
2020;2;1;6;5;0;1;TETE;?;00h29;Houilles - Carrières-sur-Seine;uic_87386409;?;?;normal;4;0;120;90;90;1 - 2 - 2 - 1;1: 2 - 2: 2
2020;2;1;6;5;0;1;TETE;?;00h58;Houilles - Carrières-sur-Seine;uic_87386409;?;?;normal;4;0;180;75;1;0 - 3 - 2 - 0;0: 2 - 2: 1 - 3: 1
2020;2;1;6;5;0;1;TETE;?;20h59;Houilles - Carrières-sur-Seine;uic_87386409;?;?;normal;4;0;720;660;11;10 - 11 - 12 - 11;10: 1 - 11: 2 - 12: 1
2020;2;1;6;5;0;1;TETE;?;21h29;Houilles - Carrières-sur-Seine;uic_87386409;?;?;normal;4;0;60;45;1;1 - 1 - 1 - 0;0: 1 - 1: 3
2020;2;1;6;5;0;1;TETE;?;21h59;Houilles - Carrières-sur-Seine;uic_87386409;?;?;normal;4;0;540;255;4;0 - 1 - 9 - 7;0: 1 - 1: 1 - 7: 1 - 9: 1
2020;2;1;6;5;0;1;TETE;?;22h29;Houilles - Carrières-sur-Seine;uic_87386409;?;?;normal;4;0;180;135;150;2 - 3 - 3 - 1;1: 1 - 2: 1 - 3: 2
2020;2;1;6;5;0;1;TETE;?;22h59;Houilles - Carrières-sur-Seine;uic_87386409;?;?;normal;4;0;180;120;2;2 - 2 - 3 - 1;1: 1 - 2: 2 - 3: 1
2020;2;1;6;5;0;1;TETE;?;23h29;Houilles - Carrières-sur-Seine;uic_87386409;?;?;normal;4;0;300;270;270;4 - 5 - 5 - 4;4: 2 - 5: 2
2020;2;1;6;5;0;1;TETE;?;23h59;Houilles - Carrières-sur-Seine;uic_87386409;?;?;normal;4;0;120;90;90;1 - 2 - 2 - 1;1: 2 - 2: 2
2020;2;1;6;5;0;1;UBOS;?;05h57;Houilles - Carrières-sur-Seine;uic_87386409;?;?;normal;8;0;120;52;1;0 - 1 - 0 - 1 - 1 - 1 - 2 - 1;0: 2 - 1: 5 - 2: 1
2020;2;1;6;5;0;1;UBOS;?;06h26;Houilles - Carrières-sur-Seine;uic_87386409;?;?;normal;8;0;660;600;10;10 - 10 - 9 - 10 - 11 - 10 - 10 - 10;9: 1 - 10: 6 - 11: 1
2020;2;1;6;5;0;1;UBOS;?;06h57;Houilles - Carrières-sur-Seine;uic_87386409;?;?;normal;8;0;120;75;90;0 - 2 - 0 - 2 - 2 - 1 - 2 - 1;0: 2 - 1: 2 - 2: 4
2020;2;1;6;5;0;1;UBOS;?;07h27;Houilles - Carrières-sur-Seine;uic_87386409;?;?;normal;8;0;0;0;0;0 - 0 - 0 - 0 - 0 - 0 - 0 - 0;0: 8
2020;2;1;6;5;0;1;UBOS;?;07h55;Houilles - Carrières-sur-Seine;uic_87386409;?;?;normal;8;0;0;0;0;0 - 0 - 0 - 0 - 0 - 0 - 0 - 0;0: 8
2020;2;1;6;5;0;1;UBOS;?;08h15;Houilles - Carrières-sur-Seine;uic_87386409;?;?;normal;8;0;180;120;2;1 - 2 - 1 - 2 - 3 - 2 - 2 - 3;1: 2 - 2: 4 - 3: 2
2020;2;1;6;5;0;1;UBOS;?;08h35;Houilles - Carrières-sur-Seine;uic_87386409;?;?;normal;8;0;60;7;0;0 - 1 - 0 - 0 - 0 - 0 - 0 - 0;0: 7 - 1: 1
2020;2;1;6;5;0;1;UBOS;?;08h55;Houilles - Carrières-sur-Seine;uic_87386409;?;?;normal;8;0;120;52;1;0 - 1 - 0 - 1 - 1 - 1 - 1 - 2;0: 2 - 1: 5 - 2: 1
2020;2;1;6;5;0;1;UBOS;?;09h15;Houilles - Carrières-sur-Seine;uic_87386409;?;?;normal;8;0;60;30;30;0 - 0 - 0 - 0 - 1 - 1 - 1 - 1;0: 4 - 1: 4
2020;2;1;6;5;0;1;UPAC;?;09h35;Houilles - Carrières-sur-Seine;uic_87386409;?;?;normal;8;0;60;45;1;0 - 0 - 1 - 1 - 1 - 1 - 1 - 1;0: 2 - 1: 6
2020;2;1;6;5;0;1;UPAC;?;09h55;Houilles - Carrières-sur-Seine;uic_87386409;?;?;normal;8;0;120;97;2;0 - 1 - 2 - 2 - 2 - 2 - 2 - 2;0: 1 - 1: 1 - 2: 6
2020;2;1;6;5;0;1;UPAC;?;10h15;Houilles - Carrières-sur-Seine;uic_87386409;?;?;normal;8;0;60;7;0;0 - 0 - 0 - 0 - 0 - 0 - 0 - 1;0: 7 - 1: 1
2020;2;1;6;5;0;1;UPAC;?;10h35;Houilles - Carrières-sur-Seine;uic_87386409;?;?;normal;8;0;0;0;0;0 - 0 - 0 - 0 - 0 - 0 - 0 - 0;0: 8
2020;2;1;6;5;0;1;UPAC;?;10h55;Houilles - Carrières-sur-Seine;uic_87386409;?;?;normal;8;0;120;105;2;0 - 2 - 2 - 2 - 2 - 2 - 2 - 2;0: 1 - 2: 7
2020;2;1;6;5;0;1;UPAC;?;11h15;Houilles - Carrières-sur-Seine;uic_87386409;?;?;normal;8;0;60;7;0;0 - 0 - 0 - 0 - 0 - 1 - 0 - 0;0: 7 - 1: 1
2020;2;1;6;5;0;1;UPAC;?;11h35;Houilles - Carrières-sur-Seine;uic_87386409;?;?;normal;8;0;180;67;1;0 - 1 - 0 - 0 - 1 - 2 - 2 - 3;0: 3 - 1: 2 - 2: 2 - 3: 1
2020;2;1;6;5;0;1;UPAC;?;11h55;Houilles - Carrières-sur-Seine;uic_87386409;?;?;normal;8;0;120;52;1;0 - 1 - 0 - 1 - 1 - 2 - 1 - 1;0: 2 - 1: 5 - 2: 1
2020;2;1;6;5;0;1;UPAC;?;12h15;Houilles - Carrières-sur-Seine;uic_87386409;?;?;normal;8;0;0;0;0;0 - 0 - 0 - 0 - 0 - 0 - 0 - 0;0: 8
2020;2;1;6;5;0;1;UPAC;?;12h35;Houilles - Carrières-sur-Seine;uic_87386409;?;?;normal;8;0;60;22;0;0 - 0 - 0 - 0 - 1 - 1 - 1 - 0;0: 5 - 1: 3
2020;2;1;6;5;0;1;UPIR;?;00h14;Houilles - Carrières-sur-Seine;uic_87386409;?;?;normal;8;0;120;82;1;2 - 2 - 1 - 1 - 2 - 1 - 1 - 1;1: 5 - 2: 3
2020;2;1;6;5;0;1;UPIR;?;00h44;Houilles - Carrières-sur-Seine;uic_87386409;?;?;normal;8;0;180;127;2;1 - 2 - 1 - 2 - 3 - 2 - 3 - 3;1: 2 - 2: 3 - 3: 3
2020;2;1;6;5;0;1;UPIR;?;01h13;Houilles - Carrières-sur-Seine;uic_87386409;?;?;normal;8;0;60;15;0;0 - 0 - 0 - 0 - 0 - 0 - 1 - 1;0: 6 - 1: 2
2020;2;1;6;5;0;1;UPIR;?;21h14;Houilles - Carrières-sur-Seine;uic_87386409;?;?;normal;8;0;60;7;0;0 - 0 - 0 - 0 - 0 - 0 - 1 - 0;0: 7 - 1: 1
2020;2;1;6;5;0;1;UPIR;?;21h44;Houilles - Carrières-sur-Seine;uic_87386409;?;?;normal;8;0;120;82;2;0 - 1 - 0 - 2 - 2 - 2 - 2 - 2;0: 2 - 1: 1 - 2: 5
2020;2;1;6;5;0;1;UPIR;?;22h14;Houilles - Carrières-sur-Seine;uic_87386409;?;?;normal;8;0;60;22;0;0 - 1 - 0 - 1 - 1 - 0 - 0 - 0;0: 5 - 1: 3
2020;2;1;6;5;0;1;UPIR;?;22h44;Houilles - Carrières-sur-Seine;uic_87386409;?;?;normal;8;0;180;142;150;2 - 3 - 1 - 2 - 3 - 2 - 3 - 3;1: 1 - 2: 3 - 3: 4
2020;2;1;6;5;0;1;UPIR;?;23h14;Houilles - Carrières-sur-Seine;uic_87386409;?;?;normal;8;0;240;180;3;3 - 3 - 2 - 3 - 3 - 3 - 4 - 3;2: 1 - 3: 6 - 4: 1
2020;2;1;6;5;0;1;UPIR;?;23h44;Houilles - Carrières-sur-Seine;uic_87386409;?;?;normal;8;0;120;75;1;1 - 1 - 0 - 1 - 2 - 1 - 2 - 2;0: 1 - 1: 4 - 2: 3
2020;2;1;6;5;0;1;UPUS;?;12h55;Houilles - Carrières-sur-Seine;uic_87386409;?;?;normal;8;0;60;30;30;0 - 0 - 0 - 0 - 1 - 1 - 1 - 1;0: 4 - 1: 4
2020;2;1;6;5;0;1;UPUS;?;13h15;Houilles - Carrières-sur-Seine;uic_87386409;?;?;normal;8;0;60;15;0;0 - 0 - 0 - 0 - 0 - 1 - 1 - 0;0: 6 - 1: 2
2020;2;1;6;5;0;1;UPUS;?;13h35;Houilles - Carrières-sur-Seine;uic_87386409;?;?;normal;8;0;60;37;1;0 - 1 - 0 - 0 - 1 - 1 - 1 - 1;0: 3 - 1: 5
2020;2;1;6;5;0;1;UPUS;?;13h55;Houilles - Carrières-sur-Seine;uic_87386409;?;?;normal;8;0;120;37;30;0 - 0 - 0 - 0 - 1 - 2 - 1 - 1;0: 4 - 1: 3 - 2: 1
2020;2;1;6;5;0;1;UPUS;?;14h15;Houilles - Carrières-sur-Seine;uic_87386409;?;?;normal;8;0;60;15;0;0 - 1 - 0 - 0 - 0 - 1 - 0 - 0;0: 6 - 1: 2
2020;2;1;6;5;0;1;UPUS;?;14h35;Houilles - Carrières-sur-Seine;uic_87386409;?;?;normal;8;0;60;15;0;0 - 0 - 0 - 0 - 0 - 1 - 1 - 0;0: 6 - 1: 2
2020;2;1;6;5;0;1;UPUS;?;14h55;Houilles - Carrières-sur-Seine;uic_87386409;?;?;annule;8;8;0;0;0;;
2020;2;1;6;5;0;1;UPUS;?;15h15;Houilles - Carrières-sur-Seine;uic_87386409;?;?;normal;8;0;0;0;0;0 - 0 - 0 - 0 - 0 - 0 - 0 - 0;0: 8
2020;2;1;6;5;0;1;UPUS;?;15h35;Houilles - Carrières-sur-Seine;uic_87386409;?;?;normal;8;0;240;165;3;0 - 1 - 3 - 3 - 3 - 4 - 4 - 4;0: 1 - 1: 1 - 3: 3 - 4: 3
2020;2;1;6;5;0;1;UPUS;?;15h55;Houilles - Carrières-sur-Seine;uic_87386409;?;?;normal;8;0;60;7;0;0 - 0 - 0 - 0 - 0 - 1 - 0 - 0;0: 7 - 1: 1
2020;2;1;6;5;0;1;UPUS;?;16h15;Houilles - Carrières-sur-Seine;uic_87386409;?;?;normal;8;0;0;0;0;0 - 0 - 0 - 0 - 0 - 0 - 0 - 0;0: 8
2020;2;1;6;5;0;1;UPUS;?;16h35;Houilles - Carrières-sur-Seine;uic_87386409;?;?;normal;8;0;0;0;0;0 - 0 - 0 - 0 - 0 - 0 - 0 - 0;0: 8
2020;2;1;6;5;0;1;UPUS;?;16h55;Houilles - Carrières-sur-Seine;uic_87386409;?;?;normal;8;0;60;22;0;0 - 0 - 0 - 0 - 0 - 1 - 1 - 1;0: 5 - 1: 3
2020;2;1;6;5;0;1;UPUS;?;17h15;Houilles - Carrières-sur-Seine;uic_87386409;?;?;normal;8;0;60;52;1;0 - 1 - 1 - 1 - 1 - 1 - 1 - 1;0: 1 - 1: 7
2020;2;1;6;5;0;1;UPUS;?;17h35;Houilles - Carrières-sur-Seine;uic_87386409;?;?;normal;8;0;60;22;0;0 - 0 - 0 - 0 - 0 - 1 - 1 - 1;0: 5 - 1: 3
2020;2;1;6;5;0;1;UPUS;?;17h55;Houilles - Carrières-sur-Seine;uic_87386409;?;?;normal;8;0;0;0;0;0 - 0 - 0 - 0 - 0 - 0 - 0 - 0;0: 8
2020;2;1;6;5;0;1;UPUS;?;18h15;Houilles - Carrières-sur-Seine;uic_87386409;?;?;normal;8;0;60;7;0;0 - 0 - 0 - 0 - 0 - 0 - 0 - 1;0: 7 - 1: 1
2020;2;1;6;5;0;1;UPUS;?;18h35;Houilles - Carrières-sur-Seine;uic_87386409;?;?;normal;8;0;60;30;30;0 - 0 - 0 - 0 - 1 - 1 - 1 - 1;0: 4 - 1: 4
2020;2;1;6;5;0;1;UPUS;?;18h55;Houilles - Carrières-sur-Seine;uic_87386409;?;?;normal;8;0;60;22;0;0 - 0 - 0 - 0 - 0 - 1 - 1 - 1;0: 5 - 1: 3
2020;2;1;6;5;0;1;UPUS;?;19h15;Houilles - Carrières-sur-Seine;uic_87386409;?;?;normal;8;0;420;285;330;1 - 2 - 5 - 5 - 6 - 6 - 7 - 6;1: 1 - 2: 1 - 5: 2 - 6: 3 - 7: 1
2020;2;1;6;5;0;1;UPUS;?;19h35;Houilles - Carrières-sur-Seine;uic_87386409;?;?;normal;8;0;120;97;2;1 - 2 - 1 - 1 - 2 - 2 - 2 - 2;1: 3 - 2: 5
2020;2;1;6;5;0;1;UPUS;?;19h55;Houilles - Carrières-sur-Seine;uic_87386409;?;?;normal;8;0;660;480;630;0 - 1 - 9 - 10 - 11 - 11 - 11 - 11;0: 1 - 1: 1 - 9: 1 - 10: 1 - 11: 4
2020;2;1;6;5;0;1;UPUS;?;20h16;Houilles - Carrières-sur-Seine;uic_87386409;?;?;normal;8;0;0;0;0;0 - 0 - 0 - 0 - 0 - 0 - 0 - 0;0: 8
2020;2;1;6;5;0;1;UPUS;?;20h44;Houilles - Carrières-sur-Seine;uic_87386409;?;?;normal;8;0;300;210;210;2 - 3 - 2 - 3 - 4 - 4 - 5 - 5;2: 2 - 3: 2 - 4: 2 - 5: 2
2020;2;2;7;5;0;1;OKRE;?;19h07;Poissy;uic_87386573;?;?;normal;5;0;120;107;120;2 - 2 - 2 - 2 - 1;1: 1 - 2: 4
2020;2;2;7;5;0;1;OKRE;?;19h27;Poissy;uic_87386573;?;?;normal;5;0;180;120;120;2 - 3 - 2 - 2 - 1;1: 1 - 2: 3 - 3: 1
2020;2;2;7;5;0;1;OPEN;?;19h34;Cergy le Haut;uic_87382655;?;?;normal;9;0;240;180;180;2 - 2 - 2 - 2 - 3 - 4 - 4 - 4 - 4;2: 4 - 3: 1 - 4: 4
2020;2;2;7;5;0;1;OPPE;?;04h41;Cergy le Haut;uic_87382655;?;?;normal;9;0;60;13;0;0 - 0 - 0 - 0 - 0 - 1 - 1 - 0 - 0;0: 7 - 1: 2
2020;2;2;7;5;0;1;OPPE;?;05h11;Cergy le Haut;uic_87382655;?;?;normal;9;0;60;33;60;1 - 1 - 0 - 0 - 1 - 1 - 1 - 0 - 0;0: 4 - 1: 5
2020;2;2;7;5;0;1;OPPE;?;05h41;Cergy le Haut;uic_87382655;?;?;normal;9;0;60;6;0;0 - 0 - 0 - 0 - 0 - 1 - 0 - 0 - 0;0: 8 - 1: 1
2020;2;2;7;5;0;1;OPPE;?;06h11;Cergy le Haut;uic_87382655;?;?;normal;9;0;180;113;120;2 - 2 - 2 - 2 - 2 - 3 - 2 - 1 - 1;1: 2 - 2: 6 - 3: 1
2020;2;2;7;5;0;1;OPUS;?;00h05;Cergy le Haut;uic_87382655;?;?;normal;9;0;60;6;0;0 - 0 - 0 - 0 - 0 - 1 - 0 - 0 - 0;0: 8 - 1: 1
2020;2;2;7;5;0;1;OPUS;?;20h04;Cergy le Haut;uic_87382655;?;?;normal;9;0;180;106;120;1 - 1 - 1 - 1 - 2 - 3 - 3 - 2 - 2;1: 4 - 2: 3 - 3: 2
2020;2;2;7;5;0;1;OPUS;?;20h34;Cergy le Haut;uic_87382655;?;?;normal;9;0;780;720;720;13 - 12 - 12 - 12 - 12 - 13 - 12 - 11 - 11;11: 2 - 12: 5 - 13: 2
2020;2;2;7;5;0;1;OPUS;?;21h04;Cergy le Haut;uic_87382655;?;?;normal;9;0;180;99;120;1 - 1 - 1 - 1 - 2 - 3 - 2 - 2 - 2;1: 4 - 2: 4 - 3: 1
2020;2;2;7;5;0;1;OPUS;?;21h34;Cergy le Haut;uic_87382655;?;?;normal;9;0;120;33;0;0 - 0 - 0 - 0 - 1 - 1 - 1 - 0 - 2;0: 5 - 1: 3 - 2: 1
2020;2;2;7;5;0;1;OPUS;?;22h04;Cergy le Haut;uic_87382655;?;?;normal;9;0;180;53;60;0 - 0 - 0 - 0 - 1 - 3 - 2 - 1 - 1;0: 4 - 1: 3 - 2: 1 - 3: 1
2020;2;2;7;5;0;1;OPUS;?;22h34;Cergy le Haut;uic_87382655;?;?;normal;9;0;60;13;0;0 - 0 - 0 - 0 - 0 - 1 - 1 - 0 - 0;0: 7 - 1: 2
2020;2;2;7;5;0;1;OPUS;?;23h04;Cergy le Haut;uic_87382655;?;?;normal;9;0;180;86;120;0 - 0 - 0 - 1 - 2 - 3 - 3 - 2 - 2;0: 3 - 1: 1 - 2: 3 - 3: 2
2020;2;2;7;5;0;1;OPUS;?;23h34;Cergy le Haut;uic_87382655;?;?;normal;9;0;0;0;0;0 - 0 - 0 - 0 - 0 - 0 - 0 - 0 - 0;0: 9
2020;2;2;7;5;0;1;QUDO;?;12h07;Poissy;uic_87386573;?;?;normal;5;0;0;0;0;0 - 0 - 0 - 0 - 0;0: 5
2020;2;2;7;5;0;1;QUDO;?;12h27;Poissy;uic_87386573;?;?;normal;5;0;0;0;0;0 - 0 - 0 - 0 - 0;0: 5
2020;2;2;7;5;0;1;QUDO;?;12h47;Poissy;uic_87386573;?;?;annule;5;5;0;0;0;;
2020;2;2;7;5;0;1;QUDO;?;13h07;Poissy;uic_87386573;?;?;normal;5;0;60;24;0;0 - 0 - 1 - 1 - 0;0: 3 - 1: 2
2020;2;2;7;5;0;1;QUDO;?;13h27;Poissy;uic_87386573;?;?;annule;5;5;0;0;0;;
2020;2;2;7;5;0;1;QUDO;?;13h47;Poissy;uic_87386573;?;?;normal;5;0;180;83;60;0 - 0 - 1 - 3 - 3;0: 2 - 1: 1 - 3: 2
2020;2;2;7;5;0;1;QUDO;?;14h07;Poissy;uic_87386573;?;?;normal;5;0;0;0;0;0 - 0 - 0 - 0 - 0;0: 5
2020;2;2;7;5;0;1;QUDO;?;14h27;Poissy;uic_87386573;?;?;normal;5;0;0;0;0;0 - 0 - 0 - 0 - 0;0: 5
2020;2;2;7;5;0;1;QUDO;?;14h47;Poissy;uic_87386573;?;?;normal;5;0;60;12;0;0 - 1 - 0 - 0 - 0;0: 4 - 1: 1
2020;2;2;7;5;0;1;QUDO;?;15h07;Poissy;uic_87386573;?;?;normal;5;0;0;0;0;0 - 0 - 0 - 0 - 0;0: 5
2020;2;2;7;5;0;1;QUDO;?;15h27;Poissy;uic_87386573;?;?;normal;5;0;0;0;0;0 - 0 - 0 - 0 - 0;0: 5
2020;2;2;7;5;0;1;QUDO;?;15h47;Poissy;uic_87386573;?;?;normal;5;0;0;0;0;0 - 0 - 0 - 0 - 0;0: 5
2020;2;2;7;5;0;1;QUDO;?;16h07;Poissy;uic_87386573;?;?;normal;5;0;300;264;240;5 - 5 - 4 - 4 - 4;4: 3 - 5: 2
2020;2;2;7;5;0;1;QUDO;?;16h27;Poissy;uic_87386573;?;?;normal;5;0;0;0;0;0 - 0 - 0 - 0 - 0;0: 5
2020;2;2;7;5;0;1;QUDO;?;16h47;Poissy;uic_87386573;?;?;normal;5;0;0;0;0;0 - 0 - 0 - 0 - 0;0: 5
2020;2;2;7;5;0;1;QUDO;?;17h07;Poissy;uic_87386573;?;?;normal;5;0;0;0;0;0 - 0 - 0 - 0 - 0;0: 5
2020;2;2;7;5;0;1;QUDO;?;17h27;Poissy;uic_87386573;?;?;normal;5;0;60;48;60;1 - 1 - 1 - 1 - 0;0: 1 - 1: 4
2020;2;2;7;5;0;1;QUDO;?;17h47;Poissy;uic_87386573;?;?;normal;5;0;60;12;0;0 - 0 - 0 - 1 - 0;0: 4 - 1: 1
2020;2;2;7;5;0;1;QUDO;?;18h07;Poissy;uic_87386573;?;?;normal;5;0;180;155;180;1 - 3 - 3 - 3 - 3;1: 1 - 3: 4
2020;2;2;7;5;0;1;QUDO;?;18h27;Poissy;uic_87386573;?;?;normal;5;0;60;60;60;1 - 1 - 1 - 1 - 1;1: 5
2020;2;2;7;5;0;1;QUDO;?;18h47;Poissy;uic_87386573;?;?;normal;5;0;0;0;0;0 - 0 - 0 - 0 - 0;0: 5
2020;2;2;7;5;0;1;QUDO;?;20h02;Poissy;uic_87386573;?;?;normal;5;0;540;324;300;1 - 4 - 5 - 9 - 8;1: 1 - 4: 1 - 5: 1 - 8: 1 - 9: 1
2020;2;2;7;5;0;1;QURE;?;00h04;Poissy;uic_87386573;?;?;normal;5;0;60;12;0;0 - 1 - 0 - 0 - 0;0: 4 - 1: 1
2020;2;2;7;5;0;1;QURE;?;20h32;Poissy;uic_87386573;?;?;normal;5;0;0;0;0;0 - 0 - 0 - 0 - 0;0: 5
2020;2;2;7;5;0;1;QURE;?;21h02;Poissy;uic_87386573;?;?;annule;5;5;0;0;0;;
2020;2;2;7;5;0;1;QURE;?;21h32;Poissy;uic_87386573;?;?;normal;5;0;60;36;60;0 - 1 - 1 - 1 - 0;0: 2 - 1: 3
2020;2;2;7;5;0;1;QURE;?;22h02;Poissy;uic_87386573;?;?;normal;5;0;60;12;0;0 - 1 - 0 - 0 - 0;0: 4 - 1: 1
2020;2;2;7;5;0;1;QURE;?;22h32;Poissy;uic_87386573;?;?;annule;5;5;0;0;0;;
2020;2;2;7;5;0;1;QURE;?;23h02;Poissy;uic_87386573;?;?;normal;5;0;0;0;0;0 - 0 - 0 - 0 - 0;0: 5
2020;2;2;7;5;0;1;QURE;?;23h32;Poissy;uic_87386573;?;?;annule;5;5;0;0;0;;
2020;2;2;7;5;0;1;QURI;?;05h09;Poissy;uic_87386573;?;?;normal;5;0;0;0;0;0 - 0 - 0 - 0 - 0;0: 5
2020;2;2;7;5;0;1;QURI;?;05h39;Poissy;uic_87386573;?;?;normal;5;0;120;72;60;1 - 2 - 1 - 1 - 1;1: 4 - 2: 1
2020;2;2;7;5;0;1;QURI;?;06h09;Poissy;uic_87386573;?;?;normal;5;0;0;0;0;0 - 0 - 0 - 0 - 0;0: 5
2020;2;2;7;5;0;1;QURI;?;06h39;Poissy;uic_87386573;?;?;normal;5;0;60;12;0;0 - 1 - 0 - 0 - 0;0: 4 - 1: 1
2020;2;2;7;5;0;1;QURI;?;07h09;Poissy;uic_87386573;?;?;normal;5;0;840;371;120;0 - 1 - 2 - 14 - 14;0: 1 - 1: 1 - 2: 1 - 14: 2
2020;2;2;7;5;0;1;QURI;?;07h37;Poissy;uic_87386573;?;?;normal;5;0;0;0;0;0 - 0 - 0 - 0 - 0;0: 5
2020;2;2;7;5;0;1;QURI;?;07h57;Poissy;uic_87386573;?;?;normal;5;0;60;12;0;1 - 0 - 0 - 0 - 0;0: 4 - 1: 1
2020;2;2;7;5;0;1;QURI;?;08h07;Poissy;uic_87386573;?;?;normal;5;0;0;0;0;0 - 0 - 0 - 0 - 0;0: 5
2020;2;2;7;5;0;1;QURI;?;08h27;Poissy;uic_87386573;?;?;normal;5;0;0;0;0;0 - 0 - 0 - 0 - 0;0: 5
2020;2;2;7;5;0;1;QURI;?;08h47;Poissy;uic_87386573;?;?;normal;5;0;360;275;360;0 - 6 - 6 - 6 - 5;0: 1 - 5: 1 - 6: 3
2020;2;2;7;5;0;1;QURI;?;09h07;Poissy;uic_87386573;?;?;normal;5;0;0;0;0;0 - 0 - 0 - 0 - 0;0: 5
2020;2;2;7;5;0;1;QURI;?;09h27;Poissy;uic_87386573;?;?;normal;5;0;0;0;0;0 - 0 - 0 - 0 - 0;0: 5
2020;2;2;7;5;0;1;QURI;?;09h47;Poissy;uic_87386573;?;?;normal;5;0;0;0;0;0 - 0 - 0 - 0 - 0;0: 5
2020;2;2;7;5;0;1;QURI;?;10h07;Poissy;uic_87386573;?;?;normal;5;0;60;12;0;0 - 1 - 0 - 0 - 0;0: 4 - 1: 1
2020;2;2;7;5;0;1;QURI;?;10h27;Poissy;uic_87386573;?;?;normal;5;0;0;0;0;0 - 0 - 0 - 0 - 0;0: 5
2020;2;2;7;5;0;1;QURI;?;10h47;Poissy;uic_87386573;?;?;normal;5;0;180;132;180;0 - 3 - 3 - 3 - 2;0: 1 - 2: 1 - 3: 3
2020;2;2;7;5;0;1;QURI;?;11h07;Poissy;uic_87386573;?;?;normal;5;0;480;311;360;0 - 6 - 5 - 8 - 7;0: 1 - 5: 1 - 6: 1 - 7: 1 - 8: 1
2020;2;2;7;5;0;1;QURI;?;11h27;Poissy;uic_87386573;?;?;normal;5;0;120;60;60;2 - 1 - 1 - 1 - 0;0: 1 - 1: 3 - 2: 1
2020;2;2;7;5;0;1;QURI;?;11h47;Poissy;uic_87386573;?;?;normal;5;0;540;288;420;0 - 0 - 7 - 9 - 8;0: 2 - 7: 1 - 8: 1 - 9: 1
2020;2;2;7;5;0;1;QYAN;?;12h04;Cergy le Haut;uic_87382655;?;?;normal;9;0;1140;1106;1080;18 - 18 - 18 - 18 - 19 - 19 - 19 - 19 - 18;18: 5 - 19: 4
2020;2;2;7;5;0;1;QYAN;?;12h24;Cergy le Haut;uic_87382655;?;?;annule;9;9;0;0;0;;
2020;2;2;7;5;0;1;QYAN;?;12h44;Cergy le Haut;uic_87382655;?;?;normal;9;0;540;380;420;4 - 4 - 4 - 4 - 9 - 9 - 8 - 8 - 7;4: 4 - 7: 1 - 8: 2 - 9: 2
2020;2;2;7;5;0;1;QYAN;?;13h04;Cergy le Haut;uic_87382655;?;?;normal;9;0;660;526;540;3 - 10 - 9 - 8 - 9 - 11 - 10 - 10 - 9;3: 1 - 8: 1 - 9: 3 - 10: 3 - 11: 1
2020;2;2;7;5;0;1;QYAN;?;13h24;Cergy le Haut;uic_87382655;?;?;normal;9;0;960;646;660;2 - 6 - 11 - 11 - 11 - 12 - 12 - 16 - 16;2: 1 - 6: 1 - 11: 3 - 12: 2 - 16: 2
2020;2;2;7;5;0;1;QYAN;?;13h44;Cergy le Haut;uic_87382655;?;?;normal;9;0;1020;900;900;14 - 14 - 14 - 14 - 15 - 17 - 16 - 16 - 15;14: 4 - 15: 2 - 16: 2 - 17: 1
2020;2;2;7;5;0;1;QYAN;?;14h04;Cergy le Haut;uic_87382655;?;?;annule;9;9;0;0;0;;
2020;2;2;7;5;0;1;QYAN;?;14h24;Cergy le Haut;uic_87382655;?;?;normal;9;0;240;173;180;0 - 3 - 3 - 3 - 3 - 4 - 3 - 4 - 3;0: 1 - 3: 6 - 4: 2
2020;2;2;7;5;0;1;QYAN;?;14h44;Cergy le Haut;uic_87382655;?;?;normal;9;0;0;0;0;0 - 0 - 0 - 0 - 0 - 0 - 0 - 0 - 0;0: 9
2020;2;2;7;5;0;1;QYAN;?;15h04;Cergy le Haut;uic_87382655;?;?;normal;9;0;60;20;0;0 - 0 - 0 - 0 - 1 - 1 - 0 - 1 - 0;0: 6 - 1: 3
2020;2;2;7;5;0;1;QYAN;?;15h24;Cergy le Haut;uic_87382655;?;?;normal;9;0;180;93;120;1 - 1 - 0 - 0 - 2 - 2 - 2 - 3 - 3;0: 2 - 1: 2 - 2: 3 - 3: 2
2020;2;2;7;5;0;1;QYAN;?;15h44;Cergy le Haut;uic_87382655;?;?;normal;9;0;60;13;0;0 - 0 - 0 - 0 - 0 - 1 - 0 - 1 - 0;0: 7 - 1: 2
2020;2;2;7;5;0;1;QYAN;?;16h04;Cergy le Haut;uic_87382655;?;?;normal;9;0;0;0;0;0 - 0 - 0 - 0 - 0 - 0 - 0 - 0 - 0;0: 9
2020;2;2;7;5;0;1;QYAN;?;16h24;Cergy le Haut;uic_87382655;?;?;normal;9;0;780;753;780;13 - 12 - 12 - 12 - 13 - 13 - 13 - 13 - 12;12: 4 - 13: 5
2020;2;2;7;5;0;1;QYAN;?;16h44;Cergy le Haut;uic_87382655;?;?;normal;9;0;120;53;60;1 - 1 - 1 - 0 - 1 - 2 - 1 - 1 - 0;0: 2 - 1: 6 - 2: 1
2020;2;2;7;5;0;1;QYAN;?;17h04;Cergy le Haut;uic_87382655;?;?;normal;9;0;120;53;60;1 - 0 - 0 - 0 - 1 - 2 - 1 - 2 - 1;0: 3 - 1: 4 - 2: 2
2020;2;2;7;5;0;1;QYAN;?;17h24;Cergy le Haut;uic_87382655;?;?;normal;9;0;0;0;0;0 - 0 - 0 - 0 - 0 - 0 - 0 - 0 - 0;0: 9
2020;2;2;7;5;0;1;QYAN;?;17h44;Cergy le Haut;uic_87382655;?;?;normal;9;0;60;6;0;1 - 0 - 0 - 0 - 0 - 0 - 0 - 0 - 0;0: 8 - 1: 1
2020;2;2;7;5;0;1;QYAN;?;18h04;Cergy le Haut;uic_87382655;?;?;normal;9;0;240;93;0;0 - 0 - 0 - 0 - 0 - 4 - 3 - 4 - 3;0: 5 - 3: 2 - 4: 2
2020;2;2;7;5;0;1;QYAN;?;18h24;Cergy le Haut;uic_87382655;?;?;normal;9;0;120;26;0;0 - 0 - 0 - 0 - 0 - 2 - 1 - 1 - 0;0: 6 - 1: 2 - 2: 1
2020;2;2;7;5;0;1;QYAN;?;18h44;Cergy le Haut;uic_87382655;?;?;normal;9;0;900;506;660;2 - 1 - 1 - 1 - 11 - 15 - 15 - 15 - 15;1: 3 - 2: 1 - 11: 1 - 15: 4
2020;2;2;7;5;0;1;QYAN;?;19h04;Cergy le Haut;uic_87382655;?;?;normal;9;0;540;459;480;6 - 6 - 8 - 8 - 9 - 9 - 8 - 8 - 7;6: 2 - 7: 1 - 8: 4 - 9: 2
2020;2;2;7;5;0;1;QYAN;?;19h24;Cergy le Haut;uic_87382655;?;?;normal;9;0;0;0;0;0 - 0 - 0 - 0 - 0 - 0 - 0 - 0 - 0;0: 9
2020;2;2;7;5;0;1;QYRO;?;06h41;Cergy le Haut;uic_87382655;?;?;normal;9;0;180;60;60;0 - 0 - 0 - 0 - 1 - 3 - 2 - 1 - 2;0: 4 - 1: 2 - 2: 2 - 3: 1
2020;2;2;7;5;0;1;QYRO;?;07h11;Cergy le Haut;uic_87382655;?;?;normal;9;0;120;33;0;0 - 0 - 0 - 0 - 0 - 0 - 1 - 2 - 2;0: 6 - 1: 1 - 2: 2
2020;2;2;7;5;0;1;QYRO;?;07h34;Cergy le Haut;uic_87382655;?;?;normal;9;0;0;0;0;0 - 0 - 0 - 0 - 0 - 0 - 0 - 0 - 0;0: 9
2020;2;2;7;5;0;1;QYRO;?;08h04;Cergy le Haut;uic_87382655;?;?;normal;9;0;60;6;0;0 - 0 - 0 - 0 - 0 - 1 - 0 - 0 - 0;0: 8 - 1: 1
2020;2;2;7;5;0;1;QYRO;?;08h24;Cergy le Haut;uic_87382655;?;?;normal;9;0;0;0;0;0 - 0 - 0 - 0 - 0 - 0 - 0 - 0 - 0;0: 9
2020;2;2;7;5;0;1;QYRO;?;08h44;Cergy le Haut;uic_87382655;?;?;normal;9;0;240;93;0;0 - 0 - 0 - 0 - 0 - 4 - 3 - 4 - 3;0: 5 - 3: 2 - 4: 2
2020;2;2;7;5;0;1;QYRO;?;09h04;Cergy le Haut;uic_87382655;?;?;normal;9;0;120;46;60;0 - 0 - 0 - 0 - 1 - 2 - 1 - 2 - 1;0: 4 - 1: 3 - 2: 2
2020;2;2;7;5;0;1;QYRO;?;09h24;Cergy le Haut;uic_87382655;?;?;normal;9;0;60;6;0;0 - 0 - 0 - 0 - 0 - 0 - 0 - 1 - 0;0: 8 - 1: 1
2020;2;2;7;5;0;1;QYRO;?;09h44;Cergy le Haut;uic_87382655;?;?;normal;9;0;180;146;180;3 - 3 - 3 - 2 - 3 - 3 - 2 - 2 - 1;1: 1 - 2: 3 - 3: 5
2020;2;2;7;5;0;1;QYRO;?;10h04;Cergy le Haut;uic_87382655;?;?;normal;9;0;60;6;0;0 - 0 - 0 - 0 - 0 - 1 - 0 - 0 - 0;0: 8 - 1: 1
2020;2;2;7;5;0;1;QYRO;?;10h24;Cergy le Haut;uic_87382655;?;?;normal;9;0;360;300;300;4 - 5 - 5 - 5 - 5 - 6 - 5 - 5 - 5;4: 1 - 5: 7 - 6: 1
2020;2;2;7;5;0;1;QYRO;?;10h44;Cergy le Haut;uic_87382655;?;?;normal;9;0;0;0;0;0 - 0 - 0 - 0 - 0 - 0 - 0 - 0 - 0;0: 9
2020;2;2;7;5;0;1;QYRO;?;11h04;Cergy le Haut;uic_87382655;?;?;normal;9;0;300;180;120;2 - 2 - 1 - 1 - 2 - 5 - 5 - 5 - 4;1: 2 - 2: 3 - 4: 1 - 5: 3
2020;2;2;7;5;0;1;QYRO;?;11h24;Cergy le Haut;uic_87382655;?;?;normal;9;0;720;373;300;5 - 5 - 4 - 4 - 5 - 5 - 5 - 12 - 11;4: 2 - 5: 5 - 11: 1 - 12: 1
2020;2;2;7;5;0;1;QYRO;?;11h44;Cergy le Haut;uic_87382655;?;?;normal;9;0;180;93;60;2 - 1 - 1 - 1 - 1 - 3 - 2 - 2 - 1;1: 5 - 2: 3 - 3: 1
2020;2;2;7;5;0;1;TEDI;?;06h12;Houilles - Carrières-sur-Seine;uic_87386409;?;?;normal;4;0;60;45;1;1 - 1 - 1 - 0;0: 1 - 1: 3
2020;2;2;7;5;0;1;TEDI;?;06h42;Houilles - Carrières-sur-Seine;uic_87386409;?;?;normal;4;0;60;30;30;0 - 1 - 1 - 0;0: 2 - 1: 2
2020;2;2;7;5;0;1;TEDI;?;07h12;Houilles - Carrières-sur-Seine;uic_87386409;?;?;normal;4;0;60;15;0;0 - 0 - 1 - 0;0: 3 - 1: 1
2020;2;2;7;5;0;1;TEDI;?;07h41;Houilles - Carrières-sur-Seine;uic_87386409;?;?;normal;4;0;60;15;0;0 - 0 - 1 - 0;0: 3 - 1: 1
2020;2;2;7;5;0;1;TEDI;?;08h05;Houilles - Carrières-sur-Seine;uic_87386409;?;?;normal;4;0;0;0;0;0 - 0 - 0 - 0;0: 4
2020;2;2;7;5;0;1;TEDI;?;08h25;Houilles - Carrières-sur-Seine;uic_87386409;?;?;normal;4;0;0;0;0;0 - 0 - 0 - 0;0: 4
2020;2;2;7;5;0;1;TEDI;?;08h45;Houilles - Carrières-sur-Seine;uic_87386409;?;?;normal;4;0;0;0;0;0 - 0 - 0 - 0;0: 4
2020;2;2;7;5;0;1;TEDI;?;09h05;Houilles - Carrières-sur-Seine;uic_87386409;?;?;normal;4;0;120;60;1;1 - 2 - 1 - 0;0: 1 - 1: 2 - 2: 1
2020;2;2;7;5;0;1;TEDI;?;09h25;Houilles - Carrières-sur-Seine;uic_87386409;?;?;normal;4;0;60;15;0;0 - 1 - 0 - 0;0: 3 - 1: 1
2020;2;2;7;5;0;1;TEDI;?;09h45;Houilles - Carrières-sur-Seine;uic_87386409;?;?;normal;4;0;0;0;0;0 - 0 - 0 - 0;0: 4
2020;2;2;7;5;0;1;TEDI;?;10h05;Houilles - Carrières-sur-Seine;uic_87386409;?;?;normal;4;0;0;0;0;0 - 0 - 0 - 0;0: 4
2020;2;2;7;5;0;1;TEDI;?;10h25;Houilles - Carrières-sur-Seine;uic_87386409;?;?;normal;4;0;0;0;0;0 - 0 - 0 - 0;0: 4
2020;2;2;7;5;0;1;TEDI;?;10h45;Houilles - Carrières-sur-Seine;uic_87386409;?;?;normal;4;0;0;0;0;0 - 0 - 0 - 0;0: 4
2020;2;2;7;5;0;1;TEDI;?;11h05;Houilles - Carrières-sur-Seine;uic_87386409;?;?;normal;4;0;60;45;1;0 - 1 - 1 - 1;0: 1 - 1: 3
2020;2;2;7;5;0;1;TEDI;?;11h25;Houilles - Carrières-sur-Seine;uic_87386409;?;?;normal;4;0;120;60;1;1 - 2 - 1 - 0;0: 1 - 1: 2 - 2: 1
2020;2;2;7;5;0;1;TEDI;?;11h45;Houilles - Carrières-sur-Seine;uic_87386409;?;?;normal;4;0;0;0;0;0 - 0 - 0 - 0;0: 4
2020;2;2;7;5;0;1;TEDI;?;12h05;Houilles - Carrières-sur-Seine;uic_87386409;?;?;normal;4;0;120;60;1;1 - 2 - 1 - 0;0: 1 - 1: 2 - 2: 1
2020;2;2;7;5;0;1;TEDI;?;12h25;Houilles - Carrières-sur-Seine;uic_87386409;?;?;annule;4;4;0;0;0;;
2020;2;2;7;5;0;1;TERI;?;12h45;Houilles - Carrières-sur-Seine;uic_87386409;?;?;normal;4;0;120;60;1;1 - 2 - 1 - 0;0: 1 - 1: 2 - 2: 1
2020;2;2;7;5;0;1;TERI;?;13h05;Houilles - Carrières-sur-Seine;uic_87386409;?;?;annule;4;4;0;0;0;;
2020;2;2;7;5;0;1;TERI;?;13h25;Houilles - Carrières-sur-Seine;uic_87386409;?;?;normal;4;0;120;75;90;1 - 2 - 2 - 0;0: 1 - 1: 1 - 2: 2
2020;2;2;7;5;0;1;TERI;?;13h45;Houilles - Carrières-sur-Seine;uic_87386409;?;?;normal;4;0;0;0;0;0 - 0 - 0 - 0;0: 4
2020;2;2;7;5;0;1;TERI;?;14h05;Houilles - Carrières-sur-Seine;uic_87386409;?;?;normal;4;0;60;30;30;0 - 1 - 1 - 0;0: 2 - 1: 2
2020;2;2;7;5;0;1;TERI;?;14h25;Houilles - Carrières-sur-Seine;uic_87386409;?;?;normal;4;0;60;30;30;0 - 1 - 1 - 0;0: 2 - 1: 2
2020;2;2;7;5;0;1;TERI;?;14h45;Houilles - Carrières-sur-Seine;uic_87386409;?;?;normal;4;0;0;0;0;0 - 0 - 0 - 0;0: 4
2020;2;2;7;5;0;1;TERI;?;15h05;Houilles - Carrières-sur-Seine;uic_87386409;?;?;normal;4;0;0;0;0;0 - 0 - 0 - 0;0: 4
2020;2;2;7;5;0;1;TERI;?;15h25;Houilles - Carrières-sur-Seine;uic_87386409;?;?;normal;4;0;60;15;0;0 - 1 - 0 - 0;0: 3 - 1: 1
2020;2;2;7;5;0;1;TERI;?;15h45;Houilles - Carrières-sur-Seine;uic_87386409;?;?;normal;4;0;180;105;2;1 - 3 - 3 - 0;0: 1 - 1: 1 - 3: 2
2020;2;2;7;5;0;1;TERI;?;16h05;Houilles - Carrières-sur-Seine;uic_87386409;?;?;normal;4;0;60;30;30;0 - 1 - 1 - 0;0: 2 - 1: 2
2020;2;2;7;5;0;1;TERI;?;16h25;Houilles - Carrières-sur-Seine;uic_87386409;?;?;normal;4;0;60;15;0;0 - 1 - 0 - 0;0: 3 - 1: 1
2020;2;2;7;5;0;1;TERI;?;16h45;Houilles - Carrières-sur-Seine;uic_87386409;?;?;normal;4;0;60;30;30;0 - 1 - 1 - 0;0: 2 - 1: 2
2020;2;2;7;5;0;1;TERI;?;17h05;Houilles - Carrières-sur-Seine;uic_87386409;?;?;normal;4;0;180;135;150;2 - 3 - 3 - 1;1: 1 - 2: 1 - 3: 2
2020;2;2;7;5;0;1;TERI;?;17h25;Houilles - Carrières-sur-Seine;uic_87386409;?;?;normal;4;0;120;75;90;1 - 2 - 2 - 0;0: 1 - 1: 1 - 2: 2
2020;2;2;7;5;0;1;TERI;?;17h45;Houilles - Carrières-sur-Seine;uic_87386409;?;?;normal;4;0;0;0;0;0 - 0 - 0 - 0;0: 4
2020;2;2;7;5;0;1;TERI;?;18h05;Houilles - Carrières-sur-Seine;uic_87386409;?;?;normal;4;0;60;15;0;0 - 0 - 1 - 0;0: 3 - 1: 1
2020;2;2;7;5;0;1;TERI;?;18h25;Houilles - Carrières-sur-Seine;uic_87386409;?;?;normal;4;0;60;30;30;0 - 1 - 1 - 0;0: 2 - 1: 2
2020;2;2;7;5;0;1;TERI;?;18h45;Houilles - Carrières-sur-Seine;uic_87386409;?;?;normal;4;0;60;45;1;1 - 1 - 1 - 0;0: 1 - 1: 3
2020;2;2;7;5;0;1;TERI;?;19h05;Houilles - Carrières-sur-Seine;uic_87386409;?;?;normal;4;0;60;30;30;0 - 1 - 1 - 0;0: 2 - 1: 2
2020;2;2;7;5;0;1;TERI;?;19h25;Houilles - Carrières-sur-Seine;uic_87386409;?;?;normal;4;0;60;15;0;0 - 1 - 0 - 0;0: 3 - 1: 1
2020;2;2;7;5;0;1;TERI;?;19h45;Houilles - Carrières-sur-Seine;uic_87386409;?;?;normal;4;0;600;540;9;8 - 10 - 10 - 8;8: 2 - 10: 2
2020;2;2;7;5;0;1;TERI;?;20h05;Houilles - Carrières-sur-Seine;uic_87386409;?;?;normal;4;0;360;150;2;0 - 2 - 2 - 6;0: 1 - 2: 2 - 6: 1
2020;2;2;7;5;0;1;TERI;?;20h30;Houilles - Carrières-sur-Seine;uic_87386409;?;?;annule;4;4;0;0;0;;
2020;2;2;7;5;0;1;TETE;?;00h29;Houilles - Carrières-sur-Seine;uic_87386409;?;?;normal;4;0;240;195;3;3 - 3 - 3 - 4;3: 3 - 4: 1
2020;2;2;7;5;0;1;TETE;?;00h58;Houilles - Carrières-sur-Seine;uic_87386409;?;?;normal;4;0;60;45;1;1 - 1 - 1 - 0;0: 1 - 1: 3
2020;2;2;7;5;0;1;TETE;?;20h59;Houilles - Carrières-sur-Seine;uic_87386409;?;?;normal;4;0;60;30;30;0 - 1 - 1 - 0;0: 2 - 1: 2
2020;2;2;7;5;0;1;TETE;?;21h29;Houilles - Carrières-sur-Seine;uic_87386409;?;?;normal;4;0;300;150;150;0 - 2 - 5 - 3;0: 1 - 2: 1 - 3: 1 - 5: 1
2020;2;2;7;5;0;1;TETE;?;21h59;Houilles - Carrières-sur-Seine;uic_87386409;?;?;annule;4;4;0;0;0;;
2020;2;2;7;5;0;1;TETE;?;22h29;Houilles - Carrières-sur-Seine;uic_87386409;?;?;normal;4;0;180;120;2;1 - 2 - 3 - 2;1: 1 - 2: 2 - 3: 1
2020;2;2;7;5;0;1;TETE;?;22h59;Houilles - Carrières-sur-Seine;uic_87386409;?;?;normal;4;0;120;90;90;1 - 2 - 2 - 1;1: 2 - 2: 2
2020;2;2;7;5;0;1;TETE;?;23h29;Houilles - Carrières-sur-Seine;uic_87386409;?;?;annule;4;4;0;0;0;;
2020;2;2;7;5;0;1;TETE;?;23h59;Houilles - Carrières-sur-Seine;uic_87386409;?;?;normal;4;0;60;30;30;0 - 1 - 1 - 0;0: 2 - 1: 2
2020;2;2;7;5;0;1;UBOS;?;05h57;Houilles - Carrières-sur-Seine;uic_87386409;?;?;normal;8;0;120;75;1;1 - 1 - 0 - 1 - 2 - 1 - 2 - 2;0: 1 - 1: 4 - 2: 3
2020;2;2;7;5;0;1;UBOS;?;06h26;Houilles - Carrières-sur-Seine;uic_87386409;?;?;normal;8;0;120;67;1;1 - 1 - 0 - 1 - 2 - 1 - 2 - 1;0: 1 - 1: 5 - 2: 2
2020;2;2;7;5;0;1;UBOS;?;06h57;Houilles - Carrières-sur-Seine;uic_87386409;?;?;normal;8;0;0;0;0;0 - 0 - 0 - 0 - 0 - 0 - 0 - 0;0: 8
2020;2;2;7;5;0;1;UBOS;?;07h27;Houilles - Carrières-sur-Seine;uic_87386409;?;?;normal;8;0;60;37;1;0 - 1 - 0 - 1 - 1 - 0 - 1 - 1;0: 3 - 1: 5
2020;2;2;7;5;0;1;UBOS;?;07h55;Houilles - Carrières-sur-Seine;uic_87386409;?;?;normal;8;0;120;60;1;0 - 1 - 0 - 1 - 2 - 1 - 2 - 1;0: 2 - 1: 4 - 2: 2
2020;2;2;7;5;0;1;UBOS;?;08h15;Houilles - Carrières-sur-Seine;uic_87386409;?;?;normal;8;0;60;7;0;0 - 1 - 0 - 0 - 0 - 0 - 0 - 0;0: 7 - 1: 1
2020;2;2;7;5;0;1;UBOS;?;08h35;Houilles - Carrières-sur-Seine;uic_87386409;?;?;normal;8;0;0;0;0;0 - 0 - 0 - 0 - 0 - 0 - 0 - 0;0: 8
2020;2;2;7;5;0;1;UBOS;?;08h55;Houilles - Carrières-sur-Seine;uic_87386409;?;?;normal;8;0;60;15;0;0 - 0 - 0 - 0 - 0 - 1 - 0 - 1;0: 6 - 1: 2
2020;2;2;7;5;0;1;UBOS;?;09h15;Houilles - Carrières-sur-Seine;uic_87386409;?;?;normal;8;0;360;247;5;0 - 2 - 5 - 5 - 5 - 6 - 5 - 5;0: 1 - 2: 1 - 5: 5 - 6: 1
2020;2;2;7;5;0;1;UPAC;?;09h35;Houilles - Carrières-sur-Seine;uic_87386409;?;?;normal;8;0;120;75;1;0 - 1 - 1 - 1 - 2 - 2 - 2 - 1;0: 1 - 1: 4 - 2: 3
2020;2;2;7;5;0;1;UPAC;?;09h55;Houilles - Carrières-sur-Seine;uic_87386409;?;?;normal;8;0;0;0;0;0 - 0 - 0 - 0 - 0 - 0 - 0 - 0;0: 8
2020;2;2;7;5;0;1;UPAC;?;10h15;Houilles - Carrières-sur-Seine;uic_87386409;?;?;normal;8;0;240;97;1;0 - 1 - 1 - 1 - 1 - 1 - 4 - 4;0: 1 - 1: 5 - 4: 2
2020;2;2;7;5;0;1;UPAC;?;10h35;Houilles - Carrières-sur-Seine;uic_87386409;?;?;normal;8;0;2700;337;0;0 - 0 - 0 - 0 - 0 - 0 - 0 - 45;0: 7 - 45: 1
2020;2;2;7;5;0;1;UPAC;?;10h55;Houilles - Carrières-sur-Seine;uic_87386409;?;?;normal;8;0;0;0;0;0 - 0 - 0 - 0 - 0 - 0 - 0 - 0;0: 8
2020;2;2;7;5;0;1;UPAC;?;11h15;Houilles - Carrières-sur-Seine;uic_87386409;?;?;annule_partiellement;8;5;360;160;120;0 - 2 - 6 - / - / - / - / - /;0: 1 - 2: 1 - 6: 1
2020;2;2;7;5;0;1;UPAC;?;11h35;Houilles - Carrières-sur-Seine;uic_87386409;?;?;annule_partiellement;8;7;60;60;60;1 - / - / - / - / - / - / - /;1: 1
2020;2;2;7;5;0;1;UPAC;?;11h55;Houilles - Carrières-sur-Seine;uic_87386409;?;?;annule;8;8;0;0;0;;
2020;2;2;7;5;0;1;UPAC;?;12h15;Houilles - Carrières-sur-Seine;uic_87386409;?;?;normal;8;0;660;270;4;0 - 1 - 0 - 1 - 7 - 8 - 8 - 11;0: 2 - 1: 2 - 7: 1 - 8: 2 - 11: 1
2020;2;2;7;5;0;1;UPAC;?;12h35;Houilles - Carrières-sur-Seine;uic_87386409;?;?;normal;8;0;900;435;7;0 - 0 - 0 - 1 - 13 - 14 - 15 - 15;0: 3 - 1: 1 - 13: 1 - 14: 1 - 15: 2
2020;2;2;7;5;0;1;UPIR;?;00h14;Houilles - Carrières-sur-Seine;uic_87386409;?;?;normal;8;0;540;345;8;1 - 2 - 1 - 8 - 8 - 8 - 9 - 9;1: 2 - 2: 1 - 8: 3 - 9: 2
2020;2;2;7;5;0;1;UPIR;?;00h44;Houilles - Carrières-sur-Seine;uic_87386409;?;?;annule;8;8;0;0;0;;
2020;2;2;7;5;0;1;UPIR;?;01h13;Houilles - Carrières-sur-Seine;uic_87386409;?;?;normal;8;0;120;52;1;0 - 0 - 0 - 1 - 1 - 1 - 2 - 2;0: 3 - 1: 3 - 2: 2
2020;2;2;7;5;0;1;UPIR;?;21h14;Houilles - Carrières-sur-Seine;uic_87386409;?;?;normal;8;0;240;172;3;0 - 4 - 2 - 3 - 4 - 3 - 4 - 3;0: 1 - 2: 1 - 3: 3 - 4: 3
2020;2;2;7;5;0;1;UPIR;?;21h44;Houilles - Carrières-sur-Seine;uic_87386409;?;?;normal;8;0;120;67;1;0 - 1 - 0 - 1 - 2 - 1 - 2 - 2;0: 2 - 1: 3 - 2: 3
2020;2;2;7;5;0;1;UPIR;?;22h14;Houilles - Carrières-sur-Seine;uic_87386409;?;?;normal;8;0;180;135;150;1 - 2 - 1 - 2 - 3 - 3 - 3 - 3;1: 2 - 2: 2 - 3: 4
2020;2;2;7;5;0;1;UPIR;?;22h44;Houilles - Carrières-sur-Seine;uic_87386409;?;?;normal;8;0;60;15;0;1 - 1 - 0 - 0 - 0 - 0 - 0 - 0;0: 6 - 1: 2
2020;2;2;7;5;0;1;UPIR;?;23h14;Houilles - Carrières-sur-Seine;uic_87386409;?;?;normal;8;0;60;22;0;0 - 1 - 0 - 0 - 1 - 0 - 1 - 0;0: 5 - 1: 3
2020;2;2;7;5;0;1;UPIR;?;23h44;Houilles - Carrières-sur-Seine;uic_87386409;?;?;normal;8;0;120;90;2;1 - 2 - 0 - 2 - 2 - 1 - 2 - 2;0: 1 - 1: 2 - 2: 5
2020;2;2;7;5;0;1;UPUS;?;12h55;Houilles - Carrières-sur-Seine;uic_87386409;?;?;normal;8;0;1260;607;570;0 - 0 - 0 - 0 - 19 - 21 - 21 - 20;0: 4 - 19: 1 - 20: 1 - 21: 2
2020;2;2;7;5;0;1;UPUS;?;13h15;Houilles - Carrières-sur-Seine;uic_87386409;?;?;normal;8;0;1320;750;1050;0 - 0 - 0 - 14 - 21 - 22 - 22 - 21;0: 3 - 14: 1 - 21: 2 - 22: 2
2020;2;2;7;5;0;1;UPUS;?;13h35;Houilles - Carrières-sur-Seine;uic_87386409;?;?;annule_partiellement;8;6;180;180;3;3 - 3 - / - / - / - / - / - /;3: 2
2020;2;2;7;5;0;1;UPUS;?;13h55;Houilles - Carrières-sur-Seine;uic_87386409;?;?;normal;8;0;660;480;450;5 - 6 - 6 - 7 - 8 - 11 - 11 - 10;5: 1 - 6: 2 - 7: 1 - 8: 1 - 10: 1 - 11: 2
2020;2;2;7;5;0;1;UPUS;?;14h15;Houilles - Carrières-sur-Seine;uic_87386409;?;?;normal;8;0;720;352;330;0 - 0 - 0 - 0 - 11 - 12 - 12 - 12;0: 4 - 11: 1 - 12: 3
2020;2;2;7;5;0;1;UPUS;?;14h35;Houilles - Carrières-sur-Seine;uic_87386409;?;?;normal;8;0;540;270;270;0 - 1 - 0 - 1 - 8 - 9 - 9 - 8;0: 2 - 1: 2 - 8: 2 - 9: 2
2020;2;2;7;5;0;1;UPUS;?;14h55;Houilles - Carrières-sur-Seine;uic_87386409;?;?;normal;8;0;600;360;7;1 - 1 - 3 - 5 - 9 - 10 - 9 - 10;1: 2 - 3: 1 - 5: 1 - 9: 2 - 10: 2
2020;2;2;7;5;0;1;UPUS;?;15h15;Houilles - Carrières-sur-Seine;uic_87386409;?;?;normal;8;0;600;330;390;0 - 0 - 2 - 4 - 9 - 10 - 10 - 9;0: 2 - 2: 1 - 4: 1 - 9: 2 - 10: 2
2020;2;2;7;5;0;1;UPUS;?;15h35;Houilles - Carrières-sur-Seine;uic_87386409;?;?;normal;8;0;720;502;10;0 - 2 - 9 - 9 - 11 - 12 - 12 - 12;0: 1 - 2: 1 - 9: 2 - 11: 1 - 12: 3
2020;2;2;7;5;0;1;UPUS;?;15h55;Houilles - Carrières-sur-Seine;uic_87386409;?;?;normal;8;0;300;202;4;0 - 1 - 3 - 4 - 5 - 5 - 5 - 4;0: 1 - 1: 1 - 3: 1 - 4: 2 - 5: 3
2020;2;2;7;5;0;1;UPUS;?;16h15;Houilles - Carrières-sur-Seine;uic_87386409;?;?;normal;8;0;120;67;1;0 - 1 - 0 - 1 - 1 - 2 - 2 - 2;0: 2 - 1: 3 - 2: 3
2020;2;2;7;5;0;1;UPUS;?;16h35;Houilles - Carrières-sur-Seine;uic_87386409;?;?;normal;8;0;60;7;0;0 - 0 - 0 - 0 - 0 - 1 - 0 - 0;0: 7 - 1: 1
2020;2;2;7;5;0;1;UPUS;?;16h55;Houilles - Carrières-sur-Seine;uic_87386409;?;?;normal;8;0;0;0;0;0 - 0 - 0 - 0 - 0 - 0 - 0 - 0;0: 8
2020;2;2;7;5;0;1;UPUS;?;17h15;Houilles - Carrières-sur-Seine;uic_87386409;?;?;normal;8;0;420;390;7;5 - 6 - 6 - 7 - 7 - 7 - 7 - 7;5: 1 - 6: 2 - 7: 5
2020;2;2;7;5;0;1;UPUS;?;17h35;Houilles - Carrières-sur-Seine;uic_87386409;?;?;normal;8;0;120;97;2;0 - 1 - 2 - 2 - 2 - 2 - 2 - 2;0: 1 - 1: 1 - 2: 6
2020;2;2;7;5;0;1;UPUS;?;17h55;Houilles - Carrières-sur-Seine;uic_87386409;?;?;normal;8;0;240;180;3;0 - 3 - 3 - 3 - 4 - 4 - 4 - 3;0: 1 - 3: 4 - 4: 3
2020;2;2;7;5;0;1;UPUS;?;18h15;Houilles - Carrières-sur-Seine;uic_87386409;?;?;normal;8;0;180;120;2;0 - 2 - 2 - 2 - 2 - 3 - 2 - 3;0: 1 - 2: 5 - 3: 2
2020;2;2;7;5;0;1;UPUS;?;18h35;Houilles - Carrières-sur-Seine;uic_87386409;?;?;normal;8;0;240;67;1;0 - 0 - 1 - 1 - 1 - 1 - 1 - 4;0: 2 - 1: 5 - 4: 1
2020;2;2;7;5;0;1;UPUS;?;18h55;Houilles - Carrières-sur-Seine;uic_87386409;?;?;normal;8;0;480;255;5;0 - 0 - 2 - 4 - 6 - 7 - 7 - 8;0: 2 - 2: 1 - 4: 1 - 6: 1 - 7: 2 - 8: 1
2020;2;2;7;5;0;1;UPUS;?;19h15;Houilles - Carrières-sur-Seine;uic_87386409;?;?;normal;8;0;180;90;90;0 - 1 - 1 - 1 - 2 - 2 - 3 - 2;0: 1 - 1: 3 - 2: 3 - 3: 1
2020;2;2;7;5;0;1;UPUS;?;19h35;Houilles - Carrières-sur-Seine;uic_87386409;?;?;normal;8;0;660;600;10;9 - 10 - 10 - 10 - 10 - 11 - 10 - 10;9: 1 - 10: 6 - 11: 1
2020;2;2;7;5;0;1;UPUS;?;19h55;Houilles - Carrières-sur-Seine;uic_87386409;?;?;normal;8;0;1080;900;18;5 - 8 - 17 - 18 - 18 - 18 - 18 - 18;5: 1 - 8: 1 - 17: 1 - 18: 5
2020;2;2;7;5;0;1;UPUS;?;20h16;Houilles - Carrières-sur-Seine;uic_87386409;?;?;normal;8;0;660;442;570;0 - 1 - 8 - 9 - 10 - 10 - 11 - 10;0: 1 - 1: 1 - 8: 1 - 9: 1 - 10: 3 - 11: 1
2020;2;2;7;5;0;1;UPUS;?;20h44;Houilles - Carrières-sur-Seine;uic_87386409;?;?;normal;8;0;120;75;1;1 - 1 - 0 - 1 - 2 - 1 - 2 - 2;0: 1 - 1: 4 - 2: 3
2020;2;3;1;6;1;0;NAJA;?;22h28;Sartrouville;uic_87386417;?;?;normal;2;0;0;0;0;0 - 0;0: 2
2020;2;3;1;6;1;0;NAJA;?;22h58;Sartrouville;uic_87386417;?;?;normal;2;0;0;0;0;0 - 0;0: 2
2020;2;3;1;6;1;0;NAJA;?;23h28;Sartrouville;uic_87386417;?;?;normal;2;0;0;0;0;0 - 0;0: 2
2020;2;3;1;6;1;0;NANI;?;14h13;Cergy le Haut;uic_87382655;?;?;normal;9;0;120;66;60;2 - 1 - 2 - 1 - 1 - 1 - 1 - 1 - 0;0: 1 - 1: 6 - 2: 2
2020;2;3;1;6;1;0;NANI;?;14h23;Cergy le Haut;uic_87382655;?;?;normal;9;0;240;73;60;0 - 0 - 1 - 1 - 0 - 1 - 0 - 4 - 4;0: 4 - 1: 3 - 4: 2
2020;2;3;1;6;1;0;NANI;?;14h33;Cergy le Haut;uic_87382655;?;?;normal;9;0;60;26;0;0 - 0 - 1 - 0 - 0 - 1 - 1 - 1 - 0;0: 5 - 1: 4
2020;2;3;1;6;1;0;NANI;?;14h43;Cergy le Haut;uic_87382655;?;?;normal;9;0;60;6;0;0 - 0 - 0 - 0 - 0 - 1 - 0 - 0 - 0;0: 8 - 1: 1
2020;2;3;1;6;1;0;NANI;?;14h53;Cergy le Haut;uic_87382655;?;?;normal;9;0;60;20;0;0 - 0 - 1 - 0 - 0 - 1 - 0 - 1 - 0;0: 6 - 1: 3
2020;2;3;1;6;1;0;NANI;?;15h03;Cergy le Haut;uic_87382655;?;?;normal;9;0;0;0;0;0 - 0 - 0 - 0 - 0 - 0 - 0 - 0 - 0;0: 9
2020;2;3;1;6;1;0;NANI;?;15h13;Cergy le Haut;uic_87382655;?;?;normal;9;0;0;0;0;0 - 0 - 0 - 0 - 0 - 0 - 0 - 0 - 0;0: 9
2020;2;3;1;6;1;0;NANI;?;15h23;Cergy le Haut;uic_87382655;?;?;normal;9;0;0;0;0;0 - 0 - 0 - 0 - 0 - 0 - 0 - 0 - 0;0: 9
2020;2;3;1;6;1;0;NANI;?;15h33;Cergy le Haut;uic_87382655;?;?;normal;9;0;0;0;0;0 - 0 - 0 - 0 - 0 - 0 - 0 - 0 - 0;0: 9
2020;2;3;1;6;1;0;NANI;?;15h43;Cergy le Haut;uic_87382655;?;?;normal;9;0;180;80;0;0 - 0 - 0 - 0 - 0 - 3 - 3 - 3 - 3;0: 5 - 3: 4
2020;2;3;1;6;1;0;NANI;?;15h53;Cergy le Haut;uic_87382655;?;?;normal;9;0;120;60;60;0 - 0 - 1 - 1 - 0 - 2 - 2 - 2 - 1;0: 3 - 1: 3 - 2: 3
2020;2;3;1;6;1;0;NANI;?;16h03;Cergy le Haut;uic_87382655;?;?;normal;9;0;0;0;0;0 - 0 - 0 - 0 - 0 - 0 - 0 - 0 - 0;0: 9
2020;2;3;1;6;1;0;NANI;?;16h13;Cergy le Haut;uic_87382655;?;?;normal;9;0;60;13;0;0 - 0 - 0 - 0 - 0 - 1 - 0 - 1 - 0;0: 7 - 1: 2
2020;2;3;1;6;1;0;NANI;?;16h24;Cergy le Haut;uic_87382655;?;?;normal;9;0;240;106;180;0 - 0 - 0 - 0 - 3 - 4 - 3 - 3 - 3;0: 4 - 3: 4 - 4: 1
2020;2;3;1;6;1;0;NANI;?;16h36;Cergy le Haut;uic_87382655;?;?;normal;9;0;300;233;240;3 - 4 - 3 - 3 - 4 - 5 - 5 - 4 - 4;3: 3 - 4: 4 - 5: 2
2020;2;3;1;6;1;0;NANI;?;16h49;Cergy le Haut;uic_87382655;?;?;normal;9;0;180;106;120;1 - 1 - 2 - 1 - 2 - 3 - 2 - 2 - 2;1: 3 - 2: 5 - 3: 1
2020;2;3;1;6;1;0;NANI;?;17h01;Cergy le Haut;uic_87382655;?;?;normal;9;0;300;226;240;2 - 3 - 3 - 3 - 4 - 5 - 5 - 4 - 5;2: 1 - 3: 3 - 4: 2 - 5: 3
2020;2;3;1;6;1;0;NANI;?;17h14;Cergy le Haut;uic_87382655;?;?;normal;9;0;300;286;300;4 - 4 - 5 - 5 - 5 - 5 - 5 - 5 - 5;4: 2 - 5: 7
2020;2;3;1;6;1;0;NANI;?;17h26;Cergy le Haut;uic_87382655;?;?;normal;9;0;240;120;60;0 - 1 - 0 - 0 - 1 - 4 - 4 - 4 - 4;0: 3 - 1: 2 - 4: 4
2020;2;3;1;6;1;0;NANI;?;17h39;Cergy le Haut;uic_87382655;?;?;normal;9;0;60;26;0;0 - 0 - 0 - 0 - 0 - 1 - 1 - 1 - 1;0: 5 - 1: 4
2020;2;3;1;6;1;0;NANI;?;17h51;Cergy le Haut;uic_87382655;?;?;normal;9;0;420;240;240;0 - 3 - 3 - 3 - 4 - 7 - 6 - 5 - 5;0: 1 - 3: 3 - 4: 1 - 5: 2 - 6: 1 - 7: 1
2020;2;3;1;6;1;0;NANI;?;18h04;Cergy le Haut;uic_87382655;?;?;normal;9;0;60;13;0;0 - 0 - 0 - 0 - 0 - 0 - 0 - 1 - 1;0: 7 - 1: 2
2020;2;3;1;6;1;0;NANI;?;18h16;Cergy le Haut;uic_87382655;?;?;normal;9;0;180;86;120;0 - 0 - 0 - 1 - 2 - 3 - 3 - 2 - 2;0: 3 - 1: 1 - 2: 3 - 3: 2
2020;2;3;1;6;1;0;NANI;?;18h29;Cergy le Haut;uic_87382655;?;?;normal;9;0;120;66;60;0 - 0 - 1 - 1 - 1 - 2 - 1 - 2 - 2;0: 2 - 1: 4 - 2: 3
2020;2;3;1;6;1;0;NANI;?;18h41;Cergy le Haut;uic_87382655;?;?;normal;9;0;120;26;0;0 - 0 - 0 - 0 - 1 - 2 - 1 - 0 - 0;0: 6 - 1: 2 - 2: 1
2020;2;3;1;6;1;0;NANI;?;18h54;Cergy le Haut;uic_87382655;?;?;normal;9;0;480;213;60;0 - 0 - 1 - 1 - 1 - 7 - 7 - 7 - 8;0: 2 - 1: 3 - 7: 3 - 8: 1
2020;2;3;1;6;1;0;NANI;?;19h06;Cergy le Haut;uic_87382655;?;?;normal;9;0;300;126;0;0 - 0 - 0 - 0 - 0 - 5 - 5 - 4 - 5;0: 5 - 4: 1 - 5: 3
2020;2;3;1;6;1;0;NANI;?;19h20;Cergy le Haut;uic_87382655;?;?;normal;9;0;0;0;0;0 - 0 - 0 - 0 - 0 - 0 - 0 - 0 - 0;0: 9
2020;2;3;1;6;1;0;NANI;?;19h39;Cergy le Haut;uic_87382655;?;?;normal;9;0;420;186;0;0 - 0 - 0 - 0 - 0 - 7 - 7 - 7 - 7;0: 5 - 7: 4
2020;2;3;1;6;1;0;NANI;?;20h05;Cergy le Haut;uic_87382655;?;?;normal;9;0;0;0;0;0 - 0 - 0 - 0 - 0 - 0 - 0 - 0 - 0;0: 9
2020;2;3;1;6;1;0;NANI;?;20h35;Cergy le Haut;uic_87382655;?;?;normal;9;0;120;33;0;0 - 0 - 0 - 0 - 0 - 1 - 1 - 1 - 2;0: 5 - 1: 3 - 2: 1
2020;2;3;1;6;1;0;NANI;?;21h05;Cergy le Haut;uic_87382655;?;?;normal;9;0;240;153;180;1 - 1 - 2 - 2 - 3 - 4 - 3 - 3 - 4;1: 2 - 2: 2 - 3: 3 - 4: 2
2020;2;3;1;6;1;0;NANI;?;21h33;Cergy le Haut;uic_87382655;?;?;normal;9;0;180;113;120;1 - 1 - 2 - 2 - 2 - 2 - 2 - 2 - 3;1: 2 - 2: 6 - 3: 1
2020;2;3;1;6;1;0;NATO;?;05h12;Cergy le Haut;uic_87382655;?;?;normal;9;0;0;0;0;0 - 0 - 0 - 0 - 0 - 0 - 0 - 0 - 0;0: 9
2020;2;3;1;6;1;0;NATO;?;05h42;Cergy le Haut;uic_87382655;?;?;normal;9;0;0;0;0;0 - 0 - 0 - 0 - 0 - 0 - 0 - 0 - 0;0: 9
2020;2;3;1;6;1;0;NATO;?;05h57;Cergy le Haut;uic_87382655;?;?;normal;9;0;120;33;0;0 - 0 - 0 - 0 - 0 - 1 - 0 - 2 - 2;0: 6 - 1: 1 - 2: 2
2020;2;3;1;6;1;0;NATO;?;06h12;Cergy le Haut;uic_87382655;?;?;normal;9;0;60;26;0;0 - 0 - 0 - 0 - 0 - 1 - 1 - 1 - 1;0: 5 - 1: 4
2020;2;3;1;6;1;0;NATO;?;06h27;Cergy le Haut;uic_87382655;?;?;normal;9;0;60;20;0;0 - 0 - 0 - 0 - 0 - 1 - 0 - 1 - 1;0: 6 - 1: 3
2020;2;3;1;6;1;0;NATO;?;06h42;Cergy le Haut;uic_87382655;?;?;normal;9;0;0;0;0;0 - 0 - 0 - 0 - 0 - 0 - 0 - 0 - 0;0: 9
2020;2;3;1;6;1;0;NATO;?;06h51;Cergy le Haut;uic_87382655;?;?;normal;9;0;240;113;60;0 - 0 - 0 - 1 - 1 - 4 - 4 - 4 - 3;0: 3 - 1: 2 - 3: 1 - 4: 3
2020;2;3;1;6;1;0;NATO;?;07h03;Cergy le Haut;uic_87382655;?;?;normal;9;0;120;33;0;0 - 0 - 0 - 0 - 0 - 2 - 1 - 1 - 1;0: 5 - 1: 3 - 2: 1
2020;2;3;1;6;1;0;NATO;?;07h14;Cergy le Haut;uic_87382655;?;?;normal;9;0;180;66;0;0 - 0 - 0 - 0 - 0 - 3 - 3 - 2 - 2;0: 5 - 2: 2 - 3: 2
2020;2;3;1;6;1;0;NATO;?;07h26;Cergy le Haut;uic_87382655;?;?;normal;9;0;120;53;0;0 - 0 - 0 - 0 - 0 - 2 - 2 - 2 - 2;0: 5 - 2: 4
2020;2;3;1;6;1;0;NATO;?;07h38;Cergy le Haut;uic_87382655;?;?;normal;9;0;60;13;0;0 - 0 - 0 - 0 - 0 - 0 - 0 - 1 - 1;0: 7 - 1: 2
2020;2;3;1;6;1;0;NATO;?;07h49;Cergy le Haut;uic_87382655;?;?;normal;9;0;120;53;0;0 - 0 - 0 - 0 - 0 - 2 - 2 - 2 - 2;0: 5 - 2: 4
2020;2;3;1;6;1;0;NATO;?;08h01;Cergy le Haut;uic_87382655;?;?;normal;9;0;480;80;60;0 - 0 - 0 - 0 - 1 - 1 - 1 - 1 - 8;0: 4 - 1: 4 - 8: 1
2020;2;3;1;6;1;0;NATO;?;08h13;Cergy le Haut;uic_87382655;?;?;normal;9;0;540;193;60;0 - 0 - 1 - 1 - 1 - 3 - 6 - 8 - 9;0: 2 - 1: 3 - 3: 1 - 6: 1 - 8: 1 - 9: 1
2020;2;3;1;6;1;0;NATO;?;08h24;Cergy le Haut;uic_87382655;?;?;normal;9;0;540;206;60;0 - 0 - 0 - 0 - 1 - 7 - 6 - 8 - 9;0: 4 - 1: 1 - 6: 1 - 7: 1 - 8: 1 - 9: 1
2020;2;3;1;6;1;0;NATO;?;08h36;Cergy le Haut;uic_87382655;?;?;normal;9;0;360;146;0;0 - 0 - 0 - 0 - 0 - 5 - 5 - 6 - 6;0: 5 - 5: 2 - 6: 2
2020;2;3;1;6;1;0;NATO;?;08h48;Cergy le Haut;uic_87382655;?;?;normal;9;0;240;99;60;0 - 0 - 1 - 0 - 0 - 3 - 3 - 4 - 4;0: 4 - 1: 1 - 3: 2 - 4: 2
2020;2;3;1;6;1;0;NATO;?;09h03;Cergy le Haut;uic_87382655;?;?;normal;9;0;240;60;0;0 - 0 - 0 - 0 - 0 - 1 - 1 - 3 - 4;0: 5 - 1: 2 - 3: 1 - 4: 1
2020;2;3;1;6;1;0;NATO;?;09h14;Cergy le Haut;uic_87382655;?;?;annule_partiellement;9;4;0;0;0;0 - 0 - 0 - 0 - 0 - / - / - / - /;0: 5
2020;2;3;1;6;1;0;NATO;?;09h23;Cergy le Haut;uic_87382655;?;?;normal;9;0;240;99;60;0 - 0 - 0 - 0 - 1 - 3 - 3 - 4 - 4;0: 4 - 1: 1 - 3: 2 - 4: 2
2020;2;3;1;6;1;0;NATO;?;09h33;Cergy le Haut;uic_87382655;?;?;normal;9;0;180;66;0;0 - 0 - 0 - 0 - 0 - 3 - 2 - 2 - 3;0: 5 - 2: 2 - 3: 2
2020;2;3;1;6;1;0;NATO;?;09h47;Cergy le Haut;uic_87382655;?;?;normal;9;0;60;20;0;0 - 0 - 0 - 0 - 0 - 1 - 0 - 1 - 1;0: 6 - 1: 3
2020;2;3;1;6;1;0;NATO;?;09h55;Cergy le Haut;uic_87382655;?;?;normal;9;0;60;26;0;0 - 0 - 0 - 0 - 0 - 1 - 1 - 1 - 1;0: 5 - 1: 4
2020;2;3;1;6;1;0;NATO;?;10h07;Cergy le Haut;uic_87382655;?;?;normal;9;0;240;99;120;0 - 0 - 0 - 2 - 2 - 2 - 2 - 3 - 4;0: 3 - 2: 4 - 3: 1 - 4: 1
2020;2;3;1;6;1;0;NATO;?;10h13;Cergy le Haut;uic_87382655;?;?;normal;9;0;180;86;60;0 - 0 - 1 - 1 - 1 - 3 - 3 - 3 - 1;0: 2 - 1: 4 - 3: 3
2020;2;3;1;6;1;0;NATO;?;10h23;Cergy le Haut;uic_87382655;?;?;normal;9;0;300;160;180;0 - 0 - 0 - 3 - 3 - 4 - 4 - 5 - 5;0: 3 - 3: 2 - 4: 2 - 5: 2
2020;2;3;1;6;1;0;NATO;?;10h33;Cergy le Haut;uic_87382655;?;?;normal;9;0;420;160;60;0 - 0 - 0 - 0 - 1 - 7 - 6 - 6 - 4;0: 4 - 1: 1 - 4: 1 - 6: 2 - 7: 1
2020;2;3;1;6;1;0;NATO;?;10h43;Cergy le Haut;uic_87382655;?;?;normal;9;0;240;120;120;0 - 0 - 1 - 1 - 2 - 4 - 3 - 4 - 3;0: 2 - 1: 2 - 2: 1 - 3: 2 - 4: 2
2020;2;3;1;6;1;0;NATO;?;10h53;Cergy le Haut;uic_87382655;?;?;normal;9;0;420;180;120;0 - 0 - 0 - 2 - 2 - 7 - 6 - 6 - 4;0: 3 - 2: 2 - 4: 1 - 6: 2 - 7: 1
2020;2;3;1;6;1;0;NATO;?;11h03;Cergy le Haut;uic_87382655;?;?;normal;9;0;0;0;0;0 - 0 - 0 - 0 - 0 - 0 - 0 - 0 - 0;0: 9
2020;2;3;1;6;1;0;NATO;?;11h13;Cergy le Haut;uic_87382655;?;?;normal;9;0;0;0;0;0 - 0 - 0 - 0 - 0 - 0 - 0 - 0 - 0;0: 9
2020;2;3;1;6;1;0;NATO;?;11h23;Cergy le Haut;uic_87382655;?;?;normal;9;0;60;40;60;0 - 0 - 1 - 0 - 1 - 1 - 1 - 1 - 1;0: 3 - 1: 6
2020;2;3;1;6;1;0;NATO;?;11h33;Cergy le Haut;uic_87382655;?;?;normal;9;0;540;433;480;6 - 6 - 6 - 8 - 8 - 9 - 8 - 8 - 6;6: 4 - 8: 4 - 9: 1
2020;2;3;1;6;1;0;NATO;?;11h43;Cergy le Haut;uic_87382655;?;?;normal;9;0;180;113;120;1 - 1 - 1 - 2 - 2 - 3 - 2 - 2 - 3;1: 3 - 2: 4 - 3: 2
2020;2;3;1;6;1;0;NATO;?;11h53;Cergy le Haut;uic_87382655;?;?;normal;9;0;180;53;0;0 - 0 - 1 - 0 - 0 - 3 - 2 - 2 - 0;0: 5 - 1: 1 - 2: 2 - 3: 1
2020;2;3;1;6;1;0;NATO;?;12h03;Cergy le Haut;uic_87382655;?;?;normal;9;0;120;53;0;0 - 0 - 0 - 0 - 0 - 2 - 2 - 2 - 2;0: 5 - 2: 4
2020;2;3;1;6;1;0;NATO;?;12h13;Cergy le Haut;uic_87382655;?;?;normal;9;0;60;46;60;1 - 0 - 1 - 1 - 1 - 1 - 1 - 1 - 0;0: 2 - 1: 7
2020;2;3;1;6;1;0;NATO;?;12h23;Cergy le Haut;uic_87382655;?;?;normal;9;0;300;173;240;0 - 0 - 0 - 3 - 5 - 5 - 4 - 4 - 5;0: 3 - 3: 1 - 4: 2 - 5: 3
2020;2;3;1;6;1;0;NATO;?;12h33;Cergy le Haut;uic_87382655;?;?;normal;9;0;120;60;60;0 - 0 - 1 - 1 - 1 - 2 - 2 - 2 - 0;0: 3 - 1: 3 - 2: 3
2020;2;3;1;6;1;0;NATO;?;12h43;Cergy le Haut;uic_87382655;?;?;normal;9;0;60;20;0;0 - 0 - 0 - 0 - 0 - 0 - 1 - 1 - 1;0: 6 - 1: 3
2020;2;3;1;6;1;0;NATO;?;12h53;Cergy le Haut;uic_87382655;?;?;normal;9;0;0;0;0;0 - 0 - 0 - 0 - 0 - 0 - 0 - 0 - 0;0: 9
2020;2;3;1;6;1;0;NATO;?;13h03;Cergy le Haut;uic_87382655;?;?;normal;9;0;60;46;60;0 - 0 - 1 - 1 - 1 - 1 - 1 - 1 - 1;0: 2 - 1: 7
2020;2;3;1;6;1;0;NATO;?;13h13;Cergy le Haut;uic_87382655;?;?;normal;9;0;120;46;60;0 - 0 - 0 - 2 - 1 - 2 - 1 - 1 - 0;0: 4 - 1: 3 - 2: 2
2020;2;3;1;6;1;0;NATO;?;13h23;Cergy le Haut;uic_87382655;?;?;normal;9;0;60;13;0;0 - 0 - 0 - 0 - 0 - 0 - 0 - 1 - 1;0: 7 - 1: 2
2020;2;3;1;6;1;0;NATO;?;13h33;Cergy le Haut;uic_87382655;?;?;normal;9;0;60;33;60;0 - 0 - 1 - 1 - 0 - 1 - 1 - 1 - 0;0: 4 - 1: 5
2020;2;3;1;6;1;0;NATO;?;13h43;Cergy le Haut;uic_87382655;?;?;normal;9;0;120;93;120;2 - 2 - 2 - 2 - 1 - 2 - 1 - 1 - 1;1: 4 - 2: 5
2020;2;3;1;6;1;0;NATO;?;13h53;Cergy le Haut;uic_87382655;?;?;normal;9;0;60;20;0;0 - 0 - 0 - 0 - 0 - 1 - 1 - 1 - 0;0: 6 - 1: 3
2020;2;3;1;6;1;0;NATO;?;14h03;Cergy le Haut;uic_87382655;?;?;normal;9;0;120;26;0;0 - 0 - 0 - 0 - 0 - 1 - 0 - 1 - 2;0: 6 - 1: 2 - 2: 1
2020;2;3;1;6;1;0;NOTE;?;05h40;Poissy;uic_87386573;?;?;normal;5;0;60;60;60;1 - 1 - 1 - 1 - 1;1: 5
2020;2;3;1;6;1;0;NOTE;?;06h00;Poissy;uic_87386573;?;?;normal;5;0;540;491;540;7 - 7 - 9 - 9 - 9;7: 2 - 9: 3
2020;2;3;1;6;1;0;NOTE;?;06h15;Poissy;uic_87386573;?;?;normal;5;0;60;60;60;1 - 1 - 1 - 1 - 1;1: 5
2020;2;3;1;6;1;0;NOTE;?;06h30;Poissy;uic_87386573;?;?;normal;5;0;0;0;0;0 - 0 - 0 - 0 - 0;0: 5
2020;2;3;1;6;1;0;NOTE;?;06h45;Poissy;uic_87386573;?;?;normal;5;0;60;24;0;1 - 1 - 0 - 0 - 0;0: 3 - 1: 2
2020;2;3;1;6;1;0;NOTE;?;06h59;Poissy;uic_87386573;?;?;normal;5;0;120;60;60;0 - 1 - 2 - 1 - 1;0: 1 - 1: 3 - 2: 1
2020;2;3;1;6;1;0;NOTE;?;07h13;Poissy;uic_87386573;?;?;normal;5;0;240;167;180;2 - 4 - 3 - 2 - 3;2: 2 - 3: 2 - 4: 1
2020;2;3;1;6;1;0;NOTE;?;07h25;Poissy;uic_87386573;?;?;normal;5;0;0;0;0;0 - 0 - 0 - 0 - 0;0: 5
2020;2;3;1;6;1;0;NOTE;?;07h37;Poissy;uic_87386573;?;?;normal;5;0;180;120;120;0 - 2 - 2 - 3 - 3;0: 1 - 2: 2 - 3: 2
2020;2;3;1;6;1;0;NOTE;?;07h47;Poissy;uic_87386573;?;?;normal;5;0;120;83;120;0 - 2 - 2 - 1 - 2;0: 1 - 1: 1 - 2: 3
2020;2;3;1;6;1;0;NOTE;?;07h59;Poissy;uic_87386573;?;?;normal;5;0;180;144;120;2 - 2 - 2 - 3 - 3;2: 3 - 3: 2
2020;2;3;1;6;1;0;NOTE;?;08h11;Poissy;uic_87386573;?;?;normal;5;0;120;60;60;0 - 1 - 1 - 1 - 2;0: 1 - 1: 3 - 2: 1
2020;2;3;1;6;1;0;NOTE;?;08h22;Poissy;uic_87386573;?;?;normal;5;0;480;264;180;1 - 2 - 3 - 8 - 8;1: 1 - 2: 1 - 3: 1 - 8: 2
2020;2;3;1;6;1;0;NOTE;?;08h34;Poissy;uic_87386573;?;?;normal;5;0;480;408;420;5 - 6 - 7 - 8 - 8;5: 1 - 6: 1 - 7: 1 - 8: 2
2020;2;3;1;6;1;0;NOTE;?;08h46;Poissy;uic_87386573;?;?;normal;5;0;480;311;360;0 - 5 - 6 - 7 - 8;0: 1 - 5: 1 - 6: 1 - 7: 1 - 8: 1
2020;2;3;1;6;1;0;NOTE;?;08h57;Poissy;uic_87386573;?;?;normal;5;0;300;240;300;0 - 5 - 5 - 5 - 5;0: 1 - 5: 4
2020;2;3;1;6;1;0;NOTE;?;09h09;Poissy;uic_87386573;?;?;normal;5;0;300;180;180;1 - 3 - 3 - 3 - 5;1: 1 - 3: 3 - 5: 1
2020;2;3;1;6;1;0;NOTE;?;16h42;Poissy;uic_87386573;?;?;normal;5;0;180;72;60;0 - 3 - 1 - 1 - 1;0: 1 - 1: 3 - 3: 1
2020;2;3;1;6;1;0;NOTE;?;16h54;Poissy;uic_87386573;?;?;normal;5;0;240;180;180;1 - 4 - 3 - 4 - 3;1: 1 - 3: 2 - 4: 2
2020;2;3;1;6;1;0;NOTE;?;17h05;Poissy;uic_87386573;?;?;normal;5;0;120;36;0;0 - 2 - 0 - 0 - 1;0: 3 - 1: 1 - 2: 1
2020;2;3;1;6;1;0;NOTE;?;17h19;Poissy;uic_87386573;?;?;normal;5;0;240;167;180;1 - 3 - 3 - 3 - 4;1: 1 - 3: 3 - 4: 1
2020;2;3;1;6;1;0;NOTE;?;17h32;Poissy;uic_87386573;?;?;normal;5;0;360;215;240;0 - 6 - 4 - 4 - 4;0: 1 - 4: 3 - 6: 1
2020;2;3;1;6;1;0;NOTE;?;17h44;Poissy;uic_87386573;?;?;normal;5;0;180;167;180;2 - 3 - 3 - 3 - 3;2: 1 - 3: 4
2020;2;3;1;6;1;0;NOTE;?;17h57;Poissy;uic_87386573;?;?;normal;5;0;120;72;60;1 - 2 - 1 - 1 - 1;1: 4 - 2: 1
2020;2;3;1;6;1;0;NOTE;?;18h09;Poissy;uic_87386573;?;?;normal;5;0;300;264;300;2 - 5 - 5 - 5 - 5;2: 1 - 5: 4
2020;2;3;1;6;1;0;NOTE;?;18h22;Poissy;uic_87386573;?;?;normal;5;0;60;12;0;0 - 1 - 0 - 0 - 0;0: 4 - 1: 1
2020;2;3;1;6;1;0;NOTE;?;18h34;Poissy;uic_87386573;?;?;normal;5;0;120;120;120;2 - 2 - 2 - 2 - 2;2: 5
2020;2;3;1;6;1;0;NOTE;?;18h47;Poissy;uic_87386573;?;?;normal;5;0;120;36;0;1 - 2 - 0 - 0 - 0;0: 3 - 1: 1 - 2: 1
2020;2;3;1;6;1;0;NOTE;?;18h59;Poissy;uic_87386573;?;?;normal;5;0;600;600;600;10 - 10 - 10 - 10 - 10;10: 5
2020;2;3;1;6;1;0;NOTE;?;19h12;Poissy;uic_87386573;?;?;normal;5;0;360;300;360;2 - 6 - 5 - 6 - 6;2: 1 - 5: 1 - 6: 3
2020;2;3;1;6;1;0;NOTE;?;19h24;Poissy;uic_87386573;?;?;normal;5;0;840;791;780;12 - 13 - 13 - 14 - 14;12: 1 - 13: 2 - 14: 2
2020;2;3;1;6;1;0;NOTE;?;19h39;Poissy;uic_87386573;?;?;normal;5;0;1080;1043;1080;16 - 18 - 18 - 18 - 17;16: 1 - 17: 1 - 18: 3
2020;2;3;1;6;1;0;NOTE;?;20h04;Poissy;uic_87386573;?;?;normal;5;0;660;576;600;7 - 11 - 10 - 10 - 10;7: 1 - 10: 3 - 11: 1
2020;2;3;1;6;1;0;NOTE;?;20h34;Poissy;uic_87386573;?;?;normal;5;0;60;24;0;0 - 1 - 0 - 1 - 0;0: 3 - 1: 2
2020;2;3;1;6;1;0;NOTE;?;21h03;Poissy;uic_87386573;?;?;normal;5;0;300;300;300;5 - 5 - 5 - 5 - 5;5: 5
2020;2;3;1;6;1;0;NOTE;?;21h35;Poissy;uic_87386573;?;?;normal;5;0;360;324;360;4 - 6 - 6 - 6 - 5;4: 1 - 5: 1 - 6: 3
2020;2;3;1;6;1;0;NOTE;?;22h03;Poissy;uic_87386573;?;?;normal;5;0;120;96;120;0 - 2 - 2 - 2 - 2;0: 1 - 2: 4
2020;2;3;1;6;1;0;NOTE;?;22h33;Poissy;uic_87386573;?;?;normal;5;0;0;0;0;0 - 0 - 0 - 0 - 0;0: 5
2020;2;3;1;6;1;0;NOTE;?;23h03;Poissy;uic_87386573;?;?;normal;5;0;60;24;0;1 - 1 - 0 - 0 - 0;0: 3 - 1: 2
2020;2;3;1;6;1;0;NOTE;?;23h33;Poissy;uic_87386573;?;?;normal;5;0;0;0;0;0 - 0 - 0 - 0 - 0;0: 5
2020;2;3;1;6;1;0;OKLA;?;09h20;Poissy;uic_87386573;?;?;normal;5;0;300;96;60;0 - 1 - 0 - 2 - 5;0: 2 - 1: 1 - 2: 1 - 5: 1
2020;2;3;1;6;1;0;OKLA;?;09h40;Poissy;uic_87386573;?;?;normal;5;0;360;240;300;1 - 3 - 6 - 5 - 5;1: 1 - 3: 1 - 5: 2 - 6: 1
2020;2;3;1;6;1;0;OKLA;?;09h55;Poissy;uic_87386573;?;?;normal;5;0;120;96;120;1 - 2 - 2 - 2 - 1;1: 2 - 2: 3
2020;2;3;1;6;1;0;OKLA;?;10h16;Poissy;uic_87386573;?;?;normal;5;0;300;251;240;4 - 4 - 5 - 4 - 4;4: 4 - 5: 1
2020;2;3;1;6;1;0;OKLA;?;10h40;Poissy;uic_87386573;?;?;normal;5;0;360;251;300;0 - 4 - 5 - 6 - 6;0: 1 - 4: 1 - 5: 1 - 6: 2
2020;2;3;1;6;1;0;OKLA;?;11h00;Poissy;uic_87386573;?;?;normal;5;0;600;444;540;0 - 9 - 9 - 9 - 10;0: 1 - 9: 3 - 10: 1
2020;2;3;1;6;1;0;OKLA;?;11h20;Poissy;uic_87386573;?;?;normal;5;0;0;0;0;0 - 0 - 0 - 0 - 0;0: 5
2020;2;3;1;6;1;0;OKLA;?;11h40;Poissy;uic_87386573;?;?;normal;5;0;60;12;0;0 - 1 - 0 - 0 - 0;0: 4 - 1: 1
2020;2;3;1;6;1;0;OKLA;?;12h00;Poissy;uic_87386573;?;?;normal;5;0;180;132;120;1 - 2 - 2 - 3 - 3;1: 1 - 2: 2 - 3: 2
2020;2;3;1;6;1;0;OKLA;?;12h20;Poissy;uic_87386573;?;?;normal;5;0;60;48;60;0 - 1 - 1 - 1 - 1;0: 1 - 1: 4
2020;2;3;1;6;1;0;OKLA;?;12h40;Poissy;uic_87386573;?;?;normal;5;0;300;155;120;1 - 1 - 2 - 4 - 5;1: 2 - 2: 1 - 4: 1 - 5: 1
2020;2;3;1;6;1;0;OKLA;?;13h00;Poissy;uic_87386573;?;?;normal;5;0;120;83;60;1 - 1 - 1 - 2 - 2;1: 3 - 2: 2
2020;2;3;1;6;1;0;OKLA;?;13h20;Poissy;uic_87386573;?;?;normal;5;0;60;12;0;0 - 1 - 0 - 0 - 0;0: 4 - 1: 1
2020;2;3;1;6;1;0;OKLA;?;13h40;Poissy;uic_87386573;?;?;normal;5;0;0;0;0;0 - 0 - 0 - 0 - 0;0: 5
2020;2;3;1;6;1;0;OKLA;?;14h00;Poissy;uic_87386573;?;?;normal;5;0;60;24;0;0 - 1 - 0 - 0 - 1;0: 3 - 1: 2
2020;2;3;1;6;1;0;OKLA;?;14h20;Poissy;uic_87386573;?;?;normal;5;0;60;24;0;0 - 0 - 0 - 1 - 1;0: 3 - 1: 2
2020;2;3;1;6;1;0;OKRE;?;14h40;Poissy;uic_87386573;?;?;normal;5;0;180;120;180;0 - 1 - 3 - 3 - 3;0: 1 - 1: 1 - 3: 3
2020;2;3;1;6;1;0;OKRE;?;15h00;Poissy;uic_87386573;?;?;normal;5;0;60;24;0;1 - 1 - 0 - 0 - 0;0: 3 - 1: 2
2020;2;3;1;6;1;0;OKRE;?;15h20;Poissy;uic_87386573;?;?;normal;5;0;60;48;60;0 - 1 - 1 - 1 - 1;0: 1 - 1: 4
2020;2;3;1;6;1;0;OKRE;?;15h40;Poissy;uic_87386573;?;?;normal;5;0;120;120;120;2 - 2 - 2 - 2 - 2;2: 5
2020;2;3;1;6;1;0;OKRE;?;16h00;Poissy;uic_87386573;?;?;normal;5;0;120;96;120;0 - 2 - 2 - 2 - 2;0: 1 - 2: 4
2020;2;3;1;6;1;0;OKRE;?;16h20;Poissy;uic_87386573;?;?;normal;5;0;60;60;60;1 - 1 - 1 - 1 - 1;1: 5
2020;2;3;1;6;1;0;OPEN;?;04h42;Cergy le Haut;uic_87382655;?;?;normal;9;0;60;33;60;0 - 0 - 1 - 1 - 1 - 1 - 0 - 0 - 1;0: 4 - 1: 5
2020;2;3;1;6;1;0;OPUS;?;00h28;Sartrouville;uic_87386417;?;?;normal;2;0;0;0;0;0 - 0;0: 2
2020;2;3;1;6;1;0;OPUS;?;23h58;Sartrouville;uic_87386417;?;?;normal;2;0;0;0;0;0 - 0;0: 2
2020;2;3;1;6;1;0;QURI;?;00h05;Poissy;uic_87386573;?;?;normal;5;0;0;0;0;0 - 0 - 0 - 0 - 0;0: 5
2020;2;3;1;6;1;0;QURI;?;05h10;Poissy;uic_87386573;?;?;normal;5;0;0;0;0;0 - 0 - 0 - 0 - 0;0: 5
2020;2;3;1;6;1;0;TAPI;?;00h31;Houilles - Carrières-sur-Seine;uic_87386409;?;?;normal;4;0;60;15;0;0 - 1 - 0 - 0;0: 3 - 1: 1
2020;2;3;1;6;1;0;TAXE;?;00h03;Houilles - Carrières-sur-Seine;uic_87386409;?;?;normal;4;0;0;0;0;0 - 0 - 0 - 0;0: 4
2020;2;3;1;6;1;0;TAXE;?;06h35;Houilles - Carrières-sur-Seine;uic_87386409;?;?;normal;4;0;180;105;2;3 - 2 - 2 - 0;0: 1 - 2: 2 - 3: 1
2020;2;3;1;6;1;0;TAXE;?;07h06;Houilles - Carrières-sur-Seine;uic_87386409;?;?;normal;4;0;60;30;30;0 - 0 - 1 - 1;0: 2 - 1: 2
2020;2;3;1;6;1;0;TAXE;?;07h21;Houilles - Carrières-sur-Seine;uic_87386409;?;?;normal;4;0;60;15;0;0 - 1 - 0 - 0;0: 3 - 1: 1
2020;2;3;1;6;1;0;TAXE;?;07h37;Houilles - Carrières-sur-Seine;uic_87386409;?;?;normal;4;0;300;90;30;0 - 0 - 1 - 5;0: 2 - 1: 1 - 5: 1
2020;2;3;1;6;1;0;TAXE;?;07h50;Houilles - Carrières-sur-Seine;uic_87386409;?;?;normal;4;0;60;30;30;0 - 1 - 1 - 0;0: 2 - 1: 2
2020;2;3;1;6;1;0;TAXE;?;08h01;Houilles - Carrières-sur-Seine;uic_87386409;?;?;normal;4;0;60;45;1;1 - 1 - 1 - 0;0: 1 - 1: 3
2020;2;3;1;6;1;0;TAXE;?;08h13;Houilles - Carrières-sur-Seine;uic_87386409;?;?;normal;4;0;60;30;30;0 - 1 - 1 - 0;0: 2 - 1: 2
2020;2;3;1;6;1;0;TAXE;?;08h25;Houilles - Carrières-sur-Seine;uic_87386409;?;?;normal;4;0;60;15;0;0 - 0 - 0 - 1;0: 3 - 1: 1
2020;2;3;1;6;1;0;TAXE;?;08h36;Houilles - Carrières-sur-Seine;uic_87386409;?;?;normal;4;0;300;255;270;4 - 5 - 5 - 3;3: 1 - 4: 1 - 5: 2
2020;2;3;1;6;1;0;TAXE;?;08h48;Houilles - Carrières-sur-Seine;uic_87386409;?;?;normal;4;0;180;120;150;2 - 3 - 3 - 0;0: 1 - 2: 1 - 3: 2
2020;2;3;1;6;1;0;TAXE;?;09h00;Houilles - Carrières-sur-Seine;uic_87386409;?;?;normal;4;0;240;195;4;4 - 4 - 4 - 1;1: 1 - 4: 3
2020;2;3;1;6;1;0;TAXE;?;09h11;Houilles - Carrières-sur-Seine;uic_87386409;?;?;normal;4;0;360;315;6;6 - 6 - 6 - 3;3: 1 - 6: 3
2020;2;3;1;6;1;0;TAXE;?;09h23;Houilles - Carrières-sur-Seine;uic_87386409;?;?;normal;4;0;180;165;3;3 - 3 - 3 - 2;2: 1 - 3: 3
2020;2;3;1;6;1;0;TAXE;?;09h35;Houilles - Carrières-sur-Seine;uic_87386409;?;?;normal;4;0;480;420;450;7 - 8 - 8 - 5;5: 1 - 7: 1 - 8: 2
2020;2;3;1;6;1;0;TAXE;?;09h46;Houilles - Carrières-sur-Seine;uic_87386409;?;?;normal;4;0;540;480;8;8 - 9 - 8 - 7;7: 1 - 8: 2 - 9: 1
2020;2;3;1;6;1;0;TAXE;?;09h58;Houilles - Carrières-sur-Seine;uic_87386409;?;?;normal;4;0;720;480;7;6 - 7 - 7 - 12;6: 1 - 7: 2 - 12: 1
2020;2;3;1;6;1;0;TAXE;?;17h14;Houilles - Carrières-sur-Seine;uic_87386409;?;?;normal;4;0;0;0;0;0 - 0 - 0 - 0;0: 4
2020;2;3;1;6;1;0;TAXE;?;17h26;Houilles - Carrières-sur-Seine;uic_87386409;?;?;normal;4;0;240;195;210;2 - 4 - 4 - 3;2: 1 - 3: 1 - 4: 2
2020;2;3;1;6;1;0;TAXE;?;17h39;Houilles - Carrières-sur-Seine;uic_87386409;?;?;normal;4;0;240;195;210;3 - 4 - 4 - 2;2: 1 - 3: 1 - 4: 2
2020;2;3;1;6;1;0;TAXE;?;17h51;Houilles - Carrières-sur-Seine;uic_87386409;?;?;normal;4;0;240;210;210;3 - 4 - 4 - 3;3: 2 - 4: 2
2020;2;3;1;6;1;0;TAXE;?;18h04;Houilles - Carrières-sur-Seine;uic_87386409;?;?;normal;4;0;240;180;3;3 - 4 - 3 - 2;2: 1 - 3: 2 - 4: 1
2020;2;3;1;6;1;0;TAXE;?;18h16;Houilles - Carrières-sur-Seine;uic_87386409;?;?;normal;4;0;240;225;4;4 - 4 - 4 - 3;3: 1 - 4: 3
2020;2;3;1;6;1;0;TAXE;?;18h29;Houilles - Carrières-sur-Seine;uic_87386409;?;?;normal;4;0;240;195;210;3 - 4 - 4 - 2;2: 1 - 3: 1 - 4: 2
2020;2;3;1;6;1;0;TAXE;?;18h41;Houilles - Carrières-sur-Seine;uic_87386409;?;?;normal;4;0;0;0;0;0 - 0 - 0 - 0;0: 4
2020;2;3;1;6;1;0;TAXE;?;18h54;Houilles - Carrières-sur-Seine;uic_87386409;?;?;normal;4;0;1020;885;870;13 - 14 - 17 - 15;13: 1 - 14: 1 - 15: 1 - 17: 1
2020;2;3;1;6;1;0;TAXE;?;19h06;Houilles - Carrières-sur-Seine;uic_87386409;?;?;normal;4;0;900;840;14;13 - 15 - 14 - 14;13: 1 - 14: 2 - 15: 1
2020;2;3;1;6;1;0;TAXE;?;19h19;Houilles - Carrières-sur-Seine;uic_87386409;?;?;normal;4;0;780;735;750;12 - 13 - 13 - 11;11: 1 - 12: 1 - 13: 2
2020;2;3;1;6;1;0;TAXE;?;19h31;Houilles - Carrières-sur-Seine;uic_87386409;?;?;normal;4;0;480;420;7;6 - 7 - 7 - 8;6: 1 - 7: 2 - 8: 1
2020;2;3;1;6;1;0;TAXE;?;19h44;Houilles - Carrières-sur-Seine;uic_87386409;?;?;normal;4;0;720;675;11;11 - 12 - 11 - 11;11: 3 - 12: 1
2020;2;3;1;6;1;0;TAXE;?;19h56;Houilles - Carrières-sur-Seine;uic_87386409;?;?;normal;4;0;600;570;570;9 - 10 - 10 - 9;9: 2 - 10: 2
2020;2;3;1;6;1;0;TAXE;?;20h17;Houilles - Carrières-sur-Seine;uic_87386409;?;?;normal;4;0;540;510;510;8 - 9 - 9 - 8;8: 2 - 9: 2
2020;2;3;1;6;1;0;TAXE;?;20h38;Houilles - Carrières-sur-Seine;uic_87386409;?;?;normal;4;0;540;390;6;5 - 6 - 6 - 9;5: 1 - 6: 2 - 9: 1
2020;2;3;1;6;1;0;TAXE;?;20h58;Houilles - Carrières-sur-Seine;uic_87386409;?;?;normal;4;0;180;135;2;2 - 2 - 3 - 2;2: 3 - 3: 1
2020;2;3;1;6;1;0;TAXE;?;21h19;Houilles - Carrières-sur-Seine;uic_87386409;?;?;normal;4;0;360;225;4;1 - 5 - 6 - 3;1: 1 - 3: 1 - 5: 1 - 6: 1
2020;2;3;1;6;1;0;TAXE;?;21h38;Houilles - Carrières-sur-Seine;uic_87386409;?;?;normal;4;0;0;0;0;0 - 0 - 0 - 0;0: 4
2020;2;3;1;6;1;0;TAXE;?;22h03;Houilles - Carrières-sur-Seine;uic_87386409;?;?;normal;4;0;180;135;2;2 - 3 - 2 - 2;2: 3 - 3: 1
2020;2;3;1;6;1;0;TAXE;?;22h33;Houilles - Carrières-sur-Seine;uic_87386409;?;?;normal;4;0;0;0;0;0 - 0 - 0 - 0;0: 4
2020;2;3;1;6;1;0;TAXE;?;23h03;Houilles - Carrières-sur-Seine;uic_87386409;?;?;normal;4;0;180;135;2;2 - 3 - 2 - 2;2: 3 - 3: 1
2020;2;3;1;6;1;0;TAXE;?;23h33;Houilles - Carrières-sur-Seine;uic_87386409;?;?;normal;4;0;300;270;270;4 - 5 - 5 - 4;4: 2 - 5: 2
2020;2;3;1;6;1;0;TEDI;?;00h58;Houilles - Carrières-sur-Seine;uic_87386409;?;?;normal;4;0;0;0;0;0 - 0 - 0 - 0;0: 4
2020;2;3;1;6;1;0;TEDI;?;06h11;Houilles - Carrières-sur-Seine;uic_87386409;?;?;normal;4;0;0;0;0;0 - 0 - 0 - 0;0: 4
2020;2;3;1;6;1;0;TRAM;?;15h53;Houilles - Carrières-sur-Seine;uic_87386409;?;?;normal;4;0;480;450;450;7 - 8 - 8 - 7;7: 2 - 8: 2
2020;2;3;1;6;1;0;TRAM;?;16h13;Houilles - Carrières-sur-Seine;uic_87386409;?;?;normal;4;0;120;105;2;2 - 2 - 2 - 1;1: 1 - 2: 3
2020;2;3;1;6;1;0;TRAM;?;16h33;Houilles - Carrières-sur-Seine;uic_87386409;?;?;normal;4;0;120;60;1;1 - 2 - 1 - 0;0: 1 - 1: 2 - 2: 1
2020;2;3;1;6;1;0;TRAM;?;16h54;Houilles - Carrières-sur-Seine;uic_87386409;?;?;normal;4;0;60;15;0;0 - 1 - 0 - 0;0: 3 - 1: 1
2020;2;3;1;6;1;0;TROC;?;06h52;Houilles - Carrières-sur-Seine;uic_87386409;?;?;normal;4;0;120;75;90;1 - 2 - 2 - 0;0: 1 - 1: 1 - 2: 2
2020;2;3;1;6;1;0;TROC;?;10h13;Houilles - Carrières-sur-Seine;uic_87386409;?;?;annule;4;4;0;0;0;;
2020;2;3;1;6;1;0;TROC;?;10h33;Houilles - Carrières-sur-Seine;uic_87386409;?;?;normal;4;0;720;660;690;12 - 12 - 11 - 9;9: 1 - 11: 1 - 12: 2
2020;2;3;1;6;1;0;TROC;?;10h53;Houilles - Carrières-sur-Seine;uic_87386409;?;?;normal;4;0;960;855;14;13 - 14 - 14 - 16;13: 1 - 14: 2 - 16: 1
2020;2;3;1;6;1;0;TROC;?;11h13;Houilles - Carrières-sur-Seine;uic_87386409;?;?;normal;4;0;600;570;570;9 - 10 - 10 - 9;9: 2 - 10: 2
2020;2;3;1;6;1;0;TROC;?;11h33;Houilles - Carrières-sur-Seine;uic_87386409;?;?;annule;4;4;0;0;0;;
2020;2;3;1;6;1;0;TROC;?;11h53;Houilles - Carrières-sur-Seine;uic_87386409;?;?;normal;4;0;120;75;90;1 - 2 - 2 - 0;0: 1 - 1: 1 - 2: 2
2020;2;3;1;6;1;0;TROC;?;12h13;Houilles - Carrières-sur-Seine;uic_87386409;?;?;normal;4;0;60;60;1;1 - 1 - 1 - 1;1: 4
2020;2;3;1;6;1;0;TROC;?;12h33;Houilles - Carrières-sur-Seine;uic_87386409;?;?;normal;4;0;540;480;8;8 - 9 - 8 - 7;7: 1 - 8: 2 - 9: 1
2020;2;3;1;6;1;0;TROC;?;12h53;Houilles - Carrières-sur-Seine;uic_87386409;?;?;normal;4;0;540;525;9;8 - 9 - 9 - 9;8: 1 - 9: 3
2020;2;3;1;6;1;0;TROC;?;13h13;Houilles - Carrières-sur-Seine;uic_87386409;?;?;normal;4;0;0;0;0;0 - 0 - 0 - 0;0: 4
2020;2;3;1;6;1;0;TROC;?;13h33;Houilles - Carrières-sur-Seine;uic_87386409;?;?;normal;4;0;60;15;0;0 - 0 - 1 - 0;0: 3 - 1: 1
2020;2;3;1;6;1;0;TROC;?;13h53;Houilles - Carrières-sur-Seine;uic_87386409;?;?;normal;4;0;0;0;0;0 - 0 - 0 - 0;0: 4
2020;2;3;1;6;1;0;TROC;?;14h13;Houilles - Carrières-sur-Seine;uic_87386409;?;?;normal;4;0;300;255;4;4 - 5 - 4 - 4;4: 3 - 5: 1
2020;2;3;1;6;1;0;TROC;?;14h33;Houilles - Carrières-sur-Seine;uic_87386409;?;?;normal;4;0;60;15;0;0 - 1 - 0 - 0;0: 3 - 1: 1
2020;2;3;1;6;1;0;TROC;?;14h53;Houilles - Carrières-sur-Seine;uic_87386409;?;?;normal;4;0;60;45;1;0 - 1 - 1 - 1;0: 1 - 1: 3
2020;2;3;1;6;1;0;TROC;?;15h13;Houilles - Carrières-sur-Seine;uic_87386409;?;?;normal;4;0;0;0;0;0 - 0 - 0 - 0;0: 4
2020;2;3;1;6;1;0;TROC;?;15h33;Houilles - Carrières-sur-Seine;uic_87386409;?;?;normal;4;0;0;0;0;0 - 0 - 0 - 0;0: 4
2020;2;3;1;6;1;0;UBAL;?;05h56;Houilles - Carrières-sur-Seine;uic_87386409;?;?;normal;8;0;120;105;2;1 - 2 - 1 - 2 - 2 - 2 - 2 - 2;1: 2 - 2: 6
2020;2;3;1;6;1;0;UZAR;?;06h23;Houilles - Carrières-sur-Seine;uic_87386409;?;?;normal;8;0;120;60;1;0 - 1 - 1 - 1 - 1 - 1 - 1 - 2;0: 1 - 1: 6 - 2: 1
2020;2;3;1;6;1;0;UZAR;?;06h40;Houilles - Carrières-sur-Seine;uic_87386409;?;?;normal;8;0;120;75;1;1 - 1 - 1 - 1 - 1 - 2 - 1 - 2;1: 6 - 2: 2
2020;2;3;1;6;1;0;UZAR;?;06h56;Houilles - Carrières-sur-Seine;uic_87386409;?;?;normal;8;0;180;150;150;2 - 2 - 2 - 2 - 3 - 3 - 3 - 3;2: 4 - 3: 4
2020;2;3;1;6;1;0;UZAR;?;07h11;Houilles - Carrières-sur-Seine;uic_87386409;?;?;normal;8;0;240;157;150;2 - 2 - 2 - 2 - 3 - 3 - 3 - 4;2: 4 - 3: 3 - 4: 1
2020;2;3;1;6;1;0;UZAR;?;07h25;Houilles - Carrières-sur-Seine;uic_87386409;?;?;normal;8;0;420;255;330;0 - 1 - 3 - 5 - 6 - 6 - 6 - 7;0: 1 - 1: 1 - 3: 1 - 5: 1 - 6: 3 - 7: 1
2020;2;3;1;6;1;0;UZAR;?;07h46;Houilles - Carrières-sur-Seine;uic_87386409;?;?;normal;8;0;120;45;1;0 - 1 - 0 - 0 - 1 - 1 - 2 - 1;0: 3 - 1: 4 - 2: 1
2020;2;3;1;6;1;0;UZAR;?;07h57;Houilles - Carrières-sur-Seine;uic_87386409;?;?;normal;8;0;180;135;2;1 - 2 - 2 - 2 - 3 - 3 - 2 - 3;1: 1 - 2: 4 - 3: 3
2020;2;3;1;6;1;0;UZAR;?;08h09;Houilles - Carrières-sur-Seine;uic_87386409;?;?;normal;8;0;0;0;0;0 - 0 - 0 - 0 - 0 - 0 - 0 - 0;0: 8
2020;2;3;1;6;1;0;UZAR;?;08h21;Houilles - Carrières-sur-Seine;uic_87386409;?;?;normal;8;0;60;22;0;0 - 1 - 0 - 1 - 0 - 0 - 0 - 1;0: 5 - 1: 3
2020;2;3;1;6;1;0;UZAR;?;08h32;Houilles - Carrières-sur-Seine;uic_87386409;?;?;normal;8;0;360;315;5;4 - 6 - 5 - 5 - 6 - 5 - 5 - 6;4: 1 - 5: 4 - 6: 3
2020;2;3;1;6;1;0;UZAR;?;08h44;Houilles - Carrières-sur-Seine;uic_87386409;?;?;normal;8;0;240;210;210;3 - 3 - 3 - 3 - 4 - 4 - 4 - 4;3: 4 - 4: 4
2020;2;3;1;6;1;0;UZAR;?;08h56;Houilles - Carrières-sur-Seine;uic_87386409;?;?;normal;8;0;240;157;3;2 - 2 - 1 - 3 - 3 - 3 - 3 - 4;1: 1 - 2: 2 - 3: 4 - 4: 1
2020;2;3;1;6;1;0;UZAR;?;09h07;Houilles - Carrières-sur-Seine;uic_87386409;?;?;normal;8;0;300;262;270;3 - 4 - 4 - 5 - 5 - 5 - 4 - 5;3: 1 - 4: 3 - 5: 4
2020;2;3;1;6;1;0;UZAR;?;09h19;Houilles - Carrières-sur-Seine;uic_87386409;?;?;normal;8;0;180;142;2;2 - 2 - 2 - 2 - 3 - 3 - 3 - 2;2: 5 - 3: 3
2020;2;3;1;6;1;0;UZAR;?;09h31;Houilles - Carrières-sur-Seine;uic_87386409;?;?;normal;8;0;300;262;4;4 - 5 - 4 - 5 - 4 - 4 - 4 - 5;4: 5 - 5: 3
2020;2;3;1;6;1;0;UZAR;?;09h42;Houilles - Carrières-sur-Seine;uic_87386409;?;?;normal;8;0;540;517;9;9 - 9 - 9 - 9 - 9 - 8 - 8 - 8;8: 3 - 9: 5
2020;2;3;1;6;1;0;UZAR;?;09h54;Houilles - Carrières-sur-Seine;uic_87386409;?;?;normal;8;0;540;517;9;7 - 8 - 9 - 9 - 9 - 9 - 9 - 9;7: 1 - 8: 1 - 9: 6
2020;2;3;1;6;1;0;UZAR;?;10h07;Houilles - Carrières-sur-Seine;uic_87386409;?;?;normal;8;0;300;240;270;2 - 2 - 4 - 5 - 5 - 4 - 5 - 5;2: 2 - 4: 2 - 5: 4
2020;2;3;1;6;1;0;UZAR;?;10h18;Houilles - Carrières-sur-Seine;uic_87386409;?;?;normal;8;0;540;427;450;5 - 6 - 6 - 7 - 8 - 8 - 9 - 8;5: 1 - 6: 2 - 7: 1 - 8: 3 - 9: 1
2020;2;3;1;6;1;0;UZAR;?;10h27;Houilles - Carrières-sur-Seine;uic_87386409;?;?;normal;8;0;240;232;4;4 - 4 - 3 - 4 - 4 - 4 - 4 - 4;3: 1 - 4: 7
2020;2;3;1;6;1;0;UZAR;?;10h38;Houilles - Carrières-sur-Seine;uic_87386409;?;?;normal;8;0;1140;1065;18;17 - 17 - 17 - 18 - 18 - 18 - 19 - 18;17: 3 - 18: 4 - 19: 1
2020;2;3;1;6;1;0;UZAR;?;10h47;Houilles - Carrières-sur-Seine;uic_87386409;?;?;normal;8;0;900;840;14;14 - 13 - 13 - 14 - 15 - 14 - 15 - 14;13: 2 - 14: 4 - 15: 2
2020;2;3;1;6;1;0;UZAR;?;10h58;Houilles - Carrières-sur-Seine;uic_87386409;?;?;normal;8;0;960;885;15;14 - 14 - 13 - 15 - 15 - 15 - 16 - 16;13: 1 - 14: 2 - 15: 3 - 16: 2
2020;2;3;1;6;1;0;UZAR;?;11h07;Houilles - Carrières-sur-Seine;uic_87386409;?;?;normal;8;0;720;690;12;12 - 12 - 10 - 11 - 12 - 11 - 12 - 12;10: 1 - 11: 2 - 12: 5
2020;2;3;1;6;1;0;UZAR;?;11h18;Houilles - Carrières-sur-Seine;uic_87386409;?;?;normal;8;0;780;570;9;8 - 10 - 8 - 9 - 9 - 9 - 10 - 13;8: 2 - 9: 3 - 10: 2 - 13: 1
2020;2;3;1;6;1;0;UZAR;?;11h27;Houilles - Carrières-sur-Seine;uic_87386409;?;?;normal;8;0;420;232;3;4 - 3 - 1 - 3 - 3 - 3 - 7 - 7;1: 1 - 3: 4 - 4: 1 - 7: 2
2020;2;3;1;6;1;0;UZAR;?;11h38;Houilles - Carrières-sur-Seine;uic_87386409;?;?;normal;8;0;480;435;7;7 - 8 - 6 - 7 - 8 - 7 - 8 - 7;6: 1 - 7: 4 - 8: 3
2020;2;3;1;6;1;0;UZAR;?;11h47;Houilles - Carrières-sur-Seine;uic_87386409;?;?;annule;8;8;0;0;0;;
2020;2;3;1;6;1;0;UZAR;?;11h58;Houilles - Carrières-sur-Seine;uic_87386409;?;?;normal;8;0;60;45;1;1 - 1 - 0 - 1 - 1 - 0 - 1 - 1;0: 2 - 1: 6
2020;2;3;1;6;1;0;UZAR;?;12h07;Houilles - Carrières-sur-Seine;uic_87386409;?;?;normal;8;0;120;45;30;0 - 0 - 0 - 0 - 1 - 1 - 2 - 2;0: 4 - 1: 2 - 2: 2
2020;2;3;1;6;1;0;UZAR;?;12h18;Houilles - Carrières-sur-Seine;uic_87386409;?;?;normal;8;0;60;30;30;0 - 1 - 0 - 1 - 1 - 0 - 1 - 0;0: 4 - 1: 4
2020;2;3;1;6;1;0;UZAR;?;12h27;Houilles - Carrières-sur-Seine;uic_87386409;?;?;normal;8;0;60;7;0;0 - 0 - 0 - 0 - 0 - 0 - 0 - 1;0: 7 - 1: 1
2020;2;3;1;6;1;0;UZAR;?;12h38;Houilles - Carrières-sur-Seine;uic_87386409;?;?;normal;8;0;300;202;270;0 - 0 - 3 - 5 - 5 - 4 - 5 - 5;0: 2 - 3: 1 - 4: 1 - 5: 4
2020;2;3;1;6;1;0;UZAR;?;12h47;Houilles - Carrières-sur-Seine;uic_87386409;?;?;normal;8;0;120;105;2;2 - 2 - 1 - 2 - 2 - 1 - 2 - 2;1: 2 - 2: 6
2020;2;3;1;6;1;0;UZAR;?;12h58;Houilles - Carrières-sur-Seine;uic_87386409;?;?;normal;8;0;180;127;2;1 - 2 - 1 - 2 - 3 - 2 - 3 - 3;1: 2 - 2: 3 - 3: 3
2020;2;3;1;6;1;0;UZAR;?;13h07;Houilles - Carrières-sur-Seine;uic_87386409;?;?;normal;8;0;300;202;210;2 - 2 - 2 - 3 - 4 - 4 - 5 - 5;2: 3 - 3: 1 - 4: 2 - 5: 2
2020;2;3;1;6;1;0;UZAR;?;13h18;Houilles - Carrières-sur-Seine;uic_87386409;?;?;normal;8;0;180;112;3;0 - 0 - 0 - 3 - 3 - 3 - 3 - 3;0: 3 - 3: 5
2020;2;3;1;6;1;0;UZAR;?;13h27;Houilles - Carrières-sur-Seine;uic_87386409;?;?;normal;8;0;0;0;0;0 - 0 - 0 - 0 - 0 - 0 - 0 - 0;0: 8
2020;2;3;1;6;1;0;UZAR;?;13h38;Houilles - Carrières-sur-Seine;uic_87386409;?;?;normal;8;0;180;150;3;2 - 3 - 1 - 3 - 3 - 2 - 3 - 3;1: 1 - 2: 2 - 3: 5
2020;2;3;1;6;1;0;UZAR;?;13h47;Houilles - Carrières-sur-Seine;uic_87386409;?;?;normal;8;0;120;67;90;0 - 0 - 0 - 2 - 2 - 1 - 2 - 2;0: 3 - 1: 1 - 2: 4
2020;2;3;1;6;1;0;UZAR;?;13h58;Houilles - Carrières-sur-Seine;uic_87386409;?;?;normal;8;0;120;67;1;0 - 1 - 0 - 1 - 2 - 1 - 2 - 2;0: 2 - 1: 3 - 2: 3
2020;2;3;1;6;1;0;UZAR;?;14h07;Houilles - Carrières-sur-Seine;uic_87386409;?;?;normal;8;0;180;127;2;2 - 1 - 2 - 2 - 3 - 2 - 3 - 2;1: 1 - 2: 5 - 3: 2
2020;2;3;1;6;1;0;UZAR;?;14h18;Houilles - Carrières-sur-Seine;uic_87386409;?;?;normal;8;0;180;157;3;3 - 3 - 2 - 3 - 3 - 2 - 3 - 2;2: 3 - 3: 5
2020;2;3;1;6;1;0;UZAR;?;14h27;Houilles - Carrières-sur-Seine;uic_87386409;?;?;normal;8;0;120;60;1;2 - 2 - 0 - 1 - 1 - 1 - 1 - 0;0: 2 - 1: 4 - 2: 2
2020;2;3;1;6;1;0;UZAR;?;14h38;Houilles - Carrières-sur-Seine;uic_87386409;?;?;normal;8;0;60;30;30;0 - 1 - 0 - 1 - 1 - 0 - 1 - 0;0: 4 - 1: 4
2020;2;3;1;6;1;0;UZAR;?;14h47;Houilles - Carrières-sur-Seine;uic_87386409;?;?;normal;8;0;60;22;0;0 - 0 - 0 - 0 - 1 - 0 - 1 - 1;0: 5 - 1: 3
2020;2;3;1;6;1;0;UZAR;?;14h58;Houilles - Carrières-sur-Seine;uic_87386409;?;?;normal;8;0;180;90;90;0 - 1 - 0 - 1 - 2 - 2 - 3 - 3;0: 2 - 1: 2 - 2: 2 - 3: 2
2020;2;3;1;6;1;0;UZAR;?;15h07;Houilles - Carrières-sur-Seine;uic_87386409;?;?;normal;8;0;60;15;0;0 - 0 - 0 - 0 - 0 - 0 - 1 - 1;0: 6 - 1: 2
2020;2;3;1;6;1;0;UZAR;?;15h18;Houilles - Carrières-sur-Seine;uic_87386409;?;?;normal;8;0;60;15;0;0 - 0 - 0 - 0 - 1 - 0 - 1 - 0;0: 6 - 1: 2
2020;2;3;1;6;1;0;UZEL;?;15h47;Houilles - Carrières-sur-Seine;uic_87386409;?;?;normal;8;0;60;7;0;0 - 0 - 0 - 0 - 0 - 0 - 1 - 0;0: 7 - 1: 1
2020;2;3;1;6;1;0;UZEL;?;15h58;Houilles - Carrières-sur-Seine;uic_87386409;?;?;normal;8;0;1140;817;810;11 - 12 - 12 - 13 - 14 - 14 - 14 - 19;11: 1 - 12: 2 - 13: 1 - 14: 3 - 19: 1
2020;2;3;1;6;1;0;UZEL;?;16h07;Houilles - Carrières-sur-Seine;uic_87386409;?;?;normal;8;0;780;472;8;5 - 6 - 1 - 8 - 9 - 8 - 13 - 13;1: 1 - 5: 1 - 6: 1 - 8: 2 - 9: 1 - 13: 2
2020;2;3;1;6;1;0;UZEL;?;16h18;Houilles - Carrières-sur-Seine;uic_87386409;?;?;normal;8;0;840;570;750;2 - 3 - 5 - 12 - 13 - 13 - 14 - 14;2: 1 - 3: 1 - 5: 1 - 12: 1 - 13: 2 - 14: 2
2020;2;3;1;6;1;0;UZEL;?;16h26;Houilles - Carrières-sur-Seine;uic_87386409;?;?;normal;8;0;660;412;9;0 - 1 - 6 - 9 - 9 - 9 - 10 - 11;0: 1 - 1: 1 - 6: 1 - 9: 3 - 10: 1 - 11: 1
2020;2;3;1;6;1;0;UZEL;?;16h38;Houilles - Carrières-sur-Seine;uic_87386409;?;?;normal;8;0;480;270;5;0 - 1 - 4 - 5 - 5 - 5 - 8 - 8;0: 1 - 1: 1 - 4: 1 - 5: 3 - 8: 2
2020;2;3;1;6;1;0;UZEL;?;16h46;Houilles - Carrières-sur-Seine;uic_87386409;?;?;normal;8;0;420;202;3;0 - 0 - 2 - 3 - 3 - 6 - 7 - 6;0: 2 - 2: 1 - 3: 2 - 6: 2 - 7: 1
2020;2;3;1;6;1;0;UZEL;?;16h59;Houilles - Carrières-sur-Seine;uic_87386409;?;?;normal;8;0;180;97;2;0 - 1 - 0 - 2 - 3 - 2 - 3 - 2;0: 2 - 1: 1 - 2: 3 - 3: 2
2020;2;3;1;6;1;0;UZEL;?;17h05;Houilles - Carrières-sur-Seine;uic_87386409;?;?;normal;8;0;60;22;0;0 - 0 - 0 - 0 - 0 - 1 - 1 - 1;0: 5 - 1: 3
2020;2;3;1;6;1;0;UZEL;?;17h18;Houilles - Carrières-sur-Seine;uic_87386409;?;?;normal;8;0;240;150;3;1 - 2 - 1 - 3 - 3 - 3 - 3 - 4;1: 2 - 2: 1 - 3: 4 - 4: 1
2020;2;3;1;6;1;0;UZEL;?;17h30;Houilles - Carrières-sur-Seine;uic_87386409;?;?;normal;8;0;420;247;210;2 - 3 - 3 - 3 - 4 - 5 - 6 - 7;2: 1 - 3: 3 - 4: 1 - 5: 1 - 6: 1 - 7: 1
2020;2;3;1;6;1;0;UZEL;?;17h43;Houilles - Carrières-sur-Seine;uic_87386409;?;?;normal;8;0;240;172;3;1 - 3 - 2 - 3 - 4 - 3 - 3 - 4;1: 1 - 2: 1 - 3: 4 - 4: 2
2020;2;3;1;6;1;0;UZEL;?;17h55;Houilles - Carrières-sur-Seine;uic_87386409;?;?;normal;8;0;420;300;5;3 - 4 - 4 - 5 - 5 - 6 - 6 - 7;3: 1 - 4: 2 - 5: 2 - 6: 2 - 7: 1
2020;2;3;1;6;1;0;UZEL;?;18h08;Houilles - Carrières-sur-Seine;uic_87386409;?;?;normal;8;0;240;165;3;1 - 2 - 2 - 3 - 4 - 3 - 3 - 4;1: 1 - 2: 2 - 3: 3 - 4: 2
2020;2;3;1;6;1;0;UZEL;?;18h20;Houilles - Carrières-sur-Seine;uic_87386409;?;?;normal;8;0;420;315;5;4 - 5 - 4 - 5 - 5 - 6 - 6 - 7;4: 2 - 5: 3 - 6: 2 - 7: 1
2020;2;3;1;6;1;0;UZEL;?;18h33;Houilles - Carrières-sur-Seine;uic_87386409;?;?;normal;8;0;240;180;3;1 - 3 - 2 - 4 - 4 - 3 - 3 - 4;1: 1 - 2: 1 - 3: 3 - 4: 3
2020;2;3;1;6;1;0;UZEL;?;18h45;Houilles - Carrières-sur-Seine;uic_87386409;?;?;normal;8;0;1440;1245;1230;17 - 18 - 19 - 20 - 21 - 23 - 24 - 24;17: 1 - 18: 1 - 19: 1 - 20: 1 - 21: 1 - 23: 1 - 24: 2
2020;2;3;1;6;1;0;UZEL;?;18h58;Houilles - Carrières-sur-Seine;uic_87386409;?;?;normal;8;0;1140;1035;18;14 - 16 - 16 - 18 - 19 - 18 - 18 - 19;14: 1 - 16: 2 - 18: 3 - 19: 2
2020;2;3;1;6;1;0;UZEL;?;19h10;Houilles - Carrières-sur-Seine;uic_87386409;?;?;normal;8;0;1200;1140;1170;16 - 18 - 19 - 19 - 20 - 20 - 20 - 20;16: 1 - 18: 1 - 19: 2 - 20: 4
2020;2;3;1;6;1;0;UZEL;?;19h23;Houilles - Carrières-sur-Seine;uic_87386409;?;?;normal;8;0;900;765;13;10 - 12 - 11 - 13 - 14 - 13 - 14 - 15;10: 1 - 11: 1 - 12: 1 - 13: 2 - 14: 2 - 15: 1
2020;2;3;1;6;1;0;UZEL;?;19h35;Houilles - Carrières-sur-Seine;uic_87386409;?;?;normal;8;0;900;810;810;11 - 12 - 13 - 13 - 14 - 15 - 15 - 15;11: 1 - 12: 1 - 13: 2 - 14: 1 - 15: 3
2020;2;3;1;6;1;0;UZEL;?;19h48;Houilles - Carrières-sur-Seine;uic_87386409;?;?;normal;8;0;960;900;930;13 - 14 - 14 - 15 - 16 - 16 - 16 - 16;13: 1 - 14: 2 - 15: 1 - 16: 4
2020;2;3;1;6;1;0;UZEL;?;20h00;Houilles - Carrières-sur-Seine;uic_87386409;?;?;normal;8;0;660;562;9;9 - 9 - 9 - 9 - 9 - 10 - 9 - 11;9: 6 - 10: 1 - 11: 1
2020;2;3;1;6;1;0;UZEL;?;20h10;Houilles - Carrières-sur-Seine;uic_87386409;?;?;normal;8;0;720;562;570;7 - 7 - 8 - 9 - 10 - 11 - 11 - 12;7: 2 - 8: 1 - 9: 1 - 10: 1 - 11: 2 - 12: 1
2020;2;3;1;6;1;0;UZEL;?;20h28;Houilles - Carrières-sur-Seine;uic_87386409;?;?;normal;8;0;660;577;570;8 - 9 - 9 - 9 - 10 - 11 - 10 - 11;8: 1 - 9: 3 - 10: 2 - 11: 2
2020;2;3;1;6;1;0;UZEL;?;20h49;Houilles - Carrières-sur-Seine;uic_87386409;?;?;normal;8;0;960;712;15;2 - 4 - 13 - 15 - 15 - 15 - 15 - 16;2: 1 - 4: 1 - 13: 1 - 15: 4 - 16: 1
2020;2;3;1;6;1;0;UZEL;?;21h08;Houilles - Carrières-sur-Seine;uic_87386409;?;?;normal;8;0;1020;690;13;5 - 5 - 10 - 12 - 14 - 15 - 14 - 17;5: 2 - 10: 1 - 12: 1 - 14: 2 - 15: 1 - 17: 1
2020;2;3;1;6;1;0;UZEL;?;21h28;Houilles - Carrières-sur-Seine;uic_87386409;?;?;normal;8;0;120;82;90;0 - 1 - 1 - 1 - 2 - 2 - 2 - 2;0: 1 - 1: 3 - 2: 4
2020;2;3;1;6;1;0;UZEL;?;21h49;Houilles - Carrières-sur-Seine;uic_87386409;?;?;normal;8;0;300;255;5;3 - 3 - 3 - 5 - 5 - 5 - 5 - 5;3: 3 - 5: 5
2020;2;3;1;6;1;0;UZIN;?;15h27;Houilles - Carrières-sur-Seine;uic_87386409;?;?;normal;8;0;0;0;0;0 - 0 - 0 - 0 - 0 - 0 - 0 - 0;0: 8
2020;2;3;1;6;1;0;UZIN;?;15h38;Houilles - Carrières-sur-Seine;uic_87386409;?;?;normal;8;0;60;30;30;0 - 1 - 0 - 0 - 1 - 0 - 1 - 1;0: 4 - 1: 4
2020;2;3;1;6;1;0;VELO;?;00h18;Houilles - Carrières-sur-Seine;uic_87386409;?;?;normal;1;0;0;0;0;0;0: 1
2020;2;3;1;6;1;0;VELO;?;22h18;Houilles - Carrières-sur-Seine;uic_87386409;?;?;normal;1;0;360;360;360;6;6: 1
2020;2;3;1;6;1;0;VELO;?;22h48;Houilles - Carrières-sur-Seine;uic_87386409;?;?;normal;1;0;0;0;0;0;0: 1
2020;2;3;1;6;1;0;VELO;?;23h18;Houilles - Carrières-sur-Seine;uic_87386409;?;?;normal;1;0;0;0;0;0;0: 1
2020;2;3;1;6;1;0;VELO;?;23h48;Houilles - Carrières-sur-Seine;uic_87386409;?;?;normal;1;0;120;120;120;2;2: 1
2020;2;3;1;6;1;0;VIDA;?;00h44;Houilles - Carrières-sur-Seine;uic_87386409;?;?;normal;1;0;0;0;0;0;0: 1
2020;2;3;1;6;1;0;VIRO;?;01h13;Houilles - Carrières-sur-Seine;uic_87386409;?;?;normal;1;0;0;0;0;0;0: 1
2020;2;4;2;6;1;0;NAJA;?;22h28;Sartrouville;uic_87386417;?;?;normal;2;0;0;0;0;0 - 0;0: 2
2020;2;4;2;6;1;0;NAJA;?;22h58;Sartrouville;uic_87386417;?;?;normal;2;0;120;120;2;2 - 2;2: 2
2020;2;4;2;6;1;0;NAJA;?;23h28;Sartrouville;uic_87386417;?;?;normal;2;0;120;120;2;2 - 2;2: 2
2020;2;4;2;6;1;0;NANI;?;14h13;Cergy le Haut;uic_87382655;?;?;normal;9;0;0;0;0;0 - 0 - 0 - 0 - 0 - 0 - 0 - 0 - 0;0: 9
2020;2;4;2;6;1;0;NANI;?;14h23;Cergy le Haut;uic_87382655;?;?;normal;9;0;120;73;60;0 - 0 - 1 - 1 - 1 - 2 - 2 - 2 - 2;0: 2 - 1: 3 - 2: 4
2020;2;4;2;6;1;0;NANI;?;14h33;Cergy le Haut;uic_87382655;?;?;normal;9;0;60;6;0;0 - 0 - 0 - 0 - 0 - 1 - 0 - 0 - 0;0: 8 - 1: 1
2020;2;4;2;6;1;0;NANI;?;14h43;Cergy le Haut;uic_87382655;?;?;normal;9;0;180;73;60;0 - 0 - 0 - 1 - 1 - 3 - 2 - 2 - 2;0: 3 - 1: 2 - 2: 3 - 3: 1
2020;2;4;2;6;1;0;NANI;?;14h53;Cergy le Haut;uic_87382655;?;?;normal;9;0;0;0;0;0 - 0 - 0 - 0 - 0 - 0 - 0 - 0 - 0;0: 9
2020;2;4;2;6;1;0;NANI;?;15h03;Cergy le Haut;uic_87382655;?;?;normal;9;0;0;0;0;0 - 0 - 0 - 0 - 0 - 0 - 0 - 0 - 0;0: 9
2020;2;4;2;6;1;0;NANI;?;15h13;Cergy le Haut;uic_87382655;?;?;normal;9;0;0;0;0;0 - 0 - 0 - 0 - 0 - 0 - 0 - 0 - 0;0: 9
2020;2;4;2;6;1;0;NANI;?;15h23;Cergy le Haut;uic_87382655;?;?;normal;9;0;0;0;0;0 - 0 - 0 - 0 - 0 - 0 - 0 - 0 - 0;0: 9
2020;2;4;2;6;1;0;NANI;?;15h33;Cergy le Haut;uic_87382655;?;?;normal;9;0;0;0;0;0 - 0 - 0 - 0 - 0 - 0 - 0 - 0 - 0;0: 9
2020;2;4;2;6;1;0;NANI;?;15h43;Cergy le Haut;uic_87382655;?;?;normal;9;0;60;6;0;0 - 0 - 0 - 0 - 0 - 0 - 0 - 0 - 1;0: 8 - 1: 1
2020;2;4;2;6;1;0;NANI;?;15h53;Cergy le Haut;uic_87382655;?;?;normal;9;0;60;20;0;0 - 0 - 0 - 0 - 0 - 1 - 1 - 1 - 0;0: 6 - 1: 3
2020;2;4;2;6;1;0;NANI;?;16h03;Cergy le Haut;uic_87382655;?;?;normal;9;0;0;0;0;0 - 0 - 0 - 0 - 0 - 0 - 0 - 0 - 0;0: 9
2020;2;4;2;6;1;0;NANI;?;16h13;Cergy le Haut;uic_87382655;?;?;normal;9;0;120;53;60;1 - 1 - 2 - 1 - 1 - 1 - 0 - 1 - 0;0: 2 - 1: 6 - 2: 1
2020;2;4;2;6;1;0;NANI;?;16h24;Cergy le Haut;uic_87382655;?;?;normal;9;0;180;80;60;0 - 0 - 1 - 1 - 1 - 2 - 2 - 2 - 3;0: 2 - 1: 3 - 2: 3 - 3: 1
2020;2;4;2;6;1;0;NANI;?;16h36;Cergy le Haut;uic_87382655;?;?;normal;9;0;60;20;0;0 - 0 - 0 - 0 - 1 - 1 - 1 - 0 - 0;0: 6 - 1: 3
2020;2;4;2;6;1;0;NANI;?;16h49;Cergy le Haut;uic_87382655;?;?;normal;9;0;180;66;60;0 - 0 - 0 - 0 - 1 - 2 - 2 - 2 - 3;0: 4 - 1: 1 - 2: 3 - 3: 1
2020;2;4;2;6;1;0;NANI;?;17h01;Cergy le Haut;uic_87382655;?;?;normal;9;0;60;20;0;0 - 1 - 0 - 0 - 1 - 1 - 0 - 0 - 0;0: 6 - 1: 3
2020;2;4;2;6;1;0;NANI;?;17h14;Cergy le Haut;uic_87382655;?;?;normal;9;0;120;53;60;0 - 0 - 1 - 1 - 1 - 1 - 1 - 1 - 2;0: 2 - 1: 6 - 2: 1
2020;2;4;2;6;1;0;NANI;?;17h26;Cergy le Haut;uic_87382655;?;?;normal;9;0;300;226;240;2 - 3 - 3 - 4 - 4 - 5 - 5 - 4 - 4;2: 1 - 3: 2 - 4: 4 - 5: 2
2020;2;4;2;6;1;0;NANI;?;17h39;Cergy le Haut;uic_87382655;?;?;normal;9;0;120;86;60;1 - 1 - 2 - 1 - 1 - 2 - 1 - 2 - 2;1: 5 - 2: 4
2020;2;4;2;6;1;0;NANI;?;17h51;Cergy le Haut;uic_87382655;?;?;normal;9;0;120;33;0;0 - 1 - 0 - 0 - 1 - 2 - 1 - 0 - 0;0: 5 - 1: 3 - 2: 1
2020;2;4;2;6;1;0;NANI;?;18h04;Cergy le Haut;uic_87382655;?;?;normal;9;0;60;6;0;0 - 0 - 0 - 0 - 0 - 1 - 0 - 0 - 0;0: 8 - 1: 1
2020;2;4;2;6;1;0;NANI;?;18h16;Cergy le Haut;uic_87382655;?;?;normal;9;0;60;20;0;0 - 0 - 0 - 0 - 1 - 1 - 1 - 0 - 0;0: 6 - 1: 3
2020;2;4;2;6;1;0;NANI;?;18h29;Cergy le Haut;uic_87382655;?;?;normal;9;0;60;13;0;0 - 0 - 0 - 0 - 0 - 1 - 0 - 0 - 1;0: 7 - 1: 2
2020;2;4;2;6;1;0;NANI;?;18h41;Cergy le Haut;uic_87382655;?;?;normal;9;0;420;180;60;0 - 0 - 0 - 0 - 1 - 7 - 7 - 6 - 6;0: 4 - 1: 1 - 6: 2 - 7: 2
2020;2;4;2;6;1;0;NANI;?;18h54;Cergy le Haut;uic_87382655;?;?;normal;9;0;240;93;60;0 - 0 - 1 - 0 - 0 - 4 - 3 - 3 - 3;0: 4 - 1: 1 - 3: 3 - 4: 1
2020;2;4;2;6;1;0;NANI;?;19h06;Cergy le Haut;uic_87382655;?;?;normal;9;0;540;399;420;5 - 6 - 5 - 5 - 7 - 7 - 7 - 9 - 9;5: 3 - 6: 1 - 7: 3 - 9: 2
2020;2;4;2;6;1;0;NANI;?;19h20;Cergy le Haut;uic_87382655;?;?;normal;9;0;420;253;180;2 - 2 - 1 - 3 - 3 - 7 - 7 - 7 - 6;1: 1 - 2: 2 - 3: 2 - 6: 1 - 7: 3
2020;2;4;2;6;1;0;NANI;?;19h39;Cergy le Haut;uic_87382655;?;?;normal;9;0;60;26;0;0 - 0 - 0 - 0 - 0 - 1 - 1 - 1 - 1;0: 5 - 1: 4
2020;2;4;2;6;1;0;NANI;?;20h05;Cergy le Haut;uic_87382655;?;?;normal;9;0;60;6;0;0 - 0 - 0 - 0 - 0 - 1 - 0 - 0 - 0;0: 8 - 1: 1
2020;2;4;2;6;1;0;NANI;?;20h35;Cergy le Haut;uic_87382655;?;?;normal;9;0;180;66;0;0 - 0 - 0 - 0 - 0 - 3 - 2 - 2 - 3;0: 5 - 2: 2 - 3: 2
2020;2;4;2;6;1;0;NANI;?;21h05;Cergy le Haut;uic_87382655;?;?;normal;9;0;0;0;0;0 - 0 - 0 - 0 - 0 - 0 - 0 - 0 - 0;0: 9
2020;2;4;2;6;1;0;NANI;?;21h33;Cergy le Haut;uic_87382655;?;?;normal;9;0;0;0;0;0 - 0 - 0 - 0 - 0 - 0 - 0 - 0 - 0;0: 9
2020;2;4;2;6;1;0;NATO;?;05h12;Cergy le Haut;uic_87382655;?;?;normal;9;0;60;13;0;0 - 0 - 0 - 0 - 0 - 1 - 0 - 0 - 1;0: 7 - 1: 2
2020;2;4;2;6;1;0;NATO;?;05h42;Cergy le Haut;uic_87382655;?;?;normal;9;0;0;0;0;0 - 0 - 0 - 0 - 0 - 0 - 0 - 0 - 0;0: 9
2020;2;4;2;6;1;0;NATO;?;05h57;Cergy le Haut;uic_87382655;?;?;normal;9;0;0;0;0;0 - 0 - 0 - 0 - 0 - 0 - 0 - 0 - 0;0: 9
2020;2;4;2;6;1;0;NATO;?;06h12;Cergy le Haut;uic_87382655;?;?;normal;9;0;60;6;0;0 - 0 - 0 - 0 - 0 - 1 - 0 - 0 - 0;0: 8 - 1: 1
2020;2;4;2;6;1;0;NATO;?;06h27;Cergy le Haut;uic_87382655;?;?;normal;9;0;0;0;0;0 - 0 - 0 - 0 - 0 - 0 - 0 - 0 - 0;0: 9
2020;2;4;2;6;1;0;NATO;?;06h42;Cergy le Haut;uic_87382655;?;?;normal;9;0;180;93;120;0 - 0 - 1 - 1 - 2 - 2 - 2 - 3 - 3;0: 2 - 1: 2 - 2: 3 - 3: 2
2020;2;4;2;6;1;0;NATO;?;06h51;Cergy le Haut;uic_87382655;?;?;normal;9;0;120;80;60;0 - 1 - 1 - 1 - 1 - 2 - 2 - 2 - 2;0: 1 - 1: 4 - 2: 4
2020;2;4;2;6;1;0;NATO;?;07h03;Cergy le Haut;uic_87382655;?;?;normal;9;0;60;6;0;0 - 0 - 0 - 0 - 0 - 0 - 0 - 0 - 1;0: 8 - 1: 1
2020;2;4;2;6;1;0;NATO;?;07h14;Cergy le Haut;uic_87382655;?;?;normal;9;0;60;6;0;0 - 0 - 0 - 0 - 0 - 1 - 0 - 0 - 0;0: 8 - 1: 1
2020;2;4;2;6;1;0;NATO;?;07h26;Cergy le Haut;uic_87382655;?;?;normal;9;0;120;26;0;0 - 0 - 0 - 0 - 0 - 2 - 1 - 1 - 0;0: 6 - 1: 2 - 2: 1
2020;2;4;2;6;1;0;NATO;?;07h38;Cergy le Haut;uic_87382655;?;?;normal;9;0;300;246;240;4 - 4 - 5 - 4 - 4 - 4 - 3 - 4 - 5;3: 1 - 4: 6 - 5: 2
2020;2;4;2;6;1;0;NATO;?;07h49;Cergy le Haut;uic_87382655;?;?;normal;9;0;360;146;60;0 - 0 - 1 - 1 - 0 - 5 - 5 - 4 - 6;0: 3 - 1: 2 - 4: 1 - 5: 2 - 6: 1
2020;2;4;2;6;1;0;NATO;?;08h01;Cergy le Haut;uic_87382655;?;?;normal;9;0;60;26;0;0 - 0 - 0 - 0 - 0 - 1 - 1 - 1 - 1;0: 5 - 1: 4
2020;2;4;2;6;1;0;NATO;?;08h13;Cergy le Haut;uic_87382655;?;?;normal;9;0;180;53;60;0 - 0 - 1 - 0 - 0 - 1 - 1 - 2 - 3;0: 4 - 1: 3 - 2: 1 - 3: 1
2020;2;4;2;6;1;0;NATO;?;08h24;Cergy le Haut;uic_87382655;?;?;normal;9;0;60;13;0;0 - 0 - 0 - 0 - 0 - 1 - 0 - 0 - 1;0: 7 - 1: 2
2020;2;4;2;6;1;0;NATO;?;08h36;Cergy le Haut;uic_87382655;?;?;normal;9;0;0;0;0;0 - 0 - 0 - 0 - 0 - 0 - 0 - 0 - 0;0: 9
2020;2;4;2;6;1;0;NATO;?;08h48;Cergy le Haut;uic_87382655;?;?;normal;9;0;180;113;120;1 - 1 - 2 - 1 - 1 - 3 - 3 - 3 - 2;1: 4 - 2: 2 - 3: 3
2020;2;4;2;6;1;0;NATO;?;09h03;Cergy le Haut;uic_87382655;?;?;normal;9;0;60;46;60;1 - 0 - 1 - 1 - 1 - 1 - 1 - 0 - 1;0: 2 - 1: 7
2020;2;4;2;6;1;0;NATO;?;09h14;Cergy le Haut;uic_87382655;?;?;normal;9;0;300;106;0;0 - 0 - 0 - 0 - 0 - 5 - 4 - 3 - 4;0: 5 - 3: 1 - 4: 2 - 5: 1
2020;2;4;2;6;1;0;NATO;?;09h23;Cergy le Haut;uic_87382655;?;?;normal;9;0;60;6;0;0 - 0 - 0 - 0 - 0 - 1 - 0 - 0 - 0;0: 8 - 1: 1
2020;2;4;2;6;1;0;NATO;?;09h33;Cergy le Haut;uic_87382655;?;?;normal;9;0;0;0;0;0 - 0 - 0 - 0 - 0 - 0 - 0 - 0 - 0;0: 9
2020;2;4;2;6;1;0;NATO;?;09h47;Cergy le Haut;uic_87382655;?;?;normal;9;0;120;53;0;0 - 0 - 0 - 0 - 0 - 2 - 2 - 2 - 2;0: 5 - 2: 4
2020;2;4;2;6;1;0;NATO;?;09h55;Cergy le Haut;uic_87382655;?;?;normal;9;0;420;180;60;0 - 0 - 1 - 1 - 0 - 6 - 6 - 6 - 7;0: 3 - 1: 2 - 6: 3 - 7: 1
2020;2;4;2;6;1;0;NATO;?;10h07;Cergy le Haut;uic_87382655;?;?;normal;9;0;120;20;0;0 - 0 - 0 - 0 - 0 - 1 - 0 - 0 - 2;0: 7 - 1: 1 - 2: 1
2020;2;4;2;6;1;0;NATO;?;10h13;Cergy le Haut;uic_87382655;?;?;normal;9;0;60;6;0;0 - 0 - 0 - 0 - 0 - 1 - 0 - 0 - 0;0: 8 - 1: 1
2020;2;4;2;6;1;0;NATO;?;10h23;Cergy le Haut;uic_87382655;?;?;normal;9;0;120;93;120;2 - 1 - 2 - 2 - 2 - 2 - 1 - 1 - 1;1: 4 - 2: 5
2020;2;4;2;6;1;0;NATO;?;10h33;Cergy le Haut;uic_87382655;?;?;normal;9;0;60;13;0;0 - 0 - 1 - 0 - 0 - 1 - 0 - 0 - 0;0: 7 - 1: 2
2020;2;4;2;6;1;0;NATO;?;10h43;Cergy le Haut;uic_87382655;?;?;normal;9;0;180;53;0;0 - 0 - 0 - 0 - 0 - 1 - 2 - 2 - 3;0: 5 - 1: 1 - 2: 2 - 3: 1
2020;2;4;2;6;1;0;NATO;?;10h53;Cergy le Haut;uic_87382655;?;?;normal;9;0;0;0;0;0 - 0 - 0 - 0 - 0 - 0 - 0 - 0 - 0;0: 9
2020;2;4;2;6;1;0;NATO;?;11h03;Cergy le Haut;uic_87382655;?;?;normal;9;0;60;6;0;0 - 0 - 0 - 0 - 0 - 1 - 0 - 0 - 0;0: 8 - 1: 1
2020;2;4;2;6;1;0;NATO;?;11h13;Cergy le Haut;uic_87382655;?;?;normal;9;0;60;40;60;0 - 0 - 1 - 1 - 1 - 1 - 1 - 1 - 0;0: 3 - 1: 6
2020;2;4;2;6;1;0;NATO;?;11h23;Cergy le Haut;uic_87382655;?;?;normal;9;0;180;93;60;1 - 1 - 1 - 1 - 1 - 2 - 2 - 2 - 3;1: 5 - 2: 3 - 3: 1
2020;2;4;2;6;1;0;NATO;?;11h33;Cergy le Haut;uic_87382655;?;?;normal;9;0;300;193;180;2 - 2 - 3 - 2 - 2 - 5 - 5 - 5 - 3;2: 4 - 3: 2 - 5: 3
2020;2;4;2;6;1;0;NATO;?;11h43;Cergy le Haut;uic_87382655;?;?;normal;9;0;0;0;0;0 - 0 - 0 - 0 - 0 - 0 - 0 - 0 - 0;0: 9
2020;2;4;2;6;1;0;NATO;?;11h53;Cergy le Haut;uic_87382655;?;?;normal;9;0;0;0;0;0 - 0 - 0 - 0 - 0 - 0 - 0 - 0 - 0;0: 9
2020;2;4;2;6;1;0;NATO;?;12h03;Cergy le Haut;uic_87382655;?;?;normal;9;0;0;0;0;0 - 0 - 0 - 0 - 0 - 0 - 0 - 0 - 0;0: 9
2020;2;4;2;6;1;0;NATO;?;12h13;Cergy le Haut;uic_87382655;?;?;normal;9;0;60;40;60;0 - 0 - 1 - 1 - 1 - 1 - 1 - 1 - 0;0: 3 - 1: 6
2020;2;4;2;6;1;0;NATO;?;12h23;Cergy le Haut;uic_87382655;?;?;normal;9;0;120;66;60;1 - 1 - 1 - 1 - 1 - 2 - 1 - 1 - 1;1: 8 - 2: 1
2020;2;4;2;6;1;0;NATO;?;12h33;Cergy le Haut;uic_87382655;?;?;normal;9;0;60;26;0;0 - 0 - 1 - 1 - 0 - 1 - 0 - 1 - 0;0: 5 - 1: 4
2020;2;4;2;6;1;0;NATO;?;12h43;Cergy le Haut;uic_87382655;?;?;normal;9;0;120;73;60;0 - 1 - 2 - 2 - 1 - 2 - 1 - 1 - 1;0: 1 - 1: 5 - 2: 3
2020;2;4;2;6;1;0;NATO;?;12h53;Cergy le Haut;uic_87382655;?;?;normal;9;0;120;40;60;0 - 0 - 1 - 0 - 1 - 2 - 1 - 1 - 0;0: 4 - 1: 4 - 2: 1
2020;2;4;2;6;1;0;NATO;?;13h03;Cergy le Haut;uic_87382655;?;?;normal;9;0;120;53;60;0 - 0 - 1 - 1 - 1 - 1 - 1 - 1 - 2;0: 2 - 1: 6 - 2: 1
2020;2;4;2;6;1;0;NATO;?;13h13;Cergy le Haut;uic_87382655;?;?;normal;9;0;120;53;60;0 - 0 - 1 - 1 - 1 - 2 - 1 - 2 - 0;0: 3 - 1: 4 - 2: 2
2020;2;4;2;6;1;0;NATO;?;13h23;Cergy le Haut;uic_87382655;?;?;normal;9;0;60;26;0;0 - 0 - 0 - 0 - 0 - 1 - 1 - 1 - 1;0: 5 - 1: 4
2020;2;4;2;6;1;0;NATO;?;13h33;Cergy le Haut;uic_87382655;?;?;normal;9;0;120;40;60;0 - 0 - 0 - 1 - 1 - 2 - 1 - 1 - 0;0: 4 - 1: 4 - 2: 1
2020;2;4;2;6;1;0;NATO;?;13h43;Cergy le Haut;uic_87382655;?;?;normal;9;0;60;13;0;0 - 0 - 0 - 0 - 0 - 0 - 0 - 1 - 1;0: 7 - 1: 2
2020;2;4;2;6;1;0;NATO;?;13h53;Cergy le Haut;uic_87382655;?;?;normal;9;0;0;0;0;0 - 0 - 0 - 0 - 0 - 0 - 0 - 0 - 0;0: 9
2020;2;4;2;6;1;0;NATO;?;14h03;Cergy le Haut;uic_87382655;?;?;normal;9;0;0;0;0;0 - 0 - 0 - 0 - 0 - 0 - 0 - 0 - 0;0: 9
2020;2;4;2;6;1;0;NOTE;?;05h40;Poissy;uic_87386573;?;?;normal;5;0;120;83;60;2 - 2 - 1 - 1 - 1;1: 3 - 2: 2
2020;2;4;2;6;1;0;NOTE;?;06h00;Poissy;uic_87386573;?;?;normal;5;0;60;36;60;0 - 1 - 0 - 1 - 1;0: 2 - 1: 3
2020;2;4;2;6;1;0;NOTE;?;06h15;Poissy;uic_87386573;?;?;normal;5;0;0;0;0;0 - 0 - 0 - 0 - 0;0: 5
2020;2;4;2;6;1;0;NOTE;?;06h30;Poissy;uic_87386573;?;?;normal;5;0;60;12;0;0 - 0 - 0 - 0 - 1;0: 4 - 1: 1
2020;2;4;2;6;1;0;NOTE;?;06h45;Poissy;uic_87386573;?;?;normal;5;0;60;60;60;1 - 1 - 1 - 1 - 1;1: 5
2020;2;4;2;6;1;0;NOTE;?;06h59;Poissy;uic_87386573;?;?;normal;5;0;120;72;60;0 - 2 - 1 - 2 - 1;0: 1 - 1: 2 - 2: 2
2020;2;4;2;6;1;0;NOTE;?;07h13;Poissy;uic_87386573;?;?;normal;5;0;120;72;60;0 - 2 - 2 - 1 - 1;0: 1 - 1: 2 - 2: 2
2020;2;4;2;6;1;0;NOTE;?;07h25;Poissy;uic_87386573;?;?;normal;5;0;60;48;60;1 - 1 - 1 - 1 - 0;0: 1 - 1: 4
2020;2;4;2;6;1;0;NOTE;?;07h37;Poissy;uic_87386573;?;?;normal;5;0;60;24;0;0 - 0 - 0 - 1 - 1;0: 3 - 1: 2
2020;2;4;2;6;1;0;NOTE;?;07h47;Poissy;uic_87386573;?;?;normal;5;0;60;36;60;0 - 1 - 1 - 0 - 1;0: 2 - 1: 3
2020;2;4;2;6;1;0;NOTE;?;07h59;Poissy;uic_87386573;?;?;normal;5;0;360;275;300;1 - 5 - 5 - 6 - 6;1: 1 - 5: 2 - 6: 2
2020;2;4;2;6;1;0;NOTE;?;08h11;Poissy;uic_87386573;?;?;normal;5;0;180;83;60;0 - 1 - 1 - 2 - 3;0: 1 - 1: 2 - 2: 1 - 3: 1
2020;2;4;2;6;1;0;NOTE;?;08h22;Poissy;uic_87386573;?;?;normal;5;0;180;144;180;1 - 3 - 3 - 2 - 3;1: 1 - 2: 1 - 3: 3
2020;2;4;2;6;1;0;NOTE;?;08h34;Poissy;uic_87386573;?;?;normal;5;0;120;48;60;0 - 1 - 0 - 2 - 1;0: 2 - 1: 2 - 2: 1
2020;2;4;2;6;1;0;NOTE;?;08h46;Poissy;uic_87386573;?;?;normal;5;0;120;72;60;2 - 1 - 1 - 1 - 1;1: 4 - 2: 1
2020;2;4;2;6;1;0;NOTE;?;08h57;Poissy;uic_87386573;?;?;normal;5;0;240;167;180;0 - 3 - 3 - 4 - 4;0: 1 - 3: 2 - 4: 2
2020;2;4;2;6;1;0;NOTE;?;09h09;Poissy;uic_87386573;?;?;normal;5;0;120;96;120;0 - 2 - 2 - 2 - 2;0: 1 - 2: 4
2020;2;4;2;6;1;0;NOTE;?;16h42;Poissy;uic_87386573;?;?;normal;5;0;120;60;60;0 - 2 - 1 - 1 - 1;0: 1 - 1: 3 - 2: 1
2020;2;4;2;6;1;0;NOTE;?;16h54;Poissy;uic_87386573;?;?;normal;5;0;120;96;120;1 - 2 - 1 - 2 - 2;1: 2 - 2: 3
2020;2;4;2;6;1;0;NOTE;?;17h05;Poissy;uic_87386573;?;?;normal;5;0;60;12;0;0 - 1 - 0 - 0 - 0;0: 4 - 1: 1
2020;2;4;2;6;1;0;NOTE;?;17h19;Poissy;uic_87386573;?;?;normal;5;0;0;0;0;0 - 0 - 0 - 0 - 0;0: 5
2020;2;4;2;6;1;0;NOTE;?;17h32;Poissy;uic_87386573;?;?;normal;5;0;60;12;0;0 - 1 - 0 - 0 - 0;0: 4 - 1: 1
2020;2;4;2;6;1;0;NOTE;?;17h44;Poissy;uic_87386573;?;?;normal;5;0;240;167;180;0 - 3 - 3 - 4 - 4;0: 1 - 3: 2 - 4: 2
2020;2;4;2;6;1;0;NOTE;?;17h57;Poissy;uic_87386573;?;?;normal;5;0;60;12;0;0 - 1 - 0 - 0 - 0;0: 4 - 1: 1
2020;2;4;2;6;1;0;NOTE;?;18h09;Poissy;uic_87386573;?;?;normal;5;0;60;24;0;1 - 1 - 0 - 0 - 0;0: 3 - 1: 2
2020;2;4;2;6;1;0;NOTE;?;18h22;Poissy;uic_87386573;?;?;normal;5;0;60;12;0;0 - 1 - 0 - 0 - 0;0: 4 - 1: 1
2020;2;4;2;6;1;0;NOTE;?;18h34;Poissy;uic_87386573;?;?;normal;5;0;120;107;120;2 - 2 - 1 - 2 - 2;1: 1 - 2: 4
2020;2;4;2;6;1;0;NOTE;?;18h47;Poissy;uic_87386573;?;?;normal;5;0;660;611;660;9 - 11 - 9 - 11 - 11;9: 2 - 11: 3
2020;2;4;2;6;1;0;NOTE;?;18h59;Poissy;uic_87386573;?;?;normal;5;0;540;491;480;8 - 8 - 8 - 8 - 9;8: 4 - 9: 1
2020;2;4;2;6;1;0;NOTE;?;19h12;Poissy;uic_87386573;?;?;normal;5;0;240;155;120;3 - 4 - 2 - 2 - 2;2: 3 - 3: 1 - 4: 1
2020;2;4;2;6;1;0;NOTE;?;19h24;Poissy;uic_87386573;?;?;normal;5;0;120;83;120;0 - 2 - 1 - 2 - 2;0: 1 - 1: 1 - 2: 3
2020;2;4;2;6;1;0;NOTE;?;19h39;Poissy;uic_87386573;?;?;normal;5;0;300;240;300;1 - 5 - 5 - 5 - 4;1: 1 - 4: 1 - 5: 3
2020;2;4;2;6;1;0;NOTE;?;20h04;Poissy;uic_87386573;?;?;normal;5;0;0;0;0;0 - 0 - 0 - 0 - 0;0: 5
2020;2;4;2;6;1;0;NOTE;?;20h34;Poissy;uic_87386573;?;?;normal;5;0;0;0;0;0 - 0 - 0 - 0 - 0;0: 5
2020;2;4;2;6;1;0;NOTE;?;21h03;Poissy;uic_87386573;?;?;normal;5;0;0;0;0;0 - 0 - 0 - 0 - 0;0: 5
2020;2;4;2;6;1;0;NOTE;?;21h35;Poissy;uic_87386573;?;?;normal;5;0;300;251;240;5 - 5 - 4 - 4 - 3;3: 1 - 4: 2 - 5: 2
2020;2;4;2;6;1;0;NOTE;?;22h03;Poissy;uic_87386573;?;?;normal;5;0;0;0;0;0 - 0 - 0 - 0 - 0;0: 5
2020;2;4;2;6;1;0;NOTE;?;22h33;Poissy;uic_87386573;?;?;normal;5;0;60;12;0;0 - 1 - 0 - 0 - 0;0: 4 - 1: 1
2020;2;4;2;6;1;0;NOTE;?;23h03;Poissy;uic_87386573;?;?;normal;5;0;0;0;0;0 - 0 - 0 - 0 - 0;0: 5
2020;2;4;2;6;1;0;NOTE;?;23h33;Poissy;uic_87386573;?;?;annule_partiellement;5;2;840;840;840;/ - / - 14 - 14 - 14;14: 3
2020;2;4;2;6;1;0;OKLA;?;09h20;Poissy;uic_87386573;?;?;normal;5;0;540;468;480;5 - 9 - 8 - 8 - 9;5: 1 - 8: 2 - 9: 2
2020;2;4;2;6;1;0;OKLA;?;09h40;Poissy;uic_87386573;?;?;normal;5;0;60;36;60;1 - 1 - 0 - 0 - 1;0: 2 - 1: 3
2020;2;4;2;6;1;0;OKLA;?;09h55;Poissy;uic_87386573;?;?;normal;5;0;960;900;960;12 - 16 - 16 - 16 - 15;12: 1 - 15: 1 - 16: 3
2020;2;4;2;6;1;0;OKLA;?;10h16;Poissy;uic_87386573;?;?;normal;5;0;180;83;60;0 - 2 - 1 - 1 - 3;0: 1 - 1: 2 - 2: 1 - 3: 1
2020;2;4;2;6;1;0;OKLA;?;10h40;Poissy;uic_87386573;?;?;normal;5;0;120;120;120;2 - 2 - 2 - 2 - 2;2: 5
2020;2;4;2;6;1;0;OKLA;?;11h00;Poissy;uic_87386573;?;?;normal;5;0;120;60;60;0 - 2 - 1 - 1 - 1;0: 1 - 1: 3 - 2: 1
2020;2;4;2;6;1;0;OKLA;?;11h20;Poissy;uic_87386573;?;?;normal;5;0;0;0;0;0 - 0 - 0 - 0 - 0;0: 5
2020;2;4;2;6;1;0;OKLA;?;11h40;Poissy;uic_87386573;?;?;normal;5;0;240;167;180;1 - 4 - 3 - 3 - 3;1: 1 - 3: 3 - 4: 1
2020;2;4;2;6;1;0;OKLA;?;12h00;Poissy;uic_87386573;?;?;normal;5;0;0;0;0;0 - 0 - 0 - 0 - 0;0: 5
2020;2;4;2;6;1;0;OKLA;?;12h20;Poissy;uic_87386573;?;?;normal;5;0;60;24;0;1 - 1 - 0 - 0 - 0;0: 3 - 1: 2
2020;2;4;2;6;1;0;OKLA;?;12h40;Poissy;uic_87386573;?;?;normal;5;0;60;48;60;0 - 1 - 1 - 1 - 1;0: 1 - 1: 4
2020;2;4;2;6;1;0;OKLA;?;13h00;Poissy;uic_87386573;?;?;normal;5;0;180;107;120;0 - 2 - 2 - 2 - 3;0: 1 - 2: 3 - 3: 1
2020;2;4;2;6;1;0;OKLA;?;13h20;Poissy;uic_87386573;?;?;normal;5;0;60;24;0;0 - 0 - 0 - 1 - 1;0: 3 - 1: 2
2020;2;4;2;6;1;0;OKLA;?;13h40;Poissy;uic_87386573;?;?;normal;5;0;60;12;0;0 - 1 - 0 - 0 - 0;0: 4 - 1: 1
2020;2;4;2;6;1;0;OKLA;?;14h00;Poissy;uic_87386573;?;?;normal;5;0;0;0;0;0 - 0 - 0 - 0 - 0;0: 5
2020;2;4;2;6;1;0;OKLA;?;14h20;Poissy;uic_87386573;?;?;normal;5;0;0;0;0;0 - 0 - 0 - 0 - 0;0: 5
2020;2;4;2;6;1;0;OKRE;?;14h40;Poissy;uic_87386573;?;?;normal;5;0;120;83;60;1 - 2 - 1 - 1 - 2;1: 3 - 2: 2
2020;2;4;2;6;1;0;OKRE;?;15h00;Poissy;uic_87386573;?;?;normal;5;0;120;60;60;0 - 2 - 1 - 1 - 1;0: 1 - 1: 3 - 2: 1
2020;2;4;2;6;1;0;OKRE;?;15h20;Poissy;uic_87386573;?;?;normal;5;0;180;60;0;0 - 0 - 0 - 2 - 3;0: 3 - 2: 1 - 3: 1
2020;2;4;2;6;1;0;OKRE;?;15h40;Poissy;uic_87386573;?;?;normal;5;0;600;455;540;1 - 9 - 8 - 10 - 10;1: 1 - 8: 1 - 9: 1 - 10: 2
2020;2;4;2;6;1;0;OKRE;?;16h00;Poissy;uic_87386573;?;?;normal;5;0;60;12;0;0 - 0 - 0 - 0 - 1;0: 4 - 1: 1
2020;2;4;2;6;1;0;OKRE;?;16h20;Poissy;uic_87386573;?;?;normal;5;0;60;36;60;1 - 1 - 0 - 0 - 1;0: 2 - 1: 3
2020;2;4;2;6;1;0;OPEN;?;04h42;Cergy le Haut;uic_87382655;?;?;normal;9;0;180;99;60;0 - 0 - 1 - 1 - 1 - 3 - 3 - 3 - 3;0: 2 - 1: 3 - 3: 4
2020;2;4;2;6;1;0;OPUS;?;00h28;Sartrouville;uic_87386417;?;?;normal;2;0;0;0;0;0 - 0;0: 2
2020;2;4;2;6;1;0;OPUS;?;23h58;Sartrouville;uic_87386417;?;?;normal;2;0;120;120;2;2 - 2;2: 2
2020;2;4;2;6;1;0;QURI;?;00h05;Poissy;uic_87386573;?;?;normal;5;0;0;0;0;0 - 0 - 0 - 0 - 0;0: 5
2020;2;4;2;6;1;0;QURI;?;05h10;Poissy;uic_87386573;?;?;normal;5;0;0;0;0;0 - 0 - 0 - 0 - 0;0: 5
2020;2;4;2;6;1;0;TAPI;?;00h31;Houilles - Carrières-sur-Seine;uic_87386409;?;?;normal;4;0;180;135;150;3 - 3 - 2 - 1;1: 1 - 2: 1 - 3: 2
2020;2;4;2;6;1;0;TAXE;?;00h03;Houilles - Carrières-sur-Seine;uic_87386409;?;?;normal;4;0;0;0;0;0 - 0 - 0 - 0;0: 4
2020;2;4;2;6;1;0;TAXE;?;06h35;Houilles - Carrières-sur-Seine;uic_87386409;?;?;normal;4;0;60;15;0;1 - 0 - 0 - 0;0: 3 - 1: 1
2020;2;4;2;6;1;0;TAXE;?;07h06;Houilles - Carrières-sur-Seine;uic_87386409;?;?;normal;4;0;0;0;0;0 - 0 - 0 - 0;0: 4
2020;2;4;2;6;1;0;TAXE;?;07h21;Houilles - Carrières-sur-Seine;uic_87386409;?;?;normal;4;0;0;0;0;0 - 0 - 0 - 0;0: 4
2020;2;4;2;6;1;0;TAXE;?;07h37;Houilles - Carrières-sur-Seine;uic_87386409;?;?;normal;4;0;60;15;0;0 - 0 - 1 - 0;0: 3 - 1: 1
2020;2;4;2;6;1;0;TAXE;?;07h50;Houilles - Carrières-sur-Seine;uic_87386409;?;?;normal;4;0;240;180;210;3 - 4 - 4 - 1;1: 1 - 3: 1 - 4: 2
2020;2;4;2;6;1;0;TAXE;?;08h01;Houilles - Carrières-sur-Seine;uic_87386409;?;?;normal;4;0;360;315;6;6 - 6 - 6 - 3;3: 1 - 6: 3
2020;2;4;2;6;1;0;TAXE;?;08h13;Houilles - Carrières-sur-Seine;uic_87386409;?;?;normal;4;0;360;315;330;5 - 6 - 6 - 4;4: 1 - 5: 1 - 6: 2
2020;2;4;2;6;1;0;TAXE;?;08h25;Houilles - Carrières-sur-Seine;uic_87386409;?;?;normal;4;0;300;300;5;5 - 5 - 5 - 5;5: 4
2020;2;4;2;6;1;0;TAXE;?;08h36;Houilles - Carrières-sur-Seine;uic_87386409;?;?;normal;4;0;540;525;9;9 - 9 - 9 - 8;8: 1 - 9: 3
2020;2;4;2;6;1;0;TAXE;?;08h48;Houilles - Carrières-sur-Seine;uic_87386409;?;?;normal;4;0;720;690;690;11 - 12 - 12 - 11;11: 2 - 12: 2
2020;2;4;2;6;1;0;TAXE;?;09h00;Houilles - Carrières-sur-Seine;uic_87386409;?;?;normal;4;0;540;480;8;7 - 9 - 9 - 7;7: 2 - 9: 2
2020;2;4;2;6;1;0;TAXE;?;09h11;Houilles - Carrières-sur-Seine;uic_87386409;?;?;normal;4;0;1080;1020;17;16 - 17 - 17 - 18;16: 1 - 17: 2 - 18: 1
2020;2;4;2;6;1;0;TAXE;?;09h23;Houilles - Carrières-sur-Seine;uic_87386409;?;?;normal;4;0;660;600;10;9 - 10 - 10 - 11;9: 1 - 10: 2 - 11: 1
2020;2;4;2;6;1;0;TAXE;?;09h35;Houilles - Carrières-sur-Seine;uic_87386409;?;?;normal;4;0;480;375;6;5 - 6 - 6 - 8;5: 1 - 6: 2 - 8: 1
2020;2;4;2;6;1;0;TAXE;?;09h46;Houilles - Carrières-sur-Seine;uic_87386409;?;?;normal;4;0;420;405;7;6 - 7 - 7 - 7;6: 1 - 7: 3
2020;2;4;2;6;1;0;TAXE;?;09h58;Houilles - Carrières-sur-Seine;uic_87386409;?;?;normal;4;0;360;240;210;3 - 3 - 4 - 6;3: 2 - 4: 1 - 6: 1
2020;2;4;2;6;1;0;TAXE;?;17h14;Houilles - Carrières-sur-Seine;uic_87386409;?;?;normal;4;0;180;135;150;2 - 3 - 3 - 1;1: 1 - 2: 1 - 3: 2
2020;2;4;2;6;1;0;TAXE;?;17h26;Houilles - Carrières-sur-Seine;uic_87386409;?;?;normal;4;0;0;0;0;0 - 0 - 0 - 0;0: 4
2020;2;4;2;6;1;0;TAXE;?;17h39;Houilles - Carrières-sur-Seine;uic_87386409;?;?;normal;4;0;0;0;0;0 - 0 - 0 - 0;0: 4
2020;2;4;2;6;1;0;TAXE;?;17h51;Houilles - Carrières-sur-Seine;uic_87386409;?;?;normal;4;0;120;60;1;0 - 2 - 1 - 1;0: 1 - 1: 2 - 2: 1
2020;2;4;2;6;1;0;TAXE;?;18h04;Houilles - Carrières-sur-Seine;uic_87386409;?;?;normal;4;0;120;75;90;0 - 2 - 2 - 1;0: 1 - 1: 1 - 2: 2
2020;2;4;2;6;1;0;TAXE;?;18h16;Houilles - Carrières-sur-Seine;uic_87386409;?;?;normal;4;0;240;195;210;3 - 4 - 4 - 2;2: 1 - 3: 1 - 4: 2
2020;2;4;2;6;1;0;TAXE;?;18h29;Houilles - Carrières-sur-Seine;uic_87386409;?;?;normal;4;0;300;270;5;5 - 5 - 5 - 3;3: 1 - 5: 3
2020;2;4;2;6;1;0;TAXE;?;18h41;Houilles - Carrières-sur-Seine;uic_87386409;?;?;normal;4;0;360;270;270;3 - 5 - 4 - 6;3: 1 - 4: 1 - 5: 1 - 6: 1
2020;2;4;2;6;1;0;TAXE;?;18h54;Houilles - Carrières-sur-Seine;uic_87386409;?;?;normal;4;0;300;210;3;3 - 3 - 3 - 5;3: 3 - 5: 1
2020;2;4;2;6;1;0;TAXE;?;19h06;Houilles - Carrières-sur-Seine;uic_87386409;?;?;normal;4;0;60;30;30;0 - 1 - 1 - 0;0: 2 - 1: 2
2020;2;4;2;6;1;0;TAXE;?;19h19;Houilles - Carrières-sur-Seine;uic_87386409;?;?;normal;4;0;120;90;90;1 - 2 - 2 - 1;1: 2 - 2: 2
2020;2;4;2;6;1;0;TAXE;?;19h31;Houilles - Carrières-sur-Seine;uic_87386409;?;?;normal;4;0;180;120;2;2 - 3 - 2 - 1;1: 1 - 2: 2 - 3: 1
2020;2;4;2;6;1;0;TAXE;?;19h44;Houilles - Carrières-sur-Seine;uic_87386409;?;?;normal;4;0;60;30;30;0 - 1 - 1 - 0;0: 2 - 1: 2
2020;2;4;2;6;1;0;TAXE;?;19h56;Houilles - Carrières-sur-Seine;uic_87386409;?;?;normal;4;0;360;330;330;5 - 6 - 6 - 5;5: 2 - 6: 2
2020;2;4;2;6;1;0;TAXE;?;20h17;Houilles - Carrières-sur-Seine;uic_87386409;?;?;normal;4;0;60;45;1;1 - 1 - 1 - 0;0: 1 - 1: 3
2020;2;4;2;6;1;0;TAXE;?;20h38;Houilles - Carrières-sur-Seine;uic_87386409;?;?;normal;4;0;300;240;4;4 - 5 - 4 - 3;3: 1 - 4: 2 - 5: 1
2020;2;4;2;6;1;0;TAXE;?;20h58;Houilles - Carrières-sur-Seine;uic_87386409;?;?;normal;4;0;60;30;30;0 - 1 - 1 - 0;0: 2 - 1: 2
2020;2;4;2;6;1;0;TAXE;?;21h19;Houilles - Carrières-sur-Seine;uic_87386409;?;?;normal;4;0;240;165;3;1 - 3 - 4 - 3;1: 1 - 3: 2 - 4: 1
2020;2;4;2;6;1;0;TAXE;?;21h38;Houilles - Carrières-sur-Seine;uic_87386409;?;?;normal;4;0;0;0;0;0 - 0 - 0 - 0;0: 4
2020;2;4;2;6;1;0;TAXE;?;22h03;Houilles - Carrières-sur-Seine;uic_87386409;?;?;normal;4;0;60;45;1;1 - 1 - 1 - 0;0: 1 - 1: 3
2020;2;4;2;6;1;0;TAXE;?;22h33;Houilles - Carrières-sur-Seine;uic_87386409;?;?;normal;4;0;60;60;1;1 - 1 - 1 - 1;1: 4
2020;2;4;2;6;1;0;TAXE;?;23h03;Houilles - Carrières-sur-Seine;uic_87386409;?;?;annule_partiellement;4;3;240;240;240;4 - / - / - /;4: 1
2020;2;4;2;6;1;0;TAXE;?;23h33;Houilles - Carrières-sur-Seine;uic_87386409;?;?;normal;4;0;120;90;90;1 - 2 - 2 - 1;1: 2 - 2: 2
2020;2;4;2;6;1;0;TEDI;?;00h58;Houilles - Carrières-sur-Seine;uic_87386409;?;?;normal;4;0;480;465;8;8 - 8 - 8 - 7;7: 1 - 8: 3
2020;2;4;2;6;1;0;TEDI;?;06h11;Houilles - Carrières-sur-Seine;uic_87386409;?;?;normal;4;0;60;15;0;0 - 0 - 0 - 1;0: 3 - 1: 1
2020;2;4;2;6;1;0;TRAM;?;15h53;Houilles - Carrières-sur-Seine;uic_87386409;?;?;normal;4;0;120;90;90;1 - 2 - 2 - 1;1: 2 - 2: 2
2020;2;4;2;6;1;0;TRAM;?;16h13;Houilles - Carrières-sur-Seine;uic_87386409;?;?;normal;4;0;180;120;2;2 - 3 - 2 - 1;1: 1 - 2: 2 - 3: 1
2020;2;4;2;6;1;0;TRAM;?;16h33;Houilles - Carrières-sur-Seine;uic_87386409;?;?;normal;4;0;0;0;0;0 - 0 - 0 - 0;0: 4
2020;2;4;2;6;1;0;TRAM;?;16h54;Houilles - Carrières-sur-Seine;uic_87386409;?;?;normal;4;0;60;15;0;0 - 1 - 0 - 0;0: 3 - 1: 1
2020;2;4;2;6;1;0;TROC;?;06h52;Houilles - Carrières-sur-Seine;uic_87386409;?;?;normal;4;0;60;30;30;0 - 1 - 1 - 0;0: 2 - 1: 2
2020;2;4;2;6;1;0;TROC;?;10h13;Houilles - Carrières-sur-Seine;uic_87386409;?;?;normal;4;0;540;480;8;7 - 9 - 8 - 8;7: 1 - 8: 2 - 9: 1
2020;2;4;2;6;1;0;TROC;?;10h33;Houilles - Carrières-sur-Seine;uic_87386409;?;?;normal;4;0;1020;990;990;16 - 17 - 17 - 16;16: 2 - 17: 2
2020;2;4;2;6;1;0;TROC;?;10h53;Houilles - Carrières-sur-Seine;uic_87386409;?;?;normal;4;0;420;375;6;6 - 7 - 6 - 6;6: 3 - 7: 1
2020;2;4;2;6;1;0;TROC;?;11h13;Houilles - Carrières-sur-Seine;uic_87386409;?;?;normal;4;0;0;0;0;0 - 0 - 0 - 0;0: 4
2020;2;4;2;6;1;0;TROC;?;11h33;Houilles - Carrières-sur-Seine;uic_87386409;?;?;normal;4;0;120;120;2;2 - 2 - 2 - 2;2: 4
2020;2;4;2;6;1;0;TROC;?;11h53;Houilles - Carrières-sur-Seine;uic_87386409;?;?;normal;4;0;60;30;30;0 - 1 - 1 - 0;0: 2 - 1: 2
2020;2;4;2;6;1;0;TROC;?;12h13;Houilles - Carrières-sur-Seine;uic_87386409;?;?;normal;4;0;120;75;1;1 - 2 - 1 - 1;1: 3 - 2: 1
2020;2;4;2;6;1;0;TROC;?;12h33;Houilles - Carrières-sur-Seine;uic_87386409;?;?;normal;4;0;180;135;2;2 - 2 - 2 - 3;2: 3 - 3: 1
2020;2;4;2;6;1;0;TROC;?;12h53;Houilles - Carrières-sur-Seine;uic_87386409;?;?;normal;4;0;180;165;3;3 - 3 - 3 - 2;2: 1 - 3: 3
2020;2;4;2;6;1;0;TROC;?;13h13;Houilles - Carrières-sur-Seine;uic_87386409;?;?;normal;4;0;0;0;0;0 - 0 - 0 - 0;0: 4
2020;2;4;2;6;1;0;TROC;?;13h33;Houilles - Carrières-sur-Seine;uic_87386409;?;?;normal;4;0;0;0;0;0 - 0 - 0 - 0;0: 4
2020;2;4;2;6;1;0;TROC;?;13h53;Houilles - Carrières-sur-Seine;uic_87386409;?;?;normal;4;0;60;15;0;0 - 1 - 0 - 0;0: 3 - 1: 1
2020;2;4;2;6;1;0;TROC;?;14h13;Houilles - Carrières-sur-Seine;uic_87386409;?;?;normal;4;0;120;105;2;2 - 2 - 2 - 1;1: 1 - 2: 3
2020;2;4;2;6;1;0;TROC;?;14h33;Houilles - Carrières-sur-Seine;uic_87386409;?;?;normal;4;0;120;75;90;1 - 2 - 2 - 0;0: 1 - 1: 1 - 2: 2
2020;2;4;2;6;1;0;TROC;?;14h53;Houilles - Carrières-sur-Seine;uic_87386409;?;?;normal;4;0;0;0;0;0 - 0 - 0 - 0;0: 4
2020;2;4;2;6;1;0;TROC;?;15h13;Houilles - Carrières-sur-Seine;uic_87386409;?;?;normal;4;0;0;0;0;0 - 0 - 0 - 0;0: 4
2020;2;4;2;6;1;0;TROC;?;15h33;Houilles - Carrières-sur-Seine;uic_87386409;?;?;normal;4;0;60;60;1;1 - 1 - 1 - 1;1: 4
2020;2;4;2;6;1;0;UBAL;?;05h56;Houilles - Carrières-sur-Seine;uic_87386409;?;?;normal;8;0;240;180;3;2 - 3 - 3 - 3 - 3 - 3 - 3 - 4;2: 1 - 3: 6 - 4: 1
2020;2;4;2;6;1;0;UZAR;?;06h23;Houilles - Carrières-sur-Seine;uic_87386409;?;?;normal;8;0;120;120;2;2 - 2 - 2 - 2 - 2 - 2 - 2 - 2;2: 8
2020;2;4;2;6;1;0;UZAR;?;06h40;Houilles - Carrières-sur-Seine;uic_87386409;?;?;normal;8;0;180;150;150;2 - 2 - 2 - 2 - 3 - 3 - 3 - 3;2: 4 - 3: 4
2020;2;4;2;6;1;0;UZAR;?;06h56;Houilles - Carrières-sur-Seine;uic_87386409;?;?;normal;8;0;120;97;2;1 - 2 - 1 - 1 - 2 - 2 - 2 - 2;1: 3 - 2: 5
2020;2;4;2;6;1;0;UZAR;?;07h11;Houilles - Carrières-sur-Seine;uic_87386409;?;?;normal;8;0;360;277;270;4 - 4 - 4 - 4 - 5 - 5 - 5 - 6;4: 4 - 5: 3 - 6: 1
2020;2;4;2;6;1;0;UZAR;?;07h25;Houilles - Carrières-sur-Seine;uic_87386409;?;?;normal;8;0;240;135;3;0 - 0 - 2 - 3 - 3 - 3 - 3 - 4;0: 2 - 2: 1 - 3: 4 - 4: 1
2020;2;4;2;6;1;0;UZAR;?;07h46;Houilles - Carrières-sur-Seine;uic_87386409;?;?;normal;8;0;300;247;4;4 - 4 - 3 - 4 - 4 - 5 - 5 - 4;3: 1 - 4: 5 - 5: 2
2020;2;4;2;6;1;0;UZAR;?;07h57;Houilles - Carrières-sur-Seine;uic_87386409;?;?;normal;8;0;240;195;3;3 - 3 - 3 - 3 - 4 - 3 - 3 - 4;3: 6 - 4: 2
2020;2;4;2;6;1;0;UZAR;?;08h09;Houilles - Carrières-sur-Seine;uic_87386409;?;?;normal;8;0;600;442;7;6 - 6 - 6 - 7 - 7 - 8 - 10 - 9;6: 3 - 7: 2 - 8: 1 - 9: 1 - 10: 1
2020;2;4;2;6;1;0;UZAR;?;08h21;Houilles - Carrières-sur-Seine;uic_87386409;?;?;normal;8;0;360;315;5;5 - 5 - 4 - 5 - 5 - 6 - 6 - 6;4: 1 - 5: 4 - 6: 3
2020;2;4;2;6;1;0;UZAR;?;08h32;Houilles - Carrières-sur-Seine;uic_87386409;?;?;normal;8;0;360;345;6;5 - 6 - 5 - 6 - 6 - 6 - 6 - 6;5: 2 - 6: 6
2020;2;4;2;6;1;0;UZAR;?;08h44;Houilles - Carrières-sur-Seine;uic_87386409;?;?;normal;8;0;480;405;390;5 - 6 - 6 - 6 - 7 - 8 - 8 - 8;5: 1 - 6: 3 - 7: 1 - 8: 3
2020;2;4;2;6;1;0;UZAR;?;08h56;Houilles - Carrières-sur-Seine;uic_87386409;?;?;normal;8;0;540;465;8;7 - 8 - 7 - 8 - 7 - 8 - 8 - 9;7: 3 - 8: 4 - 9: 1
2020;2;4;2;6;1;0;UZAR;?;09h07;Houilles - Carrières-sur-Seine;uic_87386409;?;?;normal;8;0;240;232;4;4 - 4 - 4 - 4 - 4 - 4 - 3 - 4;3: 1 - 4: 7
2020;2;4;2;6;1;0;UZAR;?;09h19;Houilles - Carrières-sur-Seine;uic_87386409;?;?;normal;8;0;360;322;5;5 - 5 - 5 - 5 - 5 - 6 - 6 - 6;5: 5 - 6: 3
2020;2;4;2;6;1;0;UZAR;?;09h31;Houilles - Carrières-sur-Seine;uic_87386409;?;?;normal;8;0;420;360;6;5 - 7 - 5 - 6 - 6 - 6 - 6 - 7;5: 2 - 6: 4 - 7: 2
2020;2;4;2;6;1;0;UZAR;?;09h42;Houilles - Carrières-sur-Seine;uic_87386409;?;?;normal;8;0;840;727;14;7 - 8 - 12 - 14 - 14 - 14 - 14 - 14;7: 1 - 8: 1 - 12: 1 - 14: 5
2020;2;4;2;6;1;0;UZAR;?;09h54;Houilles - Carrières-sur-Seine;uic_87386409;?;?;normal;8;0;660;420;8;3 - 4 - 6 - 8 - 8 - 8 - 8 - 11;3: 1 - 4: 1 - 6: 1 - 8: 4 - 11: 1
2020;2;4;2;6;1;0;UZAR;?;10h07;Houilles - Carrières-sur-Seine;uic_87386409;?;?;normal;8;0;780;697;690;11 - 11 - 11 - 12 - 12 - 11 - 13 - 12;11: 4 - 12: 3 - 13: 1
2020;2;4;2;6;1;0;UZAR;?;10h18;Houilles - Carrières-sur-Seine;uic_87386409;?;?;normal;8;0;660;577;10;7 - 9 - 9 - 10 - 11 - 10 - 11 - 10;7: 1 - 9: 2 - 10: 3 - 11: 2
2020;2;4;2;6;1;0;UZAR;?;10h27;Houilles - Carrières-sur-Seine;uic_87386409;?;?;normal;8;0;600;525;9;7 - 7 - 8 - 9 - 10 - 9 - 10 - 10;7: 2 - 8: 1 - 9: 2 - 10: 3
2020;2;4;2;6;1;0;UZAR;?;10h38;Houilles - Carrières-sur-Seine;uic_87386409;?;?;normal;8;0;300;240;4;3 - 4 - 3 - 4 - 4 - 4 - 5 - 5;3: 2 - 4: 4 - 5: 2
2020;2;4;2;6;1;0;UZAR;?;10h47;Houilles - Carrières-sur-Seine;uic_87386409;?;?;normal;8;0;480;420;7;7 - 7 - 6 - 7 - 7 - 7 - 8 - 7;6: 1 - 7: 6 - 8: 1
2020;2;4;2;6;1;0;UZAR;?;10h58;Houilles - Carrières-sur-Seine;uic_87386409;?;?;normal;8;0;300;255;4;5 - 5 - 3 - 4 - 5 - 4 - 4 - 4;3: 1 - 4: 4 - 5: 3
2020;2;4;2;6;1;0;UZAR;?;11h07;Houilles - Carrières-sur-Seine;uic_87386409;?;?;normal;8;0;120;90;2;2 - 2 - 0 - 2 - 2 - 1 - 2 - 1;0: 1 - 1: 2 - 2: 5
2020;2;4;2;6;1;0;UZAR;?;11h18;Houilles - Carrières-sur-Seine;uic_87386409;?;?;normal;8;0;60;15;0;1 - 1 - 0 - 0 - 0 - 0 - 0 - 0;0: 6 - 1: 2
2020;2;4;2;6;1;0;UZAR;?;11h27;Houilles - Carrières-sur-Seine;uic_87386409;?;?;normal;8;0;60;7;0;0 - 0 - 0 - 0 - 0 - 0 - 1 - 0;0: 7 - 1: 1
2020;2;4;2;6;1;0;UZAR;?;11h38;Houilles - Carrières-sur-Seine;uic_87386409;?;?;normal;8;0;240;202;210;3 - 4 - 2 - 3 - 4 - 3 - 4 - 4;2: 1 - 3: 3 - 4: 4
2020;2;4;2;6;1;0;UZAR;?;11h47;Houilles - Carrières-sur-Seine;uic_87386409;?;?;normal;8;0;120;37;30;0 - 0 - 0 - 0 - 1 - 1 - 2 - 1;0: 4 - 1: 3 - 2: 1
2020;2;4;2;6;1;0;UZAR;?;11h58;Houilles - Carrières-sur-Seine;uic_87386409;?;?;normal;8;0;120;82;90;1 - 1 - 0 - 2 - 2 - 1 - 2 - 2;0: 1 - 1: 3 - 2: 4
2020;2;4;2;6;1;0;UZAR;?;12h07;Houilles - Carrières-sur-Seine;uic_87386409;?;?;normal;8;0;180;75;90;0 - 0 - 0 - 1 - 2 - 2 - 3 - 2;0: 3 - 1: 1 - 2: 3 - 3: 1
2020;2;4;2;6;1;0;UZAR;?;12h18;Houilles - Carrières-sur-Seine;uic_87386409;?;?;normal;8;0;240;165;3;1 - 2 - 2 - 3 - 3 - 3 - 4 - 4;1: 1 - 2: 2 - 3: 3 - 4: 2
2020;2;4;2;6;1;0;UZAR;?;12h27;Houilles - Carrières-sur-Seine;uic_87386409;?;?;normal;8;0;60;30;30;1 - 0 - 0 - 0 - 1 - 0 - 1 - 1;0: 4 - 1: 4
2020;2;4;2;6;1;0;UZAR;?;12h38;Houilles - Carrières-sur-Seine;uic_87386409;?;?;normal;8;0;180;120;2;1 - 2 - 1 - 2 - 2 - 2 - 3 - 3;1: 2 - 2: 4 - 3: 2
2020;2;4;2;6;1;0;UZAR;?;12h47;Houilles - Carrières-sur-Seine;uic_87386409;?;?;normal;8;0;60;15;0;0 - 0 - 0 - 0 - 1 - 0 - 1 - 0;0: 6 - 1: 2
2020;2;4;2;6;1;0;UZAR;?;12h58;Houilles - Carrières-sur-Seine;uic_87386409;?;?;normal;8;0;240;180;3;3 - 3 - 2 - 3 - 3 - 3 - 4 - 3;2: 1 - 3: 6 - 4: 1
2020;2;4;2;6;1;0;UZAR;?;13h07;Houilles - Carrières-sur-Seine;uic_87386409;?;?;normal;8;0;180;112;2;3 - 2 - 1 - 2 - 2 - 1 - 2 - 2;1: 2 - 2: 5 - 3: 1
2020;2;4;2;6;1;0;UZAR;?;13h18;Houilles - Carrières-sur-Seine;uic_87386409;?;?;normal;8;0;60;7;0;0 - 1 - 0 - 0 - 0 - 0 - 0 - 0;0: 7 - 1: 1
2020;2;4;2;6;1;0;UZAR;?;13h27;Houilles - Carrières-sur-Seine;uic_87386409;?;?;normal;8;0;60;15;0;0 - 0 - 0 - 0 - 0 - 0 - 1 - 1;0: 6 - 1: 2
2020;2;4;2;6;1;0;UZAR;?;13h38;Houilles - Carrières-sur-Seine;uic_87386409;?;?;normal;8;0;120;52;1;0 - 1 - 0 - 1 - 1 - 1 - 2 - 1;0: 2 - 1: 5 - 2: 1
2020;2;4;2;6;1;0;UZAR;?;13h47;Houilles - Carrières-sur-Seine;uic_87386409;?;?;normal;8;0;180;82;2;0 - 0 - 0 - 2 - 2 - 2 - 3 - 2;0: 3 - 2: 4 - 3: 1
2020;2;4;2;6;1;0;UZAR;?;13h58;Houilles - Carrières-sur-Seine;uic_87386409;?;?;normal;8;0;180;112;2;1 - 2 - 0 - 2 - 3 - 2 - 3 - 2;0: 1 - 1: 1 - 2: 4 - 3: 2
2020;2;4;2;6;1;0;UZAR;?;14h07;Houilles - Carrières-sur-Seine;uic_87386409;?;?;normal;8;0;60;22;0;0 - 0 - 0 - 0 - 1 - 0 - 1 - 1;0: 5 - 1: 3
2020;2;4;2;6;1;0;UZAR;?;14h18;Houilles - Carrières-sur-Seine;uic_87386409;?;?;normal;8;0;180;120;2;2 - 2 - 0 - 2 - 2 - 2 - 3 - 3;0: 1 - 2: 5 - 3: 2
2020;2;4;2;6;1;0;UZAR;?;14h27;Houilles - Carrières-sur-Seine;uic_87386409;?;?;normal;8;0;60;7;0;0 - 0 - 0 - 0 - 1 - 0 - 0 - 0;0: 7 - 1: 1
2020;2;4;2;6;1;0;UZAR;?;14h38;Houilles - Carrières-sur-Seine;uic_87386409;?;?;normal;8;0;120;67;1;1 - 1 - 0 - 1 - 2 - 1 - 2 - 1;0: 1 - 1: 5 - 2: 2
2020;2;4;2;6;1;0;UZAR;?;14h47;Houilles - Carrières-sur-Seine;uic_87386409;?;?;normal;8;0;120;112;2;2 - 2 - 1 - 2 - 2 - 2 - 2 - 2;1: 1 - 2: 7
2020;2;4;2;6;1;0;UZAR;?;14h58;Houilles - Carrières-sur-Seine;uic_87386409;?;?;normal;8;0;60;15;0;0 - 0 - 0 - 0 - 1 - 0 - 1 - 0;0: 6 - 1: 2
2020;2;4;2;6;1;0;UZAR;?;15h07;Houilles - Carrières-sur-Seine;uic_87386409;?;?;normal;8;0;120;45;1;0 - 0 - 0 - 1 - 1 - 1 - 2 - 1;0: 3 - 1: 4 - 2: 1
2020;2;4;2;6;1;0;UZAR;?;15h18;Houilles - Carrières-sur-Seine;uic_87386409;?;?;normal;8;0;0;0;0;0 - 0 - 0 - 0 - 0 - 0 - 0 - 0;0: 8
2020;2;4;2;6;1;0;UZEL;?;15h47;Houilles - Carrières-sur-Seine;uic_87386409;?;?;normal;8;0;0;0;0;0 - 0 - 0 - 0 - 0 - 0 - 0 - 0;0: 8
2020;2;4;2;6;1;0;UZEL;?;15h58;Houilles - Carrières-sur-Seine;uic_87386409;?;?;normal;8;0;420;322;5;4 - 5 - 4 - 5 - 6 - 5 - 7 - 7;4: 2 - 5: 3 - 6: 1 - 7: 2
2020;2;4;2;6;1;0;UZEL;?;16h07;Houilles - Carrières-sur-Seine;uic_87386409;?;?;normal;8;0;540;472;9;6 - 5 - 7 - 9 - 9 - 9 - 9 - 9;5: 1 - 6: 1 - 7: 1 - 9: 5
2020;2;4;2;6;1;0;UZEL;?;16h18;Houilles - Carrières-sur-Seine;uic_87386409;?;?;normal;8;0;480;375;7;3 - 3 - 6 - 7 - 8 - 7 - 8 - 8;3: 2 - 6: 1 - 7: 2 - 8: 3
2020;2;4;2;6;1;0;UZEL;?;16h26;Houilles - Carrières-sur-Seine;uic_87386409;?;?;normal;8;0;360;210;4;1 - 1 - 2 - 4 - 5 - 4 - 5 - 6;1: 2 - 2: 1 - 4: 2 - 5: 2 - 6: 1
2020;2;4;2;6;1;0;UZEL;?;16h38;Houilles - Carrières-sur-Seine;uic_87386409;?;?;normal;8;0;480;255;4;4 - 4 - 3 - 4 - 4 - 3 - 4 - 8;3: 2 - 4: 5 - 8: 1
2020;2;4;2;6;1;0;UZEL;?;16h46;Houilles - Carrières-sur-Seine;uic_87386409;?;?;normal;8;0;540;195;2;0 - 1 - 1 - 2 - 3 - 2 - 9 - 8;0: 1 - 1: 2 - 2: 2 - 3: 1 - 8: 1 - 9: 1
2020;2;4;2;6;1;0;UZEL;?;16h59;Houilles - Carrières-sur-Seine;uic_87386409;?;?;normal;8;0;180;90;90;1 - 1 - 0 - 2 - 2 - 1 - 2 - 3;0: 1 - 1: 3 - 2: 3 - 3: 1
2020;2;4;2;6;1;0;UZEL;?;17h05;Houilles - Carrières-sur-Seine;uic_87386409;?;?;normal;8;0;240;30;0;0 - 0 - 0 - 0 - 0 - 0 - 0 - 4;0: 7 - 4: 1
2020;2;4;2;6;1;0;UZEL;?;17h18;Houilles - Carrières-sur-Seine;uic_87386409;?;?;normal;8;0;300;187;210;1 - 2 - 2 - 3 - 4 - 4 - 4 - 5;1: 1 - 2: 2 - 3: 1 - 4: 3 - 5: 1
2020;2;4;2;6;1;0;UZEL;?;17h30;Houilles - Carrières-sur-Seine;uic_87386409;?;?;normal;8;0;120;22;0;0 - 0 - 0 - 0 - 0 - 1 - 0 - 2;0: 6 - 1: 1 - 2: 1
2020;2;4;2;6;1;0;UZEL;?;17h43;Houilles - Carrières-sur-Seine;uic_87386409;?;?;normal;8;0;180;82;90;0 - 1 - 0 - 1 - 2 - 2 - 2 - 3;0: 2 - 1: 2 - 2: 3 - 3: 1
2020;2;4;2;6;1;0;UZEL;?;17h55;Houilles - Carrières-sur-Seine;uic_87386409;?;?;normal;8;0;120;60;1;0 - 1 - 0 - 1 - 1 - 1 - 2 - 2;0: 2 - 1: 4 - 2: 2
2020;2;4;2;6;1;0;UZEL;?;18h08;Houilles - Carrières-sur-Seine;uic_87386409;?;?;normal;8;0;60;30;30;0 - 0 - 0 - 1 - 1 - 1 - 0 - 1;0: 4 - 1: 4
2020;2;4;2;6;1;0;UZEL;?;18h20;Houilles - Carrières-sur-Seine;uic_87386409;?;?;normal;8;0;360;315;5;4 - 5 - 5 - 5 - 5 - 6 - 6 - 6;4: 1 - 5: 4 - 6: 3
2020;2;4;2;6;1;0;UZEL;?;18h33;Houilles - Carrières-sur-Seine;uic_87386409;?;?;normal;8;0;420;337;6;4 - 5 - 4 - 6 - 7 - 6 - 6 - 7;4: 2 - 5: 1 - 6: 3 - 7: 2
2020;2;4;2;6;1;0;UZEL;?;18h45;Houilles - Carrières-sur-Seine;uic_87386409;?;?;normal;8;0;360;307;5;4 - 5 - 4 - 5 - 5 - 6 - 6 - 6;4: 2 - 5: 3 - 6: 3
2020;2;4;2;6;1;0;UZEL;?;18h58;Houilles - Carrières-sur-Seine;uic_87386409;?;?;normal;8;0;180;112;2;1 - 2 - 1 - 2 - 3 - 2 - 2 - 2;1: 2 - 2: 5 - 3: 1
2020;2;4;2;6;1;0;UZEL;?;19h10;Houilles - Carrières-sur-Seine;uic_87386409;?;?;normal;8;0;180;67;1;0 - 1 - 0 - 0 - 1 - 2 - 2 - 3;0: 3 - 1: 2 - 2: 2 - 3: 1
2020;2;4;2;6;1;0;UZEL;?;19h23;Houilles - Carrières-sur-Seine;uic_87386409;?;?;normal;8;0;120;60;1;0 - 1 - 0 - 1 - 2 - 1 - 1 - 2;0: 2 - 1: 4 - 2: 2
2020;2;4;2;6;1;0;UZEL;?;19h35;Houilles - Carrières-sur-Seine;uic_87386409;?;?;normal;8;0;300;187;3;2 - 2 - 2 - 3 - 3 - 4 - 4 - 5;2: 3 - 3: 2 - 4: 2 - 5: 1
2020;2;4;2;6;1;0;UZEL;?;19h48;Houilles - Carrières-sur-Seine;uic_87386409;?;?;normal;8;0;300;210;4;2 - 2 - 3 - 4 - 5 - 4 - 4 - 4;2: 2 - 3: 1 - 4: 4 - 5: 1
2020;2;4;2;6;1;0;UZEL;?;20h00;Houilles - Carrières-sur-Seine;uic_87386409;?;?;normal;8;0;360;307;5;4 - 6 - 5 - 5 - 5 - 6 - 5 - 5;4: 1 - 5: 5 - 6: 2
2020;2;4;2;6;1;0;UZEL;?;20h10;Houilles - Carrières-sur-Seine;uic_87386409;?;?;normal;8;0;240;172;3;1 - 2 - 2 - 3 - 3 - 4 - 4 - 4;1: 1 - 2: 2 - 3: 2 - 4: 3
2020;2;4;2;6;1;0;UZEL;?;20h28;Houilles - Carrières-sur-Seine;uic_87386409;?;?;normal;8;0;120;37;30;0 - 0 - 0 - 0 - 1 - 1 - 1 - 2;0: 4 - 1: 3 - 2: 1
2020;2;4;2;6;1;0;UZEL;?;20h49;Houilles - Carrières-sur-Seine;uic_87386409;?;?;normal;8;0;360;277;6;0 - 2 - 5 - 6 - 6 - 6 - 6 - 6;0: 1 - 2: 1 - 5: 1 - 6: 5
2020;2;4;2;6;1;0;UZEL;?;21h08;Houilles - Carrières-sur-Seine;uic_87386409;?;?;normal;8;0;840;720;13;7 - 11 - 12 - 13 - 13 - 13 - 13 - 14;7: 1 - 11: 1 - 12: 1 - 13: 4 - 14: 1
2020;2;4;2;6;1;0;UZEL;?;21h28;Houilles - Carrières-sur-Seine;uic_87386409;?;?;normal;8;0;240;142;2;1 - 2 - 2 - 2 - 2 - 3 - 3 - 4;1: 1 - 2: 4 - 3: 2 - 4: 1
2020;2;4;2;6;1;0;UZEL;?;21h49;Houilles - Carrières-sur-Seine;uic_87386409;?;?;normal;8;0;180;112;2;1 - 2 - 1 - 2 - 3 - 2 - 2 - 2;1: 2 - 2: 5 - 3: 1
2020;2;4;2;6;1;0;UZIN;?;15h27;Houilles - Carrières-sur-Seine;uic_87386409;?;?;normal;8;0;60;7;0;0 - 0 - 0 - 0 - 0 - 0 - 1 - 0;0: 7 - 1: 1
2020;2;4;2;6;1;0;UZIN;?;15h38;Houilles - Carrières-sur-Seine;uic_87386409;?;?;normal;8;0;180;127;2;1 - 2 - 1 - 2 - 3 - 2 - 3 - 3;1: 2 - 2: 3 - 3: 3
2020;2;4;2;6;1;0;VELO;?;00h18;Houilles - Carrières-sur-Seine;uic_87386409;?;?;normal;1;0;0;0;0;0;0: 1
2020;2;4;2;6;1;0;VELO;?;22h18;Houilles - Carrières-sur-Seine;uic_87386409;?;?;normal;1;0;0;0;0;0;0: 1
2020;2;4;2;6;1;0;VELO;?;22h48;Houilles - Carrières-sur-Seine;uic_87386409;?;?;normal;1;0;60;60;60;1;1: 1
2020;2;4;2;6;1;0;VELO;?;23h18;Houilles - Carrières-sur-Seine;uic_87386409;?;?;normal;1;0;0;0;0;0;0: 1
2020;2;4;2;6;1;0;VELO;?;23h48;Houilles - Carrières-sur-Seine;uic_87386409;?;?;normal;1;0;60;60;60;1;1: 1
2020;2;4;2;6;1;0;VIDA;?;00h44;Houilles - Carrières-sur-Seine;uic_87386409;?;?;normal;1;0;180;180;180;3;3: 1
2020;2;4;2;6;1;0;VIRO;?;01h13;Houilles - Carrières-sur-Seine;uic_87386409;?;?;normal;1;0;0;0;0;0;0: 1
2020;2;5;3;6;1;0;NAJA;?;22h28;Sartrouville;uic_87386417;?;?;normal;2;0;180;180;3;3 - 3;3: 2
2020;2;5;3;6;1;0;NAJA;?;22h58;Sartrouville;uic_87386417;?;?;normal;2;0;0;0;0;0 - 0;0: 2
2020;2;5;3;6;1;0;NAJA;?;23h28;Sartrouville;uic_87386417;?;?;normal;2;0;0;0;0;0 - 0;0: 2
2020;2;5;3;6;1;0;NANI;?;14h13;Cergy le Haut;uic_87382655;?;?;normal;9;0;0;0;0;0 - 0 - 0 - 0 - 0 - 0 - 0 - 0 - 0;0: 9
2020;2;5;3;6;1;0;NANI;?;14h23;Cergy le Haut;uic_87382655;?;?;normal;9;0;0;0;0;0 - 0 - 0 - 0 - 0 - 0 - 0 - 0 - 0;0: 9
2020;2;5;3;6;1;0;NANI;?;14h33;Cergy le Haut;uic_87382655;?;?;normal;9;0;300;213;240;3 - 3 - 4 - 4 - 3 - 5 - 4 - 4 - 2;2: 1 - 3: 3 - 4: 4 - 5: 1
2020;2;5;3;6;1;0;NANI;?;14h43;Cergy le Haut;uic_87382655;?;?;normal;9;0;180;139;120;2 - 2 - 3 - 3 - 2 - 3 - 2 - 2 - 2;2: 6 - 3: 3
2020;2;5;3;6;1;0;NANI;?;14h53;Cergy le Haut;uic_87382655;?;?;normal;9;0;60;46;60;1 - 0 - 1 - 1 - 1 - 1 - 1 - 1 - 0;0: 2 - 1: 7
2020;2;5;3;6;1;0;NANI;?;15h03;Cergy le Haut;uic_87382655;?;?;normal;9;0;0;0;0;0 - 0 - 0 - 0 - 0 - 0 - 0 - 0 - 0;0: 9
2020;2;5;3;6;1;0;NANI;?;15h13;Cergy le Haut;uic_87382655;?;?;normal;9;0;0;0;0;0 - 0 - 0 - 0 - 0 - 0 - 0 - 0 - 0;0: 9
2020;2;5;3;6;1;0;NANI;?;15h23;Cergy le Haut;uic_87382655;?;?;normal;9;0;60;20;0;0 - 0 - 0 - 0 - 0 - 1 - 0 - 1 - 1;0: 6 - 1: 3
2020;2;5;3;6;1;0;NANI;?;15h33;Cergy le Haut;uic_87382655;?;?;normal;9;0;0;0;0;0 - 0 - 0 - 0 - 0 - 0 - 0 - 0 - 0;0: 9
2020;2;5;3;6;1;0;NANI;?;15h43;Cergy le Haut;uic_87382655;?;?;normal;9;0;0;0;0;0 - 0 - 0 - 0 - 0 - 0 - 0 - 0 - 0;0: 9
2020;2;5;3;6;1;0;NANI;?;15h53;Cergy le Haut;uic_87382655;?;?;normal;9;0;0;0;0;0 - 0 - 0 - 0 - 0 - 0 - 0 - 0 - 0;0: 9
2020;2;5;3;6;1;0;NANI;?;16h03;Cergy le Haut;uic_87382655;?;?;normal;9;0;0;0;0;0 - 0 - 0 - 0 - 0 - 0 - 0 - 0 - 0;0: 9
2020;2;5;3;6;1;0;NANI;?;16h13;Cergy le Haut;uic_87382655;?;?;normal;9;0;120;13;0;0 - 0 - 0 - 0 - 0 - 0 - 0 - 2 - 0;0: 8 - 2: 1
2020;2;5;3;6;1;0;NANI;?;16h24;Cergy le Haut;uic_87382655;?;?;normal;9;0;0;0;0;0 - 0 - 0 - 0 - 0 - 0 - 0 - 0 - 0;0: 9
2020;2;5;3;6;1;0;NANI;?;16h36;Cergy le Haut;uic_87382655;?;?;normal;9;0;120;60;60;0 - 1 - 0 - 0 - 2 - 2 - 2 - 1 - 1;0: 3 - 1: 3 - 2: 3
2020;2;5;3;6;1;0;NANI;?;16h49;Cergy le Haut;uic_87382655;?;?;normal;9;0;60;6;0;0 - 0 - 0 - 0 - 0 - 0 - 0 - 0 - 1;0: 8 - 1: 1
2020;2;5;3;6;1;0;NANI;?;17h01;Cergy le Haut;uic_87382655;?;?;normal;9;0;60;6;0;0 - 0 - 0 - 0 - 0 - 1 - 0 - 0 - 0;0: 8 - 1: 1
2020;2;5;3;6;1;0;NANI;?;17h14;Cergy le Haut;uic_87382655;?;?;normal;9;0;120;60;60;0 - 0 - 1 - 1 - 1 - 1 - 1 - 2 - 2;0: 2 - 1: 5 - 2: 2
2020;2;5;3;6;1;0;NANI;?;17h26;Cergy le Haut;uic_87382655;?;?;normal;9;0;0;0;0;0 - 0 - 0 - 0 - 0 - 0 - 0 - 0 - 0;0: 9
2020;2;5;3;6;1;0;NANI;?;17h39;Cergy le Haut;uic_87382655;?;?;normal;9;0;60;13;0;0 - 0 - 1 - 0 - 0 - 1 - 0 - 0 - 0;0: 7 - 1: 2
2020;2;5;3;6;1;0;NANI;?;17h51;Cergy le Haut;uic_87382655;?;?;normal;9;0;180;99;120;0 - 2 - 2 - 2 - 2 - 3 - 2 - 1 - 1;0: 1 - 1: 2 - 2: 5 - 3: 1
2020;2;5;3;6;1;0;NANI;?;18h04;Cergy le Haut;uic_87382655;?;?;normal;9;0;0;0;0;0 - 0 - 0 - 0 - 0 - 0 - 0 - 0 - 0;0: 9
2020;2;5;3;6;1;0;NANI;?;18h16;Cergy le Haut;uic_87382655;?;?;normal;9;0;60;6;0;0 - 0 - 0 - 0 - 0 - 1 - 0 - 0 - 0;0: 8 - 1: 1
2020;2;5;3;6;1;0;NANI;?;18h29;Cergy le Haut;uic_87382655;?;?;normal;9;0;120;60;60;0 - 0 - 1 - 1 - 1 - 2 - 1 - 1 - 2;0: 2 - 1: 5 - 2: 2
2020;2;5;3;6;1;0;NANI;?;18h41;Cergy le Haut;uic_87382655;?;?;normal;9;0;60;13;0;0 - 0 - 0 - 0 - 1 - 1 - 0 - 0 - 0;0: 7 - 1: 2
2020;2;5;3;6;1;0;NANI;?;18h54;Cergy le Haut;uic_87382655;?;?;normal;9;0;0;0;0;0 - 0 - 0 - 0 - 0 - 0 - 0 - 0 - 0;0: 9
2020;2;5;3;6;1;0;NANI;?;19h06;Cergy le Haut;uic_87382655;?;?;normal;9;0;120;46;60;0 - 0 - 0 - 0 - 1 - 2 - 2 - 1 - 1;0: 4 - 1: 3 - 2: 2
2020;2;5;3;6;1;0;NANI;?;19h20;Cergy le Haut;uic_87382655;?;?;normal;9;0;60;6;0;1 - 0 - 0 - 0 - 0 - 0 - 0 - 0 - 0;0: 8 - 1: 1
2020;2;5;3;6;1;0;NANI;?;19h39;Cergy le Haut;uic_87382655;?;?;normal;9;0;0;0;0;0 - 0 - 0 - 0 - 0 - 0 - 0 - 0 - 0;0: 9
2020;2;5;3;6;1;0;NANI;?;20h05;Cergy le Haut;uic_87382655;?;?;normal;9;0;120;80;60;1 - 0 - 1 - 1 - 1 - 2 - 2 - 2 - 2;0: 1 - 1: 4 - 2: 4
2020;2;5;3;6;1;0;NANI;?;20h35;Cergy le Haut;uic_87382655;?;?;normal;9;0;0;0;0;0 - 0 - 0 - 0 - 0 - 0 - 0 - 0 - 0;0: 9
2020;2;5;3;6;1;0;NANI;?;21h05;Cergy le Haut;uic_87382655;?;?;normal;9;0;0;0;0;0 - 0 - 0 - 0 - 0 - 0 - 0 - 0 - 0;0: 9
2020;2;5;3;6;1;0;NANI;?;21h33;Cergy le Haut;uic_87382655;?;?;normal;9;0;0;0;0;0 - 0 - 0 - 0 - 0 - 0 - 0 - 0 - 0;0: 9
2020;2;5;3;6;1;0;NATO;?;05h12;Cergy le Haut;uic_87382655;?;?;normal;9;0;120;40;60;0 - 1 - 2 - 1 - 1 - 1 - 0 - 0 - 0;0: 4 - 1: 4 - 2: 1
2020;2;5;3;6;1;0;NATO;?;05h42;Cergy le Haut;uic_87382655;?;?;normal;9;0;60;33;60;1 - 1 - 1 - 1 - 0 - 1 - 0 - 0 - 0;0: 4 - 1: 5
2020;2;5;3;6;1;0;NATO;?;05h57;Cergy le Haut;uic_87382655;?;?;normal;9;0;0;0;0;0 - 0 - 0 - 0 - 0 - 0 - 0 - 0 - 0;0: 9
2020;2;5;3;6;1;0;NATO;?;06h12;Cergy le Haut;uic_87382655;?;?;normal;9;0;360;326;300;5 - 5 - 6 - 6 - 5 - 6 - 5 - 5 - 6;5: 5 - 6: 4
2020;2;5;3;6;1;0;NATO;?;06h27;Cergy le Haut;uic_87382655;?;?;normal;9;0;60;6;0;0 - 0 - 0 - 0 - 0 - 1 - 0 - 0 - 0;0: 8 - 1: 1
2020;2;5;3;6;1;0;NATO;?;06h42;Cergy le Haut;uic_87382655;?;?;normal;9;0;0;0;0;0 - 0 - 0 - 0 - 0 - 0 - 0 - 0 - 0;0: 9
2020;2;5;3;6;1;0;NATO;?;06h51;Cergy le Haut;uic_87382655;?;?;normal;9;0;0;0;0;0 - 0 - 0 - 0 - 0 - 0 - 0 - 0 - 0;0: 9
2020;2;5;3;6;1;0;NATO;?;07h03;Cergy le Haut;uic_87382655;?;?;normal;9;0;0;0;0;0 - 0 - 0 - 0 - 0 - 0 - 0 - 0 - 0;0: 9
2020;2;5;3;6;1;0;NATO;?;07h14;Cergy le Haut;uic_87382655;?;?;annule;9;9;0;0;0;;
2020;2;5;3;6;1;0;NATO;?;07h26;Cergy le Haut;uic_87382655;?;?;normal;9;0;0;0;0;0 - 0 - 0 - 0 - 0 - 0 - 0 - 0 - 0;0: 9
2020;2;5;3;6;1;0;NATO;?;07h38;Cergy le Haut;uic_87382655;?;?;normal;9;0;60;13;0;0 - 0 - 1 - 0 - 0 - 0 - 0 - 0 - 1;0: 7 - 1: 2
2020;2;5;3;6;1;0;NATO;?;07h49;Cergy le Haut;uic_87382655;?;?;normal;9;0;0;0;0;0 - 0 - 0 - 0 - 0 - 0 - 0 - 0 - 0;0: 9
2020;2;5;3;6;1;0;NATO;?;08h01;Cergy le Haut;uic_87382655;?;?;normal;9;0;120;73;60;0 - 0 - 1 - 1 - 1 - 2 - 2 - 2 - 2;0: 2 - 1: 3 - 2: 4
2020;2;5;3;6;1;0;NATO;?;08h13;Cergy le Haut;uic_87382655;?;?;normal;9;0;60;20;0;0 - 0 - 1 - 0 - 0 - 0 - 0 - 1 - 1;0: 6 - 1: 3
2020;2;5;3;6;1;0;NATO;?;08h24;Cergy le Haut;uic_87382655;?;?;normal;9;0;60;13;0;0 - 0 - 0 - 0 - 0 - 1 - 1 - 0 - 0;0: 7 - 1: 2
2020;2;5;3;6;1;0;NATO;?;08h36;Cergy le Haut;uic_87382655;?;?;normal;9;0;0;0;0;0 - 0 - 0 - 0 - 0 - 0 - 0 - 0 - 0;0: 9
2020;2;5;3;6;1;0;NATO;?;08h48;Cergy le Haut;uic_87382655;?;?;normal;9;0;60;6;0;0 - 0 - 1 - 0 - 0 - 0 - 0 - 0 - 0;0: 8 - 1: 1
2020;2;5;3;6;1;0;NATO;?;09h03;Cergy le Haut;uic_87382655;?;?;normal;9;0;120;66;60;0 - 0 - 1 - 1 - 1 - 2 - 1 - 2 - 2;0: 2 - 1: 4 - 2: 3
2020;2;5;3;6;1;0;NATO;?;09h14;Cergy le Haut;uic_87382655;?;?;normal;9;0;120;20;0;0 - 0 - 0 - 0 - 0 - 2 - 1 - 0 - 0;0: 7 - 1: 1 - 2: 1
2020;2;5;3;6;1;0;NATO;?;09h23;Cergy le Haut;uic_87382655;?;?;normal;9;0;60;33;60;0 - 0 - 1 - 0 - 0 - 1 - 1 - 1 - 1;0: 4 - 1: 5
2020;2;5;3;6;1;0;NATO;?;09h33;Cergy le Haut;uic_87382655;?;?;normal;9;0;420;399;420;6 - 6 - 6 - 7 - 7 - 7 - 7 - 7 - 7;6: 3 - 7: 6
2020;2;5;3;6;1;0;NATO;?;09h47;Cergy le Haut;uic_87382655;?;?;normal;9;0;60;20;0;1 - 0 - 1 - 0 - 0 - 1 - 0 - 0 - 0;0: 6 - 1: 3
2020;2;5;3;6;1;0;NATO;?;09h55;Cergy le Haut;uic_87382655;?;?;normal;9;0;60;40;60;0 - 1 - 1 - 1 - 0 - 1 - 0 - 1 - 1;0: 3 - 1: 6
2020;2;5;3;6;1;0;NATO;?;10h07;Cergy le Haut;uic_87382655;?;?;normal;9;0;300;133;0;0 - 0 - 0 - 0 - 0 - 5 - 5 - 5 - 5;0: 5 - 5: 4
2020;2;5;3;6;1;0;NATO;?;10h13;Cergy le Haut;uic_87382655;?;?;normal;9;0;240;173;180;3 - 3 - 3 - 3 - 3 - 4 - 3 - 3 - 1;1: 1 - 3: 7 - 4: 1
2020;2;5;3;6;1;0;NATO;?;10h23;Cergy le Haut;uic_87382655;?;?;normal;9;0;120;113;120;1 - 2 - 2 - 2 - 2 - 2 - 2 - 2 - 2;1: 1 - 2: 8
2020;2;5;3;6;1;0;NATO;?;10h33;Cergy le Haut;uic_87382655;?;?;normal;9;0;180;113;120;0 - 1 - 2 - 2 - 2 - 3 - 2 - 3 - 2;0: 1 - 1: 1 - 2: 5 - 3: 2
2020;2;5;3;6;1;0;NATO;?;10h43;Cergy le Haut;uic_87382655;?;?;normal;9;0;0;0;0;0 - 0 - 0 - 0 - 0 - 0 - 0 - 0 - 0;0: 9
2020;2;5;3;6;1;0;NATO;?;10h53;Cergy le Haut;uic_87382655;?;?;normal;9;0;0;0;0;0 - 0 - 0 - 0 - 0 - 0 - 0 - 0 - 0;0: 9
2020;2;5;3;6;1;0;NATO;?;11h03;Cergy le Haut;uic_87382655;?;?;normal;9;0;120;113;120;2 - 2 - 2 - 2 - 2 - 2 - 1 - 2 - 2;1: 1 - 2: 8
2020;2;5;3;6;1;0;NATO;?;11h13;Cergy le Haut;uic_87382655;?;?;normal;9;0;180;126;120;2 - 2 - 3 - 3 - 2 - 3 - 2 - 2 - 0;0: 1 - 2: 5 - 3: 3
2020;2;5;3;6;1;0;NATO;?;11h23;Cergy le Haut;uic_87382655;?;?;normal;9;0;120;60;60;0 - 0 - 1 - 1 - 1 - 1 - 1 - 2 - 2;0: 2 - 1: 5 - 2: 2
2020;2;5;3;6;1;0;NATO;?;11h33;Cergy le Haut;uic_87382655;?;?;normal;9;0;60;20;0;0 - 0 - 0 - 0 - 0 - 1 - 1 - 1 - 0;0: 6 - 1: 3
2020;2;5;3;6;1;0;NATO;?;11h43;Cergy le Haut;uic_87382655;?;?;normal;9;0;0;0;0;0 - 0 - 0 - 0 - 0 - 0 - 0 - 0 - 0;0: 9
2020;2;5;3;6;1;0;NATO;?;11h53;Cergy le Haut;uic_87382655;?;?;normal;9;0;0;0;0;0 - 0 - 0 - 0 - 0 - 0 - 0 - 0 - 0;0: 9
2020;2;5;3;6;1;0;NATO;?;12h03;Cergy le Haut;uic_87382655;?;?;normal;9;0;60;53;60;1 - 0 - 1 - 1 - 1 - 1 - 1 - 1 - 1;0: 1 - 1: 8
2020;2;5;3;6;1;0;NATO;?;12h13;Cergy le Haut;uic_87382655;?;?;normal;9;0;0;0;0;0 - 0 - 0 - 0 - 0 - 0 - 0 - 0 - 0;0: 9
2020;2;5;3;6;1;0;NATO;?;12h23;Cergy le Haut;uic_87382655;?;?;normal;9;0;60;33;60;0 - 0 - 1 - 1 - 0 - 1 - 0 - 1 - 1;0: 4 - 1: 5
2020;2;5;3;6;1;0;NATO;?;12h33;Cergy le Haut;uic_87382655;?;?;annule_partiellement;9;4;0;0;0;0 - 0 - 0 - 0 - 0 - / - / - / - /;0: 5
2020;2;5;3;6;1;0;NATO;?;12h43;Cergy le Haut;uic_87382655;?;?;normal;9;0;660;240;240;0 - 0 - 0 - 0 - 4 - 7 - 7 - 7 - 11;0: 4 - 4: 1 - 7: 3 - 11: 1
2020;2;5;3;6;1;0;NATO;?;12h53;Cergy le Haut;uic_87382655;?;?;annule;9;9;0;0;0;;
2020;2;5;3;6;1;0;NATO;?;13h03;Cergy le Haut;uic_87382655;?;?;normal;9;0;480;300;240;2 - 2 - 3 - 4 - 4 - 7 - 7 - 8 - 8;2: 2 - 3: 1 - 4: 2 - 7: 2 - 8: 2
2020;2;5;3;6;1;0;NATO;?;13h13;Cergy le Haut;uic_87382655;?;?;normal;9;0;120;26;0;0 - 0 - 0 - 0 - 0 - 2 - 1 - 1 - 0;0: 6 - 1: 2 - 2: 1
2020;2;5;3;6;1;0;NATO;?;13h23;Cergy le Haut;uic_87382655;?;?;normal;9;0;0;0;0;0 - 0 - 0 - 0 - 0 - 0 - 0 - 0 - 0;0: 9
2020;2;5;3;6;1;0;NATO;?;13h33;Cergy le Haut;uic_87382655;?;?;normal;9;0;120;60;60;0 - 0 - 1 - 1 - 1 - 2 - 2 - 2 - 0;0: 3 - 1: 3 - 2: 3
2020;2;5;3;6;1;0;NATO;?;13h43;Cergy le Haut;uic_87382655;?;?;normal;9;0;0;0;0;0 - 0 - 0 - 0 - 0 - 0 - 0 - 0 - 0;0: 9
2020;2;5;3;6;1;0;NATO;?;13h53;Cergy le Haut;uic_87382655;?;?;annule;9;9;0;0;0;;
2020;2;5;3;6;1;0;NATO;?;14h03;Cergy le Haut;uic_87382655;?;?;normal;9;0;0;0;0;0 - 0 - 0 - 0 - 0 - 0 - 0 - 0 - 0;0: 9
2020;2;5;3;6;1;0;NOTE;?;05h40;Poissy;uic_87386573;?;?;normal;5;0;60;60;60;1 - 1 - 1 - 1 - 1;1: 5
2020;2;5;3;6;1;0;NOTE;?;06h00;Poissy;uic_87386573;?;?;normal;5;0;120;72;60;1 - 2 - 1 - 1 - 1;1: 4 - 2: 1
2020;2;5;3;6;1;0;NOTE;?;06h15;Poissy;uic_87386573;?;?;normal;5;0;60;36;60;1 - 1 - 0 - 0 - 1;0: 2 - 1: 3
2020;2;5;3;6;1;0;NOTE;?;06h30;Poissy;uic_87386573;?;?;normal;5;0;480;431;420;8 - 7 - 7 - 7 - 7;7: 4 - 8: 1
2020;2;5;3;6;1;0;NOTE;?;06h45;Poissy;uic_87386573;?;?;normal;5;0;120;72;60;2 - 1 - 1 - 1 - 1;1: 4 - 2: 1
2020;2;5;3;6;1;0;NOTE;?;06h59;Poissy;uic_87386573;?;?;normal;5;0;0;0;0;0 - 0 - 0 - 0 - 0;0: 5
2020;2;5;3;6;1;0;NOTE;?;07h13;Poissy;uic_87386573;?;?;normal;5;0;60;12;0;0 - 1 - 0 - 0 - 0;0: 4 - 1: 1
2020;2;5;3;6;1;0;NOTE;?;07h25;Poissy;uic_87386573;?;?;normal;5;0;0;0;0;0 - 0 - 0 - 0 - 0;0: 5
2020;2;5;3;6;1;0;NOTE;?;07h37;Poissy;uic_87386573;?;?;normal;5;0;0;0;0;0 - 0 - 0 - 0 - 0;0: 5
2020;2;5;3;6;1;0;NOTE;?;07h47;Poissy;uic_87386573;?;?;normal;5;0;120;83;60;2 - 2 - 1 - 1 - 1;1: 3 - 2: 2
2020;2;5;3;6;1;0;NOTE;?;07h59;Poissy;uic_87386573;?;?;normal;5;0;60;12;0;1 - 0 - 0 - 0 - 0;0: 4 - 1: 1
2020;2;5;3;6;1;0;NOTE;?;08h11;Poissy;uic_87386573;?;?;normal;5;0;180;144;180;0 - 3 - 3 - 3 - 3;0: 1 - 3: 4
2020;2;5;3;6;1;0;NOTE;?;08h22;Poissy;uic_87386573;?;?;normal;5;0;120;83;60;1 - 2 - 2 - 1 - 1;1: 3 - 2: 2
2020;2;5;3;6;1;0;NOTE;?;08h34;Poissy;uic_87386573;?;?;normal;5;0;0;0;0;0 - 0 - 0 - 0 - 0;0: 5
2020;2;5;3;6;1;0;NOTE;?;08h46;Poissy;uic_87386573;?;?;normal;5;0;60;48;60;1 - 1 - 0 - 1 - 1;0: 1 - 1: 4
2020;2;5;3;6;1;0;NOTE;?;08h57;Poissy;uic_87386573;?;?;normal;5;0;0;0;0;0 - 0 - 0 - 0 - 0;0: 5
2020;2;5;3;6;1;0;NOTE;?;09h09;Poissy;uic_87386573;?;?;normal;5;0;60;24;0;0 - 1 - 1 - 0 - 0;0: 3 - 1: 2
2020;2;5;3;6;1;0;NOTE;?;16h42;Poissy;uic_87386573;?;?;normal;5;0;60;12;0;0 - 1 - 0 - 0 - 0;0: 4 - 1: 1
2020;2;5;3;6;1;0;NOTE;?;16h54;Poissy;uic_87386573;?;?;normal;5;0;60;48;60;0 - 1 - 1 - 1 - 1;0: 1 - 1: 4
2020;2;5;3;6;1;0;NOTE;?;17h05;Poissy;uic_87386573;?;?;normal;5;0;0;0;0;0 - 0 - 0 - 0 - 0;0: 5
2020;2;5;3;6;1;0;NOTE;?;17h19;Poissy;uic_87386573;?;?;normal;5;0;60;60;60;1 - 1 - 1 - 1 - 1;1: 5
2020;2;5;3;6;1;0;NOTE;?;17h32;Poissy;uic_87386573;?;?;normal;5;0;60;12;0;0 - 1 - 0 - 0 - 0;0: 4 - 1: 1
2020;2;5;3;6;1;0;NOTE;?;17h44;Poissy;uic_87386573;?;?;normal;5;0;120;72;60;1 - 2 - 1 - 1 - 1;1: 4 - 2: 1
2020;2;5;3;6;1;0;NOTE;?;17h57;Poissy;uic_87386573;?;?;normal;5;0;0;0;0;0 - 0 - 0 - 0 - 0;0: 5
2020;2;5;3;6;1;0;NOTE;?;18h09;Poissy;uic_87386573;?;?;normal;5;0;60;24;0;0 - 1 - 0 - 0 - 1;0: 3 - 1: 2
2020;2;5;3;6;1;0;NOTE;?;18h22;Poissy;uic_87386573;?;?;normal;5;0;0;0;0;0 - 0 - 0 - 0 - 0;0: 5
2020;2;5;3;6;1;0;NOTE;?;18h34;Poissy;uic_87386573;?;?;normal;5;0;0;0;0;0 - 0 - 0 - 0 - 0;0: 5
2020;2;5;3;6;1;0;NOTE;?;18h47;Poissy;uic_87386573;?;?;normal;5;0;60;12;0;0 - 1 - 0 - 0 - 0;0: 4 - 1: 1
2020;2;5;3;6;1;0;NOTE;?;18h59;Poissy;uic_87386573;?;?;normal;5;0;60;24;0;1 - 1 - 0 - 0 - 0;0: 3 - 1: 2
2020;2;5;3;6;1;0;NOTE;?;19h12;Poissy;uic_87386573;?;?;normal;5;0;180;107;120;2 - 3 - 1 - 1 - 2;1: 2 - 2: 2 - 3: 1
2020;2;5;3;6;1;0;NOTE;?;19h24;Poissy;uic_87386573;?;?;normal;5;0;0;0;0;0 - 0 - 0 - 0 - 0;0: 5
2020;2;5;3;6;1;0;NOTE;?;19h39;Poissy;uic_87386573;?;?;normal;5;0;0;0;0;0 - 0 - 0 - 0 - 0;0: 5
2020;2;5;3;6;1;0;NOTE;?;20h04;Poissy;uic_87386573;?;?;normal;5;0;0;0;0;0 - 0 - 0 - 0 - 0;0: 5
2020;2;5;3;6;1;0;NOTE;?;20h34;Poissy;uic_87386573;?;?;normal;5;0;0;0;0;0 - 0 - 0 - 0 - 0;0: 5
2020;2;5;3;6;1;0;NOTE;?;21h03;Poissy;uic_87386573;?;?;normal;5;0;0;0;0;0 - 0 - 0 - 0 - 0;0: 5
2020;2;5;3;6;1;0;NOTE;?;21h35;Poissy;uic_87386573;?;?;normal;5;0;60;12;0;1 - 0 - 0 - 0 - 0;0: 4 - 1: 1
2020;2;5;3;6;1;0;NOTE;?;22h03;Poissy;uic_87386573;?;?;normal;5;0;420;395;420;7 - 7 - 7 - 6 - 6;6: 2 - 7: 3
2020;2;5;3;6;1;0;NOTE;?;22h33;Poissy;uic_87386573;?;?;normal;5;0;60;48;60;1 - 1 - 0 - 1 - 1;0: 1 - 1: 4
2020;2;5;3;6;1;0;NOTE;?;23h03;Poissy;uic_87386573;?;?;normal;5;0;0;0;0;0 - 0 - 0 - 0 - 0;0: 5
2020;2;5;3;6;1;0;NOTE;?;23h33;Poissy;uic_87386573;?;?;annule_partiellement;5;1;0;0;0;/ - 0 - 0 - 0 - 0;0: 4
2020;2;5;3;6;1;0;OKLA;?;09h20;Poissy;uic_87386573;?;?;normal;5;0;60;48;60;0 - 1 - 1 - 1 - 1;0: 1 - 1: 4
2020;2;5;3;6;1;0;OKLA;?;09h40;Poissy;uic_87386573;?;?;annule;5;5;0;0;0;;
2020;2;5;3;6;1;0;OKLA;?;09h55;Poissy;uic_87386573;?;?;normal;5;0;120;83;120;0 - 2 - 2 - 2 - 1;0: 1 - 1: 1 - 2: 3
2020;2;5;3;6;1;0;OKLA;?;10h16;Poissy;uic_87386573;?;?;normal;5;0;360;324;300;6 - 6 - 5 - 5 - 5;5: 3 - 6: 2
2020;2;5;3;6;1;0;OKLA;?;10h40;Poissy;uic_87386573;?;?;normal;5;0;240;167;240;0 - 2 - 4 - 4 - 4;0: 1 - 2: 1 - 4: 3
2020;2;5;3;6;1;0;OKLA;?;11h00;Poissy;uic_87386573;?;?;normal;5;0;0;0;0;0 - 0 - 0 - 0 - 0;0: 5
2020;2;5;3;6;1;0;OKLA;?;11h20;Poissy;uic_87386573;?;?;normal;5;0;60;48;60;0 - 1 - 1 - 1 - 1;0: 1 - 1: 4
2020;2;5;3;6;1;0;OKLA;?;11h40;Poissy;uic_87386573;?;?;normal;5;0;60;48;60;0 - 1 - 1 - 1 - 1;0: 1 - 1: 4
2020;2;5;3;6;1;0;OKLA;?;12h00;Poissy;uic_87386573;?;?;normal;5;0;0;0;0;0 - 0 - 0 - 0 - 0;0: 5
2020;2;5;3;6;1;0;OKLA;?;12h20;Poissy;uic_87386573;?;?;normal;5;0;60;48;60;1 - 1 - 1 - 0 - 1;0: 1 - 1: 4
2020;2;5;3;6;1;0;OKLA;?;12h40;Poissy;uic_87386573;?;?;normal;5;0;480;96;0;0 - 0 - 0 - 0 - 8;0: 4 - 8: 1
2020;2;5;3;6;1;0;OKLA;?;13h00;Poissy;uic_87386573;?;?;normal;5;0;0;0;0;0 - 0 - 0 - 0 - 0;0: 5
2020;2;5;3;6;1;0;OKLA;?;13h20;Poissy;uic_87386573;?;?;normal;5;0;0;0;0;0 - 0 - 0 - 0 - 0;0: 5
2020;2;5;3;6;1;0;OKLA;?;13h40;Poissy;uic_87386573;?;?;normal;5;0;60;12;0;0 - 1 - 0 - 0 - 0;0: 4 - 1: 1
2020;2;5;3;6;1;0;OKLA;?;14h00;Poissy;uic_87386573;?;?;normal;5;0;60;12;0;0 - 1 - 0 - 0 - 0;0: 4 - 1: 1
2020;2;5;3;6;1;0;OKLA;?;14h20;Poissy;uic_87386573;?;?;normal;5;0;0;0;0;0 - 0 - 0 - 0 - 0;0: 5
2020;2;5;3;6;1;0;OKRE;?;14h40;Poissy;uic_87386573;?;?;normal;5;0;60;24;0;0 - 1 - 0 - 0 - 1;0: 3 - 1: 2
2020;2;5;3;6;1;0;OKRE;?;15h00;Poissy;uic_87386573;?;?;normal;5;0;120;96;120;0 - 2 - 2 - 2 - 2;0: 1 - 2: 4
2020;2;5;3;6;1;0;OKRE;?;15h20;Poissy;uic_87386573;?;?;normal;5;0;0;0;0;0 - 0 - 0 - 0 - 0;0: 5
2020;2;5;3;6;1;0;OKRE;?;15h40;Poissy;uic_87386573;?;?;normal;5;0;60;12;0;0 - 1 - 0 - 0 - 0;0: 4 - 1: 1
2020;2;5;3;6;1;0;OKRE;?;16h00;Poissy;uic_87386573;?;?;normal;5;0;60;12;0;0 - 0 - 0 - 0 - 1;0: 4 - 1: 1
2020;2;5;3;6;1;0;OKRE;?;16h20;Poissy;uic_87386573;?;?;normal;5;0;120;72;60;1 - 1 - 1 - 1 - 2;1: 4 - 2: 1
2020;2;5;3;6;1;0;OPEN;?;04h42;Cergy le Haut;uic_87382655;?;?;normal;9;0;60;6;0;0 - 0 - 0 - 0 - 0 - 1 - 0 - 0 - 0;0: 8 - 1: 1
2020;2;5;3;6;1;0;OPUS;?;00h28;Sartrouville;uic_87386417;?;?;normal;2;0;0;0;0;0 - 0;0: 2
2020;2;5;3;6;1;0;OPUS;?;23h58;Sartrouville;uic_87386417;?;?;normal;2;0;0;0;0;0 - 0;0: 2
2020;2;5;3;6;1;0;QURI;?;00h05;Poissy;uic_87386573;?;?;normal;5;0;0;0;0;0 - 0 - 0 - 0 - 0;0: 5
2020;2;5;3;6;1;0;QURI;?;05h10;Poissy;uic_87386573;?;?;normal;5;0;0;0;0;0 - 0 - 0 - 0 - 0;0: 5
2020;2;5;3;6;1;0;TAPI;?;00h31;Houilles - Carrières-sur-Seine;uic_87386409;?;?;normal;4;0;180;120;2;2 - 3 - 2 - 1;1: 1 - 2: 2 - 3: 1
2020;2;5;3;6;1;0;TAXE;?;00h03;Houilles - Carrières-sur-Seine;uic_87386409;?;?;normal;4;0;0;0;0;0 - 0 - 0 - 0;0: 4
2020;2;5;3;6;1;0;TAXE;?;06h35;Houilles - Carrières-sur-Seine;uic_87386409;?;?;normal;4;0;0;0;0;0 - 0 - 0 - 0;0: 4
2020;2;5;3;6;1;0;TAXE;?;07h06;Houilles - Carrières-sur-Seine;uic_87386409;?;?;normal;4;0;0;0;0;0 - 0 - 0 - 0;0: 4
2020;2;5;3;6;1;0;TAXE;?;07h21;Houilles - Carrières-sur-Seine;uic_87386409;?;?;normal;4;0;360;270;4;4 - 4 - 4 - 6;4: 3 - 6: 1
2020;2;5;3;6;1;0;TAXE;?;07h37;Houilles - Carrières-sur-Seine;uic_87386409;?;?;normal;4;0;0;0;0;0 - 0 - 0 - 0;0: 4
2020;2;5;3;6;1;0;TAXE;?;07h50;Houilles - Carrières-sur-Seine;uic_87386409;?;?;normal;4;0;0;0;0;0 - 0 - 0 - 0;0: 4
2020;2;5;3;6;1;0;TAXE;?;08h01;Houilles - Carrières-sur-Seine;uic_87386409;?;?;normal;4;0;120;60;1;1 - 2 - 1 - 0;0: 1 - 1: 2 - 2: 1
2020;2;5;3;6;1;0;TAXE;?;08h13;Houilles - Carrières-sur-Seine;uic_87386409;?;?;normal;4;0;60;30;30;0 - 1 - 1 - 0;0: 2 - 1: 2
2020;2;5;3;6;1;0;TAXE;?;08h25;Houilles - Carrières-sur-Seine;uic_87386409;?;?;normal;4;0;60;30;30;0 - 1 - 1 - 0;0: 2 - 1: 2
2020;2;5;3;6;1;0;TAXE;?;08h36;Houilles - Carrières-sur-Seine;uic_87386409;?;?;normal;4;0;180;120;150;2 - 3 - 3 - 0;0: 1 - 2: 1 - 3: 2
2020;2;5;3;6;1;0;TAXE;?;08h48;Houilles - Carrières-sur-Seine;uic_87386409;?;?;normal;4;0;540;450;7;7 - 7 - 7 - 9;7: 3 - 9: 1
2020;2;5;3;6;1;0;TAXE;?;09h00;Houilles - Carrières-sur-Seine;uic_87386409;?;?;annule;4;4;0;0;0;;
2020;2;5;3;6;1;0;TAXE;?;09h11;Houilles - Carrières-sur-Seine;uic_87386409;?;?;normal;4;0;120;90;2;2 - 2 - 2 - 0;0: 1 - 2: 3
2020;2;5;3;6;1;0;TAXE;?;09h23;Houilles - Carrières-sur-Seine;uic_87386409;?;?;normal;4;0;540;525;9;9 - 9 - 9 - 8;8: 1 - 9: 3
2020;2;5;3;6;1;0;TAXE;?;09h35;Houilles - Carrières-sur-Seine;uic_87386409;?;?;normal;4;0;540;540;9;9 - 9 - 9 - 9;9: 4
2020;2;5;3;6;1;0;TAXE;?;09h46;Houilles - Carrières-sur-Seine;uic_87386409;?;?;normal;4;0;780;735;750;12 - 13 - 13 - 11;11: 1 - 12: 1 - 13: 2
2020;2;5;3;6;1;0;TAXE;?;09h58;Houilles - Carrières-sur-Seine;uic_87386409;?;?;normal;4;0;540;480;8;8 - 8 - 9 - 7;7: 1 - 8: 2 - 9: 1
2020;2;5;3;6;1;0;TAXE;?;17h14;Houilles - Carrières-sur-Seine;uic_87386409;?;?;normal;4;0;60;30;30;0 - 1 - 1 - 0;0: 2 - 1: 2
2020;2;5;3;6;1;0;TAXE;?;17h26;Houilles - Carrières-sur-Seine;uic_87386409;?;?;normal;4;0;0;0;0;0 - 0 - 0 - 0;0: 4
2020;2;5;3;6;1;0;TAXE;?;17h39;Houilles - Carrières-sur-Seine;uic_87386409;?;?;normal;4;0;180;120;2;2 - 3 - 2 - 1;1: 1 - 2: 2 - 3: 1
2020;2;5;3;6;1;0;TAXE;?;17h51;Houilles - Carrières-sur-Seine;uic_87386409;?;?;normal;4;0;0;0;0;0 - 0 - 0 - 0;0: 4
2020;2;5;3;6;1;0;TAXE;?;18h04;Houilles - Carrières-sur-Seine;uic_87386409;?;?;normal;4;0;120;75;90;0 - 2 - 2 - 1;0: 1 - 1: 1 - 2: 2
2020;2;5;3;6;1;0;TAXE;?;18h16;Houilles - Carrières-sur-Seine;uic_87386409;?;?;normal;4;0;420;330;330;4 - 6 - 5 - 7;4: 1 - 5: 1 - 6: 1 - 7: 1
2020;2;5;3;6;1;0;TAXE;?;18h29;Houilles - Carrières-sur-Seine;uic_87386409;?;?;normal;4;0;240;195;210;3 - 4 - 4 - 2;2: 1 - 3: 1 - 4: 2
2020;2;5;3;6;1;0;TAXE;?;18h41;Houilles - Carrières-sur-Seine;uic_87386409;?;?;normal;4;0;120;105;2;2 - 2 - 2 - 1;1: 1 - 2: 3
2020;2;5;3;6;1;0;TAXE;?;18h54;Houilles - Carrières-sur-Seine;uic_87386409;?;?;normal;4;0;60;30;30;0 - 1 - 1 - 0;0: 2 - 1: 2
2020;2;5;3;6;1;0;TAXE;?;19h06;Houilles - Carrières-sur-Seine;uic_87386409;?;?;normal;4;0;60;45;1;1 - 1 - 1 - 0;0: 1 - 1: 3
2020;2;5;3;6;1;0;TAXE;?;19h19;Houilles - Carrières-sur-Seine;uic_87386409;?;?;normal;4;0;60;15;0;0 - 1 - 0 - 0;0: 3 - 1: 1
2020;2;5;3;6;1;0;TAXE;?;19h31;Houilles - Carrières-sur-Seine;uic_87386409;?;?;normal;4;0;120;105;2;2 - 2 - 2 - 1;1: 1 - 2: 3
2020;2;5;3;6;1;0;TAXE;?;19h44;Houilles - Carrières-sur-Seine;uic_87386409;?;?;normal;4;0;60;15;0;0 - 1 - 0 - 0;0: 3 - 1: 1
2020;2;5;3;6;1;0;TAXE;?;19h56;Houilles - Carrières-sur-Seine;uic_87386409;?;?;normal;4;0;360;315;5;5 - 5 - 6 - 5;5: 3 - 6: 1
2020;2;5;3;6;1;0;TAXE;?;20h17;Houilles - Carrières-sur-Seine;uic_87386409;?;?;normal;4;0;120;60;1;1 - 2 - 1 - 0;0: 1 - 1: 2 - 2: 1
2020;2;5;3;6;1;0;TAXE;?;20h38;Houilles - Carrières-sur-Seine;uic_87386409;?;?;normal;4;0;60;15;0;0 - 1 - 0 - 0;0: 3 - 1: 1
2020;2;5;3;6;1;0;TAXE;?;20h58;Houilles - Carrières-sur-Seine;uic_87386409;?;?;normal;4;0;300;285;5;5 - 5 - 5 - 4;4: 1 - 5: 3
2020;2;5;3;6;1;0;TAXE;?;21h19;Houilles - Carrières-sur-Seine;uic_87386409;?;?;normal;4;0;960;900;15;15 - 15 - 16 - 14;14: 1 - 15: 2 - 16: 1
2020;2;5;3;6;1;0;TAXE;?;21h38;Houilles - Carrières-sur-Seine;uic_87386409;?;?;normal;4;0;900;735;14;6 - 15 - 15 - 13;6: 1 - 13: 1 - 15: 2
2020;2;5;3;6;1;0;TAXE;?;22h03;Houilles - Carrières-sur-Seine;uic_87386409;?;?;normal;4;0;660;585;10;8 - 11 - 10 - 10;8: 1 - 10: 2 - 11: 1
2020;2;5;3;6;1;0;TAXE;?;22h33;Houilles - Carrières-sur-Seine;uic_87386409;?;?;normal;4;0;180;150;150;2 - 3 - 3 - 2;2: 2 - 3: 2
2020;2;5;3;6;1;0;TAXE;?;23h03;Houilles - Carrières-sur-Seine;uic_87386409;?;?;normal;4;0;60;30;30;0 - 1 - 1 - 0;0: 2 - 1: 2
2020;2;5;3;6;1;0;TAXE;?;23h33;Houilles - Carrières-sur-Seine;uic_87386409;?;?;normal;4;0;60;45;1;1 - 1 - 1 - 0;0: 1 - 1: 3
2020;2;5;3;6;1;0;TEDI;?;00h58;Houilles - Carrières-sur-Seine;uic_87386409;?;?;normal;4;0;0;0;0;0 - 0 - 0 - 0;0: 4
2020;2;5;3;6;1;0;TEDI;?;06h11;Houilles - Carrières-sur-Seine;uic_87386409;?;?;normal;4;0;180;60;30;0 - 0 - 1 - 3;0: 2 - 1: 1 - 3: 1
2020;2;5;3;6;1;0;TRAM;?;15h53;Houilles - Carrières-sur-Seine;uic_87386409;?;?;normal;4;0;180;150;150;2 - 3 - 3 - 2;2: 2 - 3: 2
2020;2;5;3;6;1;0;TRAM;?;16h13;Houilles - Carrières-sur-Seine;uic_87386409;?;?;normal;4;0;0;0;0;0 - 0 - 0 - 0;0: 4
2020;2;5;3;6;1;0;TRAM;?;16h33;Houilles - Carrières-sur-Seine;uic_87386409;?;?;normal;4;0;0;0;0;0 - 0 - 0 - 0;0: 4
2020;2;5;3;6;1;0;TRAM;?;16h54;Houilles - Carrières-sur-Seine;uic_87386409;?;?;normal;4;0;0;0;0;0 - 0 - 0 - 0;0: 4
2020;2;5;3;6;1;0;TROC;?;06h52;Houilles - Carrières-sur-Seine;uic_87386409;?;?;normal;4;0;120;60;1;0 - 2 - 2 - 0;0: 2 - 2: 2
2020;2;5;3;6;1;0;TROC;?;10h13;Houilles - Carrières-sur-Seine;uic_87386409;?;?;normal;4;0;600;585;10;10 - 10 - 10 - 9;9: 1 - 10: 3
2020;2;5;3;6;1;0;TROC;?;10h33;Houilles - Carrières-sur-Seine;uic_87386409;?;?;normal;4;0;540;495;510;8 - 9 - 9 - 7;7: 1 - 8: 1 - 9: 2
2020;2;5;3;6;1;0;TROC;?;10h53;Houilles - Carrières-sur-Seine;uic_87386409;?;?;normal;4;0;1260;1230;1230;20 - 21 - 21 - 20;20: 2 - 21: 2
2020;2;5;3;6;1;0;TROC;?;11h13;Houilles - Carrières-sur-Seine;uic_87386409;?;?;normal;4;0;300;285;5;5 - 5 - 5 - 4;4: 1 - 5: 3
2020;2;5;3;6;1;0;TROC;?;11h33;Houilles - Carrières-sur-Seine;uic_87386409;?;?;normal;4;0;540;510;510;8 - 9 - 9 - 8;8: 2 - 9: 2
2020;2;5;3;6;1;0;TROC;?;11h53;Houilles - Carrières-sur-Seine;uic_87386409;?;?;normal;4;0;60;45;1;1 - 1 - 1 - 0;0: 1 - 1: 3
2020;2;5;3;6;1;0;TROC;?;12h13;Houilles - Carrières-sur-Seine;uic_87386409;?;?;normal;4;0;180;120;2;2 - 3 - 2 - 1;1: 1 - 2: 2 - 3: 1
2020;2;5;3;6;1;0;TROC;?;12h33;Houilles - Carrières-sur-Seine;uic_87386409;?;?;normal;4;0;0;0;0;0 - 0 - 0 - 0;0: 4
2020;2;5;3;6;1;0;TROC;?;12h53;Houilles - Carrières-sur-Seine;uic_87386409;?;?;normal;4;0;660;645;11;11 - 11 - 11 - 10;10: 1 - 11: 3
2020;2;5;3;6;1;0;TROC;?;13h13;Houilles - Carrières-sur-Seine;uic_87386409;?;?;annule;4;4;0;0;0;;
2020;2;5;3;6;1;0;TROC;?;13h33;Houilles - Carrières-sur-Seine;uic_87386409;?;?;normal;4;0;960;930;930;15 - 16 - 15 - 16;15: 2 - 16: 2
2020;2;5;3;6;1;0;TROC;?;13h53;Houilles - Carrières-sur-Seine;uic_87386409;?;?;normal;4;0;120;60;1;1 - 2 - 1 - 0;0: 1 - 1: 2 - 2: 1
2020;2;5;3;6;1;0;TROC;?;14h13;Houilles - Carrières-sur-Seine;uic_87386409;?;?;normal;4;0;540;480;8;8 - 9 - 8 - 7;7: 1 - 8: 2 - 9: 1
2020;2;5;3;6;1;0;TROC;?;14h33;Houilles - Carrières-sur-Seine;uic_87386409;?;?;normal;4;0;180;150;150;2 - 3 - 3 - 2;2: 2 - 3: 2
2020;2;5;3;6;1;0;TROC;?;14h53;Houilles - Carrières-sur-Seine;uic_87386409;?;?;annule;4;4;0;0;0;;
2020;2;5;3;6;1;0;TROC;?;15h13;Houilles - Carrières-sur-Seine;uic_87386409;?;?;normal;4;0;360;300;5;5 - 6 - 5 - 4;4: 1 - 5: 2 - 6: 1
2020;2;5;3;6;1;0;TROC;?;15h33;Houilles - Carrières-sur-Seine;uic_87386409;?;?;normal;4;0;60;30;30;0 - 1 - 1 - 0;0: 2 - 1: 2
2020;2;5;3;6;1;0;UBAL;?;05h56;Houilles - Carrières-sur-Seine;uic_87386409;?;?;normal;8;0;60;60;1;1 - 1 - 1 - 1 - 1 - 1 - 1 - 1;1: 8
2020;2;5;3;6;1;0;UZAR;?;06h23;Houilles - Carrières-sur-Seine;uic_87386409;?;?;normal;8;0;60;45;1;0 - 0 - 1 - 1 - 1 - 1 - 1 - 1;0: 2 - 1: 6
2020;2;5;3;6;1;0;UZAR;?;06h40;Houilles - Carrières-sur-Seine;uic_87386409;?;?;normal;8;0;60;60;1;1 - 1 - 1 - 1 - 1 - 1 - 1 - 1;1: 8
2020;2;5;3;6;1;0;UZAR;?;06h56;Houilles - Carrières-sur-Seine;uic_87386409;?;?;normal;8;0;120;45;30;2 - 2 - 1 - 0 - 0 - 1 - 0 - 0;0: 4 - 1: 2 - 2: 2
2020;2;5;3;6;1;0;UZAR;?;07h11;Houilles - Carrières-sur-Seine;uic_87386409;?;?;normal;8;0;60;30;30;0 - 0 - 0 - 0 - 1 - 1 - 1 - 1;0: 4 - 1: 4
2020;2;5;3;6;1;0;UZAR;?;07h25;Houilles - Carrières-sur-Seine;uic_87386409;?;?;normal;8;0;300;232;210;3 - 3 - 3 - 3 - 4 - 5 - 5 - 5;3: 4 - 4: 1 - 5: 3
2020;2;5;3;6;1;0;UZAR;?;07h46;Houilles - Carrières-sur-Seine;uic_87386409;?;?;normal;8;0;0;0;0;0 - 0 - 0 - 0 - 0 - 0 - 0 - 0;0: 8
2020;2;5;3;6;1;0;UZAR;?;07h57;Houilles - Carrières-sur-Seine;uic_87386409;?;?;normal;8;0;180;165;3;2 - 3 - 2 - 3 - 3 - 3 - 3 - 3;2: 2 - 3: 6
2020;2;5;3;6;1;0;UZAR;?;08h09;Houilles - Carrières-sur-Seine;uic_87386409;?;?;normal;8;0;120;67;1;0 - 1 - 1 - 1 - 1 - 2 - 2 - 1;0: 1 - 1: 5 - 2: 2
2020;2;5;3;6;1;0;UZAR;?;08h21;Houilles - Carrières-sur-Seine;uic_87386409;?;?;normal;8;0;120;82;1;1 - 2 - 1 - 2 - 1 - 1 - 1 - 2;1: 5 - 2: 3
2020;2;5;3;6;1;0;UZAR;?;08h32;Houilles - Carrières-sur-Seine;uic_87386409;?;?;normal;8;0;240;225;4;3 - 4 - 3 - 4 - 4 - 4 - 4 - 4;3: 2 - 4: 6
2020;2;5;3;6;1;0;UZAR;?;08h44;Houilles - Carrières-sur-Seine;uic_87386409;?;?;normal;8;0;180;127;2;1 - 2 - 1 - 2 - 3 - 3 - 3 - 2;1: 2 - 2: 3 - 3: 3
2020;2;5;3;6;1;0;UZAR;?;08h56;Houilles - Carrières-sur-Seine;uic_87386409;?;?;normal;8;0;540;450;7;9 - 9 - 7 - 8 - 7 - 7 - 7 - 6;6: 1 - 7: 4 - 8: 1 - 9: 2
2020;2;5;3;6;1;0;UZAR;?;09h07;Houilles - Carrières-sur-Seine;uic_87386409;?;?;normal;8;0;660;592;10;9 - 10 - 9 - 10 - 11 - 10 - 10 - 10;9: 2 - 10: 5 - 11: 1
2020;2;5;3;6;1;0;UZAR;?;09h19;Houilles - Carrières-sur-Seine;uic_87386409;?;?;normal;8;0;1260;1237;21;20 - 21 - 20 - 20 - 21 - 21 - 21 - 21;20: 3 - 21: 5
2020;2;5;3;6;1;0;UZAR;?;09h31;Houilles - Carrières-sur-Seine;uic_87386409;?;?;normal;8;0;1440;1380;1410;21 - 21 - 23 - 24 - 23 - 24 - 24 - 24;21: 2 - 23: 2 - 24: 4
2020;2;5;3;6;1;0;UZAR;?;09h42;Houilles - Carrières-sur-Seine;uic_87386409;?;?;normal;8;0;960;870;15;12 - 13 - 15 - 15 - 16 - 15 - 15 - 15;12: 1 - 13: 1 - 15: 5 - 16: 1
2020;2;5;3;6;1;0;UZAR;?;09h54;Houilles - Carrières-sur-Seine;uic_87386409;?;?;normal;8;0;660;615;630;9 - 9 - 10 - 10 - 11 - 11 - 11 - 11;9: 2 - 10: 2 - 11: 4
2020;2;5;3;6;1;0;UZAR;?;10h07;Houilles - Carrières-sur-Seine;uic_87386409;?;?;normal;8;0;840;757;750;12 - 12 - 12 - 13 - 13 - 12 - 13 - 14;12: 4 - 13: 3 - 14: 1
2020;2;5;3;6;1;0;UZAR;?;10h18;Houilles - Carrières-sur-Seine;uic_87386409;?;?;normal;8;0;720;705;12;12 - 12 - 11 - 12 - 12 - 11 - 12 - 12;11: 2 - 12: 6
2020;2;5;3;6;1;0;UZAR;?;10h27;Houilles - Carrières-sur-Seine;uic_87386409;?;?;normal;8;0;900;780;13;12 - 12 - 12 - 13 - 13 - 13 - 14 - 15;12: 3 - 13: 3 - 14: 1 - 15: 1
2020;2;5;3;6;1;0;UZAR;?;10h38;Houilles - Carrières-sur-Seine;uic_87386409;?;?;normal;8;0;600;570;570;9 - 10 - 9 - 10 - 10 - 9 - 10 - 9;9: 4 - 10: 4
2020;2;5;3;6;1;0;UZAR;?;10h47;Houilles - Carrières-sur-Seine;uic_87386409;?;?;normal;8;0;1320;1177;19;19 - 19 - 18 - 19 - 20 - 19 - 21 - 22;18: 1 - 19: 4 - 20: 1 - 21: 1 - 22: 1
2020;2;5;3;6;1;0;UZAR;?;10h58;Houilles - Carrières-sur-Seine;uic_87386409;?;?;normal;8;0;900;787;13;12 - 13 - 11 - 13 - 13 - 13 - 15 - 15;11: 1 - 12: 1 - 13: 4 - 15: 2
2020;2;5;3;6;1;0;UZAR;?;11h07;Houilles - Carrières-sur-Seine;uic_87386409;?;?;normal;8;0;960;915;15;16 - 15 - 14 - 15 - 16 - 15 - 16 - 15;14: 1 - 15: 4 - 16: 3
2020;2;5;3;6;1;0;UZAR;?;11h18;Houilles - Carrières-sur-Seine;uic_87386409;?;?;normal;8;0;720;690;12;11 - 12 - 10 - 12 - 12 - 11 - 12 - 12;10: 1 - 11: 2 - 12: 5
2020;2;5;3;6;1;0;UZAR;?;11h27;Houilles - Carrières-sur-Seine;uic_87386409;?;?;normal;8;0;420;382;390;7 - 7 - 5 - 6 - 7 - 6 - 7 - 6;5: 1 - 6: 3 - 7: 4
2020;2;5;3;6;1;0;UZAR;?;11h38;Houilles - Carrières-sur-Seine;uic_87386409;?;?;normal;8;0;540;487;510;7 - 8 - 6 - 9 - 9 - 8 - 9 - 9;6: 1 - 7: 1 - 8: 2 - 9: 4
2020;2;5;3;6;1;0;UZAR;?;11h47;Houilles - Carrières-sur-Seine;uic_87386409;?;?;normal;8;0;240;232;4;4 - 4 - 3 - 4 - 4 - 4 - 4 - 4;3: 1 - 4: 7
2020;2;5;3;6;1;0;UZAR;?;11h58;Houilles - Carrières-sur-Seine;uic_87386409;?;?;normal;8;0;180;105;2;1 - 2 - 0 - 2 - 2 - 2 - 3 - 2;0: 1 - 1: 1 - 2: 5 - 3: 1
2020;2;5;3;6;1;0;UZAR;?;12h07;Houilles - Carrières-sur-Seine;uic_87386409;?;?;normal;8;0;120;82;90;2 - 1 - 0 - 1 - 2 - 1 - 2 - 2;0: 1 - 1: 3 - 2: 4
2020;2;5;3;6;1;0;UZAR;?;12h18;Houilles - Carrières-sur-Seine;uic_87386409;?;?;normal;8;0;120;52;1;2 - 2 - 0 - 1 - 1 - 0 - 1 - 0;0: 3 - 1: 3 - 2: 2
2020;2;5;3;6;1;0;UZAR;?;12h27;Houilles - Carrières-sur-Seine;uic_87386409;?;?;normal;8;0;240;165;3;2 - 2 - 2 - 3 - 3 - 3 - 4 - 3;2: 3 - 3: 4 - 4: 1
2020;2;5;3;6;1;0;UZAR;?;12h38;Houilles - Carrières-sur-Seine;uic_87386409;?;?;normal;8;0;120;105;2;1 - 2 - 1 - 2 - 2 - 2 - 2 - 2;1: 2 - 2: 6
2020;2;5;3;6;1;0;UZAR;?;12h47;Houilles - Carrières-sur-Seine;uic_87386409;?;?;normal;8;0;300;240;4;4 - 4 - 3 - 4 - 4 - 4 - 5 - 4;3: 1 - 4: 6 - 5: 1
2020;2;5;3;6;1;0;UZAR;?;12h58;Houilles - Carrières-sur-Seine;uic_87386409;?;?;annule;8;8;0;0;0;;
2020;2;5;3;6;1;0;UZAR;?;13h07;Houilles - Carrières-sur-Seine;uic_87386409;?;?;annule_partiellement;8;3;240;180;180;/ - / - / - 3 - 3 - 2 - 3 - 4;2: 1 - 3: 3 - 4: 1
2020;2;5;3;6;1;0;UZAR;?;13h18;Houilles - Carrières-sur-Seine;uic_87386409;?;?;normal;8;0;420;405;7;6 - 7 - 6 - 7 - 7 - 7 - 7 - 7;6: 2 - 7: 6
2020;2;5;3;6;1;0;UZAR;?;13h27;Houilles - Carrières-sur-Seine;uic_87386409;?;?;normal;8;0;780;750;13;13 - 13 - 11 - 12 - 13 - 12 - 13 - 13;11: 1 - 12: 2 - 13: 5
2020;2;5;3;6;1;0;UZAR;?;13h38;Houilles - Carrières-sur-Seine;uic_87386409;?;?;normal;8;0;1500;1447;24;24 - 24 - 23 - 24 - 25 - 24 - 25 - 24;23: 1 - 24: 5 - 25: 2
2020;2;5;3;6;1;0;UZAR;?;13h47;Houilles - Carrières-sur-Seine;uic_87386409;?;?;normal;8;0;1500;1365;1350;22 - 22 - 21 - 22 - 23 - 23 - 24 - 25;21: 1 - 22: 3 - 23: 2 - 24: 1 - 25: 1
2020;2;5;3;6;1;0;UZAR;?;13h58;Houilles - Carrières-sur-Seine;uic_87386409;?;?;normal;8;0;1140;1005;990;15 - 16 - 15 - 16 - 17 - 17 - 19 - 19;15: 2 - 16: 2 - 17: 2 - 19: 2
2020;2;5;3;6;1;0;UZAR;?;14h07;Houilles - Carrières-sur-Seine;uic_87386409;?;?;normal;8;0;780;615;10;9 - 9 - 8 - 10 - 10 - 11 - 13 - 12;8: 1 - 9: 2 - 10: 2 - 11: 1 - 12: 1 - 13: 1
2020;2;5;3;6;1;0;UZAR;?;14h18;Houilles - Carrières-sur-Seine;uic_87386409;?;?;normal;8;0;480;405;7;7 - 8 - 6 - 7 - 7 - 6 - 7 - 6;6: 3 - 7: 4 - 8: 1
2020;2;5;3;6;1;0;UZAR;?;14h27;Houilles - Carrières-sur-Seine;uic_87386409;?;?;normal;8;0;120;90;2;1 - 2 - 0 - 2 - 2 - 1 - 2 - 2;0: 1 - 1: 2 - 2: 5
2020;2;5;3;6;1;0;UZAR;?;14h38;Houilles - Carrières-sur-Seine;uic_87386409;?;?;normal;8;0;240;225;4;4 - 4 - 3 - 4 - 4 - 3 - 4 - 4;3: 2 - 4: 6
2020;2;5;3;6;1;0;UZAR;?;14h47;Houilles - Carrières-sur-Seine;uic_87386409;?;?;normal;8;0;240;172;3;2 - 2 - 2 - 3 - 4 - 3 - 4 - 3;2: 3 - 3: 3 - 4: 2
2020;2;5;3;6;1;0;UZAR;?;14h58;Houilles - Carrières-sur-Seine;uic_87386409;?;?;normal;8;0;300;255;4;4 - 5 - 3 - 4 - 5 - 4 - 5 - 4;3: 1 - 4: 4 - 5: 3
2020;2;5;3;6;1;0;UZAR;?;15h07;Houilles - Carrières-sur-Seine;uic_87386409;?;?;normal;8;0;420;285;5;3 - 3 - 4 - 5 - 5 - 5 - 7 - 6;3: 2 - 4: 1 - 5: 3 - 6: 1 - 7: 1
2020;2;5;3;6;1;0;UZAR;?;15h18;Houilles - Carrières-sur-Seine;uic_87386409;?;?;normal;8;0;300;255;4;4 - 5 - 3 - 4 - 5 - 4 - 5 - 4;3: 1 - 4: 4 - 5: 3
2020;2;5;3;6;1;0;UZEL;?;15h47;Houilles - Carrières-sur-Seine;uic_87386409;?;?;normal;8;0;240;195;3;4 - 3 - 2 - 3 - 4 - 3 - 4 - 3;2: 1 - 3: 4 - 4: 3
2020;2;5;3;6;1;0;UZEL;?;15h58;Houilles - Carrières-sur-Seine;uic_87386409;?;?;normal;8;0;180;112;2;2 - 2 - 1 - 2 - 2 - 1 - 2 - 3;1: 2 - 2: 5 - 3: 1
2020;2;5;3;6;1;0;UZEL;?;16h07;Houilles - Carrières-sur-Seine;uic_87386409;?;?;normal;8;0;120;30;0;0 - 0 - 0 - 0 - 0 - 0 - 2 - 2;0: 6 - 2: 2
2020;2;5;3;6;1;0;UZEL;?;16h18;Houilles - Carrières-sur-Seine;uic_87386409;?;?;normal;8;0;60;22;0;0 - 1 - 0 - 0 - 1 - 0 - 1 - 0;0: 5 - 1: 3
2020;2;5;3;6;1;0;UZEL;?;16h26;Houilles - Carrières-sur-Seine;uic_87386409;?;?;normal;8;0;0;0;0;0 - 0 - 0 - 0 - 0 - 0 - 0 - 0;0: 8
2020;2;5;3;6;1;0;UZEL;?;16h38;Houilles - Carrières-sur-Seine;uic_87386409;?;?;normal;8;0;120;75;1;1 - 2 - 0 - 1 - 2 - 1 - 2 - 1;0: 1 - 1: 4 - 2: 3
2020;2;5;3;6;1;0;UZEL;?;16h46;Houilles - Carrières-sur-Seine;uic_87386409;?;?;normal;8;0;0;0;0;0 - 0 - 0 - 0 - 0 - 0 - 0 - 0;0: 8
2020;2;5;3;6;1;0;UZEL;?;16h59;Houilles - Carrières-sur-Seine;uic_87386409;?;?;normal;8;0;240;172;3;2 - 3 - 1 - 3 - 3 - 3 - 4 - 4;1: 1 - 2: 1 - 3: 4 - 4: 2
2020;2;5;3;6;1;0;UZEL;?;17h05;Houilles - Carrières-sur-Seine;uic_87386409;?;?;normal;8;0;180;97;90;1 - 1 - 1 - 1 - 2 - 2 - 2 - 3;1: 4 - 2: 3 - 3: 1
2020;2;5;3;6;1;0;UZEL;?;17h18;Houilles - Carrières-sur-Seine;uic_87386409;?;?;normal;8;0;60;37;1;0 - 0 - 0 - 1 - 1 - 1 - 1 - 1;0: 3 - 1: 5
2020;2;5;3;6;1;0;UZEL;?;17h30;Houilles - Carrières-sur-Seine;uic_87386409;?;?;normal;8;0;120;82;1;1 - 1 - 1 - 1 - 1 - 2 - 2 - 2;1: 5 - 2: 3
2020;2;5;3;6;1;0;UZEL;?;17h43;Houilles - Carrières-sur-Seine;uic_87386409;?;?;normal;8;0;120;82;2;0 - 1 - 0 - 2 - 2 - 2 - 2 - 2;0: 2 - 1: 1 - 2: 5
2020;2;5;3;6;1;0;UZEL;?;17h55;Houilles - Carrières-sur-Seine;uic_87386409;?;?;normal;8;0;240;180;3;2 - 3 - 2 - 3 - 3 - 4 - 3 - 4;2: 2 - 3: 4 - 4: 2
2020;2;5;3;6;1;0;UZEL;?;18h08;Houilles - Carrières-sur-Seine;uic_87386409;?;?;normal;8;0;60;22;0;0 - 0 - 0 - 1 - 1 - 0 - 0 - 1;0: 5 - 1: 3
2020;2;5;3;6;1;0;UZEL;?;18h20;Houilles - Carrières-sur-Seine;uic_87386409;?;?;normal;8;0;600;382;6;4 - 5 - 5 - 6 - 6 - 6 - 9 - 10;4: 1 - 5: 2 - 6: 3 - 9: 1 - 10: 1
2020;2;5;3;6;1;0;UZEL;?;18h33;Houilles - Carrières-sur-Seine;uic_87386409;?;?;normal;8;0;360;210;3;2 - 3 - 2 - 3 - 4 - 3 - 5 - 6;2: 2 - 3: 3 - 4: 1 - 5: 1 - 6: 1
2020;2;5;3;6;1;0;UZEL;?;18h45;Houilles - Carrières-sur-Seine;uic_87386409;?;?;normal;8;0;180;142;2;2 - 2 - 2 - 2 - 2 - 3 - 3 - 3;2: 5 - 3: 3
2020;2;5;3;6;1;0;UZEL;?;18h58;Houilles - Carrières-sur-Seine;uic_87386409;?;?;normal;8;0;240;165;3;1 - 2 - 2 - 3 - 4 - 3 - 3 - 4;1: 1 - 2: 2 - 3: 3 - 4: 2
2020;2;5;3;6;1;0;UZEL;?;19h10;Houilles - Carrières-sur-Seine;uic_87386409;?;?;normal;8;0;180;120;2;1 - 2 - 1 - 2 - 2 - 2 - 3 - 3;1: 2 - 2: 4 - 3: 2
2020;2;5;3;6;1;0;UZEL;?;19h23;Houilles - Carrières-sur-Seine;uic_87386409;?;?;normal;8;0;180;120;2;1 - 2 - 1 - 2 - 3 - 2 - 2 - 3;1: 2 - 2: 4 - 3: 2
2020;2;5;3;6;1;0;UZEL;?;19h35;Houilles - Carrières-sur-Seine;uic_87386409;?;?;normal;8;0;180;135;2;1 - 2 - 2 - 2 - 2 - 3 - 3 - 3;1: 1 - 2: 4 - 3: 3
2020;2;5;3;6;1;0;UZEL;?;19h48;Houilles - Carrières-sur-Seine;uic_87386409;?;?;normal;8;0;60;15;0;0 - 0 - 0 - 0 - 1 - 0 - 0 - 1;0: 6 - 1: 2
2020;2;5;3;6;1;0;UZEL;?;20h00;Houilles - Carrières-sur-Seine;uic_87386409;?;?;normal;8;0;360;307;5;4 - 5 - 4 - 5 - 5 - 6 - 6 - 6;4: 2 - 5: 3 - 6: 3
2020;2;5;3;6;1;0;UZEL;?;20h10;Houilles - Carrières-sur-Seine;uic_87386409;?;?;normal;8;0;120;15;0;0 - 0 - 0 - 0 - 0 - 0 - 0 - 2;0: 7 - 2: 1
2020;2;5;3;6;1;0;UZEL;?;20h28;Houilles - Carrières-sur-Seine;uic_87386409;?;?;normal;8;0;60;30;30;0 - 0 - 0 - 0 - 1 - 1 - 1 - 1;0: 4 - 1: 4
2020;2;5;3;6;1;0;UZEL;?;20h49;Houilles - Carrières-sur-Seine;uic_87386409;?;?;normal;8;0;120;82;2;0 - 1 - 0 - 2 - 2 - 2 - 2 - 2;0: 2 - 1: 1 - 2: 5
2020;2;5;3;6;1;0;UZEL;?;21h08;Houilles - Carrières-sur-Seine;uic_87386409;?;?;normal;8;0;840;742;12;11 - 12 - 12 - 12 - 12 - 13 - 13 - 14;11: 1 - 12: 4 - 13: 2 - 14: 1
2020;2;5;3;6;1;0;UZEL;?;21h28;Houilles - Carrières-sur-Seine;uic_87386409;?;?;normal;8;0;720;675;11;11 - 11 - 11 - 11 - 11 - 12 - 11 - 12;11: 6 - 12: 2
2020;2;5;3;6;1;0;UZEL;?;21h49;Houilles - Carrières-sur-Seine;uic_87386409;?;?;normal;8;0;480;375;7;1 - 7 - 6 - 7 - 8 - 7 - 7 - 7;1: 1 - 6: 1 - 7: 5 - 8: 1
2020;2;5;3;6;1;0;UZIN;?;15h27;Houilles - Carrières-sur-Seine;uic_87386409;?;?;normal;8;0;0;0;0;0 - 0 - 0 - 0 - 0 - 0 - 0 - 0;0: 8
2020;2;5;3;6;1;0;UZIN;?;15h38;Houilles - Carrières-sur-Seine;uic_87386409;?;?;normal;8;0;180;135;2;2 - 2 - 1 - 2 - 3 - 2 - 3 - 3;1: 1 - 2: 4 - 3: 3
2020;2;5;3;6;1;0;VELO;?;00h18;Houilles - Carrières-sur-Seine;uic_87386409;?;?;normal;1;0;0;0;0;0;0: 1
2020;2;5;3;6;1;0;VELO;?;22h18;Houilles - Carrières-sur-Seine;uic_87386409;?;?;normal;1;0;0;0;0;0;0: 1
2020;2;5;3;6;1;0;VELO;?;22h48;Houilles - Carrières-sur-Seine;uic_87386409;?;?;normal;1;0;180;180;180;3;3: 1
2020;2;5;3;6;1;0;VELO;?;23h18;Houilles - Carrières-sur-Seine;uic_87386409;?;?;normal;1;0;60;60;60;1;1: 1
2020;2;5;3;6;1;0;VELO;?;23h48;Houilles - Carrières-sur-Seine;uic_87386409;?;?;normal;1;0;0;0;0;0;0: 1
2020;2;5;3;6;1;0;VIDA;?;00h44;Houilles - Carrières-sur-Seine;uic_87386409;?;?;normal;1;0;0;0;0;0;0: 1
2020;2;5;3;6;1;0;VIRO;?;01h13;Houilles - Carrières-sur-Seine;uic_87386409;?;?;normal;1;0;0;0;0;0;0: 1
2020;2;6;4;6;1;0;NAJA;?;22h28;Sartrouville;uic_87386417;?;?;normal;2;0;120;120;2;2 - 2;2: 2
2020;2;6;4;6;1;0;NAJA;?;22h58;Sartrouville;uic_87386417;?;?;normal;2;0;180;180;3;3 - 3;3: 2
2020;2;6;4;6;1;0;NAJA;?;23h28;Sartrouville;uic_87386417;?;?;normal;2;0;0;0;0;0 - 0;0: 2
2020;2;6;4;6;1;0;NANI;?;14h13;Cergy le Haut;uic_87382655;?;?;normal;9;0;0;0;0;0 - 0 - 0 - 0 - 0 - 0 - 0 - 0 - 0;0: 9
2020;2;6;4;6;1;0;NANI;?;14h23;Cergy le Haut;uic_87382655;?;?;normal;9;0;180;80;60;0 - 0 - 1 - 1 - 1 - 2 - 2 - 2 - 3;0: 2 - 1: 3 - 2: 3 - 3: 1
2020;2;6;4;6;1;0;NANI;?;14h33;Cergy le Haut;uic_87382655;?;?;normal;9;0;60;20;0;0 - 0 - 0 - 0 - 0 - 1 - 1 - 1 - 0;0: 6 - 1: 3
2020;2;6;4;6;1;0;NANI;?;14h43;Cergy le Haut;uic_87382655;?;?;normal;9;0;60;33;60;0 - 0 - 1 - 1 - 0 - 1 - 0 - 1 - 1;0: 4 - 1: 5
2020;2;6;4;6;1;0;NANI;?;14h53;Cergy le Haut;uic_87382655;?;?;normal;9;0;0;0;0;0 - 0 - 0 - 0 - 0 - 0 - 0 - 0 - 0;0: 9
2020;2;6;4;6;1;0;NANI;?;15h03;Cergy le Haut;uic_87382655;?;?;normal;9;0;0;0;0;0 - 0 - 0 - 0 - 0 - 0 - 0 - 0 - 0;0: 9
2020;2;6;4;6;1;0;NANI;?;15h13;Cergy le Haut;uic_87382655;?;?;normal;9;0;0;0;0;0 - 0 - 0 - 0 - 0 - 0 - 0 - 0 - 0;0: 9
2020;2;6;4;6;1;0;NANI;?;15h23;Cergy le Haut;uic_87382655;?;?;normal;9;0;60;26;0;0 - 0 - 0 - 0 - 0 - 1 - 1 - 1 - 1;0: 5 - 1: 4
2020;2;6;4;6;1;0;NANI;?;15h33;Cergy le Haut;uic_87382655;?;?;normal;9;0;60;6;0;0 - 0 - 0 - 0 - 0 - 0 - 0 - 1 - 0;0: 8 - 1: 1
2020;2;6;4;6;1;0;NANI;?;15h43;Cergy le Haut;uic_87382655;?;?;normal;9;0;60;6;0;1 - 0 - 0 - 0 - 0 - 0 - 0 - 0 - 0;0: 8 - 1: 1
2020;2;6;4;6;1;0;NANI;?;15h53;Cergy le Haut;uic_87382655;?;?;normal;9;0;60;33;60;0 - 0 - 1 - 1 - 1 - 1 - 1 - 0 - 0;0: 4 - 1: 5
2020;2;6;4;6;1;0;NANI;?;16h03;Cergy le Haut;uic_87382655;?;?;normal;9;0;180;120;120;1 - 1 - 2 - 1 - 1 - 3 - 3 - 3 - 3;1: 4 - 2: 1 - 3: 4
2020;2;6;4;6;1;0;NANI;?;16h13;Cergy le Haut;uic_87382655;?;?;normal;9;0;0;0;0;0 - 0 - 0 - 0 - 0 - 0 - 0 - 0 - 0;0: 9
2020;2;6;4;6;1;0;NANI;?;16h24;Cergy le Haut;uic_87382655;?;?;normal;9;0;180;80;60;0 - 0 - 1 - 1 - 1 - 2 - 2 - 2 - 3;0: 2 - 1: 3 - 2: 3 - 3: 1
2020;2;6;4;6;1;0;NANI;?;16h36;Cergy le Haut;uic_87382655;?;?;normal;9;0;540;300;240;0 - 3 - 3 - 3 - 4 - 9 - 8 - 7 - 8;0: 1 - 3: 3 - 4: 1 - 7: 1 - 8: 2 - 9: 1
2020;2;6;4;6;1;0;NANI;?;16h49;Cergy le Haut;uic_87382655;?;?;normal;9;0;120;66;60;0 - 0 - 1 - 1 - 1 - 2 - 1 - 2 - 2;0: 2 - 1: 4 - 2: 3
2020;2;6;4;6;1;0;NANI;?;17h01;Cergy le Haut;uic_87382655;?;?;normal;9;0;240;120;120;0 - 1 - 2 - 2 - 2 - 4 - 3 - 2 - 2;0: 1 - 1: 1 - 2: 5 - 3: 1 - 4: 1
2020;2;6;4;6;1;0;NANI;?;17h14;Cergy le Haut;uic_87382655;?;?;normal;9;0;0;0;0;0 - 0 - 0 - 0 - 0 - 0 - 0 - 0 - 0;0: 9
2020;2;6;4;6;1;0;NANI;?;17h26;Cergy le Haut;uic_87382655;?;?;normal;9;0;180;106;120;1 - 1 - 1 - 1 - 2 - 3 - 3 - 2 - 2;1: 4 - 2: 3 - 3: 2
2020;2;6;4;6;1;0;NANI;?;17h39;Cergy le Haut;uic_87382655;?;?;normal;9;0;180;106;120;1 - 1 - 2 - 2 - 1 - 3 - 2 - 2 - 2;1: 3 - 2: 5 - 3: 1
2020;2;6;4;6;1;0;NANI;?;17h51;Cergy le Haut;uic_87382655;?;?;normal;9;0;60;20;0;0 - 0 - 0 - 0 - 1 - 1 - 1 - 0 - 0;0: 6 - 1: 3
2020;2;6;4;6;1;0;NANI;?;18h04;Cergy le Haut;uic_87382655;?;?;normal;9;0;0;0;0;0 - 0 - 0 - 0 - 0 - 0 - 0 - 0 - 0;0: 9
2020;2;6;4;6;1;0;NANI;?;18h16;Cergy le Haut;uic_87382655;?;?;normal;9;0;0;0;0;0 - 0 - 0 - 0 - 0 - 0 - 0 - 0 - 0;0: 9
2020;2;6;4;6;1;0;NANI;?;18h29;Cergy le Haut;uic_87382655;?;?;normal;9;0;120;53;60;0 - 0 - 1 - 1 - 1 - 2 - 1 - 1 - 1;0: 2 - 1: 6 - 2: 1
2020;2;6;4;6;1;0;NANI;?;18h41;Cergy le Haut;uic_87382655;?;?;normal;9;0;120;33;0;0 - 1 - 0 - 0 - 1 - 2 - 1 - 0 - 0;0: 5 - 1: 3 - 2: 1
2020;2;6;4;6;1;0;NANI;?;18h54;Cergy le Haut;uic_87382655;?;?;normal;9;0;120;80;60;1 - 0 - 2 - 1 - 1 - 2 - 1 - 2 - 2;0: 1 - 1: 4 - 2: 4
2020;2;6;4;6;1;0;NANI;?;19h06;Cergy le Haut;uic_87382655;?;?;normal;9;0;0;0;0;0 - 0 - 0 - 0 - 0 - 0 - 0 - 0 - 0;0: 9
2020;2;6;4;6;1;0;NANI;?;19h20;Cergy le Haut;uic_87382655;?;?;normal;9;0;0;0;0;0 - 0 - 0 - 0 - 0 - 0 - 0 - 0 - 0;0: 9
2020;2;6;4;6;1;0;NANI;?;19h39;Cergy le Haut;uic_87382655;?;?;normal;9;0;0;0;0;0 - 0 - 0 - 0 - 0 - 0 - 0 - 0 - 0;0: 9
2020;2;6;4;6;1;0;NANI;?;20h05;Cergy le Haut;uic_87382655;?;?;normal;9;0;0;0;0;0 - 0 - 0 - 0 - 0 - 0 - 0 - 0 - 0;0: 9
2020;2;6;4;6;1;0;NANI;?;20h35;Cergy le Haut;uic_87382655;?;?;normal;9;0;0;0;0;0 - 0 - 0 - 0 - 0 - 0 - 0 - 0 - 0;0: 9
2020;2;6;4;6;1;0;NANI;?;21h05;Cergy le Haut;uic_87382655;?;?;normal;9;0;0;0;0;0 - 0 - 0 - 0 - 0 - 0 - 0 - 0 - 0;0: 9
2020;2;6;4;6;1;0;NANI;?;21h33;Cergy le Haut;uic_87382655;?;?;normal;9;0;0;0;0;0 - 0 - 0 - 0 - 0 - 0 - 0 - 0 - 0;0: 9
2020;2;6;4;6;1;0;NATO;?;05h12;Cergy le Haut;uic_87382655;?;?;normal;9;0;780;166;0;0 - 0 - 0 - 0 - 0 - 0 - 0 - 13 - 12;0: 7 - 12: 1 - 13: 1
2020;2;6;4;6;1;0;NATO;?;05h42;Cergy le Haut;uic_87382655;?;?;normal;9;0;120;73;60;1 - 1 - 2 - 2 - 1 - 1 - 1 - 1 - 1;1: 7 - 2: 2
2020;2;6;4;6;1;0;NATO;?;05h57;Cergy le Haut;uic_87382655;?;?;normal;9;0;120;53;60;0 - 0 - 1 - 1 - 0 - 2 - 1 - 2 - 1;0: 3 - 1: 4 - 2: 2
2020;2;6;4;6;1;0;NATO;?;06h12;Cergy le Haut;uic_87382655;?;?;normal;9;0;0;0;0;0 - 0 - 0 - 0 - 0 - 0 - 0 - 0 - 0;0: 9
2020;2;6;4;6;1;0;NATO;?;06h27;Cergy le Haut;uic_87382655;?;?;normal;9;0;60;6;0;0 - 0 - 1 - 0 - 0 - 0 - 0 - 0 - 0;0: 8 - 1: 1
2020;2;6;4;6;1;0;NATO;?;06h42;Cergy le Haut;uic_87382655;?;?;normal;9;0;60;46;60;0 - 0 - 1 - 1 - 1 - 1 - 1 - 1 - 1;0: 2 - 1: 7
2020;2;6;4;6;1;0;NATO;?;06h51;Cergy le Haut;uic_87382655;?;?;normal;9;0;120;33;0;0 - 0 - 0 - 0 - 0 - 1 - 1 - 2 - 1;0: 5 - 1: 3 - 2: 1
2020;2;6;4;6;1;0;NATO;?;07h03;Cergy le Haut;uic_87382655;?;?;annule_partiellement;9;2;60;25;0;0 - 0 - 1 - 0 - 0 - 1 - 1 - / - /;0: 4 - 1: 3
2020;2;6;4;6;1;0;NATO;?;07h14;Cergy le Haut;uic_87382655;?;?;normal;9;0;240;99;60;0 - 0 - 1 - 0 - 0 - 3 - 4 - 3 - 4;0: 4 - 1: 1 - 3: 2 - 4: 2
2020;2;6;4;6;1;0;NATO;?;07h26;Cergy le Haut;uic_87382655;?;?;normal;9;0;180;33;0;0 - 0 - 0 - 0 - 0 - 0 - 0 - 3 - 2;0: 7 - 2: 1 - 3: 1
2020;2;6;4;6;1;0;NATO;?;07h38;Cergy le Haut;uic_87382655;?;?;normal;9;0;120;46;60;0 - 0 - 1 - 0 - 0 - 1 - 2 - 1 - 2;0: 4 - 1: 3 - 2: 2
2020;2;6;4;6;1;0;NATO;?;07h49;Cergy le Haut;uic_87382655;?;?;normal;9;0;120;26;0;0 - 0 - 0 - 0 - 0 - 0 - 1 - 1 - 2;0: 6 - 1: 2 - 2: 1
2020;2;6;4;6;1;0;NATO;?;08h01;Cergy le Haut;uic_87382655;?;?;normal;9;0;0;0;0;0 - 0 - 0 - 0 - 0 - 0 - 0 - 0 - 0;0: 9
2020;2;6;4;6;1;0;NATO;?;08h13;Cergy le Haut;uic_87382655;?;?;normal;9;0;240;60;0;0 - 0 - 0 - 0 - 0 - 0 - 2 - 3 - 4;0: 6 - 2: 1 - 3: 1 - 4: 1
2020;2;6;4;6;1;0;NATO;?;08h24;Cergy le Haut;uic_87382655;?;?;normal;9;0;120;40;0;0 - 0 - 0 - 0 - 0 - 1 - 1 - 2 - 2;0: 5 - 1: 2 - 2: 2
2020;2;6;4;6;1;0;NATO;?;08h36;Cergy le Haut;uic_87382655;?;?;normal;9;0;120;20;0;0 - 0 - 0 - 0 - 0 - 0 - 0 - 2 - 1;0: 7 - 1: 1 - 2: 1
2020;2;6;4;6;1;0;NATO;?;08h48;Cergy le Haut;uic_87382655;?;?;normal;9;0;60;13;0;0 - 0 - 1 - 0 - 0 - 0 - 0 - 1 - 0;0: 7 - 1: 2
2020;2;6;4;6;1;0;NATO;?;09h03;Cergy le Haut;uic_87382655;?;?;normal;9;0;660;393;180;3 - 3 - 3 - 3 - 3 - 11 - 11 - 11 - 11;3: 5 - 11: 4
2020;2;6;4;6;1;0;NATO;?;09h14;Cergy le Haut;uic_87382655;?;?;normal;9;0;720;346;120;1 - 2 - 1 - 1 - 2 - 10 - 11 - 12 - 12;1: 3 - 2: 2 - 10: 1 - 11: 1 - 12: 2
2020;2;6;4;6;1;0;NATO;?;09h23;Cergy le Haut;uic_87382655;?;?;normal;9;0;480;153;0;0 - 0 - 0 - 0 - 0 - 4 - 3 - 8 - 8;0: 5 - 3: 1 - 4: 1 - 8: 2
2020;2;6;4;6;1;0;NATO;?;09h33;Cergy le Haut;uic_87382655;?;?;normal;9;0;180;40;0;0 - 0 - 0 - 0 - 0 - 0 - 0 - 3 - 3;0: 7 - 3: 2
2020;2;6;4;6;1;0;NATO;?;09h47;Cergy le Haut;uic_87382655;?;?;normal;9;0;60;20;0;0 - 0 - 0 - 0 - 0 - 1 - 1 - 1 - 0;0: 6 - 1: 3
2020;2;6;4;6;1;0;NATO;?;09h55;Cergy le Haut;uic_87382655;?;?;normal;9;0;420;120;0;0 - 0 - 0 - 0 - 0 - 2 - 3 - 7 - 6;0: 5 - 2: 1 - 3: 1 - 6: 1 - 7: 1
2020;2;6;4;6;1;0;NATO;?;10h07;Cergy le Haut;uic_87382655;?;?;normal;9;0;60;6;0;0 - 0 - 0 - 0 - 0 - 1 - 0 - 0 - 0;0: 8 - 1: 1
2020;2;6;4;6;1;0;NATO;?;10h13;Cergy le Haut;uic_87382655;?;?;normal;9;0;0;0;0;0 - 0 - 0 - 0 - 0 - 0 - 0 - 0 - 0;0: 9
2020;2;6;4;6;1;0;NATO;?;10h23;Cergy le Haut;uic_87382655;?;?;normal;9;0;0;0;0;0 - 0 - 0 - 0 - 0 - 0 - 0 - 0 - 0;0: 9
2020;2;6;4;6;1;0;NATO;?;10h33;Cergy le Haut;uic_87382655;?;?;normal;9;0;0;0;0;0 - 0 - 0 - 0 - 0 - 0 - 0 - 0 - 0;0: 9
2020;2;6;4;6;1;0;NATO;?;10h43;Cergy le Haut;uic_87382655;?;?;normal;9;0;180;73;60;0 - 0 - 0 - 1 - 1 - 2 - 2 - 2 - 3;0: 3 - 1: 2 - 2: 3 - 3: 1
2020;2;6;4;6;1;0;NATO;?;10h53;Cergy le Haut;uic_87382655;?;?;normal;9;0;60;40;60;0 - 0 - 1 - 1 - 1 - 1 - 1 - 1 - 0;0: 3 - 1: 6
2020;2;6;4;6;1;0;NATO;?;11h03;Cergy le Haut;uic_87382655;?;?;normal;9;0;0;0;0;0 - 0 - 0 - 0 - 0 - 0 - 0 - 0 - 0;0: 9
2020;2;6;4;6;1;0;NATO;?;11h13;Cergy le Haut;uic_87382655;?;?;normal;9;0;0;0;0;0 - 0 - 0 - 0 - 0 - 0 - 0 - 0 - 0;0: 9
2020;2;6;4;6;1;0;NATO;?;11h23;Cergy le Haut;uic_87382655;?;?;normal;9;0;0;0;0;0 - 0 - 0 - 0 - 0 - 0 - 0 - 0 - 0;0: 9
2020;2;6;4;6;1;0;NATO;?;11h33;Cergy le Haut;uic_87382655;?;?;normal;9;0;0;0;0;0 - 0 - 0 - 0 - 0 - 0 - 0 - 0 - 0;0: 9
2020;2;6;4;6;1;0;NATO;?;11h43;Cergy le Haut;uic_87382655;?;?;normal;9;0;0;0;0;0 - 0 - 0 - 0 - 0 - 0 - 0 - 0 - 0;0: 9
2020;2;6;4;6;1;0;NATO;?;11h53;Cergy le Haut;uic_87382655;?;?;normal;9;0;120;26;0;0 - 0 - 0 - 0 - 0 - 1 - 2 - 1 - 0;0: 6 - 1: 2 - 2: 1
2020;2;6;4;6;1;0;NATO;?;12h03;Cergy le Haut;uic_87382655;?;?;normal;9;0;180;66;60;0 - 0 - 1 - 0 - 0 - 2 - 3 - 2 - 2;0: 4 - 1: 1 - 2: 3 - 3: 1
2020;2;6;4;6;1;0;NATO;?;12h13;Cergy le Haut;uic_87382655;?;?;normal;9;0;0;0;0;0 - 0 - 0 - 0 - 0 - 0 - 0 - 0 - 0;0: 9
2020;2;6;4;6;1;0;NATO;?;12h23;Cergy le Haut;uic_87382655;?;?;normal;9;0;0;0;0;0 - 0 - 0 - 0 - 0 - 0 - 0 - 0 - 0;0: 9
2020;2;6;4;6;1;0;NATO;?;12h33;Cergy le Haut;uic_87382655;?;?;normal;9;0;60;20;0;0 - 0 - 1 - 1 - 0 - 1 - 0 - 0 - 0;0: 6 - 1: 3
2020;2;6;4;6;1;0;NATO;?;12h43;Cergy le Haut;uic_87382655;?;?;normal;9;0;0;0;0;0 - 0 - 0 - 0 - 0 - 0 - 0 - 0 - 0;0: 9
2020;2;6;4;6;1;0;NATO;?;12h53;Cergy le Haut;uic_87382655;?;?;normal;9;0;0;0;0;0 - 0 - 0 - 0 - 0 - 0 - 0 - 0 - 0;0: 9
2020;2;6;4;6;1;0;NATO;?;13h03;Cergy le Haut;uic_87382655;?;?;normal;9;0;0;0;0;0 - 0 - 0 - 0 - 0 - 0 - 0 - 0 - 0;0: 9
2020;2;6;4;6;1;0;NATO;?;13h13;Cergy le Haut;uic_87382655;?;?;normal;9;0;180;46;0;0 - 0 - 0 - 0 - 0 - 2 - 1 - 3 - 1;0: 5 - 1: 2 - 2: 1 - 3: 1
2020;2;6;4;6;1;0;NATO;?;13h23;Cergy le Haut;uic_87382655;?;?;normal;9;0;0;0;0;0 - 0 - 0 - 0 - 0 - 0 - 0 - 0 - 0;0: 9
2020;2;6;4;6;1;0;NATO;?;13h33;Cergy le Haut;uic_87382655;?;?;normal;9;0;0;0;0;0 - 0 - 0 - 0 - 0 - 0 - 0 - 0 - 0;0: 9
2020;2;6;4;6;1;0;NATO;?;13h43;Cergy le Haut;uic_87382655;?;?;normal;9;0;60;13;0;0 - 0 - 0 - 0 - 0 - 0 - 0 - 1 - 1;0: 7 - 1: 2
2020;2;6;4;6;1;0;NATO;?;13h53;Cergy le Haut;uic_87382655;?;?;normal;9;0;0;0;0;0 - 0 - 0 - 0 - 0 - 0 - 0 - 0 - 0;0: 9
2020;2;6;4;6;1;0;NATO;?;14h03;Cergy le Haut;uic_87382655;?;?;normal;9;0;0;0;0;0 - 0 - 0 - 0 - 0 - 0 - 0 - 0 - 0;0: 9
2020;2;6;4;6;1;0;NOTE;?;05h40;Poissy;uic_87386573;?;?;normal;5;0;420;371;360;6 - 6 - 6 - 7 - 6;6: 4 - 7: 1
2020;2;6;4;6;1;0;NOTE;?;06h00;Poissy;uic_87386573;?;?;normal;5;0;480;420;420;6 - 7 - 7 - 8 - 7;6: 1 - 7: 3 - 8: 1
2020;2;6;4;6;1;0;NOTE;?;06h15;Poissy;uic_87386573;?;?;normal;5;0;180;155;180;2 - 3 - 2 - 3 - 3;2: 2 - 3: 3
2020;2;6;4;6;1;0;NOTE;?;06h30;Poissy;uic_87386573;?;?;annule;5;5;0;0;0;;
2020;2;6;4;6;1;0;NOTE;?;06h45;Poissy;uic_87386573;?;?;normal;5;0;0;0;0;0 - 0 - 0 - 0 - 0;0: 5
2020;2;6;4;6;1;0;NOTE;?;06h59;Poissy;uic_87386573;?;?;normal;5;0;0;0;0;0 - 0 - 0 - 0 - 0;0: 5
2020;2;6;4;6;1;0;NOTE;?;07h13;Poissy;uic_87386573;?;?;normal;5;0;120;36;0;0 - 2 - 1 - 0 - 0;0: 3 - 1: 1 - 2: 1
2020;2;6;4;6;1;0;NOTE;?;07h25;Poissy;uic_87386573;?;?;normal;5;0;240;155;240;0 - 1 - 4 - 4 - 4;0: 1 - 1: 1 - 4: 3
2020;2;6;4;6;1;0;NOTE;?;07h37;Poissy;uic_87386573;?;?;normal;5;0;240;120;60;1 - 1 - 1 - 3 - 4;1: 3 - 3: 1 - 4: 1
2020;2;6;4;6;1;0;NOTE;?;07h47;Poissy;uic_87386573;?;?;normal;5;0;120;83;120;0 - 1 - 2 - 2 - 2;0: 1 - 1: 1 - 2: 3
2020;2;6;4;6;1;0;NOTE;?;07h59;Poissy;uic_87386573;?;?;normal;5;0;180;107;120;1 - 2 - 1 - 3 - 2;1: 2 - 2: 2 - 3: 1
2020;2;6;4;6;1;0;NOTE;?;08h11;Poissy;uic_87386573;?;?;normal;5;0;0;0;0;0 - 0 - 0 - 0 - 0;0: 5
2020;2;6;4;6;1;0;NOTE;?;08h22;Poissy;uic_87386573;?;?;normal;5;0;180;96;120;0 - 1 - 2 - 2 - 3;0: 1 - 1: 1 - 2: 2 - 3: 1
2020;2;6;4;6;1;0;NOTE;?;08h34;Poissy;uic_87386573;?;?;normal;5;0;180;96;120;0 - 1 - 2 - 3 - 2;0: 1 - 1: 1 - 2: 2 - 3: 1
2020;2;6;4;6;1;0;NOTE;?;08h46;Poissy;uic_87386573;?;?;normal;5;0;180;72;60;0 - 0 - 1 - 2 - 3;0: 2 - 1: 1 - 2: 1 - 3: 1
2020;2;6;4;6;1;0;NOTE;?;08h57;Poissy;uic_87386573;?;?;normal;5;0;60;24;0;0 - 0 - 1 - 0 - 1;0: 3 - 1: 2
2020;2;6;4;6;1;0;NOTE;?;09h09;Poissy;uic_87386573;?;?;normal;5;0;240;155;180;1 - 2 - 3 - 3 - 4;1: 1 - 2: 1 - 3: 2 - 4: 1
2020;2;6;4;6;1;0;NOTE;?;16h42;Poissy;uic_87386573;?;?;normal;5;0;60;12;0;0 - 1 - 0 - 0 - 0;0: 4 - 1: 1
2020;2;6;4;6;1;0;NOTE;?;16h54;Poissy;uic_87386573;?;?;normal;5;0;60;12;0;0 - 1 - 0 - 0 - 0;0: 4 - 1: 1
2020;2;6;4;6;1;0;NOTE;?;17h05;Poissy;uic_87386573;?;?;normal;5;0;360;215;240;0 - 6 - 4 - 4 - 4;0: 1 - 4: 3 - 6: 1
2020;2;6;4;6;1;0;NOTE;?;17h19;Poissy;uic_87386573;?;?;normal;5;0;120;96;120;0 - 2 - 2 - 2 - 2;0: 1 - 2: 4
2020;2;6;4;6;1;0;NOTE;?;17h32;Poissy;uic_87386573;?;?;normal;5;0;0;0;0;0 - 0 - 0 - 0 - 0;0: 5
2020;2;6;4;6;1;0;NOTE;?;17h44;Poissy;uic_87386573;?;?;normal;5;0;120;96;120;0 - 2 - 2 - 2 - 2;0: 1 - 2: 4
2020;2;6;4;6;1;0;NOTE;?;17h57;Poissy;uic_87386573;?;?;normal;5;0;120;48;60;0 - 2 - 0 - 1 - 1;0: 2 - 1: 2 - 2: 1
2020;2;6;4;6;1;0;NOTE;?;18h09;Poissy;uic_87386573;?;?;normal;5;0;0;0;0;0 - 0 - 0 - 0 - 0;0: 5
2020;2;6;4;6;1;0;NOTE;?;18h22;Poissy;uic_87386573;?;?;normal;5;0;60;12;0;0 - 1 - 0 - 0 - 0;0: 4 - 1: 1
2020;2;6;4;6;1;0;NOTE;?;18h34;Poissy;uic_87386573;?;?;normal;5;0;60;24;0;0 - 1 - 0 - 0 - 1;0: 3 - 1: 2
2020;2;6;4;6;1;0;NOTE;?;18h47;Poissy;uic_87386573;?;?;normal;5;0;0;0;0;0 - 0 - 0 - 0 - 0;0: 5
2020;2;6;4;6;1;0;NOTE;?;18h59;Poissy;uic_87386573;?;?;normal;5;0;60;12;0;0 - 1 - 0 - 0 - 0;0: 4 - 1: 1
2020;2;6;4;6;1;0;NOTE;?;19h12;Poissy;uic_87386573;?;?;normal;5;0;60;12;0;0 - 1 - 0 - 0 - 0;0: 4 - 1: 1
2020;2;6;4;6;1;0;NOTE;?;19h24;Poissy;uic_87386573;?;?;normal;5;0;0;0;0;0 - 0 - 0 - 0 - 0;0: 5
2020;2;6;4;6;1;0;NOTE;?;19h39;Poissy;uic_87386573;?;?;normal;5;0;0;0;0;0 - 0 - 0 - 0 - 0;0: 5
2020;2;6;4;6;1;0;NOTE;?;20h04;Poissy;uic_87386573;?;?;normal;5;0;0;0;0;0 - 0 - 0 - 0 - 0;0: 5
2020;2;6;4;6;1;0;NOTE;?;20h34;Poissy;uic_87386573;?;?;normal;5;0;0;0;0;0 - 0 - 0 - 0 - 0;0: 5
2020;2;6;4;6;1;0;NOTE;?;21h03;Poissy;uic_87386573;?;?;normal;5;0;0;0;0;0 - 0 - 0 - 0 - 0;0: 5
2020;2;6;4;6;1;0;NOTE;?;21h35;Poissy;uic_87386573;?;?;normal;5;0;180;144;180;1 - 3 - 3 - 3 - 2;1: 1 - 2: 1 - 3: 3
2020;2;6;4;6;1;0;NOTE;?;22h03;Poissy;uic_87386573;?;?;normal;5;0;240;215;240;2 - 4 - 4 - 4 - 4;2: 1 - 4: 4
2020;2;6;4;6;1;0;NOTE;?;22h33;Poissy;uic_87386573;?;?;normal;5;0;300;155;240;0 - 0 - 4 - 4 - 5;0: 2 - 4: 2 - 5: 1
2020;2;6;4;6;1;0;NOTE;?;23h03;Poissy;uic_87386573;?;?;normal;5;0;0;0;0;0 - 0 - 0 - 0 - 0;0: 5
2020;2;6;4;6;1;0;NOTE;?;23h33;Poissy;uic_87386573;?;?;normal;5;0;0;0;0;0 - 0 - 0 - 0 - 0;0: 5
2020;2;6;4;6;1;0;OKLA;?;09h20;Poissy;uic_87386573;?;?;normal;5;0;660;551;660;2 - 11 - 11 - 11 - 11;2: 1 - 11: 4
2020;2;6;4;6;1;0;OKLA;?;09h40;Poissy;uic_87386573;?;?;normal;5;0;420;240;120;2 - 2 - 2 - 7 - 7;2: 3 - 7: 2
2020;2;6;4;6;1;0;OKLA;?;09h55;Poissy;uic_87386573;?;?;normal;5;0;120;48;60;0 - 0 - 1 - 2 - 1;0: 2 - 1: 2 - 2: 1
2020;2;6;4;6;1;0;OKLA;?;10h16;Poissy;uic_87386573;?;?;normal;5;0;900;803;780;12 - 13 - 12 - 15 - 15;12: 2 - 13: 1 - 15: 2
2020;2;6;4;6;1;0;OKLA;?;10h40;Poissy;uic_87386573;?;?;normal;5;0;0;0;0;0 - 0 - 0 - 0 - 0;0: 5
2020;2;6;4;6;1;0;OKLA;?;11h00;Poissy;uic_87386573;?;?;normal;5;0;120;96;120;1 - 1 - 2 - 2 - 2;1: 2 - 2: 3
2020;2;6;4;6;1;0;OKLA;?;11h20;Poissy;uic_87386573;?;?;normal;5;0;60;36;60;1 - 1 - 0 - 0 - 1;0: 2 - 1: 3
2020;2;6;4;6;1;0;OKLA;?;11h40;Poissy;uic_87386573;?;?;normal;5;0;0;0;0;0 - 0 - 0 - 0 - 0;0: 5
2020;2;6;4;6;1;0;OKLA;?;12h00;Poissy;uic_87386573;?;?;normal;5;0;0;0;0;0 - 0 - 0 - 0 - 0;0: 5
2020;2;6;4;6;1;0;OKLA;?;12h20;Poissy;uic_87386573;?;?;normal;5;0;60;48;60;0 - 1 - 1 - 1 - 1;0: 1 - 1: 4
2020;2;6;4;6;1;0;OKLA;?;12h40;Poissy;uic_87386573;?;?;normal;5;0;60;12;0;0 - 0 - 0 - 0 - 1;0: 4 - 1: 1
2020;2;6;4;6;1;0;OKLA;?;13h00;Poissy;uic_87386573;?;?;normal;5;0;0;0;0;0 - 0 - 0 - 0 - 0;0: 5
2020;2;6;4;6;1;0;OKLA;?;13h20;Poissy;uic_87386573;?;?;normal;5;0;420;371;360;6 - 6 - 5 - 7 - 7;5: 1 - 6: 2 - 7: 2
2020;2;6;4;6;1;0;OKLA;?;13h40;Poissy;uic_87386573;?;?;normal;5;0;60;24;0;1 - 1 - 0 - 0 - 0;0: 3 - 1: 2
2020;2;6;4;6;1;0;OKLA;?;14h00;Poissy;uic_87386573;?;?;normal;5;0;180;83;60;0 - 1 - 1 - 2 - 3;0: 1 - 1: 2 - 2: 1 - 3: 1
2020;2;6;4;6;1;0;OKLA;?;14h20;Poissy;uic_87386573;?;?;normal;5;0;60;60;60;1 - 1 - 1 - 1 - 1;1: 5
2020;2;6;4;6;1;0;OKRE;?;14h40;Poissy;uic_87386573;?;?;normal;5;0;240;215;240;2 - 4 - 4 - 4 - 4;2: 1 - 4: 4
2020;2;6;4;6;1;0;OKRE;?;15h00;Poissy;uic_87386573;?;?;normal;5;0;60;60;60;1 - 1 - 1 - 1 - 1;1: 5
2020;2;6;4;6;1;0;OKRE;?;15h20;Poissy;uic_87386573;?;?;normal;5;0;0;0;0;0 - 0 - 0 - 0 - 0;0: 5
2020;2;6;4;6;1;0;OKRE;?;15h40;Poissy;uic_87386573;?;?;normal;5;0;0;0;0;0 - 0 - 0 - 0 - 0;0: 5
2020;2;6;4;6;1;0;OKRE;?;16h00;Poissy;uic_87386573;?;?;normal;5;0;0;0;0;0 - 0 - 0 - 0 - 0;0: 5
2020;2;6;4;6;1;0;OKRE;?;16h20;Poissy;uic_87386573;?;?;normal;5;0;120;96;120;0 - 2 - 2 - 2 - 2;0: 1 - 2: 4
2020;2;6;4;6;1;0;OPEN;?;04h42;Cergy le Haut;uic_87382655;?;?;normal;9;0;60;6;0;0 - 0 - 0 - 0 - 0 - 1 - 0 - 0 - 0;0: 8 - 1: 1
2020;2;6;4;6;1;0;OPUS;?;00h28;Sartrouville;uic_87386417;?;?;normal;2;0;0;0;0;0 - 0;0: 2
2020;2;6;4;6;1;0;OPUS;?;23h58;Sartrouville;uic_87386417;?;?;normal;2;0;0;0;0;0 - 0;0: 2
2020;2;6;4;6;1;0;QURI;?;00h05;Poissy;uic_87386573;?;?;normal;5;0;0;0;0;0 - 0 - 0 - 0 - 0;0: 5
2020;2;6;4;6;1;0;QURI;?;05h10;Poissy;uic_87386573;?;?;normal;5;0;60;12;0;0 - 1 - 0 - 0 - 0;0: 4 - 1: 1
2020;2;6;4;6;1;0;TAPI;?;00h31;Houilles - Carrières-sur-Seine;uic_87386409;?;?;normal;4;0;0;0;0;0 - 0 - 0 - 0;0: 4
2020;2;6;4;6;1;0;TAXE;?;00h03;Houilles - Carrières-sur-Seine;uic_87386409;?;?;normal;4;0;60;45;1;1 - 1 - 1 - 0;0: 1 - 1: 3
2020;2;6;4;6;1;0;TAXE;?;06h35;Houilles - Carrières-sur-Seine;uic_87386409;?;?;normal;4;0;0;0;0;0 - 0 - 0 - 0;0: 4
2020;2;6;4;6;1;0;TAXE;?;07h06;Houilles - Carrières-sur-Seine;uic_87386409;?;?;normal;4;0;0;0;0;0 - 0 - 0 - 0;0: 4
2020;2;6;4;6;1;0;TAXE;?;07h21;Houilles - Carrières-sur-Seine;uic_87386409;?;?;normal;4;0;0;0;0;0 - 0 - 0 - 0;0: 4
2020;2;6;4;6;1;0;TAXE;?;07h37;Houilles - Carrières-sur-Seine;uic_87386409;?;?;normal;4;0;240;165;3;3 - 3 - 4 - 1;1: 1 - 3: 2 - 4: 1
2020;2;6;4;6;1;0;TAXE;?;07h50;Houilles - Carrières-sur-Seine;uic_87386409;?;?;normal;4;0;300;240;270;4 - 5 - 5 - 2;2: 1 - 4: 1 - 5: 2
2020;2;6;4;6;1;0;TAXE;?;08h01;Houilles - Carrières-sur-Seine;uic_87386409;?;?;normal;4;0;180;135;3;3 - 3 - 3 - 0;0: 1 - 3: 3
2020;2;6;4;6;1;0;TAXE;?;08h13;Houilles - Carrières-sur-Seine;uic_87386409;?;?;normal;4;0;240;165;3;3 - 4 - 3 - 1;1: 1 - 3: 2 - 4: 1
2020;2;6;4;6;1;0;TAXE;?;08h25;Houilles - Carrières-sur-Seine;uic_87386409;?;?;normal;4;0;180;135;3;3 - 3 - 3 - 0;0: 1 - 3: 3
2020;2;6;4;6;1;0;TAXE;?;08h36;Houilles - Carrières-sur-Seine;uic_87386409;?;?;normal;4;0;360;285;5;5 - 6 - 5 - 3;3: 1 - 5: 2 - 6: 1
2020;2;6;4;6;1;0;TAXE;?;08h48;Houilles - Carrières-sur-Seine;uic_87386409;?;?;normal;4;0;300;255;270;4 - 5 - 5 - 3;3: 1 - 4: 1 - 5: 2
2020;2;6;4;6;1;0;TAXE;?;09h00;Houilles - Carrières-sur-Seine;uic_87386409;?;?;normal;4;0;300;210;210;3 - 5 - 4 - 2;2: 1 - 3: 1 - 4: 1 - 5: 1
2020;2;6;4;6;1;0;TAXE;?;09h11;Houilles - Carrières-sur-Seine;uic_87386409;?;?;normal;4;0;240;180;210;3 - 4 - 4 - 1;1: 1 - 3: 1 - 4: 2
2020;2;6;4;6;1;0;TAXE;?;09h23;Houilles - Carrières-sur-Seine;uic_87386409;?;?;normal;4;0;240;210;210;3 - 4 - 4 - 3;3: 2 - 4: 2
2020;2;6;4;6;1;0;TAXE;?;09h35;Houilles - Carrières-sur-Seine;uic_87386409;?;?;normal;4;0;60;30;30;0 - 1 - 1 - 0;0: 2 - 1: 2
2020;2;6;4;6;1;0;TAXE;?;09h46;Houilles - Carrières-sur-Seine;uic_87386409;?;?;normal;4;0;60;15;0;0 - 1 - 0 - 0;0: 3 - 1: 1
2020;2;6;4;6;1;0;TAXE;?;09h58;Houilles - Carrières-sur-Seine;uic_87386409;?;?;normal;4;0;120;60;1;1 - 1 - 2 - 0;0: 1 - 1: 2 - 2: 1
2020;2;6;4;6;1;0;TAXE;?;17h14;Houilles - Carrières-sur-Seine;uic_87386409;?;?;normal;4;0;120;60;1;1 - 2 - 1 - 0;0: 1 - 1: 2 - 2: 1
2020;2;6;4;6;1;0;TAXE;?;17h26;Houilles - Carrières-sur-Seine;uic_87386409;?;?;normal;4;0;60;30;30;0 - 1 - 1 - 0;0: 2 - 1: 2
2020;2;6;4;6;1;0;TAXE;?;17h39;Houilles - Carrières-sur-Seine;uic_87386409;?;?;normal;4;0;60;15;0;0 - 1 - 0 - 0;0: 3 - 1: 1
2020;2;6;4;6;1;0;TAXE;?;17h51;Houilles - Carrières-sur-Seine;uic_87386409;?;?;normal;4;0;240;180;3;3 - 4 - 3 - 2;2: 1 - 3: 2 - 4: 1
2020;2;6;4;6;1;0;TAXE;?;18h04;Houilles - Carrières-sur-Seine;uic_87386409;?;?;normal;4;0;240;195;210;3 - 4 - 4 - 2;2: 1 - 3: 1 - 4: 2
2020;2;6;4;6;1;0;TAXE;?;18h16;Houilles - Carrières-sur-Seine;uic_87386409;?;?;normal;4;0;60;15;0;0 - 1 - 0 - 0;0: 3 - 1: 1
2020;2;6;4;6;1;0;TAXE;?;18h29;Houilles - Carrières-sur-Seine;uic_87386409;?;?;normal;4;0;120;45;30;0 - 2 - 1 - 0;0: 2 - 1: 1 - 2: 1
2020;2;6;4;6;1;0;TAXE;?;18h41;Houilles - Carrières-sur-Seine;uic_87386409;?;?;normal;4;0;420;315;5;4 - 5 - 5 - 7;4: 1 - 5: 2 - 7: 1
2020;2;6;4;6;1;0;TAXE;?;18h54;Houilles - Carrières-sur-Seine;uic_87386409;?;?;normal;4;0;240;195;210;3 - 4 - 4 - 2;2: 1 - 3: 1 - 4: 2
2020;2;6;4;6;1;0;TAXE;?;19h06;Houilles - Carrières-sur-Seine;uic_87386409;?;?;normal;4;0;60;30;30;0 - 1 - 1 - 0;0: 2 - 1: 2
2020;2;6;4;6;1;0;TAXE;?;19h19;Houilles - Carrières-sur-Seine;uic_87386409;?;?;normal;4;0;0;0;0;0 - 0 - 0 - 0;0: 4
2020;2;6;4;6;1;0;TAXE;?;19h31;Houilles - Carrières-sur-Seine;uic_87386409;?;?;normal;4;0;0;0;0;0 - 0 - 0 - 0;0: 4
2020;2;6;4;6;1;0;TAXE;?;19h44;Houilles - Carrières-sur-Seine;uic_87386409;?;?;normal;4;0;120;90;90;1 - 2 - 2 - 1;1: 2 - 2: 2
2020;2;6;4;6;1;0;TAXE;?;19h56;Houilles - Carrières-sur-Seine;uic_87386409;?;?;normal;4;0;180;135;150;2 - 3 - 3 - 1;1: 1 - 2: 1 - 3: 2
2020;2;6;4;6;1;0;TAXE;?;20h17;Houilles - Carrières-sur-Seine;uic_87386409;?;?;normal;4;0;120;90;90;1 - 2 - 2 - 1;1: 2 - 2: 2
2020;2;6;4;6;1;0;TAXE;?;20h38;Houilles - Carrières-sur-Seine;uic_87386409;?;?;normal;4;0;120;60;1;1 - 2 - 1 - 0;0: 1 - 1: 2 - 2: 1
2020;2;6;4;6;1;0;TAXE;?;20h58;Houilles - Carrières-sur-Seine;uic_87386409;?;?;normal;4;0;0;0;0;0 - 0 - 0 - 0;0: 4
2020;2;6;4;6;1;0;TAXE;?;21h19;Houilles - Carrières-sur-Seine;uic_87386409;?;?;normal;4;0;120;60;1;0 - 2 - 2 - 0;0: 2 - 2: 2
2020;2;6;4;6;1;0;TAXE;?;21h38;Houilles - Carrières-sur-Seine;uic_87386409;?;?;normal;4;0;540;495;8;8 - 8 - 8 - 9;8: 3 - 9: 1
2020;2;6;4;6;1;0;TAXE;?;22h03;Houilles - Carrières-sur-Seine;uic_87386409;?;?;normal;4;0;60;30;30;0 - 0 - 1 - 1;0: 2 - 1: 2
2020;2;6;4;6;1;0;TAXE;?;22h33;Houilles - Carrières-sur-Seine;uic_87386409;?;?;normal;4;0;120;105;2;2 - 2 - 2 - 1;1: 1 - 2: 3
2020;2;6;4;6;1;0;TAXE;?;23h03;Houilles - Carrières-sur-Seine;uic_87386409;?;?;normal;4;0;0;0;0;0 - 0 - 0 - 0;0: 4
2020;2;6;4;6;1;0;TAXE;?;23h33;Houilles - Carrières-sur-Seine;uic_87386409;?;?;normal;4;0;420;360;6;5 - 7 - 6 - 6;5: 1 - 6: 2 - 7: 1
2020;2;6;4;6;1;0;TEDI;?;00h58;Houilles - Carrières-sur-Seine;uic_87386409;?;?;normal;4;0;1440;1440;24;24 - 24 - 24 - 24;24: 4
2020;2;6;4;6;1;0;TEDI;?;06h11;Houilles - Carrières-sur-Seine;uic_87386409;?;?;normal;4;0;0;0;0;0 - 0 - 0 - 0;0: 4
2020;2;6;4;6;1;0;TRAM;?;15h53;Houilles - Carrières-sur-Seine;uic_87386409;?;?;normal;4;0;0;0;0;0 - 0 - 0 - 0;0: 4
2020;2;6;4;6;1;0;TRAM;?;16h13;Houilles - Carrières-sur-Seine;uic_87386409;?;?;normal;4;0;60;45;1;0 - 1 - 1 - 1;0: 1 - 1: 3
2020;2;6;4;6;1;0;TRAM;?;16h33;Houilles - Carrières-sur-Seine;uic_87386409;?;?;normal;4;0;180;150;3;3 - 3 - 3 - 1;1: 1 - 3: 3
2020;2;6;4;6;1;0;TRAM;?;16h54;Houilles - Carrières-sur-Seine;uic_87386409;?;?;normal;4;0;0;0;0;0 - 0 - 0 - 0;0: 4
2020;2;6;4;6;1;0;TROC;?;06h52;Houilles - Carrières-sur-Seine;uic_87386409;?;?;normal;4;0;60;45;1;1 - 1 - 1 - 0;0: 1 - 1: 3
2020;2;6;4;6;1;0;TROC;?;10h13;Houilles - Carrières-sur-Seine;uic_87386409;?;?;normal;4;0;360;255;4;3 - 4 - 4 - 6;3: 1 - 4: 2 - 6: 1
2020;2;6;4;6;1;0;TROC;?;10h33;Houilles - Carrières-sur-Seine;uic_87386409;?;?;normal;4;0;0;0;0;0 - 0 - 0 - 0;0: 4
2020;2;6;4;6;1;0;TROC;?;10h53;Houilles - Carrières-sur-Seine;uic_87386409;?;?;normal;4;0;0;0;0;0 - 0 - 0 - 0;0: 4
2020;2;6;4;6;1;0;TROC;?;11h13;Houilles - Carrières-sur-Seine;uic_87386409;?;?;normal;4;0;0;0;0;0 - 0 - 0 - 0;0: 4
2020;2;6;4;6;1;0;TROC;?;11h33;Houilles - Carrières-sur-Seine;uic_87386409;?;?;normal;4;0;120;60;1;1 - 2 - 1 - 0;0: 1 - 1: 2 - 2: 1
2020;2;6;4;6;1;0;TROC;?;11h53;Houilles - Carrières-sur-Seine;uic_87386409;?;?;normal;4;0;0;0;0;0 - 0 - 0 - 0;0: 4
2020;2;6;4;6;1;0;TROC;?;12h13;Houilles - Carrières-sur-Seine;uic_87386409;?;?;normal;4;0;0;0;0;0 - 0 - 0 - 0;0: 4
2020;2;6;4;6;1;0;TROC;?;12h33;Houilles - Carrières-sur-Seine;uic_87386409;?;?;normal;4;0;60;30;30;0 - 1 - 0 - 1;0: 2 - 1: 2
2020;2;6;4;6;1;0;TROC;?;12h53;Houilles - Carrières-sur-Seine;uic_87386409;?;?;normal;4;0;0;0;0;0 - 0 - 0 - 0;0: 4
2020;2;6;4;6;1;0;TROC;?;13h13;Houilles - Carrières-sur-Seine;uic_87386409;?;?;normal;4;0;120;90;90;1 - 2 - 1 - 2;1: 2 - 2: 2
2020;2;6;4;6;1;0;TROC;?;13h33;Houilles - Carrières-sur-Seine;uic_87386409;?;?;normal;4;0;300;285;5;5 - 5 - 5 - 4;4: 1 - 5: 3
2020;2;6;4;6;1;0;TROC;?;13h53;Houilles - Carrières-sur-Seine;uic_87386409;?;?;normal;4;0;120;90;90;1 - 2 - 2 - 1;1: 2 - 2: 2
2020;2;6;4;6;1;0;TROC;?;14h13;Houilles - Carrières-sur-Seine;uic_87386409;?;?;normal;4;0;60;15;0;0 - 1 - 0 - 0;0: 3 - 1: 1
2020;2;6;4;6;1;0;TROC;?;14h33;Houilles - Carrières-sur-Seine;uic_87386409;?;?;normal;4;0;0;0;0;0 - 0 - 0 - 0;0: 4
2020;2;6;4;6;1;0;TROC;?;14h53;Houilles - Carrières-sur-Seine;uic_87386409;?;?;normal;4;0;0;0;0;0 - 0 - 0 - 0;0: 4
2020;2;6;4;6;1;0;TROC;?;15h13;Houilles - Carrières-sur-Seine;uic_87386409;?;?;normal;4;0;60;30;30;0 - 1 - 1 - 0;0: 2 - 1: 2
2020;2;6;4;6;1;0;TROC;?;15h33;Houilles - Carrières-sur-Seine;uic_87386409;?;?;normal;4;0;0;0;0;0 - 0 - 0 - 0;0: 4
2020;2;6;4;6;1;0;UBAL;?;05h56;Houilles - Carrières-sur-Seine;uic_87386409;?;?;normal;8;0;420;352;390;3 - 4 - 6 - 6 - 7 - 7 - 7 - 7;3: 1 - 4: 1 - 6: 2 - 7: 4
2020;2;6;4;6;1;0;UZAR;?;06h23;Houilles - Carrières-sur-Seine;uic_87386409;?;?;normal;8;0;0;0;0;0 - 0 - 0 - 0 - 0 - 0 - 0 - 0;0: 8
2020;2;6;4;6;1;0;UZAR;?;06h40;Houilles - Carrières-sur-Seine;uic_87386409;?;?;normal;8;0;300;180;210;0 - 1 - 3 - 3 - 4 - 4 - 4 - 5;0: 1 - 1: 1 - 3: 2 - 4: 3 - 5: 1
2020;2;6;4;6;1;0;UZAR;?;06h56;Houilles - Carrières-sur-Seine;uic_87386409;?;?;normal;8;0;300;262;270;3 - 4 - 4 - 4 - 5 - 5 - 5 - 5;3: 1 - 4: 3 - 5: 4
2020;2;6;4;6;1;0;UZAR;?;07h11;Houilles - Carrières-sur-Seine;uic_87386409;?;?;normal;8;0;240;75;1;0 - 1 - 0 - 0 - 1 - 1 - 3 - 4;0: 3 - 1: 3 - 3: 1 - 4: 1
2020;2;6;4;6;1;0;UZAR;?;07h25;Houilles - Carrières-sur-Seine;uic_87386409;?;?;normal;8;0;0;0;0;0 - 0 - 0 - 0 - 0 - 0 - 0 - 0;0: 8
2020;2;6;4;6;1;0;UZAR;?;07h46;Houilles - Carrières-sur-Seine;uic_87386409;?;?;normal;8;0;240;195;3;3 - 4 - 2 - 3 - 3 - 4 - 4 - 3;2: 1 - 3: 4 - 4: 3
2020;2;6;4;6;1;0;UZAR;?;07h57;Houilles - Carrières-sur-Seine;uic_87386409;?;?;normal;8;0;300;225;4;3 - 3 - 3 - 4 - 5 - 4 - 4 - 4;3: 3 - 4: 4 - 5: 1
2020;2;6;4;6;1;0;UZAR;?;08h09;Houilles - Carrières-sur-Seine;uic_87386409;?;?;normal;8;0;480;375;390;4 - 4 - 6 - 6 - 7 - 7 - 8 - 8;4: 2 - 6: 2 - 7: 2 - 8: 2
2020;2;6;4;6;1;0;UZAR;?;08h21;Houilles - Carrières-sur-Seine;uic_87386409;?;?;normal;8;0;240;187;3;3 - 3 - 3 - 4 - 3 - 3 - 3 - 3;3: 7 - 4: 1
2020;2;6;4;6;1;0;UZAR;?;08h32;Houilles - Carrières-sur-Seine;uic_87386409;?;?;normal;8;0;360;322;5;5 - 6 - 5 - 5 - 6 - 5 - 5 - 6;5: 5 - 6: 3
2020;2;6;4;6;1;0;UZAR;?;08h44;Houilles - Carrières-sur-Seine;uic_87386409;?;?;normal;8;0;0;0;0;0 - 0 - 0 - 0 - 0 - 0 - 0 - 0;0: 8
2020;2;6;4;6;1;0;UZAR;?;08h56;Houilles - Carrières-sur-Seine;uic_87386409;?;?;normal;8;0;420;330;330;4 - 5 - 4 - 6 - 5 - 6 - 7 - 7;4: 2 - 5: 2 - 6: 2 - 7: 2
2020;2;6;4;6;1;0;UZAR;?;09h07;Houilles - Carrières-sur-Seine;uic_87386409;?;?;normal;8;0;60;22;0;1 - 1 - 0 - 0 - 1 - 0 - 0 - 0;0: 5 - 1: 3
2020;2;6;4;6;1;0;UZAR;?;09h19;Houilles - Carrières-sur-Seine;uic_87386409;?;?;normal;8;0;300;277;5;4 - 4 - 5 - 5 - 5 - 5 - 5 - 4;4: 3 - 5: 5
2020;2;6;4;6;1;0;UZAR;?;09h31;Houilles - Carrières-sur-Seine;uic_87386409;?;?;normal;8;0;60;22;0;1 - 1 - 0 - 1 - 0 - 0 - 0 - 0;0: 5 - 1: 3
2020;2;6;4;6;1;0;UZAR;?;09h42;Houilles - Carrières-sur-Seine;uic_87386409;?;?;normal;8;0;300;210;4;1 - 1 - 5 - 4 - 5 - 4 - 4 - 4;1: 2 - 4: 4 - 5: 2
2020;2;6;4;6;1;0;UZAR;?;09h54;Houilles - Carrières-sur-Seine;uic_87386409;?;?;normal;8;0;240;165;3;2 - 2 - 2 - 3 - 3 - 3 - 3 - 4;2: 3 - 3: 4 - 4: 1
2020;2;6;4;6;1;0;UZAR;?;10h07;Houilles - Carrières-sur-Seine;uic_87386409;?;?;normal;8;0;60;22;0;0 - 0 - 0 - 0 - 1 - 0 - 1 - 1;0: 5 - 1: 3
2020;2;6;4;6;1;0;UZAR;?;10h18;Houilles - Carrières-sur-Seine;uic_87386409;?;?;normal;8;0;540;397;8;2 - 3 - 7 - 8 - 9 - 8 - 8 - 8;2: 1 - 3: 1 - 7: 1 - 8: 4 - 9: 1
2020;2;6;4;6;1;0;UZAR;?;10h27;Houilles - Carrières-sur-Seine;uic_87386409;?;?;normal;8;0;180;120;2;0 - 1 - 2 - 3 - 3 - 2 - 3 - 2;0: 1 - 1: 1 - 2: 3 - 3: 3
2020;2;6;4;6;1;0;UZAR;?;10h38;Houilles - Carrières-sur-Seine;uic_87386409;?;?;normal;8;0;60;37;1;1 - 1 - 0 - 1 - 1 - 0 - 1 - 0;0: 3 - 1: 5
2020;2;6;4;6;1;0;UZAR;?;10h47;Houilles - Carrières-sur-Seine;uic_87386409;?;?;normal;8;0;60;15;0;0 - 0 - 0 - 0 - 0 - 0 - 1 - 1;0: 6 - 1: 2
2020;2;6;4;6;1;0;UZAR;?;10h58;Houilles - Carrières-sur-Seine;uic_87386409;?;?;normal;8;0;480;435;7;7 - 7 - 6 - 8 - 8 - 7 - 8 - 7;6: 1 - 7: 4 - 8: 3
2020;2;6;4;6;1;0;UZAR;?;11h07;Houilles - Carrières-sur-Seine;uic_87386409;?;?;normal;8;0;180;82;90;1 - 0 - 0 - 2 - 2 - 1 - 2 - 3;0: 2 - 1: 2 - 2: 3 - 3: 1
2020;2;6;4;6;1;0;UZAR;?;11h18;Houilles - Carrières-sur-Seine;uic_87386409;?;?;normal;8;0;60;22;0;1 - 1 - 0 - 0 - 1 - 0 - 0 - 0;0: 5 - 1: 3
2020;2;6;4;6;1;0;UZAR;?;11h27;Houilles - Carrières-sur-Seine;uic_87386409;?;?;normal;8;0;0;0;0;0 - 0 - 0 - 0 - 0 - 0 - 0 - 0;0: 8
2020;2;6;4;6;1;0;UZAR;?;11h38;Houilles - Carrières-sur-Seine;uic_87386409;?;?;normal;8;0;180;120;2;1 - 2 - 1 - 2 - 3 - 2 - 3 - 2;1: 2 - 2: 4 - 3: 2
2020;2;6;4;6;1;0;UZAR;?;11h47;Houilles - Carrières-sur-Seine;uic_87386409;?;?;normal;8;0;300;52;0;0 - 0 - 0 - 0 - 1 - 0 - 1 - 5;0: 5 - 1: 2 - 5: 1
2020;2;6;4;6;1;0;UZAR;?;11h58;Houilles - Carrières-sur-Seine;uic_87386409;?;?;normal;8;0;0;0;0;0 - 0 - 0 - 0 - 0 - 0 - 0 - 0;0: 8
2020;2;6;4;6;1;0;UZAR;?;12h07;Houilles - Carrières-sur-Seine;uic_87386409;?;?;normal;8;0;0;0;0;0 - 0 - 0 - 0 - 0 - 0 - 0 - 0;0: 8
2020;2;6;4;6;1;0;UZAR;?;12h18;Houilles - Carrières-sur-Seine;uic_87386409;?;?;normal;8;0;60;15;0;0 - 0 - 0 - 0 - 0 - 0 - 1 - 1;0: 6 - 1: 2
2020;2;6;4;6;1;0;UZAR;?;12h27;Houilles - Carrières-sur-Seine;uic_87386409;?;?;normal;8;0;60;22;0;0 - 0 - 0 - 1 - 1 - 0 - 1 - 0;0: 5 - 1: 3
2020;2;6;4;6;1;0;UZAR;?;12h38;Houilles - Carrières-sur-Seine;uic_87386409;?;?;normal;8;0;0;0;0;0 - 0 - 0 - 0 - 0 - 0 - 0 - 0;0: 8
2020;2;6;4;6;1;0;UZAR;?;12h47;Houilles - Carrières-sur-Seine;uic_87386409;?;?;normal;8;0;120;60;1;0 - 0 - 0 - 1 - 2 - 1 - 2 - 2;0: 3 - 1: 2 - 2: 3
2020;2;6;4;6;1;0;UZAR;?;12h58;Houilles - Carrières-sur-Seine;uic_87386409;?;?;normal;8;0;60;30;30;0 - 1 - 0 - 1 - 1 - 0 - 1 - 0;0: 4 - 1: 4
2020;2;6;4;6;1;0;UZAR;?;13h07;Houilles - Carrières-sur-Seine;uic_87386409;?;?;normal;8;0;0;0;0;0 - 0 - 0 - 0 - 0 - 0 - 0 - 0;0: 8
2020;2;6;4;6;1;0;UZAR;?;13h18;Houilles - Carrières-sur-Seine;uic_87386409;?;?;normal;8;0;60;15;0;0 - 1 - 0 - 0 - 0 - 0 - 1 - 0;0: 6 - 1: 2
2020;2;6;4;6;1;0;UZAR;?;13h27;Houilles - Carrières-sur-Seine;uic_87386409;?;?;normal;8;0;120;52;1;0 - 0 - 0 - 1 - 1 - 1 - 2 - 2;0: 3 - 1: 3 - 2: 2
2020;2;6;4;6;1;0;UZAR;?;13h38;Houilles - Carrières-sur-Seine;uic_87386409;?;?;normal;8;0;300;225;4;4 - 5 - 3 - 4 - 4 - 3 - 4 - 3;3: 3 - 4: 4 - 5: 1
2020;2;6;4;6;1;0;UZAR;?;13h47;Houilles - Carrières-sur-Seine;uic_87386409;?;?;normal;8;0;60;22;0;0 - 0 - 0 - 0 - 1 - 0 - 1 - 1;0: 5 - 1: 3
2020;2;6;4;6;1;0;UZAR;?;13h58;Houilles - Carrières-sur-Seine;uic_87386409;?;?;normal;8;0;60;30;30;0 - 1 - 0 - 1 - 1 - 0 - 1 - 0;0: 4 - 1: 4
2020;2;6;4;6;1;0;UZAR;?;14h07;Houilles - Carrières-sur-Seine;uic_87386409;?;?;normal;8;0;240;97;1;0 - 0 - 0 - 1 - 1 - 3 - 4 - 4;0: 3 - 1: 2 - 3: 1 - 4: 2
2020;2;6;4;6;1;0;UZAR;?;14h18;Houilles - Carrières-sur-Seine;uic_87386409;?;?;normal;8;0;0;0;0;0 - 0 - 0 - 0 - 0 - 0 - 0 - 0;0: 8
2020;2;6;4;6;1;0;UZAR;?;14h27;Houilles - Carrières-sur-Seine;uic_87386409;?;?;normal;8;0;60;15;0;0 - 0 - 0 - 0 - 1 - 0 - 1 - 0;0: 6 - 1: 2
2020;2;6;4;6;1;0;UZAR;?;14h38;Houilles - Carrières-sur-Seine;uic_87386409;?;?;normal;8;0;180;82;1;1 - 1 - 0 - 1 - 2 - 1 - 3 - 2;0: 1 - 1: 4 - 2: 2 - 3: 1
2020;2;6;4;6;1;0;UZAR;?;14h47;Houilles - Carrières-sur-Seine;uic_87386409;?;?;normal;8;0;60;37;1;1 - 1 - 0 - 1 - 1 - 0 - 1 - 0;0: 3 - 1: 5
2020;2;6;4;6;1;0;UZAR;?;14h58;Houilles - Carrières-sur-Seine;uic_87386409;?;?;normal;8;0;180;105;2;1 - 2 - 0 - 1 - 2 - 2 - 3 - 3;0: 1 - 1: 2 - 2: 3 - 3: 2
2020;2;6;4;6;1;0;UZAR;?;15h07;Houilles - Carrières-sur-Seine;uic_87386409;?;?;normal;8;0;60;22;0;0 - 0 - 0 - 0 - 1 - 0 - 1 - 1;0: 5 - 1: 3
2020;2;6;4;6;1;0;UZAR;?;15h18;Houilles - Carrières-sur-Seine;uic_87386409;?;?;normal;8;0;60;22;0;0 - 1 - 0 - 0 - 1 - 0 - 1 - 0;0: 5 - 1: 3
2020;2;6;4;6;1;0;UZEL;?;15h47;Houilles - Carrières-sur-Seine;uic_87386409;?;?;normal;8;0;60;15;0;0 - 0 - 0 - 0 - 0 - 0 - 1 - 1;0: 6 - 1: 2
2020;2;6;4;6;1;0;UZEL;?;15h58;Houilles - Carrières-sur-Seine;uic_87386409;?;?;normal;8;0;120;75;1;1 - 1 - 0 - 1 - 2 - 1 - 2 - 2;0: 1 - 1: 4 - 2: 3
2020;2;6;4;6;1;0;UZEL;?;16h07;Houilles - Carrières-sur-Seine;uic_87386409;?;?;normal;8;0;120;67;1;1 - 0 - 0 - 1 - 2 - 1 - 2 - 2;0: 2 - 1: 3 - 2: 3
2020;2;6;4;6;1;0;UZEL;?;16h18;Houilles - Carrières-sur-Seine;uic_87386409;?;?;normal;8;0;0;0;0;0 - 0 - 0 - 0 - 0 - 0 - 0 - 0;0: 8
2020;2;6;4;6;1;0;UZEL;?;16h26;Houilles - Carrières-sur-Seine;uic_87386409;?;?;normal;8;0;180;127;2;1 - 2 - 1 - 2 - 3 - 2 - 3 - 3;1: 2 - 2: 3 - 3: 3
2020;2;6;4;6;1;0;UZEL;?;16h38;Houilles - Carrières-sur-Seine;uic_87386409;?;?;normal;8;0;240;180;3;3 - 3 - 2 - 3 - 3 - 3 - 4 - 3;2: 1 - 3: 6 - 4: 1
2020;2;6;4;6;1;0;UZEL;?;16h46;Houilles - Carrières-sur-Seine;uic_87386409;?;?;normal;8;0;420;315;330;3 - 4 - 5 - 6 - 6 - 5 - 7 - 6;3: 1 - 4: 1 - 5: 2 - 6: 3 - 7: 1
2020;2;6;4;6;1;0;UZEL;?;16h59;Houilles - Carrières-sur-Seine;uic_87386409;?;?;normal;8;0;240;127;2;0 - 1 - 1 - 2 - 3 - 2 - 4 - 4;0: 1 - 1: 2 - 2: 2 - 3: 1 - 4: 2
2020;2;6;4;6;1;0;UZEL;?;17h05;Houilles - Carrières-sur-Seine;uic_87386409;?;?;normal;8;0;60;15;0;0 - 0 - 0 - 0 - 0 - 0 - 1 - 1;0: 6 - 1: 2
2020;2;6;4;6;1;0;UZEL;?;17h18;Houilles - Carrières-sur-Seine;uic_87386409;?;?;normal;8;0;60;22;0;0 - 0 - 0 - 1 - 1 - 0 - 0 - 1;0: 5 - 1: 3
2020;2;6;4;6;1;0;UZEL;?;17h30;Houilles - Carrières-sur-Seine;uic_87386409;?;?;normal;8;0;240;157;150;1 - 2 - 2 - 2 - 3 - 4 - 3 - 4;1: 1 - 2: 3 - 3: 2 - 4: 2
2020;2;6;4;6;1;0;UZEL;?;17h43;Houilles - Carrières-sur-Seine;uic_87386409;?;?;normal;8;0;120;67;1;0 - 1 - 0 - 2 - 2 - 1 - 1 - 2;0: 2 - 1: 3 - 2: 3
2020;2;6;4;6;1;0;UZEL;?;17h55;Houilles - Carrières-sur-Seine;uic_87386409;?;?;normal;8;0;240;202;3;3 - 3 - 3 - 3 - 3 - 4 - 4 - 4;3: 5 - 4: 3
2020;2;6;4;6;1;0;UZEL;?;18h08;Houilles - Carrières-sur-Seine;uic_87386409;?;?;normal;8;0;240;165;3;1 - 3 - 2 - 3 - 4 - 3 - 3 - 3;1: 1 - 2: 1 - 3: 5 - 4: 1
2020;2;6;4;6;1;0;UZEL;?;18h20;Houilles - Carrières-sur-Seine;uic_87386409;?;?;normal;8;0;300;187;210;1 - 2 - 2 - 3 - 4 - 4 - 4 - 5;1: 1 - 2: 2 - 3: 1 - 4: 3 - 5: 1
2020;2;6;4;6;1;0;UZEL;?;18h33;Houilles - Carrières-sur-Seine;uic_87386409;?;?;normal;8;0;780;637;11;8 - 10 - 9 - 11 - 11 - 11 - 12 - 13;8: 1 - 9: 1 - 10: 1 - 11: 3 - 12: 1 - 13: 1
2020;2;6;4;6;1;0;UZEL;?;18h45;Houilles - Carrières-sur-Seine;uic_87386409;?;?;normal;8;0;420;337;330;5 - 5 - 5 - 5 - 6 - 6 - 6 - 7;5: 4 - 6: 3 - 7: 1
2020;2;6;4;6;1;0;UZEL;?;18h58;Houilles - Carrières-sur-Seine;uic_87386409;?;?;normal;8;0;300;217;4;1 - 3 - 3 - 4 - 5 - 4 - 4 - 5;1: 1 - 3: 2 - 4: 3 - 5: 2
2020;2;6;4;6;1;0;UZEL;?;19h10;Houilles - Carrières-sur-Seine;uic_87386409;?;?;normal;8;0;180;90;90;0 - 1 - 1 - 1 - 2 - 2 - 2 - 3;0: 1 - 1: 3 - 2: 3 - 3: 1
2020;2;6;4;6;1;0;UZEL;?;19h23;Houilles - Carrières-sur-Seine;uic_87386409;?;?;normal;8;0;240;142;3;0 - 1 - 2 - 3 - 4 - 3 - 3 - 3;0: 1 - 1: 1 - 2: 1 - 3: 4 - 4: 1
2020;2;6;4;6;1;0;UZEL;?;19h35;Houilles - Carrières-sur-Seine;uic_87386409;?;?;normal;8;0;60;37;1;0 - 0 - 0 - 1 - 1 - 1 - 1 - 1;0: 3 - 1: 5
2020;2;6;4;6;1;0;UZEL;?;19h48;Houilles - Carrières-sur-Seine;uic_87386409;?;?;normal;8;0;120;60;1;0 - 1 - 0 - 1 - 2 - 1 - 1 - 2;0: 2 - 1: 4 - 2: 2
2020;2;6;4;6;1;0;UZEL;?;20h00;Houilles - Carrières-sur-Seine;uic_87386409;?;?;normal;8;0;240;180;3;1 - 2 - 3 - 3 - 3 - 4 - 4 - 4;1: 1 - 2: 1 - 3: 3 - 4: 3
2020;2;6;4;6;1;0;UZEL;?;20h10;Houilles - Carrières-sur-Seine;uic_87386409;?;?;normal;8;0;120;37;30;0 - 1 - 0 - 0 - 1 - 1 - 0 - 2;0: 4 - 1: 3 - 2: 1
2020;2;6;4;6;1;0;UZEL;?;20h28;Houilles - Carrières-sur-Seine;uic_87386409;?;?;normal;8;0;120;37;30;0 - 0 - 0 - 0 - 1 - 1 - 1 - 2;0: 4 - 1: 3 - 2: 1
2020;2;6;4;6;1;0;UZEL;?;20h49;Houilles - Carrières-sur-Seine;uic_87386409;?;?;normal;8;0;120;67;1;0 - 0 - 1 - 2 - 2 - 1 - 1 - 2;0: 2 - 1: 3 - 2: 3
2020;2;6;4;6;1;0;UZEL;?;21h08;Houilles - Carrières-sur-Seine;uic_87386409;?;?;normal;8;0;180;97;90;1 - 2 - 1 - 1 - 1 - 2 - 2 - 3;1: 4 - 2: 3 - 3: 1
2020;2;6;4;6;1;0;UZEL;?;21h28;Houilles - Carrières-sur-Seine;uic_87386409;?;?;normal;8;0;60;22;0;0 - 1 - 0 - 0 - 0 - 1 - 0 - 1;0: 5 - 1: 3
2020;2;6;4;6;1;0;UZEL;?;21h49;Houilles - Carrières-sur-Seine;uic_87386409;?;?;normal;8;0;60;30;30;1 - 1 - 0 - 1 - 1 - 0 - 0 - 0;0: 4 - 1: 4
2020;2;6;4;6;1;0;UZIN;?;15h27;Houilles - Carrières-sur-Seine;uic_87386409;?;?;normal;8;0;60;15;0;0 - 0 - 0 - 0 - 1 - 0 - 0 - 1;0: 6 - 1: 2
2020;2;6;4;6;1;0;UZIN;?;15h38;Houilles - Carrières-sur-Seine;uic_87386409;?;?;normal;8;0;120;30;0;0 - 0 - 0 - 0 - 1 - 0 - 1 - 2;0: 5 - 1: 2 - 2: 1
2020;2;6;4;6;1;0;VELO;?;00h18;Houilles - Carrières-sur-Seine;uic_87386409;?;?;normal;1;0;360;360;360;6;6: 1
2020;2;6;4;6;1;0;VELO;?;22h18;Houilles - Carrières-sur-Seine;uic_87386409;?;?;normal;1;0;420;420;420;7;7: 1
2020;2;6;4;6;1;0;VELO;?;22h48;Houilles - Carrières-sur-Seine;uic_87386409;?;?;normal;1;0;0;0;0;0;0: 1
2020;2;6;4;6;1;0;VELO;?;23h18;Houilles - Carrières-sur-Seine;uic_87386409;?;?;normal;1;0;0;0;0;0;0: 1
2020;2;6;4;6;1;0;VELO;?;23h48;Houilles - Carrières-sur-Seine;uic_87386409;?;?;normal;1;0;60;60;60;1;1: 1
2020;2;6;4;6;1;0;VIDA;?;00h44;Houilles - Carrières-sur-Seine;uic_87386409;?;?;normal;1;0;1560;1560;1560;26;26: 1
2020;2;6;4;6;1;0;VIRO;?;01h13;Houilles - Carrières-sur-Seine;uic_87386409;?;?;normal;1;0;1140;1140;1140;19;19: 1
2020;2;7;5;6;1;0;NAJA;?;22h28;Sartrouville;uic_87386417;?;?;normal;2;0;120;120;2;2 - 2;2: 2
2020;2;7;5;6;1;0;NAJA;?;22h58;Sartrouville;uic_87386417;?;?;normal;2;0;0;0;0;0 - 0;0: 2
2020;2;7;5;6;1;0;NAJA;?;23h28;Sartrouville;uic_87386417;?;?;normal;2;0;0;0;0;0 - 0;0: 2
2020;2;7;5;6;1;0;NANI;?;14h13;Cergy le Haut;uic_87382655;?;?;normal;9;0;0;0;0;0 - 0 - 0 - 0 - 0 - 0 - 0 - 0 - 0;0: 9
2020;2;7;5;6;1;0;NANI;?;14h23;Cergy le Haut;uic_87382655;?;?;normal;9;0;0;0;0;0 - 0 - 0 - 0 - 0 - 0 - 0 - 0 - 0;0: 9
2020;2;7;5;6;1;0;NANI;?;14h33;Cergy le Haut;uic_87382655;?;?;normal;9;0;0;0;0;0 - 0 - 0 - 0 - 0 - 0 - 0 - 0 - 0;0: 9
2020;2;7;5;6;1;0;NANI;?;14h43;Cergy le Haut;uic_87382655;?;?;normal;9;0;0;0;0;0 - 0 - 0 - 0 - 0 - 0 - 0 - 0 - 0;0: 9
2020;2;7;5;6;1;0;NANI;?;14h53;Cergy le Haut;uic_87382655;?;?;normal;9;0;0;0;0;0 - 0 - 0 - 0 - 0 - 0 - 0 - 0 - 0;0: 9
2020;2;7;5;6;1;0;NANI;?;15h03;Cergy le Haut;uic_87382655;?;?;normal;9;0;0;0;0;0 - 0 - 0 - 0 - 0 - 0 - 0 - 0 - 0;0: 9
2020;2;7;5;6;1;0;NANI;?;15h13;Cergy le Haut;uic_87382655;?;?;normal;9;0;0;0;0;0 - 0 - 0 - 0 - 0 - 0 - 0 - 0 - 0;0: 9
2020;2;7;5;6;1;0;NANI;?;15h23;Cergy le Haut;uic_87382655;?;?;normal;9;0;120;46;60;0 - 0 - 0 - 1 - 1 - 2 - 1 - 1 - 1;0: 3 - 1: 5 - 2: 1
2020;2;7;5;6;1;0;NANI;?;15h33;Cergy le Haut;uic_87382655;?;?;normal;9;0;0;0;0;0 - 0 - 0 - 0 - 0 - 0 - 0 - 0 - 0;0: 9
2020;2;7;5;6;1;0;NANI;?;15h43;Cergy le Haut;uic_87382655;?;?;normal;9;0;120;66;60;0 - 0 - 1 - 1 - 1 - 2 - 1 - 2 - 2;0: 2 - 1: 4 - 2: 3
2020;2;7;5;6;1;0;NANI;?;15h53;Cergy le Haut;uic_87382655;?;?;normal;9;0;0;0;0;0 - 0 - 0 - 0 - 0 - 0 - 0 - 0 - 0;0: 9
2020;2;7;5;6;1;0;NANI;?;16h03;Cergy le Haut;uic_87382655;?;?;normal;9;0;0;0;0;0 - 0 - 0 - 0 - 0 - 0 - 0 - 0 - 0;0: 9
2020;2;7;5;6;1;0;NANI;?;16h13;Cergy le Haut;uic_87382655;?;?;normal;9;0;0;0;0;0 - 0 - 0 - 0 - 0 - 0 - 0 - 0 - 0;0: 9
2020;2;7;5;6;1;0;NANI;?;16h24;Cergy le Haut;uic_87382655;?;?;normal;9;0;0;0;0;0 - 0 - 0 - 0 - 0 - 0 - 0 - 0 - 0;0: 9
2020;2;7;5;6;1;0;NANI;?;16h36;Cergy le Haut;uic_87382655;?;?;normal;9;0;0;0;0;0 - 0 - 0 - 0 - 0 - 0 - 0 - 0 - 0;0: 9
2020;2;7;5;6;1;0;NANI;?;16h49;Cergy le Haut;uic_87382655;?;?;normal;9;0;0;0;0;0 - 0 - 0 - 0 - 0 - 0 - 0 - 0 - 0;0: 9
2020;2;7;5;6;1;0;NANI;?;17h01;Cergy le Haut;uic_87382655;?;?;normal;9;0;60;6;0;0 - 0 - 0 - 0 - 0 - 1 - 0 - 0 - 0;0: 8 - 1: 1
2020;2;7;5;6;1;0;NANI;?;17h14;Cergy le Haut;uic_87382655;?;?;normal;9;0;0;0;0;0 - 0 - 0 - 0 - 0 - 0 - 0 - 0 - 0;0: 9
2020;2;7;5;6;1;0;NANI;?;17h26;Cergy le Haut;uic_87382655;?;?;normal;9;0;120;46;60;0 - 0 - 0 - 0 - 1 - 2 - 2 - 1 - 1;0: 4 - 1: 3 - 2: 2
2020;2;7;5;6;1;0;NANI;?;17h39;Cergy le Haut;uic_87382655;?;?;normal;9;0;60;26;0;0 - 0 - 0 - 0 - 0 - 1 - 1 - 1 - 1;0: 5 - 1: 4
2020;2;7;5;6;1;0;NANI;?;17h51;Cergy le Haut;uic_87382655;?;?;normal;9;0;660;453;420;3 - 5 - 5 - 6 - 7 - 11 - 11 - 10 - 10;3: 1 - 5: 2 - 6: 1 - 7: 1 - 10: 2 - 11: 2
2020;2;7;5;6;1;0;NANI;?;18h04;Cergy le Haut;uic_87382655;?;?;normal;9;0;240;173;120;2 - 2 - 2 - 2 - 2 - 4 - 4 - 4 - 4;2: 5 - 4: 4
2020;2;7;5;6;1;0;NANI;?;18h16;Cergy le Haut;uic_87382655;?;?;normal;9;0;120;33;0;0 - 0 - 0 - 0 - 1 - 2 - 1 - 0 - 1;0: 5 - 1: 3 - 2: 1
2020;2;7;5;6;1;0;NANI;?;18h29;Cergy le Haut;uic_87382655;?;?;normal;9;0;0;0;0;0 - 0 - 0 - 0 - 0 - 0 - 0 - 0 - 0;0: 9
2020;2;7;5;6;1;0;NANI;?;18h41;Cergy le Haut;uic_87382655;?;?;normal;9;0;0;0;0;0 - 0 - 0 - 0 - 0 - 0 - 0 - 0 - 0;0: 9
2020;2;7;5;6;1;0;NANI;?;18h54;Cergy le Haut;uic_87382655;?;?;normal;9;0;0;0;0;0 - 0 - 0 - 0 - 0 - 0 - 0 - 0 - 0;0: 9
2020;2;7;5;6;1;0;NANI;?;19h06;Cergy le Haut;uic_87382655;?;?;normal;9;0;60;20;0;0 - 0 - 0 - 0 - 1 - 1 - 1 - 0 - 0;0: 6 - 1: 3
2020;2;7;5;6;1;0;NANI;?;19h20;Cergy le Haut;uic_87382655;?;?;normal;9;0;180;73;60;0 - 0 - 1 - 1 - 0 - 2 - 2 - 3 - 2;0: 3 - 1: 2 - 2: 3 - 3: 1
2020;2;7;5;6;1;0;NANI;?;19h39;Cergy le Haut;uic_87382655;?;?;normal;9;0;60;13;0;1 - 1 - 0 - 0 - 0 - 0 - 0 - 0 - 0;0: 7 - 1: 2
2020;2;7;5;6;1;0;NANI;?;20h05;Cergy le Haut;uic_87382655;?;?;normal;9;0;60;26;0;0 - 0 - 0 - 0 - 0 - 1 - 1 - 1 - 1;0: 5 - 1: 4
2020;2;7;5;6;1;0;NANI;?;20h35;Cergy le Haut;uic_87382655;?;?;normal;9;0;60;6;0;0 - 0 - 0 - 0 - 0 - 1 - 0 - 0 - 0;0: 8 - 1: 1
2020;2;7;5;6;1;0;NANI;?;21h05;Cergy le Haut;uic_87382655;?;?;normal;9;0;60;20;0;0 - 0 - 1 - 1 - 0 - 1 - 0 - 0 - 0;0: 6 - 1: 3
2020;2;7;5;6;1;0;NANI;?;21h33;Cergy le Haut;uic_87382655;?;?;normal;9;0;120;40;0;0 - 0 - 0 - 0 - 0 - 1 - 1 - 2 - 2;0: 5 - 1: 2 - 2: 2
2020;2;7;5;6;1;0;NATO;?;05h12;Cergy le Haut;uic_87382655;?;?;normal;9;0;360;133;0;0 - 0 - 0 - 0 - 0 - 5 - 4 - 5 - 6;0: 5 - 4: 1 - 5: 2 - 6: 1
2020;2;7;5;6;1;0;NATO;?;05h42;Cergy le Haut;uic_87382655;?;?;normal;9;0;180;66;0;0 - 0 - 0 - 0 - 0 - 3 - 2 - 2 - 3;0: 5 - 2: 2 - 3: 2
2020;2;7;5;6;1;0;NATO;?;05h57;Cergy le Haut;uic_87382655;?;?;annule;9;9;0;0;0;;
2020;2;7;5;6;1;0;NATO;?;06h12;Cergy le Haut;uic_87382655;?;?;normal;9;0;420;199;180;2 - 2 - 3 - 3 - 3 - 4 - 3 - 3 - 7;2: 2 - 3: 5 - 4: 1 - 7: 1
2020;2;7;5;6;1;0;NATO;?;06h27;Cergy le Haut;uic_87382655;?;?;normal;9;0;180;99;120;2 - 1 - 2 - 1 - 1 - 2 - 1 - 2 - 3;1: 4 - 2: 4 - 3: 1
2020;2;7;5;6;1;0;NATO;?;06h42;Cergy le Haut;uic_87382655;?;?;normal;9;0;180;46;60;0 - 0 - 1 - 0 - 0 - 1 - 1 - 1 - 3;0: 4 - 1: 4 - 3: 1
2020;2;7;5;6;1;0;NATO;?;06h51;Cergy le Haut;uic_87382655;?;?;annule;9;9;0;0;0;;
2020;2;7;5;6;1;0;NATO;?;07h03;Cergy le Haut;uic_87382655;?;?;normal;9;0;300;233;240;3 - 3 - 4 - 3 - 3 - 5 - 5 - 4 - 5;3: 4 - 4: 2 - 5: 3
2020;2;7;5;6;1;0;NATO;?;07h14;Cergy le Haut;uic_87382655;?;?;normal;9;0;1080;966;960;16 - 15 - 16 - 16 - 15 - 16 - 18 - 16 - 17;15: 2 - 16: 5 - 17: 1 - 18: 1
2020;2;7;5;6;1;0;NATO;?;07h26;Cergy le Haut;uic_87382655;?;?;normal;9;0;720;320;0;0 - 0 - 0 - 0 - 0 - 12 - 12 - 12 - 12;0: 5 - 12: 4
2020;2;7;5;6;1;0;NATO;?;07h38;Cergy le Haut;uic_87382655;?;?;normal;9;0;480;199;60;0 - 0 - 1 - 0 - 0 - 6 - 7 - 8 - 8;0: 4 - 1: 1 - 6: 1 - 7: 1 - 8: 2
2020;2;7;5;6;1;0;NATO;?;07h49;Cergy le Haut;uic_87382655;?;?;normal;9;0;480;199;0;0 - 0 - 0 - 0 - 0 - 7 - 7 - 8 - 8;0: 5 - 7: 2 - 8: 2
2020;2;7;5;6;1;0;NATO;?;08h01;Cergy le Haut;uic_87382655;?;?;normal;9;0;240;93;0;0 - 0 - 0 - 0 - 0 - 3 - 3 - 4 - 4;0: 5 - 3: 2 - 4: 2
2020;2;7;5;6;1;0;NATO;?;08h13;Cergy le Haut;uic_87382655;?;?;normal;9;0;660;553;540;10 - 10 - 11 - 9 - 9 - 8 - 8 - 8 - 10;8: 3 - 9: 2 - 10: 3 - 11: 1
2020;2;7;5;6;1;0;NATO;?;08h24;Cergy le Haut;uic_87382655;?;?;normal;9;0;240;186;180;3 - 3 - 4 - 4 - 3 - 3 - 3 - 2 - 3;2: 1 - 3: 6 - 4: 2
2020;2;7;5;6;1;0;NATO;?;08h36;Cergy le Haut;uic_87382655;?;?;normal;9;0;180;60;0;0 - 0 - 0 - 0 - 0 - 3 - 2 - 2 - 2;0: 5 - 2: 3 - 3: 1
2020;2;7;5;6;1;0;NATO;?;08h48;Cergy le Haut;uic_87382655;?;?;normal;9;0;420;173;0;0 - 0 - 0 - 0 - 0 - 6 - 7 - 7 - 6;0: 5 - 6: 2 - 7: 2
2020;2;7;5;6;1;0;NATO;?;09h03;Cergy le Haut;uic_87382655;?;?;normal;9;0;60;26;0;0 - 0 - 0 - 0 - 0 - 1 - 1 - 1 - 1;0: 5 - 1: 4
2020;2;7;5;6;1;0;NATO;?;09h14;Cergy le Haut;uic_87382655;?;?;normal;9;0;660;420;240;4 - 4 - 4 - 4 - 4 - 10 - 11 - 11 - 11;4: 5 - 10: 1 - 11: 3
2020;2;7;5;6;1;0;NATO;?;09h23;Cergy le Haut;uic_87382655;?;?;normal;9;0;360;126;0;0 - 0 - 0 - 0 - 0 - 4 - 3 - 6 - 6;0: 5 - 3: 1 - 4: 1 - 6: 2
2020;2;7;5;6;1;0;NATO;?;09h33;Cergy le Haut;uic_87382655;?;?;normal;9;0;180;86;60;0 - 0 - 1 - 1 - 1 - 3 - 2 - 2 - 3;0: 2 - 1: 3 - 2: 2 - 3: 2
2020;2;7;5;6;1;0;NATO;?;09h47;Cergy le Haut;uic_87382655;?;?;annule_partiellement;9;6;300;300;300;/ - / - / - / - / - / - 5 - 5 - 5;5: 3
2020;2;7;5;6;1;0;NATO;?;09h55;Cergy le Haut;uic_87382655;?;?;normal;9;0;660;593;600;10 - 10 - 11 - 10 - 10 - 10 - 10 - 9 - 9;9: 2 - 10: 6 - 11: 1
2020;2;7;5;6;1;0;NATO;?;10h07;Cergy le Haut;uic_87382655;?;?;annule;9;9;0;0;0;;
2020;2;7;5;6;1;0;NATO;?;10h13;Cergy le Haut;uic_87382655;?;?;normal;9;0;120;86;120;2 - 2 - 2 - 2 - 2 - 1 - 1 - 1 - 0;0: 1 - 1: 3 - 2: 5
2020;2;7;5;6;1;0;NATO;?;10h23;Cergy le Haut;uic_87382655;?;?;normal;9;0;120;106;120;1 - 1 - 2 - 2 - 2 - 2 - 2 - 2 - 2;1: 2 - 2: 7
2020;2;7;5;6;1;0;NATO;?;10h33;Cergy le Haut;uic_87382655;?;?;normal;9;0;480;186;60;1 - 0 - 1 - 0 - 0 - 6 - 6 - 8 - 6;0: 3 - 1: 2 - 6: 3 - 8: 1
2020;2;7;5;6;1;0;NATO;?;10h43;Cergy le Haut;uic_87382655;?;?;normal;9;0;300;66;0;0 - 0 - 0 - 0 - 0 - 0 - 0 - 5 - 5;0: 7 - 5: 2
2020;2;7;5;6;1;0;NATO;?;10h53;Cergy le Haut;uic_87382655;?;?;normal;9;0;120;13;0;0 - 0 - 0 - 0 - 0 - 0 - 0 - 2 - 0;0: 8 - 2: 1
2020;2;7;5;6;1;0;NATO;?;11h03;Cergy le Haut;uic_87382655;?;?;normal;9;0;180;146;120;2 - 2 - 3 - 3 - 2 - 3 - 2 - 2 - 3;2: 5 - 3: 4
2020;2;7;5;6;1;0;NATO;?;11h13;Cergy le Haut;uic_87382655;?;?;normal;9;0;60;40;60;1 - 1 - 1 - 1 - 1 - 1 - 0 - 0 - 0;0: 3 - 1: 6
2020;2;7;5;6;1;0;NATO;?;11h23;Cergy le Haut;uic_87382655;?;?;normal;9;0;60;6;0;0 - 0 - 0 - 0 - 0 - 0 - 0 - 0 - 1;0: 8 - 1: 1
2020;2;7;5;6;1;0;NATO;?;11h33;Cergy le Haut;uic_87382655;?;?;normal;9;0;120;93;120;1 - 1 - 2 - 2 - 2 - 2 - 2 - 2 - 0;0: 1 - 1: 2 - 2: 6
2020;2;7;5;6;1;0;NATO;?;11h43;Cergy le Haut;uic_87382655;?;?;normal;9;0;180;73;0;0 - 0 - 0 - 0 - 0 - 2 - 3 - 3 - 3;0: 5 - 2: 1 - 3: 3
2020;2;7;5;6;1;0;NATO;?;11h53;Cergy le Haut;uic_87382655;?;?;normal;9;0;0;0;0;0 - 0 - 0 - 0 - 0 - 0 - 0 - 0 - 0;0: 9
2020;2;7;5;6;1;0;NATO;?;12h03;Cergy le Haut;uic_87382655;?;?;normal;9;0;60;26;0;1 - 1 - 1 - 1 - 0 - 0 - 0 - 0 - 0;0: 5 - 1: 4
2020;2;7;5;6;1;0;NATO;?;12h13;Cergy le Haut;uic_87382655;?;?;normal;9;0;120;66;60;1 - 1 - 2 - 1 - 1 - 2 - 1 - 1 - 0;0: 1 - 1: 6 - 2: 2
2020;2;7;5;6;1;0;NATO;?;12h23;Cergy le Haut;uic_87382655;?;?;normal;9;0;180;106;120;0 - 1 - 2 - 2 - 2 - 2 - 2 - 2 - 3;0: 1 - 1: 1 - 2: 6 - 3: 1
2020;2;7;5;6;1;0;NATO;?;12h33;Cergy le Haut;uic_87382655;?;?;normal;9;0;60;6;0;0 - 0 - 0 - 0 - 0 - 0 - 0 - 1 - 0;0: 8 - 1: 1
2020;2;7;5;6;1;0;NATO;?;12h43;Cergy le Haut;uic_87382655;?;?;normal;9;0;0;0;0;0 - 0 - 0 - 0 - 0 - 0 - 0 - 0 - 0;0: 9
2020;2;7;5;6;1;0;NATO;?;12h53;Cergy le Haut;uic_87382655;?;?;normal;9;0;0;0;0;0 - 0 - 0 - 0 - 0 - 0 - 0 - 0 - 0;0: 9
2020;2;7;5;6;1;0;NATO;?;13h03;Cergy le Haut;uic_87382655;?;?;normal;9;0;0;0;0;0 - 0 - 0 - 0 - 0 - 0 - 0 - 0 - 0;0: 9
2020;2;7;5;6;1;0;NATO;?;13h13;Cergy le Haut;uic_87382655;?;?;normal;9;0;120;26;0;0 - 0 - 0 - 0 - 0 - 2 - 1 - 1 - 0;0: 6 - 1: 2 - 2: 1
2020;2;7;5;6;1;0;NATO;?;13h23;Cergy le Haut;uic_87382655;?;?;normal;9;0;0;0;0;0 - 0 - 0 - 0 - 0 - 0 - 0 - 0 - 0;0: 9
2020;2;7;5;6;1;0;NATO;?;13h33;Cergy le Haut;uic_87382655;?;?;normal;9;0;0;0;0;0 - 0 - 0 - 0 - 0 - 0 - 0 - 0 - 0;0: 9
2020;2;7;5;6;1;0;NATO;?;13h43;Cergy le Haut;uic_87382655;?;?;normal;9;0;0;0;0;0 - 0 - 0 - 0 - 0 - 0 - 0 - 0 - 0;0: 9
2020;2;7;5;6;1;0;NATO;?;13h53;Cergy le Haut;uic_87382655;?;?;normal;9;0;0;0;0;0 - 0 - 0 - 0 - 0 - 0 - 0 - 0 - 0;0: 9
2020;2;7;5;6;1;0;NATO;?;14h03;Cergy le Haut;uic_87382655;?;?;normal;9;0;120;60;60;0 - 0 - 1 - 1 - 1 - 2 - 1 - 1 - 2;0: 2 - 1: 5 - 2: 2
2020;2;7;5;6;1;0;NOTE;?;05h40;Poissy;uic_87386573;?;?;normal;5;0;60;12;0;0 - 1 - 0 - 0 - 0;0: 4 - 1: 1
2020;2;7;5;6;1;0;NOTE;?;06h00;Poissy;uic_87386573;?;?;normal;5;0;660;491;420;6 - 6 - 7 - 11 - 11;6: 2 - 7: 1 - 11: 2
2020;2;7;5;6;1;0;NOTE;?;06h15;Poissy;uic_87386573;?;?;annule;5;5;0;0;0;;
2020;2;7;5;6;1;0;NOTE;?;06h30;Poissy;uic_87386573;?;?;annule_partiellement;5;2;600;499;480;7 - 8 - 10 - / - /;7: 1 - 8: 1 - 10: 1
2020;2;7;5;6;1;0;NOTE;?;06h45;Poissy;uic_87386573;?;?;annule;5;5;0;0;0;;
2020;2;7;5;6;1;0;NOTE;?;06h59;Poissy;uic_87386573;?;?;annule_partiellement;5;2;360;180;180;0 - 3 - 6 - / - /;0: 1 - 3: 1 - 6: 1
2020;2;7;5;6;1;0;NOTE;?;07h13;Poissy;uic_87386573;?;?;annule;5;5;0;0;0;;
2020;2;7;5;6;1;0;NOTE;?;07h25;Poissy;uic_87386573;?;?;normal;5;0;900;683;840;0 - 14 - 14 - 14 - 15;0: 1 - 14: 3 - 15: 1
2020;2;7;5;6;1;0;NOTE;?;07h37;Poissy;uic_87386573;?;?;normal;5;0;780;576;720;0 - 10 - 12 - 13 - 13;0: 1 - 10: 1 - 12: 1 - 13: 2
2020;2;7;5;6;1;0;NOTE;?;07h47;Poissy;uic_87386573;?;?;annule;5;5;0;0;0;;
2020;2;7;5;6;1;0;NOTE;?;07h59;Poissy;uic_87386573;?;?;normal;5;0;540;408;480;2 - 7 - 8 - 8 - 9;2: 1 - 7: 1 - 8: 2 - 9: 1
2020;2;7;5;6;1;0;NOTE;?;08h11;Poissy;uic_87386573;?;?;normal;5;0;360;215;240;0 - 3 - 4 - 5 - 6;0: 1 - 3: 1 - 4: 1 - 5: 1 - 6: 1
2020;2;7;5;6;1;0;NOTE;?;08h22;Poissy;uic_87386573;?;?;normal;5;0;300;264;240;4 - 5 - 4 - 4 - 5;4: 3 - 5: 2
2020;2;7;5;6;1;0;NOTE;?;08h34;Poissy;uic_87386573;?;?;normal;5;0;660;636;660;9 - 11 - 11 - 11 - 11;9: 1 - 11: 4
2020;2;7;5;6;1;0;NOTE;?;08h46;Poissy;uic_87386573;?;?;annule;5;5;0;0;0;;
2020;2;7;5;6;1;0;NOTE;?;08h57;Poissy;uic_87386573;?;?;normal;5;0;480;408;480;3 - 8 - 8 - 7 - 8;3: 1 - 7: 1 - 8: 3
2020;2;7;5;6;1;0;NOTE;?;09h09;Poissy;uic_87386573;?;?;normal;5;0;960;911;960;13 - 16 - 16 - 15 - 16;13: 1 - 15: 1 - 16: 3
2020;2;7;5;6;1;0;NOTE;?;16h42;Poissy;uic_87386573;?;?;normal;5;0;60;12;0;0 - 1 - 0 - 0 - 0;0: 4 - 1: 1
2020;2;7;5;6;1;0;NOTE;?;16h54;Poissy;uic_87386573;?;?;normal;5;0;60;24;0;1 - 1 - 0 - 0 - 0;0: 3 - 1: 2
2020;2;7;5;6;1;0;NOTE;?;17h05;Poissy;uic_87386573;?;?;normal;5;0;0;0;0;0 - 0 - 0 - 0 - 0;0: 5
2020;2;7;5;6;1;0;NOTE;?;17h19;Poissy;uic_87386573;?;?;normal;5;0;0;0;0;0 - 0 - 0 - 0 - 0;0: 5
2020;2;7;5;6;1;0;NOTE;?;17h32;Poissy;uic_87386573;?;?;normal;5;0;0;0;0;0 - 0 - 0 - 0 - 0;0: 5
2020;2;7;5;6;1;0;NOTE;?;17h44;Poissy;uic_87386573;?;?;normal;5;0;60;12;0;0 - 1 - 0 - 0 - 0;0: 4 - 1: 1
2020;2;7;5;6;1;0;NOTE;?;17h57;Poissy;uic_87386573;?;?;normal;5;0;60;12;0;0 - 1 - 0 - 0 - 0;0: 4 - 1: 1
2020;2;7;5;6;1;0;NOTE;?;18h09;Poissy;uic_87386573;?;?;normal;5;0;180;144;180;1 - 3 - 2 - 3 - 3;1: 1 - 2: 1 - 3: 3
2020;2;7;5;6;1;0;NOTE;?;18h22;Poissy;uic_87386573;?;?;normal;5;0;240;120;120;0 - 4 - 2 - 2 - 2;0: 1 - 2: 3 - 4: 1
2020;2;7;5;6;1;0;NOTE;?;18h34;Poissy;uic_87386573;?;?;normal;5;0;0;0;0;0 - 0 - 0 - 0 - 0;0: 5
2020;2;7;5;6;1;0;NOTE;?;18h47;Poissy;uic_87386573;?;?;normal;5;0;0;0;0;0 - 0 - 0 - 0 - 0;0: 5
2020;2;7;5;6;1;0;NOTE;?;18h59;Poissy;uic_87386573;?;?;normal;5;0;0;0;0;0 - 0 - 0 - 0 - 0;0: 5
2020;2;7;5;6;1;0;NOTE;?;19h12;Poissy;uic_87386573;?;?;normal;5;0;0;0;0;0 - 0 - 0 - 0 - 0;0: 5
2020;2;7;5;6;1;0;NOTE;?;19h24;Poissy;uic_87386573;?;?;normal;5;0;120;72;60;1 - 2 - 1 - 1 - 1;1: 4 - 2: 1
2020;2;7;5;6;1;0;NOTE;?;19h39;Poissy;uic_87386573;?;?;normal;5;0;60;36;60;1 - 1 - 0 - 1 - 0;0: 2 - 1: 3
2020;2;7;5;6;1;0;NOTE;?;20h04;Poissy;uic_87386573;?;?;normal;5;0;240;192;240;0 - 4 - 4 - 4 - 4;0: 1 - 4: 4
2020;2;7;5;6;1;0;NOTE;?;20h34;Poissy;uic_87386573;?;?;normal;5;0;180;144;120;2 - 3 - 2 - 3 - 2;2: 3 - 3: 2
2020;2;7;5;6;1;0;NOTE;?;21h03;Poissy;uic_87386573;?;?;normal;5;0;0;0;0;0 - 0 - 0 - 0 - 0;0: 5
2020;2;7;5;6;1;0;NOTE;?;21h35;Poissy;uic_87386573;?;?;normal;5;0;360;240;240;2 - 3 - 6 - 5 - 4;2: 1 - 3: 1 - 4: 1 - 5: 1 - 6: 1
2020;2;7;5;6;1;0;NOTE;?;22h03;Poissy;uic_87386573;?;?;normal;5;0;0;0;0;0 - 0 - 0 - 0 - 0;0: 5
2020;2;7;5;6;1;0;NOTE;?;22h33;Poissy;uic_87386573;?;?;normal;5;0;120;72;120;0 - 0 - 2 - 2 - 2;0: 2 - 2: 3
2020;2;7;5;6;1;0;NOTE;?;23h03;Poissy;uic_87386573;?;?;normal;5;0;60;12;0;0 - 1 - 0 - 0 - 0;0: 4 - 1: 1
2020;2;7;5;6;1;0;NOTE;?;23h33;Poissy;uic_87386573;?;?;normal;5;0;0;0;0;0 - 0 - 0 - 0 - 0;0: 5
2020;2;7;5;6;1;0;OKLA;?;09h20;Poissy;uic_87386573;?;?;normal;5;0;600;563;600;7 - 10 - 10 - 10 - 10;7: 1 - 10: 4
2020;2;7;5;6;1;0;OKLA;?;09h40;Poissy;uic_87386573;?;?;annule;5;5;0;0;0;;
2020;2;7;5;6;1;0;OKLA;?;09h55;Poissy;uic_87386573;?;?;normal;5;0;420;360;360;7 - 6 - 6 - 6 - 5;5: 1 - 6: 3 - 7: 1
2020;2;7;5;6;1;0;OKLA;?;10h16;Poissy;uic_87386573;?;?;normal;5;0;2040;1980;2040;29 - 34 - 34 - 34 - 34;29: 1 - 34: 4
2020;2;7;5;6;1;0;OKLA;?;10h40;Poissy;uic_87386573;?;?;normal;5;0;1080;900;840;12 - 14 - 14 - 17 - 18;12: 1 - 14: 2 - 17: 1 - 18: 1
2020;2;7;5;6;1;0;OKLA;?;11h00;Poissy;uic_87386573;?;?;normal;5;0;300;180;120;2 - 2 - 2 - 4 - 5;2: 3 - 4: 1 - 5: 1
2020;2;7;5;6;1;0;OKLA;?;11h20;Poissy;uic_87386573;?;?;normal;5;0;120;107;120;1 - 2 - 2 - 2 - 2;1: 1 - 2: 4
2020;2;7;5;6;1;0;OKLA;?;11h40;Poissy;uic_87386573;?;?;annule;5;5;0;0;0;;
2020;2;7;5;6;1;0;OKLA;?;12h00;Poissy;uic_87386573;?;?;normal;5;0;180;155;180;3 - 3 - 3 - 2 - 2;2: 2 - 3: 3
2020;2;7;5;6;1;0;OKLA;?;12h20;Poissy;uic_87386573;?;?;normal;5;0;120;60;60;0 - 1 - 1 - 1 - 2;0: 1 - 1: 3 - 2: 1
2020;2;7;5;6;1;0;OKLA;?;12h40;Poissy;uic_87386573;?;?;normal;5;0;180;107;120;0 - 2 - 1 - 3 - 3;0: 1 - 1: 1 - 2: 1 - 3: 2
2020;2;7;5;6;1;0;OKLA;?;13h00;Poissy;uic_87386573;?;?;normal;5;0;120;72;60;1 - 2 - 1 - 1 - 1;1: 4 - 2: 1
2020;2;7;5;6;1;0;OKLA;?;13h20;Poissy;uic_87386573;?;?;normal;5;0;0;0;0;0 - 0 - 0 - 0 - 0;0: 5
2020;2;7;5;6;1;0;OKLA;?;13h40;Poissy;uic_87386573;?;?;normal;5;0;0;0;0;0 - 0 - 0 - 0 - 0;0: 5
2020;2;7;5;6;1;0;OKLA;?;14h00;Poissy;uic_87386573;?;?;normal;5;0;60;24;0;1 - 1 - 0 - 0 - 0;0: 3 - 1: 2
2020;2;7;5;6;1;0;OKLA;?;14h20;Poissy;uic_87386573;?;?;normal;5;0;60;12;0;0 - 1 - 0 - 0 - 0;0: 4 - 1: 1
2020;2;7;5;6;1;0;OKRE;?;14h40;Poissy;uic_87386573;?;?;annule;5;5;0;0;0;;
2020;2;7;5;6;1;0;OKRE;?;15h00;Poissy;uic_87386573;?;?;normal;5;0;0;0;0;0 - 0 - 0 - 0 - 0;0: 5
2020;2;7;5;6;1;0;OKRE;?;15h20;Poissy;uic_87386573;?;?;normal;5;0;0;0;0;0 - 0 - 0 - 0 - 0;0: 5
2020;2;7;5;6;1;0;OKRE;?;15h40;Poissy;uic_87386573;?;?;normal;5;0;60;36;60;0 - 1 - 0 - 1 - 1;0: 2 - 1: 3
2020;2;7;5;6;1;0;OKRE;?;16h00;Poissy;uic_87386573;?;?;normal;5;0;60;48;60;0 - 1 - 1 - 1 - 1;0: 1 - 1: 4
2020;2;7;5;6;1;0;OKRE;?;16h20;Poissy;uic_87386573;?;?;normal;5;0;120;72;60;1 - 2 - 1 - 1 - 1;1: 4 - 2: 1
2020;2;7;5;6;1;0;OPEN;?;04h42;Cergy le Haut;uic_87382655;?;?;normal;9;0;60;13;0;0 - 0 - 0 - 0 - 0 - 1 - 0 - 0 - 1;0: 7 - 1: 2
2020;2;7;5;6;1;0;OPUS;?;00h28;Sartrouville;uic_87386417;?;?;normal;2;0;60;60;1;1 - 1;1: 2
2020;2;7;5;6;1;0;OPUS;?;23h58;Sartrouville;uic_87386417;?;?;normal;2;0;0;0;0;0 - 0;0: 2
2020;2;7;5;6;1;0;QURI;?;00h05;Poissy;uic_87386573;?;?;normal;5;0;0;0;0;0 - 0 - 0 - 0 - 0;0: 5
2020;2;7;5;6;1;0;QURI;?;05h10;Poissy;uic_87386573;?;?;normal;5;0;60;12;0;0 - 0 - 0 - 0 - 1;0: 4 - 1: 1
2020;2;7;5;6;1;0;TAPI;?;00h31;Houilles - Carrières-sur-Seine;uic_87386409;?;?;normal;4;0;240;165;210;0 - 4 - 4 - 3;0: 1 - 3: 1 - 4: 2
2020;2;7;5;6;1;0;TAXE;?;00h03;Houilles - Carrières-sur-Seine;uic_87386409;?;?;normal;4;0;120;120;2;2 - 2 - 2 - 2;2: 4
2020;2;7;5;6;1;0;TAXE;?;06h35;Houilles - Carrières-sur-Seine;uic_87386409;?;?;normal;4;0;480;420;450;8 - 8 - 7 - 5;5: 1 - 7: 1 - 8: 2
2020;2;7;5;6;1;0;TAXE;?;07h06;Houilles - Carrières-sur-Seine;uic_87386409;?;?;normal;4;0;180;120;150;0 - 3 - 3 - 2;0: 1 - 2: 1 - 3: 2
2020;2;7;5;6;1;0;TAXE;?;07h21;Houilles - Carrières-sur-Seine;uic_87386409;?;?;annule;4;4;0;0;0;;
2020;2;7;5;6;1;0;TAXE;?;07h37;Houilles - Carrières-sur-Seine;uic_87386409;?;?;normal;4;0;360;285;5;5 - 5 - 6 - 3;3: 1 - 5: 2 - 6: 1
2020;2;7;5;6;1;0;TAXE;?;07h50;Houilles - Carrières-sur-Seine;uic_87386409;?;?;normal;4;0;1140;1050;18;18 - 19 - 18 - 15;15: 1 - 18: 2 - 19: 1
2020;2;7;5;6;1;0;TAXE;?;08h01;Houilles - Carrières-sur-Seine;uic_87386409;?;?;normal;4;0;1320;1245;1290;21 - 22 - 22 - 18;18: 1 - 21: 1 - 22: 2
2020;2;7;5;6;1;0;TAXE;?;08h13;Houilles - Carrières-sur-Seine;uic_87386409;?;?;normal;4;0;1440;1395;1410;23 - 24 - 24 - 22;22: 1 - 23: 1 - 24: 2
2020;2;7;5;6;1;0;TAXE;?;08h25;Houilles - Carrières-sur-Seine;uic_87386409;?;?;annule;4;4;0;0;0;;
2020;2;7;5;6;1;0;TAXE;?;08h36;Houilles - Carrières-sur-Seine;uic_87386409;?;?;normal;4;0;1320;1245;21;21 - 22 - 21 - 19;19: 1 - 21: 2 - 22: 1
2020;2;7;5;6;1;0;TAXE;?;08h48;Houilles - Carrières-sur-Seine;uic_87386409;?;?;normal;4;0;960;870;15;15 - 16 - 15 - 12;12: 1 - 15: 2 - 16: 1
2020;2;7;5;6;1;0;TAXE;?;09h00;Houilles - Carrières-sur-Seine;uic_87386409;?;?;normal;4;0;1440;1380;23;23 - 24 - 23 - 22;22: 1 - 23: 2 - 24: 1
2020;2;7;5;6;1;0;TAXE;?;09h11;Houilles - Carrières-sur-Seine;uic_87386409;?;?;annule;4;4;0;0;0;;
2020;2;7;5;6;1;0;TAXE;?;09h23;Houilles - Carrières-sur-Seine;uic_87386409;?;?;normal;4;0;600;570;570;9 - 10 - 10 - 9;9: 2 - 10: 2
2020;2;7;5;6;1;0;TAXE;?;09h35;Houilles - Carrières-sur-Seine;uic_87386409;?;?;annule_partiellement;4;3;1680;1680;1680;28 - / - / - /;28: 1
2020;2;7;5;6;1;0;TAXE;?;09h46;Houilles - Carrières-sur-Seine;uic_87386409;?;?;normal;4;0;2100;1995;33;32 - 33 - 33 - 35;32: 1 - 33: 2 - 35: 1
2020;2;7;5;6;1;0;TAXE;?;09h58;Houilles - Carrières-sur-Seine;uic_87386409;?;?;normal;4;0;1620;1515;25;24 - 24 - 26 - 27;24: 2 - 26: 1 - 27: 1
2020;2;7;5;6;1;0;TAXE;?;17h14;Houilles - Carrières-sur-Seine;uic_87386409;?;?;normal;4;0;180;75;1;0 - 1 - 3 - 1;0: 1 - 1: 2 - 3: 1
2020;2;7;5;6;1;0;TAXE;?;17h26;Houilles - Carrières-sur-Seine;uic_87386409;?;?;normal;4;0;60;15;0;0 - 1 - 0 - 0;0: 3 - 1: 1
2020;2;7;5;6;1;0;TAXE;?;17h39;Houilles - Carrières-sur-Seine;uic_87386409;?;?;normal;4;0;60;30;30;0 - 1 - 1 - 0;0: 2 - 1: 2
2020;2;7;5;6;1;0;TAXE;?;17h51;Houilles - Carrières-sur-Seine;uic_87386409;?;?;normal;4;0;120;60;1;1 - 2 - 1 - 0;0: 1 - 1: 2 - 2: 1
2020;2;7;5;6;1;0;TAXE;?;18h04;Houilles - Carrières-sur-Seine;uic_87386409;?;?;normal;4;0;60;45;1;1 - 1 - 1 - 0;0: 1 - 1: 3
2020;2;7;5;6;1;0;TAXE;?;18h16;Houilles - Carrières-sur-Seine;uic_87386409;?;?;normal;4;0;0;0;0;0 - 0 - 0 - 0;0: 4
2020;2;7;5;6;1;0;TAXE;?;18h29;Houilles - Carrières-sur-Seine;uic_87386409;?;?;normal;4;0;120;90;2;2 - 2 - 2 - 0;0: 1 - 2: 3
2020;2;7;5;6;1;0;TAXE;?;18h41;Houilles - Carrières-sur-Seine;uic_87386409;?;?;normal;4;0;60;15;0;0 - 1 - 0 - 0;0: 3 - 1: 1
2020;2;7;5;6;1;0;TAXE;?;18h54;Houilles - Carrières-sur-Seine;uic_87386409;?;?;normal;4;0;60;30;30;0 - 1 - 1 - 0;0: 2 - 1: 2
2020;2;7;5;6;1;0;TAXE;?;19h06;Houilles - Carrières-sur-Seine;uic_87386409;?;?;normal;4;0;60;15;0;0 - 1 - 0 - 0;0: 3 - 1: 1
2020;2;7;5;6;1;0;TAXE;?;19h19;Houilles - Carrières-sur-Seine;uic_87386409;?;?;normal;4;0;360;300;5;4 - 5 - 6 - 5;4: 1 - 5: 2 - 6: 1
2020;2;7;5;6;1;0;TAXE;?;19h31;Houilles - Carrières-sur-Seine;uic_87386409;?;?;normal;4;0;120;105;2;2 - 2 - 2 - 1;1: 1 - 2: 3
2020;2;7;5;6;1;0;TAXE;?;19h44;Houilles - Carrières-sur-Seine;uic_87386409;?;?;normal;4;0;120;60;1;1 - 2 - 1 - 0;0: 1 - 1: 2 - 2: 1
2020;2;7;5;6;1;0;TAXE;?;19h56;Houilles - Carrières-sur-Seine;uic_87386409;?;?;normal;4;0;0;0;0;0 - 0 - 0 - 0;0: 4
2020;2;7;5;6;1;0;TAXE;?;20h17;Houilles - Carrières-sur-Seine;uic_87386409;?;?;normal;4;0;120;90;90;1 - 2 - 2 - 1;1: 2 - 2: 2
2020;2;7;5;6;1;0;TAXE;?;20h38;Houilles - Carrières-sur-Seine;uic_87386409;?;?;normal;4;0;60;45;1;1 - 1 - 1 - 0;0: 1 - 1: 3
2020;2;7;5;6;1;0;TAXE;?;20h58;Houilles - Carrières-sur-Seine;uic_87386409;?;?;normal;4;0;60;15;0;0 - 1 - 0 - 0;0: 3 - 1: 1
2020;2;7;5;6;1;0;TAXE;?;21h19;Houilles - Carrières-sur-Seine;uic_87386409;?;?;normal;4;0;0;0;0;0 - 0 - 0 - 0;0: 4
2020;2;7;5;6;1;0;TAXE;?;21h38;Houilles - Carrières-sur-Seine;uic_87386409;?;?;normal;4;0;300;240;4;4 - 5 - 4 - 3;3: 1 - 4: 2 - 5: 1
2020;2;7;5;6;1;0;TAXE;?;22h03;Houilles - Carrières-sur-Seine;uic_87386409;?;?;normal;4;0;0;0;0;0 - 0 - 0 - 0;0: 4
2020;2;7;5;6;1;0;TAXE;?;22h33;Houilles - Carrières-sur-Seine;uic_87386409;?;?;normal;4;0;60;45;1;1 - 1 - 1 - 0;0: 1 - 1: 3
2020;2;7;5;6;1;0;TAXE;?;23h03;Houilles - Carrières-sur-Seine;uic_87386409;?;?;normal;4;0;0;0;0;0 - 0 - 0 - 0;0: 4
2020;2;7;5;6;1;0;TAXE;?;23h33;Houilles - Carrières-sur-Seine;uic_87386409;?;?;normal;4;0;120;105;2;2 - 2 - 2 - 1;1: 1 - 2: 3
2020;2;7;5;6;1;0;TEDI;?;00h58;Houilles - Carrières-sur-Seine;uic_87386409;?;?;normal;4;0;0;0;0;0 - 0 - 0 - 0;0: 4
2020;2;7;5;6;1;0;TEDI;?;06h11;Houilles - Carrières-sur-Seine;uic_87386409;?;?;annule;4;4;0;0;0;;
2020;2;7;5;6;1;0;TRAM;?;15h53;Houilles - Carrières-sur-Seine;uic_87386409;?;?;normal;4;0;60;45;1;1 - 1 - 1 - 0;0: 1 - 1: 3
2020;2;7;5;6;1;0;TRAM;?;16h13;Houilles - Carrières-sur-Seine;uic_87386409;?;?;normal;4;0;0;0;0;0 - 0 - 0 - 0;0: 4
2020;2;7;5;6;1;0;TRAM;?;16h33;Houilles - Carrières-sur-Seine;uic_87386409;?;?;normal;4;0;780;720;12;12 - 13 - 12 - 11;11: 1 - 12: 2 - 13: 1
2020;2;7;5;6;1;0;TRAM;?;16h54;Houilles - Carrières-sur-Seine;uic_87386409;?;?;normal;4;0;0;0;0;0 - 0 - 0 - 0;0: 4
2020;2;7;5;6;1;0;TROC;?;06h52;Houilles - Carrières-sur-Seine;uic_87386409;?;?;annule;4;4;0;0;0;;
2020;2;7;5;6;1;0;TROC;?;10h13;Houilles - Carrières-sur-Seine;uic_87386409;?;?;normal;4;0;1320;1080;17;16 - 17 - 17 - 22;16: 1 - 17: 2 - 22: 1
2020;2;7;5;6;1;0;TROC;?;10h33;Houilles - Carrières-sur-Seine;uic_87386409;?;?;normal;4;0;600;540;9;8 - 10 - 10 - 8;8: 2 - 10: 2
2020;2;7;5;6;1;0;TROC;?;10h53;Houilles - Carrières-sur-Seine;uic_87386409;?;?;annule;4;4;0;0;0;;
2020;2;7;5;6;1;0;TROC;?;11h13;Houilles - Carrières-sur-Seine;uic_87386409;?;?;normal;4;0;120;105;2;2 - 2 - 2 - 1;1: 1 - 2: 3
2020;2;7;5;6;1;0;TROC;?;11h33;Houilles - Carrières-sur-Seine;uic_87386409;?;?;normal;4;0;420;360;6;6 - 7 - 6 - 5;5: 1 - 6: 2 - 7: 1
2020;2;7;5;6;1;0;TROC;?;11h53;Houilles - Carrières-sur-Seine;uic_87386409;?;?;normal;4;0;120;105;2;2 - 2 - 2 - 1;1: 1 - 2: 3
2020;2;7;5;6;1;0;TROC;?;12h13;Houilles - Carrières-sur-Seine;uic_87386409;?;?;normal;4;0;0;0;0;0 - 0 - 0 - 0;0: 4
2020;2;7;5;6;1;0;TROC;?;12h33;Houilles - Carrières-sur-Seine;uic_87386409;?;?;normal;4;0;0;0;0;0 - 0 - 0 - 0;0: 4
2020;2;7;5;6;1;0;TROC;?;12h53;Houilles - Carrières-sur-Seine;uic_87386409;?;?;normal;4;0;240;105;1;1 - 1 - 1 - 4;1: 3 - 4: 1
2020;2;7;5;6;1;0;TROC;?;13h13;Houilles - Carrières-sur-Seine;uic_87386409;?;?;normal;4;0;60;30;30;0 - 1 - 1 - 0;0: 2 - 1: 2
2020;2;7;5;6;1;0;TROC;?;13h33;Houilles - Carrières-sur-Seine;uic_87386409;?;?;normal;4;0;0;0;0;0 - 0 - 0 - 0;0: 4
2020;2;7;5;6;1;0;TROC;?;13h53;Houilles - Carrières-sur-Seine;uic_87386409;?;?;annule;4;4;0;0;0;;
2020;2;7;5;6;1;0;TROC;?;14h13;Houilles - Carrières-sur-Seine;uic_87386409;?;?;normal;4;0;60;30;30;1 - 1 - 0 - 0;0: 2 - 1: 2
2020;2;7;5;6;1;0;TROC;?;14h33;Houilles - Carrières-sur-Seine;uic_87386409;?;?;normal;4;0;120;60;1;1 - 2 - 1 - 0;0: 1 - 1: 2 - 2: 1
2020;2;7;5;6;1;0;TROC;?;14h53;Houilles - Carrières-sur-Seine;uic_87386409;?;?;normal;4;0;60;45;1;1 - 1 - 1 - 0;0: 1 - 1: 3
2020;2;7;5;6;1;0;TROC;?;15h13;Houilles - Carrières-sur-Seine;uic_87386409;?;?;normal;4;0;60;45;1;1 - 1 - 1 - 0;0: 1 - 1: 3
2020;2;7;5;6;1;0;TROC;?;15h33;Houilles - Carrières-sur-Seine;uic_87386409;?;?;normal;4;0;0;0;0;0 - 0 - 0 - 0;0: 4
2020;2;7;5;6;1;0;UBAL;?;05h56;Houilles - Carrières-sur-Seine;uic_87386409;?;?;annule;8;8;0;0;0;;
2020;2;7;5;6;1;0;UZAR;?;06h23;Houilles - Carrières-sur-Seine;uic_87386409;?;?;normal;8;0;840;757;810;9 - 10 - 13 - 13 - 14 - 14 - 14 - 14;9: 1 - 10: 1 - 13: 2 - 14: 4
2020;2;7;5;6;1;0;UZAR;?;06h40;Houilles - Carrières-sur-Seine;uic_87386409;?;?;normal;8;0;180;142;150;1 - 2 - 2 - 2 - 3 - 3 - 3 - 3;1: 1 - 2: 3 - 3: 4
2020;2;7;5;6;1;0;UZAR;?;06h56;Houilles - Carrières-sur-Seine;uic_87386409;?;?;normal;8;0;180;150;150;2 - 2 - 2 - 2 - 3 - 3 - 3 - 3;2: 4 - 3: 4
2020;2;7;5;6;1;0;UZAR;?;07h11;Houilles - Carrières-sur-Seine;uic_87386409;?;?;normal;8;0;1020;870;930;9 - 10 - 15 - 15 - 16 - 17 - 17 - 17;9: 1 - 10: 1 - 15: 2 - 16: 1 - 17: 3
2020;2;7;5;6;1;0;UZAR;?;07h25;Houilles - Carrières-sur-Seine;uic_87386409;?;?;normal;8;0;780;645;630;9 - 9 - 10 - 10 - 11 - 11 - 13 - 13;9: 2 - 10: 2 - 11: 2 - 13: 2
2020;2;7;5;6;1;0;UZAR;?;07h46;Houilles - Carrières-sur-Seine;uic_87386409;?;?;normal;8;0;900;847;14;14 - 15 - 13 - 14 - 14 - 15 - 14 - 14;13: 1 - 14: 5 - 15: 2
2020;2;7;5;6;1;0;UZAR;?;07h57;Houilles - Carrières-sur-Seine;uic_87386409;?;?;normal;8;0;1260;1185;20;18 - 20 - 19 - 20 - 20 - 20 - 20 - 21;18: 1 - 19: 1 - 20: 5 - 21: 1
2020;2;7;5;6;1;0;UZAR;?;08h09;Houilles - Carrières-sur-Seine;uic_87386409;?;?;normal;8;0;1020;1012;17;16 - 17 - 17 - 17 - 17 - 17 - 17 - 17;16: 1 - 17: 7
2020;2;7;5;6;1;0;UZAR;?;08h21;Houilles - Carrières-sur-Seine;uic_87386409;?;?;normal;8;0;1260;1200;20;19 - 20 - 19 - 21 - 20 - 20 - 20 - 21;19: 2 - 20: 4 - 21: 2
2020;2;7;5;6;1;0;UZAR;?;08h32;Houilles - Carrières-sur-Seine;uic_87386409;?;?;normal;8;0;960;885;15;15 - 16 - 15 - 15 - 15 - 14 - 14 - 14;14: 3 - 15: 4 - 16: 1
2020;2;7;5;6;1;0;UZAR;?;08h44;Houilles - Carrières-sur-Seine;uic_87386409;?;?;annule;8;8;0;0;0;;
2020;2;7;5;6;1;0;UZAR;?;08h56;Houilles - Carrières-sur-Seine;uic_87386409;?;?;normal;8;0;960;930;930;15 - 16 - 15 - 16 - 15 - 16 - 15 - 16;15: 4 - 16: 4
2020;2;7;5;6;1;0;UZAR;?;09h07;Houilles - Carrières-sur-Seine;uic_87386409;?;?;normal;8;0;1260;1200;20;20 - 20 - 20 - 20 - 20 - 20 - 19 - 21;19: 1 - 20: 6 - 21: 1
2020;2;7;5;6;1;0;UZAR;?;09h19;Houilles - Carrières-sur-Seine;uic_87386409;?;?;normal;8;0;1080;1027;17;17 - 17 - 17 - 17 - 17 - 18 - 17 - 17;17: 7 - 18: 1
2020;2;7;5;6;1;0;UZAR;?;09h31;Houilles - Carrières-sur-Seine;uic_87386409;?;?;normal;8;0;1560;1507;25;25 - 25 - 25 - 26 - 25 - 25 - 25 - 25;25: 7 - 26: 1
2020;2;7;5;6;1;0;UZAR;?;09h42;Houilles - Carrières-sur-Seine;uic_87386409;?;?;normal;8;0;1500;1455;24;24 - 25 - 24 - 24 - 25 - 24 - 24 - 24;24: 6 - 25: 2
2020;2;7;5;6;1;0;UZAR;?;09h54;Houilles - Carrières-sur-Seine;uic_87386409;?;?;normal;8;0;1380;1305;22;19 - 20 - 22 - 22 - 23 - 23 - 22 - 23;19: 1 - 20: 1 - 22: 3 - 23: 3
2020;2;7;5;6;1;0;UZAR;?;10h07;Houilles - Carrières-sur-Seine;uic_87386409;?;?;normal;8;0;1320;1185;1170;19 - 19 - 18 - 19 - 20 - 20 - 21 - 22;18: 1 - 19: 3 - 20: 2 - 21: 1 - 22: 1
2020;2;7;5;6;1;0;UZAR;?;10h18;Houilles - Carrières-sur-Seine;uic_87386409;?;?;normal;8;0;1200;1147;19;19 - 19 - 19 - 19 - 19 - 19 - 19 - 20;19: 7 - 20: 1
2020;2;7;5;6;1;0;UZAR;?;10h27;Houilles - Carrières-sur-Seine;uic_87386409;?;?;normal;8;0;840;795;13;13 - 13 - 12 - 13 - 14 - 13 - 14 - 14;12: 1 - 13: 4 - 14: 3
2020;2;7;5;6;1;0;UZAR;?;10h38;Houilles - Carrières-sur-Seine;uic_87386409;?;?;normal;8;0;1140;975;16;16 - 17 - 15 - 16 - 16 - 15 - 16 - 19;15: 2 - 16: 4 - 17: 1 - 19: 1
2020;2;7;5;6;1;0;UZAR;?;10h47;Houilles - Carrières-sur-Seine;uic_87386409;?;?;normal;8;0;840;795;810;13 - 12 - 12 - 14 - 14 - 13 - 14 - 14;12: 2 - 13: 2 - 14: 4
2020;2;7;5;6;1;0;UZAR;?;10h58;Houilles - Carrières-sur-Seine;uic_87386409;?;?;normal;8;0;540;435;8;4 - 5 - 6 - 8 - 9 - 8 - 9 - 9;4: 1 - 5: 1 - 6: 1 - 8: 2 - 9: 3
2020;2;7;5;6;1;0;UZAR;?;11h07;Houilles - Carrières-sur-Seine;uic_87386409;?;?;normal;8;0;660;472;8;6 - 6 - 6 - 8 - 8 - 8 - 11 - 10;6: 3 - 8: 3 - 10: 1 - 11: 1
2020;2;7;5;6;1;0;UZAR;?;11h18;Houilles - Carrières-sur-Seine;uic_87386409;?;?;normal;8;0;1020;907;15;14 - 14 - 14 - 15 - 16 - 15 - 16 - 17;14: 3 - 15: 2 - 16: 2 - 17: 1
2020;2;7;5;6;1;0;UZAR;?;11h27;Houilles - Carrières-sur-Seine;uic_87386409;?;?;normal;8;0;840;592;9;9 - 9 - 8 - 9 - 10 - 9 - 11 - 14;8: 1 - 9: 4 - 10: 1 - 11: 1 - 14: 1
2020;2;7;5;6;1;0;UZAR;?;11h38;Houilles - Carrières-sur-Seine;uic_87386409;?;?;normal;8;0;540;382;6;6 - 6 - 5 - 6 - 6 - 5 - 9 - 8;5: 2 - 6: 4 - 8: 1 - 9: 1
2020;2;7;5;6;1;0;UZAR;?;11h47;Houilles - Carrières-sur-Seine;uic_87386409;?;?;normal;8;0;240;60;0;1 - 0 - 0 - 0 - 0 - 0 - 3 - 4;0: 5 - 1: 1 - 3: 1 - 4: 1
2020;2;7;5;6;1;0;UZAR;?;11h58;Houilles - Carrières-sur-Seine;uic_87386409;?;?;normal;8;0;120;105;2;1 - 2 - 1 - 2 - 2 - 2 - 2 - 2;1: 2 - 2: 6
2020;2;7;5;6;1;0;UZAR;?;12h07;Houilles - Carrières-sur-Seine;uic_87386409;?;?;normal;8;0;60;7;0;0 - 0 - 0 - 0 - 0 - 0 - 1 - 0;0: 7 - 1: 1
2020;2;7;5;6;1;0;UZAR;?;12h18;Houilles - Carrières-sur-Seine;uic_87386409;?;?;normal;8;0;420;375;6;6 - 7 - 5 - 6 - 7 - 6 - 7 - 6;5: 1 - 6: 4 - 7: 3
2020;2;7;5;6;1;0;UZAR;?;12h27;Houilles - Carrières-sur-Seine;uic_87386409;?;?;normal;8;0;180;97;2;3 - 2 - 0 - 1 - 2 - 1 - 2 - 2;0: 1 - 1: 2 - 2: 4 - 3: 1
2020;2;7;5;6;1;0;UZAR;?;12h38;Houilles - Carrières-sur-Seine;uic_87386409;?;?;normal;8;0;0;0;0;0 - 0 - 0 - 0 - 0 - 0 - 0 - 0;0: 8
2020;2;7;5;6;1;0;UZAR;?;12h47;Houilles - Carrières-sur-Seine;uic_87386409;?;?;normal;8;0;0;0;0;0 - 0 - 0 - 0 - 0 - 0 - 0 - 0;0: 8
2020;2;7;5;6;1;0;UZAR;?;12h58;Houilles - Carrières-sur-Seine;uic_87386409;?;?;normal;8;0;180;120;2;1 - 2 - 1 - 2 - 3 - 2 - 3 - 2;1: 2 - 2: 4 - 3: 2
2020;2;7;5;6;1;0;UZAR;?;13h07;Houilles - Carrières-sur-Seine;uic_87386409;?;?;normal;8;0;120;90;2;2 - 2 - 0 - 1 - 2 - 1 - 2 - 2;0: 1 - 1: 2 - 2: 5
2020;2;7;5;6;1;0;UZAR;?;13h18;Houilles - Carrières-sur-Seine;uic_87386409;?;?;normal;8;0;0;0;0;0 - 0 - 0 - 0 - 0 - 0 - 0 - 0;0: 8
2020;2;7;5;6;1;0;UZAR;?;13h27;Houilles - Carrières-sur-Seine;uic_87386409;?;?;normal;8;0;0;0;0;0 - 0 - 0 - 0 - 0 - 0 - 0 - 0;0: 8
2020;2;7;5;6;1;0;UZAR;?;13h38;Houilles - Carrières-sur-Seine;uic_87386409;?;?;normal;8;0;180;82;90;0 - 1 - 0 - 1 - 2 - 2 - 3 - 2;0: 2 - 1: 2 - 2: 3 - 3: 1
2020;2;7;5;6;1;0;UZAR;?;13h47;Houilles - Carrières-sur-Seine;uic_87386409;?;?;normal;8;0;60;15;0;0 - 0 - 0 - 0 - 1 - 0 - 1 - 0;0: 6 - 1: 2
2020;2;7;5;6;1;0;UZAR;?;13h58;Houilles - Carrières-sur-Seine;uic_87386409;?;?;normal;8;0;60;7;0;0 - 1 - 0 - 0 - 0 - 0 - 0 - 0;0: 7 - 1: 1
2020;2;7;5;6;1;0;UZAR;?;14h07;Houilles - Carrières-sur-Seine;uic_87386409;?;?;normal;8;0;60;15;0;0 - 0 - 0 - 0 - 1 - 0 - 1 - 0;0: 6 - 1: 2
2020;2;7;5;6;1;0;UZAR;?;14h18;Houilles - Carrières-sur-Seine;uic_87386409;?;?;normal;8;0;60;30;30;0 - 1 - 0 - 0 - 1 - 0 - 1 - 1;0: 4 - 1: 4
2020;2;7;5;6;1;0;UZAR;?;14h27;Houilles - Carrières-sur-Seine;uic_87386409;?;?;normal;8;0;0;0;0;0 - 0 - 0 - 0 - 0 - 0 - 0 - 0;0: 8
2020;2;7;5;6;1;0;UZAR;?;14h38;Houilles - Carrières-sur-Seine;uic_87386409;?;?;normal;8;0;60;22;0;1 - 1 - 0 - 0 - 1 - 0 - 0 - 0;0: 5 - 1: 3
2020;2;7;5;6;1;0;UZAR;?;14h47;Houilles - Carrières-sur-Seine;uic_87386409;?;?;normal;8;0;180;120;2;2 - 2 - 1 - 2 - 2 - 2 - 3 - 2;1: 1 - 2: 6 - 3: 1
2020;2;7;5;6;1;0;UZAR;?;14h58;Houilles - Carrières-sur-Seine;uic_87386409;?;?;normal;8;0;0;0;0;0 - 0 - 0 - 0 - 0 - 0 - 0 - 0;0: 8
2020;2;7;5;6;1;0;UZAR;?;15h07;Houilles - Carrières-sur-Seine;uic_87386409;?;?;normal;8;0;60;30;30;0 - 0 - 0 - 1 - 1 - 0 - 1 - 1;0: 4 - 1: 4
2020;2;7;5;6;1;0;UZAR;?;15h18;Houilles - Carrières-sur-Seine;uic_87386409;?;?;normal;8;0;60;37;1;1 - 1 - 0 - 1 - 1 - 0 - 1 - 0;0: 3 - 1: 5
2020;2;7;5;6;1;0;UZEL;?;15h47;Houilles - Carrières-sur-Seine;uic_87386409;?;?;normal;8;0;0;0;0;0 - 0 - 0 - 0 - 0 - 0 - 0 - 0;0: 8
2020;2;7;5;6;1;0;UZEL;?;15h58;Houilles - Carrières-sur-Seine;uic_87386409;?;?;normal;8;0;120;82;1;1 - 1 - 1 - 2 - 2 - 1 - 2 - 1;1: 5 - 2: 3
2020;2;7;5;6;1;0;UZEL;?;16h07;Houilles - Carrières-sur-Seine;uic_87386409;?;?;normal;8;0;0;0;0;0 - 0 - 0 - 0 - 0 - 0 - 0 - 0;0: 8
2020;2;7;5;6;1;0;UZEL;?;16h18;Houilles - Carrières-sur-Seine;uic_87386409;?;?;normal;8;0;120;75;1;1 - 1 - 0 - 1 - 2 - 1 - 2 - 2;0: 1 - 1: 4 - 2: 3
2020;2;7;5;6;1;0;UZEL;?;16h26;Houilles - Carrières-sur-Seine;uic_87386409;?;?;normal;8;0;240;180;3;2 - 3 - 2 - 3 - 3 - 3 - 4 - 4;2: 2 - 3: 4 - 4: 2
2020;2;7;5;6;1;0;UZEL;?;16h38;Houilles - Carrières-sur-Seine;uic_87386409;?;?;normal;8;0;120;67;1;0 - 2 - 0 - 1 - 2 - 1 - 2 - 1;0: 2 - 1: 3 - 2: 3
2020;2;7;5;6;1;0;UZEL;?;16h46;Houilles - Carrières-sur-Seine;uic_87386409;?;?;normal;8;0;120;112;2;2 - 2 - 1 - 2 - 2 - 2 - 2 - 2;1: 1 - 2: 7
2020;2;7;5;6;1;0;UZEL;?;16h59;Houilles - Carrières-sur-Seine;uic_87386409;?;?;normal;8;0;0;0;0;0 - 0 - 0 - 0 - 0 - 0 - 0 - 0;0: 8
2020;2;7;5;6;1;0;UZEL;?;17h05;Houilles - Carrières-sur-Seine;uic_87386409;?;?;normal;8;0;120;82;90;0 - 1 - 1 - 1 - 2 - 2 - 2 - 2;0: 1 - 1: 3 - 2: 4
2020;2;7;5;6;1;0;UZEL;?;17h18;Houilles - Carrières-sur-Seine;uic_87386409;?;?;normal;8;0;180;112;2;0 - 1 - 1 - 2 - 3 - 2 - 3 - 3;0: 1 - 1: 2 - 2: 2 - 3: 3
2020;2;7;5;6;1;0;UZEL;?;17h30;Houilles - Carrières-sur-Seine;uic_87386409;?;?;normal;8;0;300;202;210;2 - 2 - 3 - 3 - 4 - 4 - 4 - 5;2: 2 - 3: 2 - 4: 3 - 5: 1
2020;2;7;5;6;1;0;UZEL;?;17h43;Houilles - Carrières-sur-Seine;uic_87386409;?;?;normal;8;0;60;22;0;0 - 0 - 0 - 1 - 1 - 0 - 0 - 1;0: 5 - 1: 3
2020;2;7;5;6;1;0;UZEL;?;17h55;Houilles - Carrières-sur-Seine;uic_87386409;?;?;normal;8;0;120;60;1;0 - 1 - 1 - 1 - 1 - 1 - 1 - 2;0: 1 - 1: 6 - 2: 1
2020;2;7;5;6;1;0;UZEL;?;18h08;Houilles - Carrières-sur-Seine;uic_87386409;?;?;normal;8;0;180;112;2;0 - 1 - 1 - 2 - 3 - 2 - 3 - 3;0: 1 - 1: 2 - 2: 2 - 3: 3
2020;2;7;5;6;1;0;UZEL;?;18h20;Houilles - Carrières-sur-Seine;uic_87386409;?;?;normal;8;0;300;195;210;1 - 2 - 2 - 3 - 4 - 4 - 5 - 5;1: 1 - 2: 2 - 3: 1 - 4: 2 - 5: 2
2020;2;7;5;6;1;0;UZEL;?;18h33;Houilles - Carrières-sur-Seine;uic_87386409;?;?;normal;8;0;60;7;0;0 - 0 - 0 - 0 - 1 - 0 - 0 - 0;0: 7 - 1: 1
2020;2;7;5;6;1;0;UZEL;?;18h45;Houilles - Carrières-sur-Seine;uic_87386409;?;?;normal;8;0;60;22;0;0 - 0 - 0 - 0 - 0 - 1 - 1 - 1;0: 5 - 1: 3
2020;2;7;5;6;1;0;UZEL;?;18h58;Houilles - Carrières-sur-Seine;uic_87386409;?;?;normal;8;0;120;82;2;0 - 1 - 0 - 2 - 2 - 2 - 2 - 2;0: 2 - 1: 1 - 2: 5
2020;2;7;5;6;1;0;UZEL;?;19h10;Houilles - Carrières-sur-Seine;uic_87386409;?;?;normal;8;0;60;45;1;0 - 1 - 0 - 1 - 1 - 1 - 1 - 1;0: 2 - 1: 6
2020;2;7;5;6;1;0;UZEL;?;19h23;Houilles - Carrières-sur-Seine;uic_87386409;?;?;normal;8;0;300;240;4;3 - 4 - 3 - 4 - 5 - 4 - 4 - 5;3: 2 - 4: 4 - 5: 2
2020;2;7;5;6;1;0;UZEL;?;19h35;Houilles - Carrières-sur-Seine;uic_87386409;?;?;normal;8;0;60;45;1;1 - 1 - 0 - 0 - 1 - 1 - 1 - 1;0: 2 - 1: 6
2020;2;7;5;6;1;0;UZEL;?;19h48;Houilles - Carrières-sur-Seine;uic_87386409;?;?;normal;8;0;60;22;0;0 - 0 - 0 - 1 - 1 - 0 - 0 - 1;0: 5 - 1: 3
2020;2;7;5;6;1;0;UZEL;?;20h00;Houilles - Carrières-sur-Seine;uic_87386409;?;?;normal;8;0;120;60;1;0 - 1 - 0 - 1 - 1 - 2 - 1 - 2;0: 2 - 1: 4 - 2: 2
2020;2;7;5;6;1;0;UZEL;?;20h10;Houilles - Carrières-sur-Seine;uic_87386409;?;?;normal;8;0;720;225;1;1 - 1 - 1 - 1 - 1 - 2 - 11 - 12;1: 5 - 2: 1 - 11: 1 - 12: 1
2020;2;7;5;6;1;0;UZEL;?;20h28;Houilles - Carrières-sur-Seine;uic_87386409;?;?;normal;8;0;240;135;2;2 - 2 - 2 - 2 - 2 - 2 - 2 - 4;2: 7 - 4: 1
2020;2;7;5;6;1;0;UZEL;?;20h49;Houilles - Carrières-sur-Seine;uic_87386409;?;?;normal;8;0;240;180;3;2 - 2 - 2 - 4 - 4 - 3 - 3 - 4;2: 3 - 3: 2 - 4: 3
2020;2;7;5;6;1;0;UZEL;?;21h08;Houilles - Carrières-sur-Seine;uic_87386409;?;?;normal;8;0;180;67;1;0 - 1 - 0 - 1 - 1 - 2 - 1 - 3;0: 2 - 1: 4 - 2: 1 - 3: 1
2020;2;7;5;6;1;0;UZEL;?;21h28;Houilles - Carrières-sur-Seine;uic_87386409;?;?;normal;8;0;60;7;0;0 - 0 - 0 - 0 - 0 - 0 - 0 - 1;0: 7 - 1: 1
2020;2;7;5;6;1;0;UZEL;?;21h49;Houilles - Carrières-sur-Seine;uic_87386409;?;?;normal;8;0;120;67;1;0 - 0 - 1 - 2 - 2 - 1 - 1 - 2;0: 2 - 1: 3 - 2: 3
2020;2;7;5;6;1;0;UZIN;?;15h27;Houilles - Carrières-sur-Seine;uic_87386409;?;?;normal;8;0;0;0;0;0 - 0 - 0 - 0 - 0 - 0 - 0 - 0;0: 8
2020;2;7;5;6;1;0;UZIN;?;15h38;Houilles - Carrières-sur-Seine;uic_87386409;?;?;normal;8;0;120;52;1;0 - 0 - 0 - 1 - 1 - 1 - 2 - 2;0: 3 - 1: 3 - 2: 2
2020;2;7;5;6;1;0;VELO;?;00h18;Houilles - Carrières-sur-Seine;uic_87386409;?;?;normal;1;0;0;0;0;0;0: 1
2020;2;7;5;6;1;0;VELO;?;22h18;Houilles - Carrières-sur-Seine;uic_87386409;?;?;normal;1;0;60;60;60;1;1: 1
2020;2;7;5;6;1;0;VELO;?;22h48;Houilles - Carrières-sur-Seine;uic_87386409;?;?;normal;1;0;60;60;60;1;1: 1
2020;2;7;5;6;1;0;VELO;?;23h18;Houilles - Carrières-sur-Seine;uic_87386409;?;?;normal;1;0;180;180;180;3;3: 1
2020;2;7;5;6;1;0;VELO;?;23h48;Houilles - Carrières-sur-Seine;uic_87386409;?;?;normal;1;0;0;0;0;0;0: 1
2020;2;7;5;6;1;0;VIDA;?;00h44;Houilles - Carrières-sur-Seine;uic_87386409;?;?;normal;1;0;0;0;0;0;0: 1
2020;2;7;5;6;1;0;VIRO;?;01h13;Houilles - Carrières-sur-Seine;uic_87386409;?;?;normal;1;0;60;60;60;1;1: 1
2020;2;8;6;6;0;1;OKRE;?;19h07;Poissy;uic_87386573;?;?;normal;5;0;60;12;0;0 - 1 - 0 - 0 - 0;0: 4 - 1: 1
2020;2;8;6;6;0;1;OKRE;?;19h27;Poissy;uic_87386573;?;?;normal;5;0;0;0;0;0 - 0 - 0 - 0 - 0;0: 5
2020;2;8;6;6;0;1;OPEN;?;19h34;Cergy le Haut;uic_87382655;?;?;normal;9;0;0;0;0;0 - 0 - 0 - 0 - 0 - 0 - 0 - 0 - 0;0: 9
2020;2;8;6;6;0;1;OPPE;?;04h41;Cergy le Haut;uic_87382655;?;?;normal;9;0;0;0;0;0 - 0 - 0 - 0 - 0 - 0 - 0 - 0 - 0;0: 9
2020;2;8;6;6;0;1;OPPE;?;05h11;Cergy le Haut;uic_87382655;?;?;normal;9;0;60;6;0;1 - 0 - 0 - 0 - 0 - 0 - 0 - 0 - 0;0: 8 - 1: 1
2020;2;8;6;6;0;1;OPPE;?;05h41;Cergy le Haut;uic_87382655;?;?;normal;9;0;0;0;0;0 - 0 - 0 - 0 - 0 - 0 - 0 - 0 - 0;0: 9
2020;2;8;6;6;0;1;OPPE;?;06h11;Cergy le Haut;uic_87382655;?;?;normal;9;0;60;13;0;1 - 1 - 0 - 0 - 0 - 0 - 0 - 0 - 0;0: 7 - 1: 2
2020;2;8;6;6;0;1;OPUS;?;00h05;Cergy le Haut;uic_87382655;?;?;normal;9;0;0;0;0;0 - 0 - 0 - 0 - 0 - 0 - 0 - 0 - 0;0: 9
2020;2;8;6;6;0;1;OPUS;?;20h04;Cergy le Haut;uic_87382655;?;?;normal;9;0;60;6;0;0 - 0 - 0 - 0 - 0 - 1 - 0 - 0 - 0;0: 8 - 1: 1
2020;2;8;6;6;0;1;OPUS;?;20h34;Cergy le Haut;uic_87382655;?;?;normal;9;0;0;0;0;0 - 0 - 0 - 0 - 0 - 0 - 0 - 0 - 0;0: 9
2020;2;8;6;6;0;1;OPUS;?;21h04;Cergy le Haut;uic_87382655;?;?;normal;9;0;60;6;0;0 - 0 - 0 - 0 - 0 - 1 - 0 - 0 - 0;0: 8 - 1: 1
2020;2;8;6;6;0;1;OPUS;?;21h34;Cergy le Haut;uic_87382655;?;?;normal;9;0;60;20;0;0 - 0 - 0 - 0 - 1 - 1 - 1 - 0 - 0;0: 6 - 1: 3
2020;2;8;6;6;0;1;OPUS;?;22h04;Cergy le Haut;uic_87382655;?;?;normal;9;0;0;0;0;0 - 0 - 0 - 0 - 0 - 0 - 0 - 0 - 0;0: 9
2020;2;8;6;6;0;1;OPUS;?;22h34;Cergy le Haut;uic_87382655;?;?;normal;9;0;0;0;0;0 - 0 - 0 - 0 - 0 - 0 - 0 - 0 - 0;0: 9
2020;2;8;6;6;0;1;OPUS;?;23h04;Cergy le Haut;uic_87382655;?;?;normal;9;0;300;260;240;4 - 4 - 4 - 4 - 5 - 5 - 5 - 4 - 4;4: 6 - 5: 3
2020;2;8;6;6;0;1;OPUS;?;23h34;Cergy le Haut;uic_87382655;?;?;normal;9;0;0;0;0;0 - 0 - 0 - 0 - 0 - 0 - 0 - 0 - 0;0: 9
2020;2;8;6;6;0;1;QUDO;?;12h07;Poissy;uic_87386573;?;?;normal;5;0;0;0;0;0 - 0 - 0 - 0 - 0;0: 5
2020;2;8;6;6;0;1;QUDO;?;12h27;Poissy;uic_87386573;?;?;normal;5;0;0;0;0;0 - 0 - 0 - 0 - 0;0: 5
2020;2;8;6;6;0;1;QUDO;?;12h47;Poissy;uic_87386573;?;?;normal;5;0;60;36;60;0 - 1 - 1 - 1 - 0;0: 2 - 1: 3
2020;2;8;6;6;0;1;QUDO;?;13h07;Poissy;uic_87386573;?;?;normal;5;0;0;0;0;0 - 0 - 0 - 0 - 0;0: 5
2020;2;8;6;6;0;1;QUDO;?;13h27;Poissy;uic_87386573;?;?;normal;5;0;120;48;60;0 - 2 - 1 - 1 - 0;0: 2 - 1: 2 - 2: 1
2020;2;8;6;6;0;1;QUDO;?;13h47;Poissy;uic_87386573;?;?;normal;5;0;120;72;60;0 - 2 - 1 - 2 - 1;0: 1 - 1: 2 - 2: 2
2020;2;8;6;6;0;1;QUDO;?;14h07;Poissy;uic_87386573;?;?;normal;5;0;60;12;0;0 - 1 - 0 - 0 - 0;0: 4 - 1: 1
2020;2;8;6;6;0;1;QUDO;?;14h27;Poissy;uic_87386573;?;?;normal;5;0;0;0;0;0 - 0 - 0 - 0 - 0;0: 5
2020;2;8;6;6;0;1;QUDO;?;14h47;Poissy;uic_87386573;?;?;normal;5;0;0;0;0;0 - 0 - 0 - 0 - 0;0: 5
2020;2;8;6;6;0;1;QUDO;?;15h07;Poissy;uic_87386573;?;?;normal;5;0;60;12;0;0 - 1 - 0 - 0 - 0;0: 4 - 1: 1
2020;2;8;6;6;0;1;QUDO;?;15h27;Poissy;uic_87386573;?;?;normal;5;0;0;0;0;0 - 0 - 0 - 0 - 0;0: 5
2020;2;8;6;6;0;1;QUDO;?;15h47;Poissy;uic_87386573;?;?;normal;5;0;0;0;0;0 - 0 - 0 - 0 - 0;0: 5
2020;2;8;6;6;0;1;QUDO;?;16h07;Poissy;uic_87386573;?;?;normal;5;0;0;0;0;0 - 0 - 0 - 0 - 0;0: 5
2020;2;8;6;6;0;1;QUDO;?;16h27;Poissy;uic_87386573;?;?;normal;5;0;0;0;0;0 - 0 - 0 - 0 - 0;0: 5
2020;2;8;6;6;0;1;QUDO;?;16h47;Poissy;uic_87386573;?;?;normal;5;0;0;0;0;0 - 0 - 0 - 0 - 0;0: 5
2020;2;8;6;6;0;1;QUDO;?;17h07;Poissy;uic_87386573;?;?;normal;5;0;60;48;60;1 - 1 - 1 - 1 - 0;0: 1 - 1: 4
2020;2;8;6;6;0;1;QUDO;?;17h27;Poissy;uic_87386573;?;?;normal;5;0;0;0;0;0 - 0 - 0 - 0 - 0;0: 5
2020;2;8;6;6;0;1;QUDO;?;17h47;Poissy;uic_87386573;?;?;normal;5;0;0;0;0;0 - 0 - 0 - 0 - 0;0: 5
2020;2;8;6;6;0;1;QUDO;?;18h07;Poissy;uic_87386573;?;?;normal;5;0;60;12;0;0 - 1 - 0 - 0 - 0;0: 4 - 1: 1
2020;2;8;6;6;0;1;QUDO;?;18h27;Poissy;uic_87386573;?;?;normal;5;0;180;144;120;2 - 3 - 2 - 3 - 2;2: 3 - 3: 2
2020;2;8;6;6;0;1;QUDO;?;18h47;Poissy;uic_87386573;?;?;normal;5;0;0;0;0;0 - 0 - 0 - 0 - 0;0: 5
2020;2;8;6;6;0;1;QUDO;?;20h02;Poissy;uic_87386573;?;?;normal;5;0;180;132;120;3 - 3 - 2 - 2 - 1;1: 1 - 2: 2 - 3: 2
2020;2;8;6;6;0;1;QURE;?;00h04;Poissy;uic_87386573;?;?;normal;5;0;0;0;0;0 - 0 - 0 - 0 - 0;0: 5
2020;2;8;6;6;0;1;QURE;?;20h32;Poissy;uic_87386573;?;?;normal;5;0;60;12;0;0 - 1 - 0 - 0 - 0;0: 4 - 1: 1
2020;2;8;6;6;0;1;QURE;?;21h02;Poissy;uic_87386573;?;?;normal;5;0;60;12;0;0 - 1 - 0 - 0 - 0;0: 4 - 1: 1
2020;2;8;6;6;0;1;QURE;?;21h32;Poissy;uic_87386573;?;?;normal;5;0;0;0;0;0 - 0 - 0 - 0 - 0;0: 5
2020;2;8;6;6;0;1;QURE;?;22h02;Poissy;uic_87386573;?;?;normal;5;0;120;60;60;1 - 2 - 1 - 1 - 0;0: 1 - 1: 3 - 2: 1
2020;2;8;6;6;0;1;QURE;?;22h32;Poissy;uic_87386573;?;?;normal;5;0;60;48;60;1 - 1 - 1 - 1 - 0;0: 1 - 1: 4
2020;2;8;6;6;0;1;QURE;?;23h02;Poissy;uic_87386573;?;?;normal;5;0;0;0;0;0 - 0 - 0 - 0 - 0;0: 5
2020;2;8;6;6;0;1;QURE;?;23h32;Poissy;uic_87386573;?;?;normal;5;0;60;12;0;0 - 1 - 0 - 0 - 0;0: 4 - 1: 1
2020;2;8;6;6;0;1;QURI;?;05h09;Poissy;uic_87386573;?;?;normal;5;0;0;0;0;0 - 0 - 0 - 0 - 0;0: 5
2020;2;8;6;6;0;1;QURI;?;05h39;Poissy;uic_87386573;?;?;normal;5;0;0;0;0;0 - 0 - 0 - 0 - 0;0: 5
2020;2;8;6;6;0;1;QURI;?;06h09;Poissy;uic_87386573;?;?;normal;5;0;0;0;0;0 - 0 - 0 - 0 - 0;0: 5
2020;2;8;6;6;0;1;QURI;?;06h39;Poissy;uic_87386573;?;?;normal;5;0;0;0;0;0 - 0 - 0 - 0 - 0;0: 5
2020;2;8;6;6;0;1;QURI;?;07h09;Poissy;uic_87386573;?;?;normal;5;0;0;0;0;0 - 0 - 0 - 0 - 0;0: 5
2020;2;8;6;6;0;1;QURI;?;07h37;Poissy;uic_87386573;?;?;normal;5;0;0;0;0;0 - 0 - 0 - 0 - 0;0: 5
2020;2;8;6;6;0;1;QURI;?;07h57;Poissy;uic_87386573;?;?;normal;5;0;0;0;0;0 - 0 - 0 - 0 - 0;0: 5
2020;2;8;6;6;0;1;QURI;?;08h07;Poissy;uic_87386573;?;?;normal;5;0;0;0;0;0 - 0 - 0 - 0 - 0;0: 5
2020;2;8;6;6;0;1;QURI;?;08h27;Poissy;uic_87386573;?;?;normal;5;0;0;0;0;0 - 0 - 0 - 0 - 0;0: 5
2020;2;8;6;6;0;1;QURI;?;08h47;Poissy;uic_87386573;?;?;normal;5;0;0;0;0;0 - 0 - 0 - 0 - 0;0: 5
2020;2;8;6;6;0;1;QURI;?;09h07;Poissy;uic_87386573;?;?;normal;5;0;180;60;0;0 - 0 - 0 - 3 - 2;0: 3 - 2: 1 - 3: 1
2020;2;8;6;6;0;1;QURI;?;09h27;Poissy;uic_87386573;?;?;normal;5;0;0;0;0;0 - 0 - 0 - 0 - 0;0: 5
2020;2;8;6;6;0;1;QURI;?;09h47;Poissy;uic_87386573;?;?;normal;5;0;0;0;0;0 - 0 - 0 - 0 - 0;0: 5
2020;2;8;6;6;0;1;QURI;?;10h07;Poissy;uic_87386573;?;?;normal;5;0;60;48;60;0 - 1 - 1 - 1 - 1;0: 1 - 1: 4
2020;2;8;6;6;0;1;QURI;?;10h27;Poissy;uic_87386573;?;?;normal;5;0;60;12;0;0 - 0 - 0 - 1 - 0;0: 4 - 1: 1
2020;2;8;6;6;0;1;QURI;?;10h47;Poissy;uic_87386573;?;?;normal;5;0;0;0;0;0 - 0 - 0 - 0 - 0;0: 5
2020;2;8;6;6;0;1;QURI;?;11h07;Poissy;uic_87386573;?;?;normal;5;0;120;60;60;1 - 2 - 1 - 1 - 0;0: 1 - 1: 3 - 2: 1
2020;2;8;6;6;0;1;QURI;?;11h27;Poissy;uic_87386573;?;?;normal;5;0;0;0;0;0 - 0 - 0 - 0 - 0;0: 5
2020;2;8;6;6;0;1;QURI;?;11h47;Poissy;uic_87386573;?;?;normal;5;0;0;0;0;0 - 0 - 0 - 0 - 0;0: 5
2020;2;8;6;6;0;1;QYAN;?;12h04;Cergy le Haut;uic_87382655;?;?;normal;9;0;60;33;60;0 - 0 - 0 - 0 - 1 - 1 - 1 - 1 - 1;0: 4 - 1: 5
2020;2;8;6;6;0;1;QYAN;?;12h24;Cergy le Haut;uic_87382655;?;?;normal;9;0;240;180;180;2 - 3 - 3 - 2 - 3 - 4 - 3 - 4 - 3;2: 2 - 3: 5 - 4: 2
2020;2;8;6;6;0;1;QYAN;?;12h44;Cergy le Haut;uic_87382655;?;?;normal;9;0;120;40;60;0 - 0 - 0 - 0 - 1 - 2 - 1 - 1 - 1;0: 4 - 1: 4 - 2: 1
2020;2;8;6;6;0;1;QYAN;?;13h04;Cergy le Haut;uic_87382655;?;?;normal;9;0;240;99;0;0 - 0 - 0 - 0 - 0 - 4 - 4 - 4 - 3;0: 5 - 3: 1 - 4: 3
2020;2;8;6;6;0;1;QYAN;?;13h24;Cergy le Haut;uic_87382655;?;?;normal;9;0;60;26;0;0 - 0 - 0 - 0 - 1 - 1 - 1 - 1 - 0;0: 5 - 1: 4
2020;2;8;6;6;0;1;QYAN;?;13h44;Cergy le Haut;uic_87382655;?;?;normal;9;0;60;20;0;1 - 1 - 0 - 0 - 0 - 1 - 0 - 0 - 0;0: 6 - 1: 3
2020;2;8;6;6;0;1;QYAN;?;14h04;Cergy le Haut;uic_87382655;?;?;normal;9;0;0;0;0;0 - 0 - 0 - 0 - 0 - 0 - 0 - 0 - 0;0: 9
2020;2;8;6;6;0;1;QYAN;?;14h24;Cergy le Haut;uic_87382655;?;?;normal;9;0;120;80;60;1 - 1 - 1 - 1 - 1 - 2 - 2 - 2 - 1;1: 6 - 2: 3
2020;2;8;6;6;0;1;QYAN;?;14h44;Cergy le Haut;uic_87382655;?;?;normal;9;0;0;0;0;0 - 0 - 0 - 0 - 0 - 0 - 0 - 0 - 0;0: 9
2020;2;8;6;6;0;1;QYAN;?;15h04;Cergy le Haut;uic_87382655;?;?;normal;9;0;0;0;0;0 - 0 - 0 - 0 - 0 - 0 - 0 - 0 - 0;0: 9
2020;2;8;6;6;0;1;QYAN;?;15h24;Cergy le Haut;uic_87382655;?;?;normal;9;0;60;13;0;0 - 1 - 0 - 0 - 0 - 1 - 0 - 0 - 0;0: 7 - 1: 2
2020;2;8;6;6;0;1;QYAN;?;15h44;Cergy le Haut;uic_87382655;?;?;normal;9;0;60;26;0;0 - 0 - 0 - 0 - 1 - 1 - 1 - 1 - 0;0: 5 - 1: 4
2020;2;8;6;6;0;1;QYAN;?;16h04;Cergy le Haut;uic_87382655;?;?;normal;9;0;120;53;60;0 - 0 - 0 - 0 - 1 - 2 - 2 - 2 - 1;0: 4 - 1: 2 - 2: 3
2020;2;8;6;6;0;1;QYAN;?;16h24;Cergy le Haut;uic_87382655;?;?;normal;9;0;60;26;0;0 - 0 - 0 - 0 - 1 - 1 - 1 - 1 - 0;0: 5 - 1: 4
2020;2;8;6;6;0;1;QYAN;?;16h44;Cergy le Haut;uic_87382655;?;?;normal;9;0;60;6;0;0 - 0 - 0 - 0 - 0 - 1 - 0 - 0 - 0;0: 8 - 1: 1
2020;2;8;6;6;0;1;QYAN;?;17h04;Cergy le Haut;uic_87382655;?;?;normal;9;0;60;6;0;0 - 0 - 0 - 0 - 0 - 1 - 0 - 0 - 0;0: 8 - 1: 1
2020;2;8;6;6;0;1;QYAN;?;17h24;Cergy le Haut;uic_87382655;?;?;normal;9;0;0;0;0;0 - 0 - 0 - 0 - 0 - 0 - 0 - 0 - 0;0: 9
2020;2;8;6;6;0;1;QYAN;?;17h44;Cergy le Haut;uic_87382655;?;?;normal;9;0;180;53;0;0 - 0 - 0 - 0 - 0 - 1 - 2 - 3 - 2;0: 5 - 1: 1 - 2: 2 - 3: 1
2020;2;8;6;6;0;1;QYAN;?;18h04;Cergy le Haut;uic_87382655;?;?;normal;9;0;0;0;0;0 - 0 - 0 - 0 - 0 - 0 - 0 - 0 - 0;0: 9
2020;2;8;6;6;0;1;QYAN;?;18h24;Cergy le Haut;uic_87382655;?;?;normal;9;0;60;6;0;0 - 0 - 0 - 0 - 0 - 1 - 0 - 0 - 0;0: 8 - 1: 1
2020;2;8;6;6;0;1;QYAN;?;18h44;Cergy le Haut;uic_87382655;?;?;normal;9;0;60;20;0;0 - 0 - 0 - 0 - 0 - 1 - 1 - 1 - 0;0: 6 - 1: 3
2020;2;8;6;6;0;1;QYAN;?;19h04;Cergy le Haut;uic_87382655;?;?;normal;9;0;0;0;0;0 - 0 - 0 - 0 - 0 - 0 - 0 - 0 - 0;0: 9
2020;2;8;6;6;0;1;QYAN;?;19h24;Cergy le Haut;uic_87382655;?;?;normal;9;0;0;0;0;0 - 0 - 0 - 0 - 0 - 0 - 0 - 0 - 0;0: 9
2020;2;8;6;6;0;1;QYRO;?;06h41;Cergy le Haut;uic_87382655;?;?;normal;9;0;0;0;0;0 - 0 - 0 - 0 - 0 - 0 - 0 - 0 - 0;0: 9
2020;2;8;6;6;0;1;QYRO;?;07h11;Cergy le Haut;uic_87382655;?;?;normal;9;0;60;6;0;0 - 0 - 0 - 0 - 0 - 1 - 0 - 0 - 0;0: 8 - 1: 1
2020;2;8;6;6;0;1;QYRO;?;07h34;Cergy le Haut;uic_87382655;?;?;normal;9;0;60;33;60;0 - 0 - 0 - 0 - 1 - 1 - 1 - 1 - 1;0: 4 - 1: 5
2020;2;8;6;6;0;1;QYRO;?;08h04;Cergy le Haut;uic_87382655;?;?;normal;9;0;120;46;60;0 - 0 - 0 - 0 - 1 - 2 - 1 - 2 - 1;0: 4 - 1: 3 - 2: 2
2020;2;8;6;6;0;1;QYRO;?;08h24;Cergy le Haut;uic_87382655;?;?;normal;9;0;1380;739;720;0 - 0 - 0 - 11 - 12 - 23 - 22 - 22 - 21;0: 3 - 11: 1 - 12: 1 - 21: 1 - 22: 2 - 23: 1
2020;2;8;6;6;0;1;QYRO;?;08h44;Cergy le Haut;uic_87382655;?;?;normal;9;0;540;213;60;0 - 0 - 0 - 0 - 1 - 7 - 7 - 9 - 8;0: 4 - 1: 1 - 7: 2 - 8: 1 - 9: 1
2020;2;8;6;6;0;1;QYRO;?;09h04;Cergy le Haut;uic_87382655;?;?;normal;9;0;60;13;0;0 - 0 - 0 - 0 - 0 - 1 - 1 - 0 - 0;0: 7 - 1: 2
2020;2;8;6;6;0;1;QYRO;?;09h24;Cergy le Haut;uic_87382655;?;?;normal;9;0;60;6;0;0 - 0 - 0 - 0 - 0 - 1 - 0 - 0 - 0;0: 8 - 1: 1
2020;2;8;6;6;0;1;QYRO;?;09h44;Cergy le Haut;uic_87382655;?;?;normal;9;0;0;0;0;0 - 0 - 0 - 0 - 0 - 0 - 0 - 0 - 0;0: 9
2020;2;8;6;6;0;1;QYRO;?;10h04;Cergy le Haut;uic_87382655;?;?;normal;9;0;120;33;0;0 - 0 - 0 - 0 - 0 - 2 - 1 - 1 - 1;0: 5 - 1: 3 - 2: 1
2020;2;8;6;6;0;1;QYRO;?;10h24;Cergy le Haut;uic_87382655;?;?;normal;9;0;60;6;0;0 - 0 - 0 - 0 - 0 - 1 - 0 - 0 - 0;0: 8 - 1: 1
2020;2;8;6;6;0;1;QYRO;?;10h44;Cergy le Haut;uic_87382655;?;?;normal;9;0;0;0;0;0 - 0 - 0 - 0 - 0 - 0 - 0 - 0 - 0;0: 9
2020;2;8;6;6;0;1;QYRO;?;11h04;Cergy le Haut;uic_87382655;?;?;normal;9;0;0;0;0;0 - 0 - 0 - 0 - 0 - 0 - 0 - 0 - 0;0: 9
2020;2;8;6;6;0;1;QYRO;?;11h24;Cergy le Haut;uic_87382655;?;?;normal;9;0;0;0;0;0 - 0 - 0 - 0 - 0 - 0 - 0 - 0 - 0;0: 9
2020;2;8;6;6;0;1;QYRO;?;11h44;Cergy le Haut;uic_87382655;?;?;normal;9;0;120;66;60;2 - 1 - 1 - 1 - 1 - 2 - 1 - 1 - 0;0: 1 - 1: 6 - 2: 2
2020;2;8;6;6;0;1;TEDI;?;06h12;Houilles - Carrières-sur-Seine;uic_87386409;?;?;normal;4;0;60;15;0;0 - 1 - 0 - 0;0: 3 - 1: 1
2020;2;8;6;6;0;1;TEDI;?;06h42;Houilles - Carrières-sur-Seine;uic_87386409;?;?;normal;4;0;60;15;0;0 - 1 - 0 - 0;0: 3 - 1: 1
2020;2;8;6;6;0;1;TEDI;?;07h12;Houilles - Carrières-sur-Seine;uic_87386409;?;?;normal;4;0;60;15;0;0 - 1 - 0 - 0;0: 3 - 1: 1
2020;2;8;6;6;0;1;TEDI;?;07h41;Houilles - Carrières-sur-Seine;uic_87386409;?;?;normal;4;0;0;0;0;0 - 0 - 0 - 0;0: 4
2020;2;8;6;6;0;1;TEDI;?;08h05;Houilles - Carrières-sur-Seine;uic_87386409;?;?;normal;4;0;0;0;0;0 - 0 - 0 - 0;0: 4
2020;2;8;6;6;0;1;TEDI;?;08h25;Houilles - Carrières-sur-Seine;uic_87386409;?;?;normal;4;0;60;30;30;0 - 1 - 1 - 0;0: 2 - 1: 2
2020;2;8;6;6;0;1;TEDI;?;08h45;Houilles - Carrières-sur-Seine;uic_87386409;?;?;normal;4;0;60;45;1;1 - 1 - 1 - 0;0: 1 - 1: 3
2020;2;8;6;6;0;1;TEDI;?;09h05;Houilles - Carrières-sur-Seine;uic_87386409;?;?;normal;4;0;60;30;30;0 - 1 - 1 - 0;0: 2 - 1: 2
2020;2;8;6;6;0;1;TEDI;?;09h25;Houilles - Carrières-sur-Seine;uic_87386409;?;?;normal;4;0;240;165;3;3 - 4 - 3 - 1;1: 1 - 3: 2 - 4: 1
2020;2;8;6;6;0;1;TEDI;?;09h45;Houilles - Carrières-sur-Seine;uic_87386409;?;?;normal;4;0;60;30;30;0 - 1 - 1 - 0;0: 2 - 1: 2
2020;2;8;6;6;0;1;TEDI;?;10h05;Houilles - Carrières-sur-Seine;uic_87386409;?;?;normal;4;0;60;30;30;0 - 1 - 1 - 0;0: 2 - 1: 2
2020;2;8;6;6;0;1;TEDI;?;10h25;Houilles - Carrières-sur-Seine;uic_87386409;?;?;normal;4;0;60;30;30;0 - 1 - 1 - 0;0: 2 - 1: 2
2020;2;8;6;6;0;1;TEDI;?;10h45;Houilles - Carrières-sur-Seine;uic_87386409;?;?;normal;4;0;120;75;90;1 - 2 - 2 - 0;0: 1 - 1: 1 - 2: 2
2020;2;8;6;6;0;1;TEDI;?;11h05;Houilles - Carrières-sur-Seine;uic_87386409;?;?;normal;4;0;60;30;30;0 - 1 - 1 - 0;0: 2 - 1: 2
2020;2;8;6;6;0;1;TEDI;?;11h25;Houilles - Carrières-sur-Seine;uic_87386409;?;?;normal;4;0;0;0;0;0 - 0 - 0 - 0;0: 4
2020;2;8;6;6;0;1;TEDI;?;11h45;Houilles - Carrières-sur-Seine;uic_87386409;?;?;normal;4;0;240;195;4;4 - 4 - 4 - 1;1: 1 - 4: 3
2020;2;8;6;6;0;1;TEDI;?;12h05;Houilles - Carrières-sur-Seine;uic_87386409;?;?;normal;4;0;0;0;0;0 - 0 - 0 - 0;0: 4
2020;2;8;6;6;0;1;TEDI;?;12h25;Houilles - Carrières-sur-Seine;uic_87386409;?;?;normal;4;0;60;45;1;1 - 1 - 1 - 0;0: 1 - 1: 3
2020;2;8;6;6;0;1;TERI;?;12h45;Houilles - Carrières-sur-Seine;uic_87386409;?;?;normal;4;0;0;0;0;0 - 0 - 0 - 0;0: 4
2020;2;8;6;6;0;1;TERI;?;13h05;Houilles - Carrières-sur-Seine;uic_87386409;?;?;normal;4;0;0;0;0;0 - 0 - 0 - 0;0: 4
2020;2;8;6;6;0;1;TERI;?;13h25;Houilles - Carrières-sur-Seine;uic_87386409;?;?;normal;4;0;60;45;1;1 - 1 - 1 - 0;0: 1 - 1: 3
2020;2;8;6;6;0;1;TERI;?;13h45;Houilles - Carrières-sur-Seine;uic_87386409;?;?;normal;4;0;180;120;2;1 - 3 - 3 - 1;1: 2 - 3: 2
2020;2;8;6;6;0;1;TERI;?;14h05;Houilles - Carrières-sur-Seine;uic_87386409;?;?;normal;4;0;0;0;0;0 - 0 - 0 - 0;0: 4
2020;2;8;6;6;0;1;TERI;?;14h25;Houilles - Carrières-sur-Seine;uic_87386409;?;?;normal;4;0;60;30;30;0 - 1 - 1 - 0;0: 2 - 1: 2
2020;2;8;6;6;0;1;TERI;?;14h45;Houilles - Carrières-sur-Seine;uic_87386409;?;?;normal;4;0;60;45;1;1 - 1 - 1 - 0;0: 1 - 1: 3
2020;2;8;6;6;0;1;TERI;?;15h05;Houilles - Carrières-sur-Seine;uic_87386409;?;?;normal;4;0;60;30;30;0 - 1 - 1 - 0;0: 2 - 1: 2
2020;2;8;6;6;0;1;TERI;?;15h25;Houilles - Carrières-sur-Seine;uic_87386409;?;?;normal;4;0;60;45;1;1 - 1 - 1 - 0;0: 1 - 1: 3
2020;2;8;6;6;0;1;TERI;?;15h45;Houilles - Carrières-sur-Seine;uic_87386409;?;?;normal;4;0;0;0;0;0 - 0 - 0 - 0;0: 4
2020;2;8;6;6;0;1;TERI;?;16h05;Houilles - Carrières-sur-Seine;uic_87386409;?;?;normal;4;0;60;15;0;0 - 1 - 0 - 0;0: 3 - 1: 1
2020;2;8;6;6;0;1;TERI;?;16h25;Houilles - Carrières-sur-Seine;uic_87386409;?;?;normal;4;0;0;0;0;0 - 0 - 0 - 0;0: 4
2020;2;8;6;6;0;1;TERI;?;16h45;Houilles - Carrières-sur-Seine;uic_87386409;?;?;normal;4;0;0;0;0;0 - 0 - 0 - 0;0: 4
2020;2;8;6;6;0;1;TERI;?;17h05;Houilles - Carrières-sur-Seine;uic_87386409;?;?;normal;4;0;120;75;90;1 - 2 - 2 - 0;0: 1 - 1: 1 - 2: 2
2020;2;8;6;6;0;1;TERI;?;17h25;Houilles - Carrières-sur-Seine;uic_87386409;?;?;normal;4;0;60;15;0;0 - 1 - 0 - 0;0: 3 - 1: 1
2020;2;8;6;6;0;1;TERI;?;17h45;Houilles - Carrières-sur-Seine;uic_87386409;?;?;normal;4;0;60;15;0;0 - 1 - 0 - 0;0: 3 - 1: 1
2020;2;8;6;6;0;1;TERI;?;18h05;Houilles - Carrières-sur-Seine;uic_87386409;?;?;normal;4;0;240;195;4;4 - 4 - 4 - 1;1: 1 - 4: 3
2020;2;8;6;6;0;1;TERI;?;18h25;Houilles - Carrières-sur-Seine;uic_87386409;?;?;normal;4;0;60;45;1;1 - 1 - 1 - 0;0: 1 - 1: 3
2020;2;8;6;6;0;1;TERI;?;18h45;Houilles - Carrières-sur-Seine;uic_87386409;?;?;normal;4;0;60;30;30;0 - 1 - 1 - 0;0: 2 - 1: 2
2020;2;8;6;6;0;1;TERI;?;19h05;Houilles - Carrières-sur-Seine;uic_87386409;?;?;normal;4;0;60;45;1;1 - 1 - 1 - 0;0: 1 - 1: 3
2020;2;8;6;6;0;1;TERI;?;19h25;Houilles - Carrières-sur-Seine;uic_87386409;?;?;normal;4;0;60;30;30;0 - 1 - 1 - 0;0: 2 - 1: 2
2020;2;8;6;6;0;1;TERI;?;19h45;Houilles - Carrières-sur-Seine;uic_87386409;?;?;normal;4;0;360;330;330;5 - 6 - 6 - 5;5: 2 - 6: 2
2020;2;8;6;6;0;1;TERI;?;20h05;Houilles - Carrières-sur-Seine;uic_87386409;?;?;normal;4;0;60;15;0;0 - 1 - 0 - 0;0: 3 - 1: 1
2020;2;8;6;6;0;1;TERI;?;20h30;Houilles - Carrières-sur-Seine;uic_87386409;?;?;normal;4;0;120;60;1;1 - 2 - 1 - 0;0: 1 - 1: 2 - 2: 1
2020;2;8;6;6;0;1;TETE;?;00h29;Houilles - Carrières-sur-Seine;uic_87386409;?;?;normal;4;0;180;135;2;2 - 3 - 2 - 2;2: 3 - 3: 1
2020;2;8;6;6;0;1;TETE;?;00h58;Houilles - Carrières-sur-Seine;uic_87386409;?;?;normal;4;0;180;135;2;2 - 3 - 2 - 2;2: 3 - 3: 1
2020;2;8;6;6;0;1;TETE;?;20h59;Houilles - Carrières-sur-Seine;uic_87386409;?;?;normal;4;0;0;0;0;0 - 0 - 0 - 0;0: 4
2020;2;8;6;6;0;1;TETE;?;21h29;Houilles - Carrières-sur-Seine;uic_87386409;?;?;normal;4;0;60;30;30;0 - 1 - 1 - 0;0: 2 - 1: 2
2020;2;8;6;6;0;1;TETE;?;21h59;Houilles - Carrières-sur-Seine;uic_87386409;?;?;normal;4;0;240;165;150;2 - 3 - 4 - 2;2: 2 - 3: 1 - 4: 1
2020;2;8;6;6;0;1;TETE;?;22h29;Houilles - Carrières-sur-Seine;uic_87386409;?;?;normal;4;0;240;180;3;3 - 4 - 3 - 2;2: 1 - 3: 2 - 4: 1
2020;2;8;6;6;0;1;TETE;?;22h59;Houilles - Carrières-sur-Seine;uic_87386409;?;?;normal;4;0;240;225;4;4 - 4 - 4 - 3;3: 1 - 4: 3
2020;2;8;6;6;0;1;TETE;?;23h29;Houilles - Carrières-sur-Seine;uic_87386409;?;?;normal;4;0;120;90;90;1 - 2 - 2 - 1;1: 2 - 2: 2
2020;2;8;6;6;0;1;TETE;?;23h59;Houilles - Carrières-sur-Seine;uic_87386409;?;?;normal;4;0;60;15;0;0 - 1 - 0 - 0;0: 3 - 1: 1
2020;2;8;6;6;0;1;UBOS;?;05h57;Houilles - Carrières-sur-Seine;uic_87386409;?;?;normal;8;0;60;7;0;0 - 0 - 0 - 0 - 0 - 0 - 1 - 0;0: 7 - 1: 1
2020;2;8;6;6;0;1;UBOS;?;06h26;Houilles - Carrières-sur-Seine;uic_87386409;?;?;normal;8;0;60;15;0;1 - 1 - 0 - 0 - 0 - 0 - 0 - 0;0: 6 - 1: 2
2020;2;8;6;6;0;1;UBOS;?;06h57;Houilles - Carrières-sur-Seine;uic_87386409;?;?;normal;8;0;120;45;1;0 - 1 - 0 - 1 - 1 - 0 - 2 - 1;0: 3 - 1: 4 - 2: 1
2020;2;8;6;6;0;1;UBOS;?;07h27;Houilles - Carrières-sur-Seine;uic_87386409;?;?;normal;8;0;60;15;0;0 - 1 - 0 - 0 - 0 - 0 - 0 - 1;0: 6 - 1: 2
2020;2;8;6;6;0;1;UBOS;?;07h55;Houilles - Carrières-sur-Seine;uic_87386409;?;?;normal;8;0;120;105;2;1 - 2 - 1 - 2 - 2 - 2 - 2 - 2;1: 2 - 2: 6
2020;2;8;6;6;0;1;UBOS;?;08h15;Houilles - Carrières-sur-Seine;uic_87386409;?;?;normal;8;0;960;705;15;0 - 2 - 14 - 15 - 16 - 15 - 16 - 16;0: 1 - 2: 1 - 14: 1 - 15: 2 - 16: 3
2020;2;8;6;6;0;1;UBOS;?;08h35;Houilles - Carrières-sur-Seine;uic_87386409;?;?;normal;8;0;120;60;1;0 - 0 - 1 - 1 - 2 - 2 - 1 - 1;0: 2 - 1: 4 - 2: 2
2020;2;8;6;6;0;1;UBOS;?;08h55;Houilles - Carrières-sur-Seine;uic_87386409;?;?;normal;8;0;180;112;2;1 - 2 - 1 - 2 - 2 - 2 - 2 - 3;1: 2 - 2: 5 - 3: 1
2020;2;8;6;6;0;1;UBOS;?;09h15;Houilles - Carrières-sur-Seine;uic_87386409;?;?;normal;8;0;0;0;0;0 - 0 - 0 - 0 - 0 - 0 - 0 - 0;0: 8
2020;2;8;6;6;0;1;UPAC;?;09h35;Houilles - Carrières-sur-Seine;uic_87386409;?;?;normal;8;0;60;52;1;0 - 1 - 1 - 1 - 1 - 1 - 1 - 1;0: 1 - 1: 7
2020;2;8;6;6;0;1;UPAC;?;09h55;Houilles - Carrières-sur-Seine;uic_87386409;?;?;normal;8;0;60;60;1;1 - 1 - 1 - 1 - 1 - 1 - 1 - 1;1: 8
2020;2;8;6;6;0;1;UPAC;?;10h15;Houilles - Carrières-sur-Seine;uic_87386409;?;?;normal;8;0;60;30;30;0 - 0 - 0 - 0 - 1 - 1 - 1 - 1;0: 4 - 1: 4
2020;2;8;6;6;0;1;UPAC;?;10h35;Houilles - Carrières-sur-Seine;uic_87386409;?;?;normal;8;0;60;37;1;0 - 0 - 1 - 1 - 1 - 1 - 1 - 0;0: 3 - 1: 5
2020;2;8;6;6;0;1;UPAC;?;10h55;Houilles - Carrières-sur-Seine;uic_87386409;?;?;normal;8;0;120;90;2;0 - 2 - 1 - 1 - 2 - 2 - 2 - 2;0: 1 - 1: 2 - 2: 5
2020;2;8;6;6;0;1;UPAC;?;11h15;Houilles - Carrières-sur-Seine;uic_87386409;?;?;normal;8;0;240;135;150;0 - 1 - 1 - 2 - 3 - 4 - 4 - 3;0: 1 - 1: 2 - 2: 1 - 3: 2 - 4: 2
2020;2;8;6;6;0;1;UPAC;?;11h35;Houilles - Carrières-sur-Seine;uic_87386409;?;?;normal;8;0;0;0;0;0 - 0 - 0 - 0 - 0 - 0 - 0 - 0;0: 8
2020;2;8;6;6;0;1;UPAC;?;11h55;Houilles - Carrières-sur-Seine;uic_87386409;?;?;normal;8;0;120;82;90;0 - 1 - 1 - 1 - 2 - 2 - 2 - 2;0: 1 - 1: 3 - 2: 4
2020;2;8;6;6;0;1;UPAC;?;12h15;Houilles - Carrières-sur-Seine;uic_87386409;?;?;normal;8;0;120;37;30;0 - 0 - 0 - 0 - 1 - 1 - 1 - 2;0: 4 - 1: 3 - 2: 1
2020;2;8;6;6;0;1;UPAC;?;12h35;Houilles - Carrières-sur-Seine;uic_87386409;?;?;normal;8;0;60;15;0;0 - 0 - 0 - 0 - 0 - 1 - 1 - 0;0: 6 - 1: 2
2020;2;8;6;6;0;1;UPIR;?;00h14;Houilles - Carrières-sur-Seine;uic_87386409;?;?;normal;8;0;180;37;0;0 - 0 - 0 - 0 - 1 - 0 - 1 - 3;0: 5 - 1: 2 - 3: 1
2020;2;8;6;6;0;1;UPIR;?;00h44;Houilles - Carrières-sur-Seine;uic_87386409;?;?;normal;8;0;60;15;0;1 - 1 - 0 - 0 - 0 - 0 - 0 - 0;0: 6 - 1: 2
2020;2;8;6;6;0;1;UPIR;?;01h13;Houilles - Carrières-sur-Seine;uic_87386409;?;?;normal;8;0;60;30;30;0 - 1 - 0 - 1 - 1 - 0 - 1 - 0;0: 4 - 1: 4
2020;2;8;6;6;0;1;UPIR;?;21h14;Houilles - Carrières-sur-Seine;uic_87386409;?;?;annule_partiellement;8;4;120;60;1;1 - 1 - 0 - 2 - / - / - / - /;0: 1 - 1: 2 - 2: 1
2020;2;8;6;6;0;1;UPIR;?;21h44;Houilles - Carrières-sur-Seine;uic_87386409;?;?;normal;8;0;240;135;150;0 - 1 - 1 - 2 - 4 - 3 - 4 - 3;0: 1 - 1: 2 - 2: 1 - 3: 2 - 4: 2
2020;2;8;6;6;0;1;UPIR;?;22h14;Houilles - Carrières-sur-Seine;uic_87386409;?;?;normal;8;0;60;52;1;1 - 1 - 0 - 1 - 1 - 1 - 1 - 1;0: 1 - 1: 7
2020;2;8;6;6;0;1;UPIR;?;22h44;Houilles - Carrières-sur-Seine;uic_87386409;?;?;normal;8;0;0;0;0;0 - 0 - 0 - 0 - 0 - 0 - 0 - 0;0: 8
2020;2;8;6;6;0;1;UPIR;?;23h14;Houilles - Carrières-sur-Seine;uic_87386409;?;?;normal;8;0;300;277;5;5 - 5 - 4 - 5 - 5 - 4 - 5 - 4;4: 3 - 5: 5
2020;2;8;6;6;0;1;UPIR;?;23h44;Houilles - Carrières-sur-Seine;uic_87386409;?;?;normal;8;0;60;7;0;0 - 1 - 0 - 0 - 0 - 0 - 0 - 0;0: 7 - 1: 1
2020;2;8;6;6;0;1;UPUS;?;12h55;Houilles - Carrières-sur-Seine;uic_87386409;?;?;normal;8;0;120;82;90;0 - 1 - 1 - 1 - 2 - 2 - 2 - 2;0: 1 - 1: 3 - 2: 4
2020;2;8;6;6;0;1;UPUS;?;13h15;Houilles - Carrières-sur-Seine;uic_87386409;?;?;normal;8;0;60;45;1;0 - 1 - 0 - 1 - 1 - 1 - 1 - 1;0: 2 - 1: 6
2020;2;8;6;6;0;1;UPUS;?;13h35;Houilles - Carrières-sur-Seine;uic_87386409;?;?;normal;8;0;240;97;1;0 - 1 - 0 - 1 - 1 - 3 - 3 - 4;0: 2 - 1: 3 - 3: 2 - 4: 1
2020;2;8;6;6;0;1;UPUS;?;13h55;Houilles - Carrières-sur-Seine;uic_87386409;?;?;normal;8;0;120;97;2;0 - 2 - 1 - 2 - 2 - 2 - 2 - 2;0: 1 - 1: 1 - 2: 6
2020;2;8;6;6;0;1;UPUS;?;14h15;Houilles - Carrières-sur-Seine;uic_87386409;?;?;normal;8;0;0;0;0;0 - 0 - 0 - 0 - 0 - 0 - 0 - 0;0: 8
2020;2;8;6;6;0;1;UPUS;?;14h35;Houilles - Carrières-sur-Seine;uic_87386409;?;?;normal;8;0;60;37;1;0 - 1 - 1 - 1 - 1 - 1 - 0 - 0;0: 3 - 1: 5
2020;2;8;6;6;0;1;UPUS;?;14h55;Houilles - Carrières-sur-Seine;uic_87386409;?;?;normal;8;0;60;37;1;0 - 1 - 0 - 0 - 1 - 1 - 1 - 1;0: 3 - 1: 5
2020;2;8;6;6;0;1;UPUS;?;15h15;Houilles - Carrières-sur-Seine;uic_87386409;?;?;normal;8;0;60;22;0;0 - 0 - 0 - 0 - 1 - 1 - 1 - 0;0: 5 - 1: 3
2020;2;8;6;6;0;1;UPUS;?;15h35;Houilles - Carrières-sur-Seine;uic_87386409;?;?;normal;8;0;360;277;270;4 - 4 - 4 - 4 - 5 - 5 - 5 - 6;4: 4 - 5: 3 - 6: 1
2020;2;8;6;6;0;1;UPUS;?;15h55;Houilles - Carrières-sur-Seine;uic_87386409;?;?;normal;8;0;60;15;0;0 - 0 - 0 - 0 - 0 - 1 - 1 - 0;0: 6 - 1: 2
2020;2;8;6;6;0;1;UPUS;?;16h15;Houilles - Carrières-sur-Seine;uic_87386409;?;?;normal;8;0;60;30;30;0 - 0 - 0 - 0 - 1 - 1 - 1 - 1;0: 4 - 1: 4
2020;2;8;6;6;0;1;UPUS;?;16h35;Houilles - Carrières-sur-Seine;uic_87386409;?;?;normal;8;0;0;0;0;0 - 0 - 0 - 0 - 0 - 0 - 0 - 0;0: 8
2020;2;8;6;6;0;1;UPUS;?;16h55;Houilles - Carrières-sur-Seine;uic_87386409;?;?;normal;8;0;240;172;3;0 - 2 - 3 - 3 - 3 - 4 - 4 - 4;0: 1 - 2: 1 - 3: 3 - 4: 3
2020;2;8;6;6;0;1;UPUS;?;17h15;Houilles - Carrières-sur-Seine;uic_87386409;?;?;normal;8;0;60;37;1;0 - 1 - 0 - 1 - 1 - 1 - 1 - 0;0: 3 - 1: 5
2020;2;8;6;6;0;1;UPUS;?;17h35;Houilles - Carrières-sur-Seine;uic_87386409;?;?;normal;8;0;60;22;0;0 - 0 - 0 - 0 - 0 - 1 - 1 - 1;0: 5 - 1: 3
2020;2;8;6;6;0;1;UPUS;?;17h55;Houilles - Carrières-sur-Seine;uic_87386409;?;?;normal;8;0;480;427;7;7 - 7 - 7 - 7 - 7 - 7 - 8 - 7;7: 7 - 8: 1
2020;2;8;6;6;0;1;UPUS;?;18h15;Houilles - Carrières-sur-Seine;uic_87386409;?;?;normal;8;0;60;45;1;0 - 1 - 0 - 1 - 1 - 1 - 1 - 1;0: 2 - 1: 6
2020;2;8;6;6;0;1;UPUS;?;18h35;Houilles - Carrières-sur-Seine;uic_87386409;?;?;normal;8;0;180;97;90;0 - 1 - 1 - 1 - 2 - 3 - 3 - 2;0: 1 - 1: 3 - 2: 2 - 3: 2
2020;2;8;6;6;0;1;UPUS;?;18h55;Houilles - Carrières-sur-Seine;uic_87386409;?;?;normal;8;0;0;0;0;0 - 0 - 0 - 0 - 0 - 0 - 0 - 0;0: 8
2020;2;8;6;6;0;1;UPUS;?;19h15;Houilles - Carrières-sur-Seine;uic_87386409;?;?;normal;8;0;240;150;3;0 - 1 - 2 - 3 - 3 - 4 - 4 - 3;0: 1 - 1: 1 - 2: 1 - 3: 3 - 4: 2
2020;2;8;6;6;0;1;UPUS;?;19h35;Houilles - Carrières-sur-Seine;uic_87386409;?;?;normal;8;0;60;45;1;0 - 1 - 0 - 1 - 1 - 1 - 1 - 1;0: 2 - 1: 6
2020;2;8;6;6;0;1;UPUS;?;19h55;Houilles - Carrières-sur-Seine;uic_87386409;?;?;normal;8;0;360;307;6;2 - 4 - 6 - 6 - 6 - 6 - 6 - 5;2: 1 - 4: 1 - 5: 1 - 6: 5
2020;2;8;6;6;0;1;UPUS;?;20h16;Houilles - Carrières-sur-Seine;uic_87386409;?;?;normal;8;0;60;30;30;0 - 0 - 0 - 0 - 1 - 1 - 1 - 1;0: 4 - 1: 4
2020;2;8;6;6;0;1;UPUS;?;20h44;Houilles - Carrières-sur-Seine;uic_87386409;?;?;normal;8;0;60;30;30;0 - 1 - 0 - 0 - 1 - 0 - 1 - 1;0: 4 - 1: 4